{
  "type": "FeatureCollection",
  "features": [
    {
      "type": "Feature",
      "properties": {
        "creator": "BRouter-1.7.10",
        "name": "brouter_fastbike-asia-pacific_0",
        "track-length": "99392",
        "filtered ascend": "986",
        "plain-ascend": "-1",
        "total-time": "22435",
        "total-energy": "2185575",
        "cost": "172074",
        "messages": [
          ["Longitude", "Latitude", "Elevation", "Distance", "CostPerKm", "ElevCost", "TurnCost", "NodeCost", "InitialCost", "WayTags", "NodeTags", "Time", "Energy"],
          ["132420141", "33463099", "5", "26", "1100", "0", "0", "0", "0", "highway=unclassified", "estimated_crossing_class=4", "2", "279"],
          ["132420796", "33463435", "6", "71", "1160", "0", "101", "0", "0", "highway=secondary estimated_traffic_class=4", "estimated_crossing_class=4", "12", "1235"],
          ["132420947", "33463509", "6", "16", "1160", "0", "0", "0", "0", "highway=secondary estimated_traffic_class=4", "estimated_crossing_class=4", "14", "1496"],
          ["132422369", "33460902", "9", "319", "1090", "0", "107", "0", "0", "reversedirection=yes highway=tertiary estimated_traffic_class=5", "", "80", "8082"],
          ["132422986", "33461064", "9", "60", "1100", "0", "26", "0", "0", "highway=unclassified", "", "91", "9127"],
          ["132423023", "33460416", "8", "72", "1090", "0", "78", "0", "0", "highway=tertiary estimated_traffic_class=5", "", "101", "10176"],
          ["132423043", "33458618", "5", "199", "1060", "0", "0", "0", "0", "highway=tertiary estimated_traffic_class=4", "", "126", "12673"],
          ["132423039", "33457680", "5", "104", "1030", "0", "0", "0", "0", "highway=tertiary estimated_traffic_class=3", "", "142", "14203"],
          ["132423040", "33457395", "5", "32", "1030", "0", "0", "0", "0", "highway=tertiary surface=asphalt estimated_traffic_class=3", "estimated_crossing_class=4", "146", "14657"],
          ["132423592", "33457359", "5", "51", "1260", "0", "82", "20", "0", "reversedirection=yes highway=primary surface=asphalt estimated_traffic_class=4", "highway=traffic_signals estimated_crossing_class=0 traffic_signals=signal", "155", "15503"],
          ["132424020", "33457332", "5", "40", "1260", "0", "0", "0", "0", "reversedirection=yes highway=primary surface=asphalt estimated_traffic_class=4", "estimated_crossing_class=4", "162", "16207"],
          ["132424412", "33457312", "6", "37", "1260", "0", "0", "0", "0", "reversedirection=yes highway=primary surface=asphalt estimated_traffic_class=4", "estimated_crossing_class=4", "168", "16888"],
          ["132424813", "33457289", "6", "37", "1260", "0", "0", "0", "0", "reversedirection=yes highway=primary surface=asphalt estimated_traffic_class=4", "estimated_crossing_class=4", "175", "17589"],
          ["132425993", "33457214", "7", "110", "1260", "0", "0", "0", "0", "reversedirection=yes highway=primary surface=asphalt estimated_traffic_class=4", "estimated_crossing_class=4", "199", "19935"],
          ["132426560", "33457235", "8", "53", "1260", "0", "0", "0", "0", "reversedirection=yes highway=primary surface=asphalt estimated_traffic_class=4", "estimated_crossing_class=4", "212", "21284"],
          ["132426647", "33457239", "9", "8", "1260", "0", "0", "0", "0", "reversedirection=yes highway=primary surface=asphalt estimated_traffic_class=4", "estimated_crossing_class=4", "214", "21479"],
          ["132427106", "33457256", "9", "43", "1260", "0", "0", "0", "0", "reversedirection=yes highway=primary surface=asphalt estimated_traffic_class=4", "estimated_crossing_class=4", "224", "22444"],
          ["132427415", "33457266", "9", "29", "1260", "0", "0", "0", "0", "reversedirection=yes highway=primary surface=asphalt estimated_traffic_class=4", "estimated_crossing_class=4", "230", "23039"],
          ["132427877", "33457272", "8", "43", "1260", "0", "0", "0", "0", "reversedirection=yes highway=primary surface=asphalt estimated_traffic_class=4", "estimated_crossing_class=4", "238", "23823"],
          ["132427954", "33457277", "8", "7", "1260", "0", "0", "0", "0", "reversedirection=yes highway=primary surface=asphalt estimated_traffic_class=4", "estimated_crossing_class=4", "239", "23941"],
          ["132428893", "33456181", "7", "154", "1100", "0", "42", "0", "0", "reversedirection=yes highway=unclassified", "", "261", "26160"],
          ["132433003", "33451406", "12", "738", "1100", "0", "61", "0", "0", "highway=unclassified", "", "406", "40686"],
          ["132432962", "33450892", "13", "57", "1500", "0", "9", "0", "0", "reversedirection=yes highway=trunk", "", "421", "42172"],
          ["132434372", "33449976", "9", "169", "1230", "0", "25", "0", "0", "reversedirection=yes highway=primary estimated_traffic_class=3", "estimated_crossing_class=2", "445", "44511"],
          ["132434431", "33449916", "9", "9", "1230", "0", "1", "0", "0", "reversedirection=yes highway=primary estimated_traffic_class=3", "estimated_crossing_class=2", "446", "44657"],
          ["132434752", "33449448", "10", "59", "1230", "0", "1", "0", "0", "reversedirection=yes highway=primary estimated_traffic_class=3", "estimated_crossing_class=2", "458", "45823"],
          ["132434801", "33449371", "10", "10", "1230", "0", "0", "0", "0", "reversedirection=yes highway=primary estimated_traffic_class=3", "estimated_crossing_class=2", "460", "46015"],
          ["132434955", "33449136", "10", "30", "1230", "0", "0", "0", "0", "reversedirection=yes highway=primary estimated_traffic_class=3", "estimated_crossing_class=2", "464", "46487"],
          ["132435216", "33448898", "10", "36", "1230", "0", "1", "0", "0", "reversedirection=yes highway=primary estimated_traffic_class=3", "estimated_crossing_class=2", "470", "47097"],
          ["132436121", "33448178", "11", "116", "1230", "0", "2", "0", "0", "reversedirection=yes highway=primary estimated_traffic_class=3", "estimated_crossing_class=2", "493", "49383"],
          ["132436202", "33448109", "12", "11", "1230", "0", "2", "0", "0", "reversedirection=yes highway=primary estimated_traffic_class=3", "estimated_crossing_class=2", "496", "49631"],
          ["132436555", "33447607", "13", "65", "1230", "0", "2", "0", "0", "reversedirection=yes highway=primary estimated_traffic_class=3", "estimated_crossing_class=2", "515", "51534"],
          ["132437054", "33446934", "16", "88", "1230", "0", "0", "0", "0", "reversedirection=yes highway=primary estimated_traffic_class=3", "estimated_crossing_class=2", "532", "53247"],
          ["132437360", "33446711", "15", "38", "1230", "0", "1", "0", "0", "reversedirection=yes highway=primary estimated_traffic_class=3", "estimated_crossing_class=2", "543", "54310"],
          ["132437592", "33446583", "14", "26", "1230", "0", "1", "0", "0", "reversedirection=yes highway=primary estimated_traffic_class=3", "estimated_crossing_class=2", "548", "54837"],
          ["132438111", "33446325", "14", "56", "1230", "0", "0", "0", "0", "reversedirection=yes highway=primary estimated_traffic_class=3", "estimated_crossing_class=2", "560", "56025"],
          ["132438609", "33446073", "15", "54", "1200", "0", "0", "0", "0", "reversedirection=yes highway=primary estimated_traffic_class=2", "estimated_crossing_class=2", "570", "57072"],
          ["132439013", "33445865", "15", "44", "1200", "0", "0", "0", "0", "reversedirection=yes highway=primary estimated_traffic_class=2", "estimated_crossing_class=2", "580", "58074"],
          ["132439261", "33445703", "16", "30", "1200", "0", "1", "0", "0", "reversedirection=yes highway=primary estimated_traffic_class=2", "estimated_crossing_class=2", "587", "58757"],
          ["132440247", "33444287", "19", "182", "1200", "0", "1", "0", "0", "reversedirection=yes highway=primary estimated_traffic_class=2", "estimated_crossing_class=2", "625", "62559"],
          ["132440746", "33443686", "22", "81", "1200", "0", "0", "0", "0", "reversedirection=yes highway=primary estimated_traffic_class=2", "estimated_crossing_class=2", "646", "64707"],
          ["132443919", "33438285", "45", "742", "1200", "0", "13", "0", "0", "reversedirection=yes highway=primary estimated_traffic_class=2", "estimated_crossing_class=2", "983", "98319"],
          ["132443930", "33438230", "45", "6", "1200", "0", "1", "0", "0", "reversedirection=yes highway=primary estimated_traffic_class=2", "", "984", "98428"],
          ["132444062", "33437985", "45", "30", "1200", "0", "2", "0", "0", "highway=primary estimated_traffic_class=2", "", "989", "98986"],
          ["132445712", "33435047", "68", "413", "1200", "0", "37", "0", "0", "reversedirection=yes highway=primary estimated_traffic_class=2", "estimated_crossing_class=1", "1194", "119508"],
          ["132445857", "33434269", "61", "90", "1200", "0", "5", "0", "0", "reversedirection=yes highway=primary estimated_traffic_class=2", "", "1211", "121126"],
          ["132446136", "33434126", "59", "31", "1200", "0", "6", "0", "0", "reversedirection=yes highway=primary estimated_traffic_class=1", "estimated_crossing_class=1", "1214", "121480"],
          ["132446645", "33434189", "58", "50", "1200", "0", "7", "0", "0", "reversedirection=yes highway=primary estimated_traffic_class=1", "estimated_crossing_class=1", "1220", "122076"],
          ["132448419", "33434043", "70", "203", "1200", "0", "16", "0", "0", "reversedirection=yes highway=primary estimated_traffic_class=1", "estimated_crossing_class=1", "1300", "130063"],
          ["132454054", "33431220", "115", "645", "1200", "0", "11", "0", "0", "reversedirection=yes highway=primary estimated_traffic_class=1", "estimated_crossing_class=1", "1750", "175087"],
          ["132454441", "33431051", "116", "41", "1200", "0", "5", "0", "0", "reversedirection=yes highway=primary estimated_traffic_class=1", "estimated_crossing_class=1", "1762", "176281"],
          ["132454623", "33430905", "117", "23", "1200", "0", "0", "0", "0", "reversedirection=yes highway=primary estimated_traffic_class=1", "estimated_crossing_class=1", "1766", "176695"],
          ["132457789", "33426444", "122", "613", "1200", "230", "11", "0", "0", "reversedirection=yes highway=primary estimated_traffic_class=1", "estimated_crossing_class=1", "2021", "201766"],
          ["132458009", "33426264", "123", "29", "1200", "0", "0", "0", "0", "reversedirection=yes highway=primary estimated_traffic_class=1", "estimated_crossing_class=1", "2025", "202093"],
          ["132458141", "33425833", "121", "51", "1200", "0", "8", "0", "0", "reversedirection=yes highway=primary estimated_traffic_class=1", "estimated_crossing_class=1", "2030", "202630"],
          ["132458133", "33425099", "124", "81", "1200", "0", "0", "0", "0", "reversedirection=yes highway=primary estimated_traffic_class=1", "estimated_crossing_class=1", "2043", "203957"],
          ["132458435", "33423933", "126", "135", "1200", "0", "3", "0", "0", "reversedirection=yes highway=primary estimated_traffic_class=1", "estimated_crossing_class=1", "2062", "205866"],
          ["132458839", "33423555", "128", "56", "1200", "0", "1", "0", "0", "reversedirection=yes highway=primary estimated_traffic_class=1", "estimated_crossing_class=1", "2077", "207295"],
          ["132459471", "33423027", "128", "83", "1200", "0", "0", "0", "0", "reversedirection=yes highway=primary estimated_traffic_class=1", "estimated_crossing_class=1", "2096", "209194"],
          ["132459508", "33422994", "128", "5", "1200", "0", "0", "0", "0", "reversedirection=yes highway=primary estimated_traffic_class=1", "estimated_crossing_class=1", "2097", "209296"],
          ["132459680", "33422848", "128", "23", "1200", "0", "0", "0", "0", "reversedirection=yes highway=primary estimated_traffic_class=1", "estimated_crossing_class=1", "2102", "209814"],
          ["132460071", "33422516", "130", "52", "1200", "0", "0", "0", "0", "reversedirection=yes highway=primary estimated_traffic_class=1", "estimated_crossing_class=1", "2118", "211442"],
          ["132461471", "33420526", "140", "259", "1200", "0", "0", "0", "0", "reversedirection=yes highway=primary estimated_traffic_class=1", "estimated_crossing_class=1", "2202", "219778"],
          ["132463154", "33416362", "173", "504", "1200", "0", "7", "0", "0", "reversedirection=yes highway=primary estimated_traffic_class=1", "estimated_crossing_class=1", "2495", "249173"],
          ["132466196", "33409832", "221", "799", "1200", "0", "4", "0", "0", "reversedirection=yes highway=primary estimated_traffic_class=1", "estimated_crossing_class=1", "3024", "302013"],
          ["132469069", "33398327", "223", "1304", "1200", "545", "0", "0", "0", "reversedirection=yes highway=primary estimated_traffic_class=1", "estimated_crossing_class=1", "3430", "342189"],
          ["132471918", "33396238", "221", "370", "1200", "0", "135", "0", "0", "reversedirection=yes highway=residential", "", "3471", "346052"],
          ["132474388", "33391337", "215", "798", "1000", "0", "113", "0", "0", "highway=tertiary surface=asphalt estimated_traffic_class=1", "estimated_crossing_class=1", "3581", "357019"],
          ["132475624", "33390917", "214", "124", "1200", "0", "58", "0", "0", "reversedirection=yes highway=primary surface=asphalt estimated_traffic_class=1", "estimated_crossing_class=1", "3598", "358715"],
          ["132475912", "33390835", "214", "28", "1200", "0", "0", "0", "0", "reversedirection=yes highway=primary surface=asphalt estimated_traffic_class=1", "estimated_crossing_class=1", "3602", "359159"],
          ["132476623", "33390636", "216", "70", "1200", "0", "0", "0", "0", "reversedirection=yes highway=primary surface=asphalt estimated_traffic_class=1", "estimated_crossing_class=1", "3612", "360109"],
          ["132477445", "33390411", "215", "80", "1200", "0", "0", "0", "0", "reversedirection=yes highway=primary surface=asphalt estimated_traffic_class=1", "estimated_crossing_class=1", "3623", "361220"],
          ["132478316", "33390172", "214", "85", "1200", "0", "0", "0", "0", "reversedirection=yes highway=primary surface=asphalt estimated_traffic_class=1", "estimated_crossing_class=1", "3634", "362333"],
          ["132480620", "33389530", "214", "226", "1200", "0", "0", "0", "0", "reversedirection=yes highway=primary surface=asphalt estimated_traffic_class=1", "estimated_crossing_class=1", "3669", "365795"],
          ["132481169", "33389382", "214", "54", "1200", "0", "0", "0", "0", "reversedirection=yes highway=primary surface=asphalt estimated_traffic_class=1", "estimated_crossing_class=1", "3677", "366600"],
          ["132481783", "33389215", "214", "60", "1200", "0", "0", "0", "0", "reversedirection=yes highway=primary surface=asphalt estimated_traffic_class=1", "estimated_crossing_class=1", "3687", "367589"],
          ["132482939", "33388908", "217", "113", "1200", "0", "0", "0", "0", "reversedirection=yes highway=primary surface=asphalt estimated_traffic_class=1", "estimated_crossing_class=1", "3718", "370687"],
          ["132484241", "33388539", "218", "128", "1200", "0", "0", "0", "0", "reversedirection=yes highway=primary surface=asphalt estimated_traffic_class=1", "estimated_crossing_class=1", "3746", "373499"],
          ["132485369", "33388185", "218", "112", "1200", "0", "0", "0", "0", "reversedirection=yes highway=primary surface=asphalt estimated_traffic_class=1", "estimated_crossing_class=1", "3767", "375620"],
          ["132487791", "33387411", "215", "241", "1200", "0", "0", "0", "0", "reversedirection=yes highway=primary surface=asphalt estimated_traffic_class=1", "estimated_crossing_class=1", "3800", "378885"],
          ["132489810", "33386765", "218", "201", "1200", "0", "0", "0", "0", "reversedirection=yes highway=primary surface=asphalt estimated_traffic_class=1", "estimated_crossing_class=1", "3844", "383337"],
          ["132493422", "33385620", "213", "359", "1200", "0", "0", "0", "0", "reversedirection=yes highway=primary surface=asphalt estimated_traffic_class=1", "estimated_crossing_class=1", "3900", "388876"],
          ["132494705", "33385199", "214", "128", "1200", "0", "0", "0", "0", "reversedirection=yes highway=primary surface=asphalt estimated_traffic_class=1", "estimated_crossing_class=1", "3915", "390407"],
          ["132496276", "33384707", "214", "156", "1200", "0", "0", "0", "0", "reversedirection=yes highway=primary surface=asphalt estimated_traffic_class=1", "", "3940", "392936"],
          ["132496279", "33384605", "214", "11", "1100", "0", "58", "0", "0", "reversedirection=yes highway=secondary estimated_traffic_class=1", "railway=level_crossing", "3942", "393100"],
          ["132496278", "33383950", "213", "73", "1100", "0", "0", "0", "0", "reversedirection=yes highway=secondary estimated_traffic_class=1", "estimated_crossing_class=1", "3952", "394090"],
          ["132496245", "33382890", "214", "118", "1100", "0", "0", "0", "0", "reversedirection=yes highway=secondary estimated_traffic_class=1", "estimated_crossing_class=1", "3971", "396049"],
          ["132496245", "33382562", "213", "36", "1100", "0", "0", "0", "0", "reversedirection=yes highway=secondary estimated_traffic_class=1", "estimated_crossing_class=1", "3977", "396589"],
          ["132496241", "33382383", "213", "20", "1100", "0", "0", "0", "0", "reversedirection=yes highway=secondary estimated_traffic_class=1", "estimated_crossing_class=1", "3980", "396897"],
          ["132496262", "33381881", "213", "56", "1100", "0", "0", "0", "0", "reversedirection=yes highway=secondary estimated_traffic_class=1", "estimated_crossing_class=1", "3989", "397828"],
          ["132496237", "33380826", "212", "117", "1100", "0", "0", "0", "0", "reversedirection=yes highway=secondary estimated_traffic_class=1", "estimated_crossing_class=1", "4006", "399553"],
          ["132496210", "33380322", "212", "56", "1100", "0", "0", "0", "0", "reversedirection=yes highway=secondary estimated_traffic_class=1", "estimated_crossing_class=1", "4015", "400377"],
          ["132496195", "33379794", "212", "59", "1100", "0", "0", "0", "0", "reversedirection=yes highway=secondary estimated_traffic_class=1", "estimated_crossing_class=1", "4023", "401213"],
          ["132496238", "33378719", "210", "119", "1100", "0", "0", "0", "0", "reversedirection=yes highway=secondary estimated_traffic_class=1", "estimated_crossing_class=2", "4038", "402724"],
          ["132497169", "33378639", "210", "87", "1200", "0", "72", "0", "0", "reversedirection=yes highway=primary estimated_traffic_class=2", "estimated_crossing_class=2", "4051", "404033"],
          ["132497773", "33378589", "211", "56", "1200", "0", "0", "0", "0", "reversedirection=yes highway=primary estimated_traffic_class=2", "estimated_crossing_class=2", "4062", "405076"],
          ["132498374", "33378538", "213", "56", "1200", "0", "0", "0", "0", "reversedirection=yes highway=primary estimated_traffic_class=2", "estimated_crossing_class=2", "4078", "406761"],
          ["132500012", "33378194", "214", "158", "1200", "0", "0", "0", "0", "reversedirection=yes highway=primary estimated_traffic_class=2", "estimated_crossing_class=2", "4117", "410636"],
          ["132500060", "33378181", "214", "5", "1200", "0", "0", "0", "0", "reversedirection=yes highway=primary estimated_traffic_class=2", "", "4118", "410716"],
          ["132500415", "33378087", "213", "35", "1230", "0", "0", "0", "0", "highway=primary estimated_traffic_class=3", "estimated_crossing_class=2", "4123", "411200"],
          ["132500461", "33378074", "213", "5", "1230", "0", "0", "0", "0", "highway=primary estimated_traffic_class=3", "estimated_crossing_class=2", "4123", "411271"],
          ["132501175", "33377885", "212", "70", "1230", "0", "0", "0", "0", "highway=primary estimated_traffic_class=3", "estimated_crossing_class=2", "4133", "412232"],
          ["132501582", "33377777", "212", "40", "1230", "0", "0", "0", "0", "highway=primary estimated_traffic_class=3", "estimated_crossing_class=2", "4139", "412799"],
          ["132502604", "33377505", "213", "100", "1230", "0", "0", "0", "0", "highway=primary estimated_traffic_class=3", "railway=level_crossing", "4156", "414521"],
          ["132503954", "33377136", "217", "132", "1230", "0", "0", "0", "0", "highway=primary estimated_traffic_class=3", "estimated_crossing_class=2", "4182", "417147"],
          ["132509174", "33366663", "213", "1317", "1100", "0", "31", "0", "0", "reversedirection=yes highway=unclassified", "", "4434", "442290"],
          ["132516757", "33360690", "208", "1050", "1100", "0", "91", "0", "0", "highway=unclassified", "", "4592", "458150"],
          ["132517859", "33359136", "207", "203", "1500", "0", "61", "0", "0", "reversedirection=yes highway=trunk", "estimated_crossing_class=4", "4622", "461104"],
          ["132515347", "33350261", "219", "1132", "1500", "0", "9", "0", "0", "reversedirection=yes highway=trunk", "estimated_crossing_class=4", "4881", "487003"],
          ["132537857", "33311618", "71", "4945", "1500", "8006", "19", "0", "0", "reversedirection=yes highway=trunk", "", "5765", "560754"],
          ["132536211", "33307331", "58", "723", "1200", "393", "413", "0", "0", "reversedirection=yes highway=residential", "estimated_crossing_class=1", "5852", "568465"],
          ["132535801", "33304539", "50", "315", "1100", "86", "54", "0", "0", "reversedirection=yes highway=secondary estimated_traffic_class=1", "estimated_crossing_class=1", "5883", "571593"],
          ["132538237", "33300900", "26", "535", "1100", "816", "13", "0", "0", "reversedirection=yes highway=secondary estimated_traffic_class=1", "estimated_crossing_class=1", "5940", "575720"],
          ["132539730", "33296928", "18", "484", "1100", "38", "26", "0", "0", "reversedirection=yes highway=unclassified", "estimated_crossing_class=1", "5990", "580473"],
          ["132539980", "33296438", "16", "59", "1100", "57", "0", "0", "0", "reversedirection=yes highway=secondary estimated_traffic_class=1", "estimated_crossing_class=1", "5996", "581012"],
          ["132540182", "33295616", "15", "93", "1100", "1", "1", "0", "0", "reversedirection=yes highway=secondary estimated_traffic_class=1", "estimated_crossing_class=1", "6006", "582054"],
          ["132540196", "33295512", "16", "12", "1100", "0", "0", "0", "0", "reversedirection=yes highway=secondary estimated_traffic_class=1", "estimated_crossing_class=1", "6008", "582231"],
          ["132541203", "33291088", "11", "505", "1100", "0", "11", "0", "0", "reversedirection=yes highway=secondary estimated_traffic_class=1", "estimated_crossing_class=1", "6075", "588916"],
          ["132540541", "33282678", "6", "1092", "1100", "0", "206", "0", "0", "highway=unclassified", "", "6253", "606756"],
          ["132540662", "33280466", "3", "246", "1100", "0", "0", "0", "0", "reversedirection=yes highway=unclassified", "", "6286", "610004"],
          ["132540727", "33279239", "2", "136", "1100", "0", "0", "0", "0", "highway=unclassified", "", "6303", "611768"],
          ["132540108", "33279218", "2", "58", "1100", "0", "91", "0", "0", "reversedirection=yes highway=unclassified", "", "6313", "612726"],
          ["132542889", "33272915", "4", "749", "1200", "0", "120", "0", "0", "highway=residential", "estimated_crossing_class=1", "6436", "625080"],
          ["132542389", "33271595", "10", "157", "1200", "0", "4", "20", "0", "highway=residential", "highway=traffic_signals", "6465", "627889"],
          ["132542403", "33266172", "16", "642", "1500", "0", "69", "0", "0", "reversedirection=yes highway=trunk", "", "6614", "642848"],
          ["132542431", "33265226", "24", "114", "1100", "0", "12", "0", "0", "highway=unclassified", "", "6688", "650196"],
          ["132561206", "33266373", "66", "2103", "1500", "1226", "61", "0", "0", "reversedirection=yes highway=trunk", "", "7633", "743136"],
          ["132564292", "33265651", "49", "311", "1100", "589", "26", "0", "0", "reversedirection=yes highway=unclassified", "railway=level_crossing", "7661", "744325"],
          ["132566425", "33264530", "51", "240", "1100", "0", "24", "0", "0", "reversedirection=yes highway=unclassified", "", "7688", "747035"],
          ["132572664", "33257657", "36", "1066", "1500", "5", "73", "0", "0", "reversedirection=yes highway=trunk", "", "7831", "761402"],
          ["132573063", "33256802", "35", "103", "1200", "0", "15", "0", "0", "reversedirection=yes highway=service", "", "7842", "762475"],
          ["132573597", "33254915", "33", "215", "1500", "0", "4", "20", "0", "reversedirection=yes highway=trunk", "highway=crossing crossing=traffic_signals", "7870", "765307"],
          ["132573613", "33254857", "33", "7", "1500", "0", "0", "20", "0", "reversedirection=yes highway=trunk", "highway=traffic_signals", "7871", "765395"],
          ["132571357", "33251286", "38", "477", "1500", "0", "4", "0", "0", "reversedirection=yes highway=trunk", "", "7957", "773930"],
          ["132569435", "33249526", "25", "318", "1100", "0", "50", "0", "0", "reversedirection=yes highway=unclassified", "", "8005", "778353"],
          ["132568646", "33248713", "26", "117", "1500", "136", "21", "0", "0", "reversedirection=yes highway=trunk", "", "8018", "779396"],
          ["132568836", "33248623", "23", "20", "1100", "0", "84", "0", "0", "highway=unclassified", "railway=level_crossing", "8021", "779634"],
          ["132570219", "33245287", "17", "426", "1100", "0", "15", "0", "0", "highway=unclassified", "", "8083", "785866"],
          ["132570736", "33243346", "17", "221", "1100", "0", "10", "20", "0", "reversedirection=yes highway=unclassified", "highway=traffic_signals estimated_crossing_class=0 traffic_signals=signal", "8114", "788944"],
          ["132570818", "33242851", "16", "57", "1100", "0", "6", "0", "0", "reversedirection=yes highway=unclassified", "railway=level_crossing", "8121", "789711"],
          ["132571231", "33231330", "8", "1364", "1100", "0", "22", "0", "0", "reversedirection=yes highway=unclassified", "", "8316", "809229"],
          ["132570491", "33230653", "7", "115", "1100", "0", "110", "0", "0", "highway=unclassified", "", "8332", "810763"],
          ["132569165", "33228432", "4", "277", "1100", "0", "29", "0", "0", "reversedirection=yes highway=unclassified", "", "8371", "814643"],
          ["132568673", "33227948", "4", "71", "1060", "0", "2", "0", "0", "reversedirection=yes highway=tertiary estimated_traffic_class=4", "", "8380", "815589"],
          ["132567910", "33227352", "4", "97", "1060", "0", "0", "0", "0", "highway=tertiary estimated_traffic_class=4", "", "8396", "817140"],
          ["132567180", "33226755", "5", "95", "1060", "0", "0", "0", "0", "reversedirection=yes highway=tertiary estimated_traffic_class=4", "", "8412", "818764"],
          ["132566992", "33226606", "5", "24", "1090", "0", "0", "0", "0", "reversedirection=yes highway=tertiary estimated_traffic_class=5", "", "8416", "819175"],
          ["132565923", "33226169", "7", "112", "1090", "0", "2", "0", "0", "highway=tertiary estimated_traffic_class=5", "highway=crossing crossing=uncontrolled", "8441", "821640"],
          ["132565844", "33226138", "7", "8", "1090", "0", "0", "0", "0", "highway=tertiary estimated_traffic_class=5", "", "8443", "821842"],
          ["132565866", "33226059", "7", "9", "1090", "0", "72", "0", "0", "reversedirection=yes highway=tertiary estimated_traffic_class=5", "highway=crossing crossing=uncontrolled", "8445", "822062"],
          ["132565891", "33225979", "7", "9", "1090", "0", "0", "0", "0", "reversedirection=yes highway=tertiary estimated_traffic_class=5", "", "8447", "822276"],
          ["132564478", "33225458", "6", "144", "1100", "0", "76", "0", "0", "highway=unclassified", "", "8475", "825135"],
          ["132563441", "33225066", "5", "106", "1100", "0", "0", "20", "0", "reversedirection=yes highway=unclassified", "highway=traffic_signals", "8489", "826452"],
          ["132561688", "33224346", "4", "182", "1100", "0", "0", "20", "0", "highway=unclassified oneway=yes", "highway=crossing crossing=traffic_signals", "8514", "828973"],
          ["132561412", "33224219", "4", "29", "1100", "0", "0", "20", "0", "highway=unclassified oneway=yes", "highway=traffic_signals estimated_crossing_class=0", "8519", "829450"],
          ["132561258", "33224213", "4", "14", "1250", "0", "9", "20", "0", "reversedirection=yes highway=secondary estimated_traffic_class=6", "highway=traffic_signals estimated_crossing_class=0 traffic_signals=signal", "8521", "829682"],
          ["132560972", "33224047", "5", "32", "1090", "0", "13", "20", "0", "reversedirection=yes highway=tertiary estimated_traffic_class=5", "highway=traffic_signals traffic_signals=signal", "8528", "830355"],
          ["132560902", "33224020", "5", "7", "1090", "0", "1", "20", "0", "highway=tertiary estimated_traffic_class=5", "highway=crossing crossing=traffic_signals", "8529", "830506"],
          ["132559998", "33223472", "7", "115", "1090", "0", "84", "0", "0", "highway=tertiary estimated_traffic_class=5", "highway=crossing crossing=uncontrolled", "8558", "833353"],
          ["132560138", "33223249", "7", "28", "1090", "0", "0", "0", "0", "highway=tertiary estimated_traffic_class=5", "", "8564", "834036"],
          ["132560089", "33223229", "7", "5", "1100", "0", "93", "0", "0", "reversedirection=yes highway=unclassified", "", "8566", "834143"],
          ["132560032", "33223315", "7", "11", "10000", "0", "85", "0", "0", "highway=footway", "", "8568", "834375"],
          ["132560089", "33223229", "7", "11", "10000", "0", "0", "0", "0", "reversedirection=yes highway=footway", "", "8570", "834560"],
          ["132559262", "33222871", "6", "87", "1100", "0", "92", "0", "0", "reversedirection=yes highway=unclassified", "", "8584", "836022"],
          ["132559281", "33222370", "5", "55", "1090", "0", "51", "20", "0", "highway=tertiary estimated_traffic_class=5 oneway=yes", "highway=crossing crossing=traffic_signals", "8594", "836946"],
          ["132559289", "33222171", "5", "22", "1090", "0", "0", "20", "0", "highway=tertiary estimated_traffic_class=5 oneway=yes", "highway=traffic_signals", "8597", "837315"],
          ["132559295", "33221943", "5", "25", "1090", "0", "0", "20", "0", "highway=tertiary estimated_traffic_class=5 oneway=yes", "highway=crossing crossing=traffic_signals", "8601", "837735"],
          ["132559292", "33221340", "4", "67", "1090", "0", "0", "0", "0", "highway=tertiary estimated_traffic_class=5 oneway=yes", "", "8613", "838861"],
          ["132559781", "33221045", "3", "62", "1100", "0", "108", "0", "0", "highway=unclassified", "", "8623", "839903"],
          ["132559828", "33220987", "3", "8", "1090", "0", "0", "20", "0", "reversedirection=yes highway=tertiary estimated_traffic_class=5", "highway=crossing crossing=traffic_signals", "8624", "840037"],
          ["132559873", "33220943", "3", "6", "1090", "0", "0", "20", "0", "reversedirection=yes highway=tertiary estimated_traffic_class=5", "highway=traffic_signals estimated_crossing_class=0", "8625", "840138"],
          ["132559914", "33220898", "3", "6", "1090", "0", "0", "20", "0", "highway=tertiary estimated_traffic_class=5", "highway=crossing crossing=traffic_signals", "8626", "840239"],
          ["132560674", "33219977", "3", "124", "1090", "0", "0", "0", "0", "highway=tertiary estimated_traffic_class=5", "highway=crossing crossing=uncontrolled", "8641", "841722"],
          ["132560785", "33218958", "5", "114", "1090", "0", "3", "20", "0", "highway=tertiary estimated_traffic_class=5", "highway=crossing crossing=traffic_signals", "8658", "843417"],
          ["132560794", "33218859", "5", "11", "1090", "0", "0", "20", "0", "highway=tertiary estimated_traffic_class=5", "highway=traffic_signals", "8660", "843615"],
          ["132560792", "33218774", "5", "9", "1090", "0", "0", "20", "0", "highway=tertiary estimated_traffic_class=5", "highway=crossing crossing=traffic_signals", "8662", "843775"],
          ["132560204", "33216729", "5", "233", "1090", "0", "0", "20", "0", "highway=tertiary estimated_traffic_class=5", "highway=traffic_signals traffic_signals=signal", "8700", "847563"],
          ["132559774", "33215188", "5", "176", "1500", "0", "0", "20", "0", "reversedirection=yes highway=trunk", "highway=crossing crossing=traffic_signals bicycle=yes", "8730", "850629"],
          ["132559766", "33215158", "5", "3", "1500", "0", "0", "20", "0", "reversedirection=yes highway=trunk", "highway=traffic_signals traffic_signals=signal", "8731", "850680"],
          ["132559751", "33215106", "5", "6", "1500", "0", "0", "20", "0", "reversedirection=yes highway=trunk", "highway=crossing crossing=traffic_signals bicycle=yes", "8732", "850782"],
          ["132558783", "33211490", "4", "413", "1500", "0", "0", "20", "0", "reversedirection=yes highway=trunk", "highway=traffic_signals traffic_signals=signal", "8799", "857510"],
          ["132556022", "33210425", "5", "284", "1100", "0", "53", "0", "0", "highway=unclassified", "", "8848", "862405"],
          ["132552603", "33208784", "6", "375", "1100", "0", "7", "0", "0", "reversedirection=yes highway=unclassified", "", "8928", "870367"],
          ["132551129", "33205858", "7", "351", "1100", "0", "0", "0", "0", "highway=unclassified", "", "8989", "876468"],
          ["132550752", "33205244", "8", "76", "1100", "0", "1", "0", "0", "reversedirection=yes highway=unclassified", "", "9006", "878175"],
          ["132546272", "33201930", "15", "576", "1100", "0", "86", "0", "0", "highway=unclassified", "", "9144", "892028"],
          ["132545954", "33200209", "10", "196", "1100", "0", "2", "0", "0", "reversedirection=yes highway=unclassified", "estimated_crossing_class=4", "9169", "894501"],
          ["132545212", "33196209", "17", "451", "1100", "0", "12", "0", "0", "reversedirection=yes highway=unclassified", "", "9272", "904819"],
          ["132546357", "33195860", "17", "116", "1200", "0", "74", "20", "0", "highway=residential", "highway=traffic_signals traffic_signals=signal", "9294", "907022"],
          ["132546393", "33195683", "17", "20", "1500", "0", "22", "20", "0", "reversedirection=yes highway=trunk", "highway=crossing crossing=traffic_signals", "9298", "907425"],
          ["132547900", "33189159", "28", "742", "1500", "0", "0", "20", "0", "reversedirection=yes highway=trunk", "highway=crossing crossing=traffic_signals", "9466", "924251"],
          ["132547902", "33189002", "28", "17", "1500", "0", "0", "20", "0", "reversedirection=yes highway=trunk", "highway=traffic_signals traffic_signals=signal", "9470", "924614"],
          ["132547916", "33188766", "28", "27", "1500", "0", "0", "20", "0", "reversedirection=yes highway=trunk", "highway=crossing crossing=traffic_signals", "9476", "925165"],
          ["132522783", "33127959", "8", "8045", "1500", "3894", "15", "0", "0", "reversedirection=yes highway=trunk", "", "11220", "1094290"],
          ["132523835", "33127321", "6", "127", "1000", "0", "98", "0", "0", "highway=tertiary estimated_traffic_class=1", "", "11236", "1095907"],
          ["132519527", "33117853", "1", "1183", "1100", "0", "87", "0", "0", "highway=unclassified", "", "11432", "1115504"],
          ["132519544", "33117699", "1", "17", "1500", "0", "64", "0", "0", "reversedirection=yes highway=trunk", "estimated_crossing_class=1", "11435", "1115789"],
          ["132518446", "33113721", "3", "465", "1500", "0", "1", "0", "0", "reversedirection=yes highway=trunk", "", "11506", "1122942"],
          ["132516513", "33109738", "2", "494", "1200", "0", "17", "0", "0", "reversedirection=yes highway=residential", "", "11586", "1130912"],
          ["132516418", "33109685", "2", "11", "1200", "0", "59", "0", "0", "highway=residential", "", "11588", "1131091"],
          ["132515937", "33108193", "16", "177", "1200", "0", "60", "0", "0", "reversedirection=yes highway=residential", "", "11646", "1136916"],
          ["132511693", "33105851", "8", "504", "1100", "117", "46", "0", "0", "reversedirection=yes highway=unclassified", "", "11794", "1151698"],
          ["132511703", "33105346", "10", "56", "1500", "0", "86", "0", "0", "reversedirection=yes highway=trunk", "", "11800", "1152354"],
          ["132511267", "33099623", "12", "667", "1100", "0", "74", "0", "0", "highway=unclassified", "", "11980", "1170300"],
          ["132510667", "33099240", "8", "70", "1100", "58", "0", "0", "0", "reversedirection=yes highway=unclassified", "", "11985", "1170302"],
          ["132507750", "33086784", "34", "1935", "1100", "0", "139", "0", "0", "highway=unclassified", "", "12440", "1215790"],
          ["132504995", "33085114", "29", "319", "1100", "0", "14", "0", "0", "reversedirection=yes highway=unclassified", "", "12499", "1221642"],
          ["132513477", "32995147", "56", "14690", "1500", "7971", "271", "0", "0", "reversedirection=yes highway=trunk", "", "16414", "1599947"],
          ["132514371", "32992700", "45", "301", "1100", "531", "75", "0", "0", "highway=unclassified", "", "16442", "1601899"],
          ["132551461", "32965437", "7", "5126", "1500", "1323", "152", "0", "0", "reversedirection=yes highway=trunk", "", "17293", "1685523"],
          ["132557183", "32965821", "8", "563", "1100", "0", "94", "0", "0", "reversedirection=yes highway=unclassified", "", "17395", "1695695"],
          ["132560553", "32963686", "10", "404", "1100", "0", "17", "0", "0", "highway=unclassified", "", "17480", "1704234"],
          ["132561628", "32963069", "7", "134", "1100", "0", "18", "0", "0", "reversedirection=yes highway=unclassified", "", "17499", "1706114"],
          ["132564039", "32963140", "10", "225", "1030", "0", "68", "0", "0", "reversedirection=yes highway=tertiary estimated_traffic_class=3", "", "17540", "1710273"],
          ["132566737", "32963248", "9", "253", "1030", "0", "0", "0", "0", "highway=tertiary estimated_traffic_class=3", "", "17585", "1714732"],
          ["132567972", "32963291", "9", "115", "1000", "0", "0", "0", "0", "highway=tertiary estimated_traffic_class=2", "estimated_crossing_class=3", "17604", "1716622"],
          ["132568989", "32963282", "10", "96", "1100", "0", "1", "0", "0", "highway=secondary estimated_traffic_class=2", "estimated_crossing_class=2", "17622", "1718450"],
          ["132569531", "32963061", "11", "57", "1100", "0", "5", "0", "0", "highway=secondary estimated_traffic_class=2", "estimated_crossing_class=2", "17635", "1719775"],
          ["132570260", "32962987", "12", "69", "1100", "0", "13", "0", "0", "highway=secondary estimated_traffic_class=2", "estimated_crossing_class=2", "17652", "1721434"],
          ["132571769", "32962860", "13", "142", "1100", "0", "0", "0", "0", "highway=secondary estimated_traffic_class=2", "estimated_crossing_class=2", "17682", "1724406"],
          ["132573679", "32962724", "13", "181", "1100", "0", "2", "0", "0", "highway=secondary estimated_traffic_class=2", "estimated_crossing_class=2", "17715", "1727708"],
          ["132573797", "32962741", "13", "11", "1100", "0", "0", "0", "0", "highway=secondary estimated_traffic_class=2", "estimated_crossing_class=2", "17717", "1727885"],
          ["132575383", "32962369", "12", "171", "1100", "0", "13", "0", "0", "highway=secondary estimated_traffic_class=2", "estimated_crossing_class=2", "17744", "1730647"],
          ["132575391", "32962344", "12", "3", "1100", "0", "0", "0", "0", "highway=secondary estimated_traffic_class=2", "estimated_crossing_class=2", "17745", "1730686"],
          ["132575647", "32961658", "10", "80", "1100", "0", "0", "0", "0", "highway=secondary estimated_traffic_class=2", "estimated_crossing_class=2", "17754", "1731618"],
          ["132575817", "32961179", "11", "55", "1100", "0", "0", "0", "0", "highway=secondary estimated_traffic_class=2", "estimated_crossing_class=2", "17762", "1732461"],
          ["132577405", "32960654", "14", "160", "1100", "0", "31", "0", "0", "highway=secondary estimated_traffic_class=1", "estimated_crossing_class=1", "17800", "1736203"],
          ["132578632", "32960438", "14", "117", "1100", "0", "0", "0", "0", "highway=secondary estimated_traffic_class=1", "estimated_crossing_class=1", "17821", "1738335"],
          ["132579774", "32960168", "16", "111", "1100", "0", "0", "0", "0", "highway=secondary estimated_traffic_class=1", "estimated_crossing_class=1", "17848", "1741019"],
          ["132579843", "32960149", "16", "7", "1100", "0", "0", "0", "0", "highway=secondary estimated_traffic_class=1", "estimated_crossing_class=1", "17849", "1741171"],
          ["132580603", "32959956", "18", "74", "1100", "0", "0", "0", "0", "highway=secondary estimated_traffic_class=1", "estimated_crossing_class=1", "17866", "1742875"],
          ["132581143", "32959823", "20", "53", "1100", "0", "0", "0", "0", "highway=secondary estimated_traffic_class=1", "estimated_crossing_class=1", "17876", "1743787"],
          ["132581245", "32959796", "20", "10", "1100", "0", "0", "0", "0", "highway=secondary estimated_traffic_class=1", "estimated_crossing_class=1", "17877", "1743969"],
          ["132582176", "32959549", "19", "91", "1100", "0", "0", "0", "0", "highway=secondary estimated_traffic_class=1", "estimated_crossing_class=1", "17899", "1746092"],
          ["132585688", "32961950", "18", "433", "1100", "0", "61", "0", "0", "highway=unclassified", "estimated_crossing_class=2", "17971", "1753348"],
          ["132599090", "32971018", "33", "1655", "1100", "69", "27", "0", "0", "reversedirection=yes highway=unclassified", "estimated_crossing_class=1", "18375", "1793736"],
          ["132608019", "32971671", "96", "888", "1100", "0", "70", "0", "0", "reversedirection=yes highway=secondary estimated_traffic_class=1", "estimated_crossing_class=1", "18944", "1850653"],
          ["132609265", "32972005", "102", "125", "1100", "0", "3", "0", "0", "reversedirection=yes highway=secondary estimated_traffic_class=1", "estimated_crossing_class=1", "19013", "1857543"],
          ["132610904", "32973250", "113", "206", "1100", "0", "25", "0", "0", "reversedirection=yes highway=unclassified", "", "19126", "1868864"],
          ["132622519", "32975873", "77", "1216", "1000", "2074", "18", "0", "0", "reversedirection=yes highway=tertiary estimated_traffic_class=1", "", "19338", "1886989"],
          ["132631565", "32976282", "108", "877", "1000", "0", "0", "0", "0", "highway=tertiary estimated_traffic_class=1", "", "19676", "1920766"],
          ["132631558", "32975108", "104", "130", "1200", "0", "117", "0", "0", "reversedirection=yes highway=residential", "", "19708", "1923959"],
          ["132633294", "32974863", "107", "166", "1200", "0", "94", "0", "0", "highway=residential", "", "19742", "1927393"],
          ["132633537", "32971197", "100", "438", "1200", "0", "114", "0", "0", "reversedirection=yes highway=residential", "", "19812", "1934341"],
          ["132633783", "32970756", "99", "54", "1100", "0", "0", "0", "0", "highway=unclassified", "", "19818", "1935018"],
          ["132634570", "32969576", "99", "155", "1100", "0", "33", "0", "0", "reversedirection=yes highway=unclassified", "estimated_crossing_class=1", "19842", "1937394"],
          ["132634913", "32969505", "99", "33", "1100", "0", "10", "0", "0", "reversedirection=yes highway=secondary estimated_traffic_class=1", "estimated_crossing_class=1", "19847", "1937934"],
          ["132637187", "32969084", "101", "218", "1100", "0", "0", "0", "0", "reversedirection=yes highway=secondary estimated_traffic_class=1", "estimated_crossing_class=1", "19889", "1942114"],
          ["132638696", "32969301", "100", "145", "1100", "0", "4", "0", "0", "reversedirection=yes highway=secondary estimated_traffic_class=1", "estimated_crossing_class=1", "19913", "1944442"],
          ["132640031", "32969180", "97", "126", "1100", "0", "2", "0", "0", "reversedirection=yes highway=secondary estimated_traffic_class=1", "estimated_crossing_class=1", "19930", "1946180"],
          ["132641574", "32967790", "102", "216", "1100", "0", "4", "0", "0", "reversedirection=yes highway=secondary estimated_traffic_class=1", "estimated_crossing_class=1", "19980", "1951164"],
          ["132642532", "32966334", "101", "186", "1100", "0", "2", "0", "0", "reversedirection=yes highway=secondary estimated_traffic_class=1", "estimated_crossing_class=1", "20017", "1954895"],
          ["132643501", "32965927", "99", "102", "1100", "0", "4", "0", "0", "reversedirection=yes highway=secondary estimated_traffic_class=1", "estimated_crossing_class=1", "20029", "1956108"],
          ["132643767", "32965685", "99", "37", "1100", "0", "1", "0", "0", "reversedirection=yes highway=secondary estimated_traffic_class=1", "estimated_crossing_class=1", "20034", "1956576"],
          ["132644196", "32965270", "97", "61", "1100", "0", "0", "0", "0", "reversedirection=yes highway=secondary estimated_traffic_class=1", "estimated_crossing_class=1", "20041", "1957254"],
          ["132644269", "32965186", "97", "12", "1100", "0", "0", "0", "0", "reversedirection=yes highway=secondary estimated_traffic_class=1", "estimated_crossing_class=1", "20042", "1957378"],
          ["132648491", "32966707", "88", "435", "1100", "0", "115", "0", "0", "reversedirection=yes highway=unclassified", "", "20092", "1962388"],
          ["132651440", "32967340", "92", "295", "1100", "0", "11", "0", "0", "highway=unclassified", "", "20151", "1968286"],
          ["132658578", "32973752", "88", "1159", "1100", "0", "44", "0", "0", "reversedirection=yes highway=unclassified", "", "20322", "1985381"],
          ["132659640", "32974079", "85", "119", "1100", "0", "77", "0", "0", "highway=unclassified", "", "20347", "1987945"],
          ["132660999", "32974123", "81", "147", "1100", "0", "145", "0", "0", "reversedirection=yes highway=unclassified", "", "20364", "1989622"],
          ["132662401", "32971911", "82", "300", "1000", "0", "171", "0", "0", "reversedirection=yes highway=tertiary estimated_traffic_class=1", "", "20416", "1994820"],
          ["132663164", "32971775", "82", "73", "1500", "0", "63", "0", "0", "reversedirection=yes highway=trunk", "", "20426", "1995843"],
          ["132665172", "32970335", "76", "255", "1500", "0", "12", "0", "0", "highway=trunk", "", "20456", "1998805"],
          ["132684327", "32970113", "85", "1951", "1500", "130", "40", "0", "0", "reversedirection=yes highway=trunk", "", "20906", "2043521"],
          ["132686884", "32968711", "59", "351", "1100", "1240", "180", "0", "0", "reversedirection=yes highway=secondary estimated_traffic_class=1", "estimated_crossing_class=1", "20942", "2045757"],
          ["132687218", "32968971", "58", "43", "1100", "6", "5", "0", "0", "reversedirection=yes highway=secondary estimated_traffic_class=1", "estimated_crossing_class=1", "20945", "2045757"],
          ["132688674", "32970255", "55", "197", "1100", "303", "0", "0", "0", "reversedirection=yes highway=secondary estimated_traffic_class=1", "estimated_crossing_class=1", "20962", "2046096"],
          ["132689539", "32970676", "51", "94", "1100", "0", "1", "0", "0", "reversedirection=yes highway=secondary estimated_traffic_class=1", "estimated_crossing_class=1", "20973", "2047211"],
          ["132692051", "32968820", "43", "340", "1000", "292", "33", "0", "0", "highway=tertiary estimated_traffic_class=1", "", "21009", "2050395"],
          ["132719062", "32943307", "23", "5360", "1500", "3289", "197", "0", "0", "reversedirection=yes highway=trunk", "", "22284", "2171382"],
          ["132723282", "32937237", "7", "789", "1000", "511", "72", "0", "0", "highway=tertiary surface=asphalt estimated_traffic_class=2", "", "22373", "2179462"],
          ["132725817", "32938163", "5", "263", "1100", "0", "166", "0", "0", "reversedirection=yes highway=unclassified", "highway=crossing", "22412", "2183307"],
          ["132726132", "32937368", "6", "93", "1100", "0", "0", "0", "0", "reversedirection=yes highway=unclassified", "", "22422", "2184334"],
          ["132726510", "32936626", "6", "89", "1100", "0", "1", "0", "0", "highway=unclassified", "", "22435", "2185575"]
        ],
        "times": [0,2.798,12.35,14.968,16.28,20.837,21.419,27.275,30.77,33.793,35.735,48.927,50.027,51.199,80.202,80.811,81.417,90.785,91.268,93.091,96.297,101.745,111.895,115.181,119.878,126.71,133.617,142.01,146.546,155.004,162.053,168.855,175.864,196.446,199.319,212.809,214.756,224.404,230.355,238.2,239.373,249.732,252.488,252.929,256.906,260.827,261.546,262.125,262.854,278.735,280.453,281.482,282.927,289.702,294.243,298.698,302.254,303.182,303.804,304.801,305.3,311.085,320.975,326.418,330.306,334.01,335.069,343.033,353.219,364.002,397.614,403.317,406.784,413.07,415.934,421.643,426.471,428.6,430.916,440.34,442.044,445.03,446.482,447.173,449.726,458.142,460.064,464.783,468.004,470.882,479.929,491.14,493.743,496.223,515.249,526.309,530.639,532.369,543.001,547.674,548.269,560.143,564.923,570.616,580.636,583.996,587.461,594.128,601.321,625.482,633.536,646.954,667.381,682.847,691.779,701.863,749.401,776.502,799.094,835.726,853.145,861.794,892.688,908.86,924.31,935.725,942.083,945.875,953.152,957.712,962.385,968.005,973.992,976.563,978.578,980.643,983.033,984.129,987.026,989.703,992.349,995.603,1000.181,1015.36,1019.003,1027.694,1037.554,1048.719,1060.44,1070.976,1083.411,1110.531,1120.081,1129.598,1139.603,1152.376,1181.463,1185.536,1188.472,1194.902,1204.916,1207.964,1209.039,1211.089,1212.641,1214.045,1214.629,1216.431,1217.928,1219.208,1220.586,1238.261,1242.259,1248.574,1257.461,1266.752,1275.109,1280.353,1300.44,1328.043,1333.574,1339.064,1371.417,1383.442,1395.261,1403.897,1414.048,1429.164,1464.147,1493.947,1520.154,1572.576,1584.52,1595.162,1602.084,1625.099,1633.761,1644.865,1707.741,1721.053,1730.071,1736.705,1745.526,1747.527,1750.653,1752.311,1759.568,1762.587,1766.729,1801.253,1817.672,1832.367,1846.393,1889.92,1927.013,1969.422,1974.389,1977.504,1984.771,1987.806,1990.108,1995.129,1996.423,1998.125,2000.089,2004.604,2013.397,2017.957,2021.98,2025.253,2027.101,2028.691,2030.62,2043.887,2048.5,2050.414,2052.518,2055.721,2062.98,2068.546,2077.266,2096.249,2097.267,2102.447,2118.725,2132.889,2138.231,2166.261,2185.947,2195.667,2202.058,2211.713,2217.572,2229.822,2251.762,2264.689,2273.193,2280.792,2290.78,2298.467,2323.007,2334.34,2339.771,2348.568,2360.158,2385.958,2416.787,2453.657,2464.564,2469.297,2479.477,2495.984,2521.757,2599.728,2660.36,2712.681,2746.61,2767.151,2783.653,2809.309,2832.898,3024.37,3141.998,3426.051,3430.931,3433.251,3433.992,3434.85,3441.272,3442.135,3445.821,3456.033,3457.523,3464.102,3466.441,3467.056,3467.539,3471.882,3475.879,3504.888,3505.831,3506.415,3507.114,3508.189,3538.565,3539.053,3544.077,3548.325,3550.693,3556.67,3559.728,3566.55,3581.525,3589.066,3598.477,3602.925,3612.416,3623.525,3634.656,3669.274,3677.325,3687.214,3718.184,3746.299,3767.513,3800.154,3844.671,3900.062,3915.364,3937.375,3940.656,3942.292,3952.197,3971.787,3977.179,3980.259,3989.573,3994.246,4006.819,4015.055,4023.409,4033.859,4038.517,4051.614,4062.038,4078.886,4090.058,4107.77,4117.625,4118.428,4122.696,4123.264,4123.979,4133.582,4139.253,4151.931,4156.469,4165.101,4176.005,4179.89,4182.728,4184.849,4186.512,4202.545,4212.759,4226.565,4236.032,4242.518,4244.742,4251.836,4263.411,4266.993,4269.559,4275.034,4278.898,4286.176,4305.394,4313.179,4316.026,4324.661,4336.304,4337.972,4341.483,4343.67,4347.994,4364.65,4369.759,4376.923,4380.465,4386.726,4389.644,4392.582,4396,4400.32,4401.768,4405.001,4407.654,4410.307,4420.101,4426.039,4427.576,4428.952,4434.11,4442.17,4446.78,4447.459,4449.138,4453.567,4458.894,4481.244,4486.239,4499.866,4503.766,4506.867,4525.94,4535.681,4544.846,4552.788,4559.73,4568.35,4582.268,4590.81,4592.688,4597.109,4602.606,4607.662,4612.946,4622.225,4624.142,4631.425,4632.544,4654.116,4662.032,4668.773,4671.18,4678.05,4689.796,4694.023,4697.341,4700.379,4703.439,4706.974,4711.351,4737.288,4766.768,4827.312,4841.459,4845.208,4846.674,4847.231,4848.312,4848.661,4854.456,4856.512,4858.726,4881.148,4894.558,4912.533,4954.234,4962.881,4972.589,4981.241,5093.124,5111.866,5136.365,5203.783,5209.494,5212.823,5222.84,5249.014,5346.213,5400.466,5481.083,5503.002,5504.762,5507.082,5509.002,5510.602,5512.122,5518.762,5521.162,5523.402,5525.359,5531.618,5543.192,5550.903,5560.023,5563.383,5566.423,5572.783,5578.559,5597.279,5598.399,5602.64,5605.76,5613.681,5632.909,5639.589,5653.093,5664.133,5671.413,5675.893,5685.172,5686.932,5689.652,5693.125,5705.156,5710.596,5725.636,5733.636,5735.892,5742.612,5749.092,5750.692,5753.263,5755.903,5760.463,5762.703,5765.828,5766.314,5767.114,5769.1,5776.19,5777.653,5778.372,5779.387,5781.446,5785.16,5787.195,5792.67,5795.108,5797.389,5799.587,5801.605,5804.925,5807.462,5809.395,5811.743,5812.963,5814.483,5816.243,5819.603,5821.603,5823.763,5825.112,5829.948,5832.817,5833.525,5834.444,5836.188,5839.091,5840.781,5842.769,5846.875,5849.601,5850.817,5852.35,5855.984,5857.859,5859.861,5864.383,5869.366,5872.017,5874.46,5877.42,5878.944,5883.89,5885.72,5888.335,5890.952,5898.413,5900.207,5902.365,5904.159,5906.234,5908.065,5909.477,5911.287,5913.779,5917.755,5920.307,5923.018,5925.148,5930.908,5932.988,5934.588,5936.188,5938.188,5940.028,5941.468,5942.508,5943.388,5945.052,5948.092,5949.991,5964.651,5966.689,5968.316,5976.604,5985.349,5990.958,5996.345,5999.592,6002.177,6006.765,6008.533,6014.892,6036.892,6041.993,6046.635,6050.88,6055.883,6061.147,6065.174,6072.636,6074.247,6075.378,6076.35,6081.594,6082.063,6085.19,6103.011,6106.223,6112.857,6120.627,6129.583,6138.082,6141.512,6144.008,6145.175,6156.501,6173.106,6196.028,6199.647,6203.044,6205.484,6207.243,6208.005,6211.038,6211.57,6212.207,6214.064,6220.05,6223.469,6226.048,6230.367,6232.03,6232.92,6235.248,6241.008,6242.548,6246.655,6248.126,6253.749,6268.163,6270.673,6276.235,6279.175,6286.225,6289.713,6294.994,6303.864,6313.439,6322.178,6323.727,6326.792,6334.675,6335.386,6336.606,6338.406,6343.114,6344.674,6368.606,6393.127,6415.418,6419.344,6423.256,6424.275,6425.633,6431.899,6436.969,6441.356,6444.054,6449,6465.061,6478.048,6491.104,6502.132,6509.602,6514.342,6519.447,6523.82,6531.232,6537.13,6538.859,6546.112,6552.779,6567.756,6570.076,6576.538,6579.167,6582.46,6590.681,6599.884,6608.218,6614.62,6633.428,6643.963,6660.837,6676.071,6688.102,6702.809,6720.061,6723.005,6725.309,6726.678,6728.125,6729.831,6734.584,6738.029,6762.185,6773.132,6785.415,6793.443,6803.189,6805.487,6810.48,6813.905,6817.15,6847.088,6874.533,6893.53,6918.111,6935.294,6949.219,6957.03,6966.94,6975.763,6995.183,7003.55,7041.468,7055.638,7063.297,7084.379,7111.815,7136.195,7166.375,7190.474,7226.989,7246.654,7301.388,7335.868,7353.685,7368.223,7396.275,7531.409,7537.443,7543.031,7545.474,7549.515,7560.792,7563.518,7566.094,7569.193,7583.354,7587.034,7590.463,7598.466,7602.407,7605.17,7608.431,7612.367,7633.09,7634.612,7640.184,7642.362,7643.619,7644.819,7646.179,7648.019,7650.739,7653.299,7655.059,7659.699,7661.062,7672.65,7678.34,7681.869,7685.835,7688.162,7690.999,7694.422,7701.399,7708.861,7714.185,7715.106,7716.693,7718.419,7719.97,7721.327,7721.866,7722.526,7724.466,7725.971,7727.468,7729.531,7751.65,7754.447,7755.916,7758.535,7760.17,7761.651,7763.966,7765.789,7770.184,7780.238,7786.075,7792.117,7810.576,7823.044,7826.842,7831.816,7836.078,7836.52,7838.346,7840.03,7842.542,7853.072,7863.563,7866.862,7870.866,7871.744,7875.672,7879.559,7880.504,7882.432,7884.123,7887.838,7890.531,7894.866,7896.122,7901.325,7930.984,7957.077,7959.13,7960.128,7964.315,7980.896,7983.447,7985.139,7986.875,7988.887,7990.998,7992.546,7994.055,7996.228,8000.148,8003.046,8004.062,8004.27,8005.009,8008.209,8014.099,8016.288,8018.64,8018.751,8021.023,8021.852,8023.017,8027.118,8028.537,8031.199,8042.742,8052.581,8057.234,8066.331,8068.595,8070.358,8077.808,8079.612,8080.834,8083.33,8085.658,8086.999,8089.669,8090.541,8094.768,8100.833,8108.034,8114.102,8114.98,8115.422,8116.682,8117.216,8119.814,8120.616,8121.773,8123.088,8129.636,8136.703,8142.49,8144.841,8146.877,8149.283,8151.953,8153.295,8155.319,8158.499,8171.381,8174.579,8175.943,8178.188,8180.424,8184.117,8188.313,8193.764,8196.02,8198.581,8200.766,8202.088,8205.331,8210.215,8216.402,8218.897,8224.004,8235.226,8236.49,8237.473,8238.729,8240.148,8242.141,8242.547,8242.955,8246.489,8247.088,8247.84,8250.262,8254.404,8257.323,8257.837,8259.035,8261.122,8262.573,8265.168,8270.189,8280.075,8280.462,8287.473,8292.229,8297.988,8302.17,8305.395,8307.365,8311.162,8315.354,8316.928,8318.418,8320.229,8330.005,8332.252,8334.41,8339.766,8344.157,8348.911,8353.587,8357.279,8360.341,8363.829,8366.475,8369.181,8371.049,8375.798,8380.503,8396.017,8400.109,8412.254,8414.142,8416.366,8418.586,8429.752,8441.007,8443.029,8444.506,8445.231,8447.364,8448.603,8461.219,8467.56,8469.534,8475.234,8475.955,8476.681,8488.018,8489.121,8490.24,8498.786,8505.531,8514.323,8519.097,8521.41,8528.142,8529.654,8531.246,8538.766,8550.435,8555.165,8558.112,8564.941,8566.017,8568.337,8570.185,8582.617,8583.625,8584.801,8591.018,8594.041,8597.737,8601.938,8605.466,8613.194,8614.874,8617.058,8617.73,8618.57,8623.61,8624.954,8625.962,8626.97,8632.626,8637.038,8640.926,8641.577,8641.798,8642.354,8646.485,8652.638,8654.049,8658.755,8660.727,8662.33,8663.395,8666.217,8696.048,8700.207,8730.868,8731.378,8732.399,8740.995,8742.978,8754.58,8755.001,8757.86,8758.297,8758.881,8764.573,8765.339,8767.501,8773.319,8778.92,8785.902,8792.428,8798.651,8799.18,8799.673,8800.755,8808.369,8810.772,8816.06,8818.481,8822.492,8828.012,8829.608,8841.907,8844.366,8848.613,8849.642,8854.651,8861.416,8880.152,8884.86,8916.342,8921.739,8923.433,8924.306,8928.217,8942.238,8944.436,8952.803,8954.485,8963.362,8975.504,8989.222,8996.593,9005.147,9006.288,9007.188,9012.277,9021.422,9025.112,9027.916,9029.568,9039.219,9046.17,9052.792,9058.588,9065.431,9072.755,9078.262,9099.809,9118.58,9122.197,9127.757,9129.72,9131.944,9133.126,9134.426,9137.8,9144.797,9147.658,9148.595,9149.371,9159.86,9168.799,9169.527,9180.145,9181.73,9184.079,9195.808,9199.292,9204.356,9218.311,9232.415,9236.319,9238.19,9245.457,9253.225,9269.905,9272.665,9277.149,9281.879,9284.578,9293.044,9294.699,9298.725,9301.463,9302.234,9314.372,9314.746,9318.816,9328.01,9333.551,9336.942,9338.927,9400.357,9402.021,9412.477,9415.408,9420.886,9425.435,9429.691,9432.699,9434.808,9449.443,9459.255,9466.949,9470.586,9474.289,9476.092,9477.201,9484.393,9512.405,9515.817,9522.16,9523.766,9565.409,9590.783,9591.761,9599.215,9599.604,9599.992,9605.51,9606.256,9611.341,9612.867,9616.303,9623.338,9628.726,9632.554,9640.137,9658.171,9664.662,9694.097,9704.602,9716.779,9721.358,9726.722,9728.965,9734.143,9737.259,9755.736,9760.774,9780.539,9829.548,9856.842,9859.354,9860.531,9866.666,9894.756,9900.225,9907.477,9912.691,9924.886,9932.365,9937.982,9942.504,9949.971,9959.231,9967.271,9969.475,9997.06,10023.669,10036.507,10044.111,10044.809,10050.286,10069.56,10161.479,10174.944,10192.459,10214.338,10246.031,10269.972,10283.137,10302.9,10335.66,10437.635,10454.189,10465.036,10467.425,10479.306,10507.421,10574.357,10591.566,10612.675,10642.216,10661.61,10683.074,10701.004,10712.331,10929.321,10931.401,10932.842,10934.361,10936.762,10944.921,10954.602,10971.401,10977.081,10983.832,10996.46,11001.74,11002.38,11006.38,11010.071,11012.803,11016.662,11024.379,11028.641,11033.037,11036.704,11044.425,11059.554,11067.992,11072.473,11078.309,11083.553,11088.495,11090.654,11091.385,11093.158,11113.938,11147.672,11149.342,11164.296,11168.188,11171.859,11186.265,11190.066,11193.575,11197.443,11200.178,11215.195,11220.016,11222.895,11224.312,11225.24,11235.195,11236.184,11238.336,11241.129,11244.137,11245.664,11249.225,11251.896,11260.383,11264.449,11268.217,11274.812,11285.944,11297.137,11299.982,11306.014,11315.74,11318.257,11320.774,11325.139,11327.153,11329.504,11331.854,11343.946,11353.689,11358.561,11366.624,11371.328,11375.695,11380.904,11385.943,11390.816,11395.855,11398.544,11407.28,11417.528,11424.752,11427.104,11431.137,11432.145,11433.488,11435,11446.089,11451.681,11455.508,11460.681,11463.017,11467.133,11475.085,11486.516,11502.736,11506.52,11514.253,11518.773,11525.553,11544.659,11550.251,11556.916,11564.861,11571.78,11575.193,11577.576,11585.083,11586.218,11588.006,11588.983,11594.281,11600.844,11608.928,11639.055,11646.25,11677.351,11709.914,11735.77,11753.572,11757.426,11763.217,11764.906,11766.387,11768.307,11775.694,11784.828,11791.578,11794.057,11800.614,11803.938,11807.309,11834.98,11848.367,11868.114,11917.475,11929.859,11945.234,11951.827,11971.118,11975.665,11976.834,11979.201,11980.321,11981.361,11981.761,11984.881,11985.921,11986.982,11996.67,12002.125,12007.576,12018.02,12037.81,12047.542,12049.583,12052.454,12063.42,12068.491,12077.352,12099.723,12106.198,12164.886,12171.323,12189.731,12194.664,12197.644,12202.19,12204.883,12208.346,12217.174,12233.35,12236.625,12240.137,12242.86,12258.81,12264.325,12266.105,12269.868,12275.937,12278.563,12282.623,12287.078,12293.045,12298.442,12303.072,12305.97,12313.689,12317.171,12322.645,12349.917,12364.49,12366.898,12378.492,12398.143,12413.223,12440.72,12448.472,12457.817,12472.043,12494.264,12496.799,12499.227,12502.803,12507.778,12528.369,12703.747,12712.584,12721.543,12727.631,12733.196,12740.549,12754.587,12770.291,12787.623,12836.018,12848.217,12855.961,12870.576,12885.675,12908.254,12913.927,12987.197,13015.807,13021.646,13024.848,13029.911,13037.977,13040.688,13043.953,13050.832,13052.752,13054.112,13055.633,13056.986,13060.912,13062.752,13064.592,13069.393,13071.393,13076.646,13078.727,13081.367,13093.607,13097.207,13098.354,13100.336,13101.74,13102.834,13107.963,13111.9,13135.91,13140.086,13143.652,13167.266,13174.718,13180.121,13185.568,13190.643,13200.02,13204.443,13207.632,13210.766,13214.033,13216.903,13220.98,13225.013,13243.568,13332.928,13336.398,13339.135,13341.141,13343.401,13346.037,13348.731,13351.448,13371.887,13388.357,13393.629,13396.73,13398.891,13400.411,13402.396,13409.562,13412.673,13415.221,13417.508,13419.799,13422.979,13426.178,13463.772,13468.734,13472.854,13476.66,13479.314,13486.305,13490.812,13494.488,13497.835,13501.519,13504.869,13508.558,13512.415,13514.932,13521.644,13525.504,13528.694,13531.717,13534.236,13543.641,13547.504,13549.688,13553.047,13555.566,13567.326,13573.374,13576.902,13579.758,13582.781,13597.018,13602.076,13610.508,13637.395,13644.293,13649.425,13652.271,13654.688,13661.299,13667.043,13679.198,13694.468,13716.479,13735.875,13747.84,13760.467,13764.166,13768.547,13771.288,13774.898,13778.067,13780.268,13782.358,13785.021,13787.754,13807.061,13860.031,13965.281,14067.014,14081.746,14084.531,14086.851,14089.011,14091.65,14093.73,14096.691,14120.643,14136.371,14138.994,14141.182,14144.307,14146.49,14154.348,14157.095,14160.523,14166.157,14174.548,14177.693,14183.283,14187.49,14189.57,14191.971,14195.201,14199.061,14204.443,14209.979,14215.979,14223.085,14229.359,14238.652,14247.027,14252.11,14254.08,14256.08,14257.912,14259.102,14261.061,14264.309,14267.856,14271.531,14284.326,14293.104,14313.657,14332.789,14340.433,14352.957,14381.525,14414.867,14440.936,14459.973,14482.139,14512.732,14537.729,14557.371,14572.881,14580.038,14583.91,14591.375,14599.453,14604.554,14614.865,14628.65,14637.01,14650.484,14680.084,14692.843,14704.771,14710.396,14717.528,14759.794,14772.229,14778.66,14785.031,14787.551,14790.201,14793.195,14805.455,14811.448,14816.051,14828.027,14838.125,14866.852,14909.03,14941.222,15064.285,15159.256,15161.355,15164.795,15168.074,15171.755,15174.234,15176.875,15179.115,15185.676,15194.795,15206.737,15213.443,15216.656,15217.276,15218.777,15223.035,15223.999,15226.758,15231.715,15237.396,15241.25,15245.642,15256.451,15302.794,15309.891,15314.794,15318.131,15323.828,15331.578,15388.246,15398.755,15405.875,15409.545,15414.861,15445.559,15451.898,15456,15461.104,15507.396,15534.432,15540.26,15553.475,15567.789,15579.681,15586.188,15595.979,15599.064,15603.568,15609.582,15628.602,15644.443,15656.353,15676.717,15681.559,15688.76,15697,15705.225,15715.307,15727.007,15731.479,15736.734,15742.28,15750.552,15771.238,15792.494,15798.809,15806.494,15825.291,15839.691,15853.854,15860.203,15871.35,15876.889,15886.365,15908.104,15984.666,16001.551,16012.845,16041.901,16071.684,16160.451,16178.755,16190.435,16217.912,16319.629,16328.143,16333.595,16335.707,16340.508,16345.787,16347.467,16349.067,16351.719,16355.248,16363.472,16367.363,16372.564,16374.512,16376.264,16378.257,16380.243,16383.363,16384.803,16387.123,16389.043,16398.465,16401.1,16404.035,16405.795,16410.516,16414.594,16415.234,16417.074,16417.875,16418.516,16419.074,16423.154,16430.613,16432.312,16434.201,16438.322,16440.137,16441.43,16442.049,16442.654,16450.174,16452.094,16454.014,16455.773,16465.352,16469.631,16474.637,16489.301,16498.469,16501.203,16503.236,16505.355,16509.281,16511.131,16512.648,16514.176,16516.049,16519.451,16521.957,16524.773,16531.973,16534.785,16542.893,16546.941,16557.561,16570.312,16584.16,16590.131,16594.471,16597.352,16603.703,16610.469,16620.99,16630.092,16637.264,16657.59,16664.613,16670.5,16674.871,16733.443,16740.627,16751.588,16761.195,16772.232,16790.766,16808.797,16812.387,16815.893,16819.191,16823.113,16825.197,16827.676,16830.27,16834.055,16838.891,16842.242,16845.73,16849.535,16852.785,16854.064,16856.361,16859.465,16863.012,16866.379,16869.58,16881.717,16893.365,16898.574,16909.906,16913.609,16917.008,16926.256,16932.645,16938.031,16941.523,16944.93,16973.02,16986.963,16996.91,17004.535,17046.777,17051.926,17055.842,17058.73,17061.766,17065.438,17082.217,17086.494,17090.484,17094.984,17097.098,17108.836,17111.711,17114.805,17116.953,17119.387,17121.145,17121.633,17123.045,17129.025,17132.143,17135.746,17138.844,17142.043,17145.637,17149.16,17152.23,17159.02,17161.301,17162.855,17164.932,17167.777,17170.723,17174.502,17183.609,17186.91,17190.875,17193.934,17195.201,17197.09,17204.23,17210.371,17220.84,17225.094,17227.996,17247.602,17274.135,17278.617,17293.445,17294.844,17297.402,17299.145,17302.939,17304.686,17311.141,17312.418,17314.148,17317.109,17323.129,17324.168,17325.438,17328.309,17331.918,17334.104,17336.375,17336.891,17343.137,17350.574,17352.516,17357.631,17369.65,17379.516,17383.852,17386.18,17389.234,17393.398,17395.152,17410.209,17414.137,17417.578,17420.152,17426.123,17430.039,17437.109,17449.947,17458.482,17461.418,17462.961,17468.938,17471.99,17479.207,17480.527,17488.16,17489.395,17491.102,17492.133,17494.672,17497.283,17499.32,17507.076,17512.99,17519.764,17531.297,17540.9,17561.949,17562.891,17574.34,17578.117,17585.492,17587.438,17591.355,17604.391,17619.213,17620.678,17622.676,17634.629,17635.918,17639.738,17645.09,17652.506,17682.219,17686.438,17696.211,17701.355,17705.559,17711.625,17715.236,17717.006,17720.828,17726.789,17730.146,17732.951,17735.348,17738.422,17740.379,17742.98,17744.625,17745.012,17745.4,17753.814,17754.33,17759.992,17762.762,17776.473,17781.629,17786.035,17793.918,17800.174,17818.328,17821.496,17848.324,17849.848,17854.121,17866.877,17876,17877.826,17899.049,17925.09,17928.492,17937.002,17939.141,17940.012,17943.826,17954.184,17956.295,17960.705,17967.236,17971.596,17989.303,18003.582,18009.355,18012.197,18019.295,18026.496,18032.215,18035.051,18038.404,18058.414,18062.273,18067.076,18071.027,18075.104,18078.377,18098.996,18107.523,18110.615,18112.848,18120.371,18136.67,18139.82,18144.979,18152.58,18174.111,18184.809,18201.588,18222.121,18224.846,18237.773,18249.578,18288.328,18316.92,18324.709,18346.742,18351.756,18356.016,18359.488,18362.1,18367.65,18369.658,18375.439,18381.145,18392.305,18400.473,18419.691,18425.199,18432.574,18448.607,18463.535,18470.592,18484.5,18500.881,18511.568,18546.537,18564.373,18578.008,18593.436,18846.223,18855.33,18864.371,18871.738,18884.17,18889.115,18894.439,18921.41,18930.283,18944.574,18985.848,18994.594,19004.561,19013.465,19018.072,19054.418,19074.686,19118.096,19126.666,19142.428,19151.709,19165.406,19178.125,19186.645,19192.406,19199.359,19212.176,19223.975,19232.998,19245.014,19246.572,19247.854,19253.854,19255.295,19257.006,19258.605,19266.525,19268.525,19269.965,19271.506,19273.113,19274.793,19287.352,19303.836,19308.51,19311.463,19314.236,19317.666,19320.994,19324.238,19327.984,19338.551,19367.822,19400.629,19406.73,19413.943,19423.42,19441.646,19468.643,19483.891,19597.191,19676.277,19692.08,19698.527,19706.93,19708.203,19710.727,19714.932,19717.213,19729.549,19734.908,19742.531,19744.445,19750.875,19754.307,19759.129,19761.688,19768.518,19770.018,19777.121,19778.947,19781.457,19783.926,19787.811,19788.91,19790.996,19795.67,19805.482,19808.262,19812,19818.77,19823.863,19825.512,19829.172,19832.305,19838.898,19842.525,19847.934,19855.699,19865.51,19889.73,19893.719,19897.201,19908.26,19913,19915.162,19916.885,19927.621,19930.379,19932.326,19936.645,19941.447,19947.98,19968.078,19974.754,19980.205,19992.057,20006.094,20011.49,20015.172,20017.51,20018.586,20022.291,20026.184,20027.869,20029.637,20034.316,20037.867,20041.1,20042.342,20042.854,20062.498,20081.762,20084.039,20091.889,20092.424,20094.465,20098.943,20101.73,20103.582,20106.299,20112.482,20133.561,20139.48,20144.477,20147.502,20151.395,20153.512,20157.742,20160.385,20168.486,20180.98,20184.857,20190.998,20194.447,20202.043,20206.074,20223.631,20226.906,20229.594,20232.111,20233.781,20246.312,20248.898,20251.113,20267.59,20268.451,20270.232,20271.852,20276.936,20282.723,20291.314,20293.799,20296.256,20305.588,20322.314,20323.436,20327.764,20330.246,20332.104,20338.191,20341.154,20347.947,20352.801,20354.352,20355.641,20357.986,20359.576,20361.512,20363.189,20363.875,20364.707,20370.781,20377.643,20380.158,20382.6,20385.941,20390.783,20394.793,20412.32,20415.537,20416.688,20422.396,20426.912,20429.297,20432.904,20436.553,20442.109,20444.098,20446.377,20450.146,20452.648,20455.379,20456.533,20460.346,20463.279,20467.418,20473.082,20483.695,20488.754,20493.939,20497.484,20516.912,20523.408,20527.496,20536.473,20544.67,20550.391,20554.127,20564.855,20573.969,20579.736,20591.17,20601.186,20613.035,20634.207,20640.953,20644.199,20649.086,20656.062,20667.953,20670.836,20674.381,20678.016,20681.256,20688.316,20695.23,20699.902,20705.273,20728.828,20740.957,20895.727,20906.766,20910.09,20911.354,20912.666,20914.816,20921.613,20923.713,20926.676,20927.982,20929.119,20930.559,20931.758,20933.838,20935.758,20937.199,20939.039,20940.318,20942.318,20943.199,20945.758,20951.359,20958.799,20962.189,20967.287,20969.945,20973.338,20974.031,20976.357,20977.477,20978.438,20980.473,20982.969,21000.838,21003.158,21007.057,21008.061,21009.215,21025.908,21032.086,21038.461,21105.926,21112.961,21117.973,21124.012,21126.848,21127.887,21129.088,21129.486,21131.486,21132.711,21133.721,21135.746,21144.307,21145.908,21148.197,21237.945,21246.807,21256.254,21263.889,21268.145,21273.508,21281.227,21293.73,21303.092,21315.561,21321.16,21323.961,21325.988,21328.371,21330.512,21335.051,21355.451,21371.867,21379.033,21385.902,21429.436,21432.693,21442.637,21446.377,21449.926,21453.32,21455.986,21458.752,21462.139,21485.715,21490.498,21513.266,21519.678,21534.141,21549.074,21559.459,21565.15,21570.844,21575.291,21580.273,21615.172,21625.658,21634.5,21642.6,21653.975,21663.447,21681.842,21691.893,21703.973,21706.611,21709.389,21713.852,21720.914,21727.232,21765.314,21781.301,21807.967,21813.168,21819.482,21823.303,21827.863,21838.652,21844.387,21846.676,21850.121,21868.857,21878.162,21884.293,21894.773,21897.637,21901.191,21903.232,21905.443,21908.648,21989.217,22017.762,22104,22169.488,22234.508,22240.844,22244.039,22248.082,22253.203,22255.703,22258.25,22261.078,22264.357,22266.357,22269.107,22280.547,22284.59,22285.391,22286.275,22289.068,22291.236,22296.197,22298.346,22301.238,22305.871,22314.031,22316.061,22327.619,22332.158,22336.555,22339.426,22344.129,22348.504,22352.059,22361.742,22364.25,22373.98,22381.014,22384.812,22394.184,22404.398,22410.279,22411.922,22412.416,22422.684,22424.635,22435.084]
      },
      "geometry": {
        "type": "LineString",
        "coordinates": [
          [132.42002, 33.46331, 8.0],
          [132.42014, 33.46309, 5.75],
          [132.42079, 33.46343, 6.25],
          [132.42094, 33.46350, 6.75],
          [132.42099, 33.46344, 6.75],
          [132.42112, 33.46326, 7.5],
          [132.42113, 33.46324, 7.5],
          [132.42130, 33.46301, 7.75],
          [132.42138, 33.46287, 7.75],
          [132.42144, 33.46272, 7.5],
          [132.42148, 33.46264, 7.5],
          [132.42174, 33.46198, 7.5],
          [132.42178, 33.46193, 7.75],
          [132.42182, 33.46190, 8.0],
          [132.42234, 33.46091, 9.75],
          [132.42236, 33.46090, 9.75],
          [132.42240, 33.46090, 9.75],
          [132.42295, 33.46106, 9.25],
          [132.42298, 33.46106, 9.0],
          [132.42301, 33.46096, 8.75],
          [132.42301, 33.46076, 8.5],
          [132.42302, 33.46041, 8.25],
          [132.42303, 33.45968, 7.0],
          [132.42303, 33.45943, 6.25],
          [132.42303, 33.45906, 5.25],
          [132.42304, 33.45861, 5.75],
          [132.42304, 33.45822, 6.0],
          [132.42303, 33.45768, 5.25],
          [132.42304, 33.45739, 5.0],
          [132.42359, 33.45735, 5.5],
          [132.42402, 33.45733, 5.75],
          [132.42441, 33.45731, 6.0],
          [132.42481, 33.45728, 6.25],
          [132.42583, 33.45721, 7.25],
          [132.42599, 33.45721, 7.5],
          [132.42656, 33.45723, 8.75],
          [132.42664, 33.45723, 9.0],
          [132.42710, 33.45725, 9.0],
          [132.42741, 33.45726, 9.0],
          [132.42787, 33.45727, 8.75],
          [132.42795, 33.45727, 8.5],
          [132.42853, 33.45685, 7.75],
          [132.42867, 33.45673, 7.5],
          [132.42868, 33.45670, 7.5],
          [132.42876, 33.45646, 7.25],
          [132.42885, 33.45622, 7.0],
          [132.42889, 33.45618, 7.0],
          [132.42893, 33.45616, 7.0],
          [132.42899, 33.45617, 7.0],
          [132.42994, 33.45635, 7.75],
          [132.43005, 33.45634, 7.75],
          [132.43011, 33.45632, 7.75],
          [132.43016, 33.45625, 7.5],
          [132.43033, 33.45576, 5.75],
          [132.43040, 33.45546, 5.75],
          [132.43042, 33.45516, 5.5],
          [132.43046, 33.45493, 5.5],
          [132.43047, 33.45488, 5.75],
          [132.43049, 33.45485, 5.75],
          [132.43050, 33.45479, 6.0],
          [132.43051, 33.45477, 6.0],
          [132.43060, 33.45452, 6.75],
          [132.43073, 33.45418, 8.0],
          [132.43084, 33.45399, 8.0],
          [132.43093, 33.45386, 8.25],
          [132.43106, 33.45375, 8.25],
          [132.43109, 33.45372, 8.25],
          [132.43135, 33.45346, 8.5],
          [132.43162, 33.45311, 9.0],
          [132.43201, 33.45261, 8.0],
          [132.43280, 33.45169, 11.0],
          [132.43294, 33.45151, 11.75],
          [132.43300, 33.45140, 12.0],
          [132.43300, 33.45119, 12.5],
          [132.43298, 33.45109, 12.75],
          [132.43296, 33.45089, 13.0],
          [132.43311, 33.45072, 12.5],
          [132.43319, 33.45064, 12.0],
          [132.43331, 33.45057, 11.75],
          [132.43409, 33.45016, 9.0],
          [132.43421, 33.45009, 8.75],
          [132.43437, 33.44997, 9.5],
          [132.43443, 33.44991, 9.75],
          [132.43446, 33.44988, 10.0],
          [132.43453, 33.44978, 10.5],
          [132.43475, 33.44944, 10.75],
          [132.43480, 33.44937, 10.75],
          [132.43495, 33.44913, 10.0],
          [132.43508, 33.44900, 10.25],
          [132.43521, 33.44889, 10.25],
          [132.43562, 33.44862, 10.75],
          [132.43605, 33.44826, 11.25],
          [132.43612, 33.44817, 11.75],
          [132.43620, 33.44810, 12.0],
          [132.43655, 33.44760, 13.75],
          [132.43685, 33.44715, 16.0],
          [132.43698, 33.44699, 16.25],
          [132.43705, 33.44693, 16.25],
          [132.43736, 33.44671, 15.0],
          [132.43756, 33.44659, 14.25],
          [132.43759, 33.44658, 14.25],
          [132.43811, 33.44632, 14.75],
          [132.43835, 33.44620, 14.5],
          [132.43860, 33.44607, 15.0],
          [132.43901, 33.44586, 15.75],
          [132.43915, 33.44578, 15.75],
          [132.43926, 33.44570, 16.5],
          [132.43941, 33.44552, 17.25],
          [132.43957, 33.44530, 17.25],
          [132.44024, 33.44428, 19.75],
          [132.44043, 33.44404, 21.25],
          [132.44074, 33.44368, 22.25],
          [132.44111, 33.44332, 25.0],
          [132.44133, 33.44309, 27.5],
          [132.44149, 33.44290, 27.0],
          [132.44167, 33.44266, 24.5],
          [132.44201, 33.44213, 35.0],
          [132.44232, 33.44167, 35.5],
          [132.44255, 33.44139, 39.5],
          [132.44286, 33.44111, 45.5],
          [132.44310, 33.44093, 44.75],
          [132.44334, 33.44079, 42.75],
          [132.44369, 33.44064, 50.75],
          [132.44387, 33.44054, 52.75],
          [132.44407, 33.44041, 52.75],
          [132.44426, 33.44024, 51.5],
          [132.44437, 33.44010, 50.75],
          [132.44442, 33.43997, 50.0],
          [132.44448, 33.43976, 51.25],
          [132.44447, 33.43962, 51.25],
          [132.44441, 33.43942, 50.25],
          [132.44434, 33.43924, 48.5],
          [132.44405, 33.43880, 44.5],
          [132.44396, 33.43865, 45.25],
          [132.44393, 33.43854, 45.5],
          [132.44391, 33.43842, 45.25],
          [132.44391, 33.43828, 45.5],
          [132.44393, 33.43823, 45.5],
          [132.44398, 33.43809, 45.5],
          [132.44406, 33.43798, 45.5],
          [132.44417, 33.43786, 45.5],
          [132.44429, 33.43777, 46.75],
          [132.44444, 33.43769, 47.75],
          [132.44503, 33.43742, 48.0],
          [132.44515, 33.43735, 52.0],
          [132.44527, 33.43726, 55.75],
          [132.44536, 33.43716, 58.5],
          [132.44541, 33.43703, 60.0],
          [132.44542, 33.43689, 61.0],
          [132.44540, 33.43675, 61.75],
          [132.44532, 33.43660, 62.75],
          [132.44513, 33.43634, 66.0],
          [132.44509, 33.43623, 67.75],
          [132.44508, 33.43613, 69.5],
          [132.44510, 33.43603, 71.0],
          [132.44517, 33.43591, 71.5],
          [132.44559, 33.43548, 69.25],
          [132.44566, 33.43536, 68.0],
          [132.44571, 33.43524, 67.25],
          [132.44571, 33.43504, 68.75],
          [132.44569, 33.43456, 67.5],
          [132.44571, 33.43446, 65.75],
          [132.44574, 33.43440, 64.0],
          [132.44585, 33.43426, 61.75],
          [132.44596, 33.43419, 60.25],
          [132.44608, 33.43414, 59.0],
          [132.44613, 33.43412, 59.0],
          [132.44629, 33.43410, 59.0],
          [132.44641, 33.43411, 59.0],
          [132.44652, 33.43414, 58.5],
          [132.44664, 33.43418, 58.25],
          [132.44704, 33.43451, 69.25],
          [132.44712, 33.43455, 71.25],
          [132.44722, 33.43459, 73.25],
          [132.44737, 33.43461, 75.25],
          [132.44750, 33.43460, 76.5],
          [132.44764, 33.43456, 76.0],
          [132.44775, 33.43450, 74.75],
          [132.44841, 33.43404, 70.25],
          [132.44891, 33.43369, 77.75],
          [132.44905, 33.43355, 76.75],
          [132.44914, 33.43342, 74.75],
          [132.44934, 33.43301, 83.5],
          [132.44942, 33.43288, 86.75],
          [132.44951, 33.43278, 89.0],
          [132.44959, 33.43271, 90.25],
          [132.44970, 33.43265, 91.0],
          [132.44989, 33.43255, 91.25],
          [132.45023, 33.43244, 97.0],
          [132.45046, 33.43234, 102.75],
          [132.45065, 33.43224, 105.75],
          [132.45106, 33.43197, 108.25],
          [132.45119, 33.43189, 108.0],
          [132.45137, 33.43183, 106.75],
          [132.45160, 33.43176, 104.0],
          [132.45220, 33.43164, 106.5],
          [132.45236, 33.43159, 109.5],
          [132.45250, 33.43153, 112.75],
          [132.45304, 33.43127, 121.0],
          [132.45320, 33.43121, 121.0],
          [132.45335, 33.43119, 120.5],
          [132.45350, 33.43119, 119.25],
          [132.45385, 33.43122, 117.25],
          [132.45396, 33.43123, 116.5],
          [132.45405, 33.43122, 115.75],
          [132.45412, 33.43120, 115.0],
          [132.45436, 33.43110, 115.5],
          [132.45444, 33.43105, 116.0],
          [132.45462, 33.43090, 117.25],
          [132.45505, 33.43054, 124.75],
          [132.45518, 33.43039, 129.0],
          [132.45527, 33.43025, 131.5],
          [132.45531, 33.43011, 132.5],
          [132.45539, 33.42973, 138.0],
          [132.45549, 33.42944, 142.75],
          [132.45570, 33.42885, 141.5],
          [132.45572, 33.42871, 139.75],
          [132.45572, 33.42859, 138.75],
          [132.45569, 33.42835, 136.75],
          [132.45569, 33.42822, 136.25],
          [132.45573, 33.42809, 134.75],
          [132.45589, 33.42777, 131.0],
          [132.45594, 33.42770, 131.25],
          [132.45600, 33.42761, 131.5],
          [132.45614, 33.42747, 132.0],
          [132.45634, 33.42734, 134.75],
          [132.45689, 33.42704, 133.5],
          [132.45738, 33.42672, 123.25],
          [132.45778, 33.42644, 122.75],
          [132.45800, 33.42626, 123.75],
          [132.45809, 33.42613, 123.5],
          [132.45813, 33.42600, 122.75],
          [132.45814, 33.42583, 121.75],
          [132.45813, 33.42509, 124.0],
          [132.45813, 33.42469, 124.25],
          [132.45814, 33.42454, 124.5],
          [132.45818, 33.42440, 124.75],
          [132.45824, 33.42422, 125.25],
          [132.45843, 33.42393, 126.25],
          [132.45858, 33.42376, 127.25],
          [132.45883, 33.42355, 128.0],
          [132.45947, 33.42302, 128.25],
          [132.45950, 33.42299, 128.25],
          [132.45968, 33.42284, 128.75],
          [132.46007, 33.42251, 130.75],
          [132.46047, 33.42216, 134.0],
          [132.46061, 33.42200, 134.5],
          [132.46104, 33.42143, 137.5],
          [132.46131, 33.42093, 138.75],
          [132.46141, 33.42068, 139.75],
          [132.46147, 33.42052, 140.75],
          [132.46153, 33.42031, 142.0],
          [132.46155, 33.42018, 142.5],
          [132.46156, 33.41991, 143.5],
          [132.46154, 33.41949, 145.75],
          [132.46157, 33.41922, 147.0],
          [132.46161, 33.41906, 148.25],
          [132.46169, 33.41893, 149.0],
          [132.46180, 33.41880, 150.75],
          [132.46191, 33.41872, 152.0],
          [132.46219, 33.41847, 154.25],
          [132.46234, 33.41834, 155.0],
          [132.46241, 33.41827, 155.5],
          [132.46251, 33.41815, 156.25],
          [132.46258, 33.41802, 159.25],
          [132.46268, 33.41781, 164.25],
          [132.46275, 33.41755, 168.0],
          [132.46283, 33.41706, 167.0],
          [132.46289, 33.41681, 166.0],
          [132.46294, 33.41668, 165.25],
          [132.46303, 33.41652, 168.5],
          [132.46315, 33.41636, 173.0],
          [132.46332, 33.41620, 179.0],
          [132.46362, 33.41596, 179.75],
          [132.46397, 33.41568, 181.0],
          [132.46442, 33.41525, 182.5],
          [132.46483, 33.41471, 184.25],
          [132.46509, 33.41414, 186.0],
          [132.46533, 33.41351, 188.0],
          [132.46561, 33.41220, 191.75],
          [132.46589, 33.41106, 191.75],
          [132.46619, 33.40983, 221.5],
          [132.46638, 33.40910, 237.0],
          [132.46891, 33.39886, 243.0],
          [132.46906, 33.39832, 223.0],
          [132.46937, 33.39827, 224.25],
          [132.46946, 33.39824, 225.0],
          [132.46953, 33.39818, 225.0],
          [132.47009, 33.39771, 223.5],
          [132.47017, 33.39768, 223.75],
          [132.47045, 33.39753, 223.75],
          [132.47120, 33.39704, 225.75],
          [132.47129, 33.39699, 226.25],
          [132.47163, 33.39672, 226.25],
          [132.47181, 33.39659, 224.25],
          [132.47186, 33.39655, 223.75],
          [132.47191, 33.39654, 223.25],
          [132.47191, 33.39623, 221.5],
          [132.47235, 33.39623, 219.5],
          [132.47453, 33.39621, 220.0],
          [132.47463, 33.39619, 220.25],
          [132.47469, 33.39617, 220.25],
          [132.47473, 33.39612, 220.25],
          [132.47475, 33.39603, 220.5],
          [132.47460, 33.39423, 218.5],
          [132.47460, 33.39420, 218.5],
          [132.47457, 33.39388, 217.75],
          [132.47455, 33.39356, 216.75],
          [132.47454, 33.39339, 216.25],
          [132.47450, 33.39292, 215.5],
          [132.47448, 33.39269, 215.25],
          [132.47445, 33.39224, 215.25],
          [132.47438, 33.39133, 215.25],
          [132.47495, 33.39112, 214.25],
          [132.47562, 33.39091, 214.0],
          [132.47591, 33.39083, 214.25],
          [132.47662, 33.39063, 216.25],
          [132.47744, 33.39041, 215.75],
          [132.47831, 33.39017, 214.75],
          [132.48062, 33.38953, 214.5],
          [132.48116, 33.38938, 214.0],
          [132.48178, 33.38921, 214.25],
          [132.48293, 33.38890, 217.25],
          [132.48424, 33.38853, 218.0],
          [132.48536, 33.38818, 218.25],
          [132.48779, 33.38741, 215.75],
          [132.48981, 33.38676, 218.25],
          [132.49342, 33.38562, 213.75],
          [132.49470, 33.38519, 214.25],
          [132.49606, 33.38477, 214.75],
          [132.49627, 33.38470, 214.5],
          [132.49627, 33.38460, 214.25],
          [132.49627, 33.38395, 213.5],
          [132.49624, 33.38289, 214.0],
          [132.49624, 33.38256, 213.5],
          [132.49624, 33.38238, 213.5],
          [132.49626, 33.38188, 213.75],
          [132.49626, 33.38162, 213.75],
          [132.49623, 33.38082, 212.75],
          [132.49621, 33.38032, 212.5],
          [132.49619, 33.37979, 212.0],
          [132.49619, 33.37904, 210.75],
          [132.49623, 33.37871, 210.25],
          [132.49716, 33.37863, 210.5],
          [132.49777, 33.37858, 211.25],
          [132.49837, 33.37853, 213.75],
          [132.49878, 33.37849, 214.5],
          [132.49943, 33.37835, 215.5],
          [132.50001, 33.37819, 214.25],
          [132.50006, 33.37818, 214.0],
          [132.50037, 33.37809, 213.25],
          [132.50041, 33.37808, 213.25],
          [132.50046, 33.37807, 213.25],
          [132.50117, 33.37788, 212.75],
          [132.50158, 33.37777, 212.5],
          [132.50235, 33.37756, 213.0],
          [132.50260, 33.37750, 213.5],
          [132.50295, 33.37739, 214.75],
          [132.50360, 33.37722, 216.75],
          [132.50381, 33.37718, 217.25],
          [132.50395, 33.37713, 217.5],
          [132.50406, 33.37711, 217.75],
          [132.50412, 33.37707, 217.75],
          [132.50443, 33.37683, 221.25],
          [132.50457, 33.37666, 222.75],
          [132.50478, 33.37642, 223.5],
          [132.50500, 33.37616, 222.5],
          [132.50511, 33.37601, 223.75],
          [132.50512, 33.37593, 223.0],
          [132.50519, 33.37560, 222.25],
          [132.50521, 33.37524, 221.25],
          [132.50523, 33.37511, 221.0],
          [132.50524, 33.37500, 220.75],
          [132.50529, 33.37470, 219.75],
          [132.50537, 33.37452, 220.25],
          [132.50556, 33.37432, 221.75],
          [132.50618, 33.37372, 224.75],
          [132.50640, 33.37352, 223.0],
          [132.50657, 33.37336, 220.25],
          [132.50695, 33.37305, 221.5],
          [132.50738, 33.37270, 222.5],
          [132.50745, 33.37264, 222.25],
          [132.50756, 33.37251, 222.5],
          [132.50761, 33.37243, 223.0],
          [132.50769, 33.37228, 223.5],
          [132.50802, 33.37150, 222.75],
          [132.50810, 33.37123, 222.5],
          [132.50818, 33.37073, 221.0],
          [132.50823, 33.37045, 219.75],
          [132.50832, 33.37006, 217.5],
          [132.50836, 33.36985, 216.5],
          [132.50835, 33.36959, 215.0],
          [132.50832, 33.36925, 213.25],
          [132.50828, 33.36884, 212.5],
          [132.50829, 33.36872, 212.25],
          [132.50838, 33.36847, 212.25],
          [132.50844, 33.36828, 212.5],
          [132.50852, 33.36812, 212.75],
          [132.50881, 33.36755, 212.5],
          [132.50887, 33.36722, 212.75],
          [132.50888, 33.36708, 213.0],
          [132.50893, 33.36697, 213.25],
          [132.50917, 33.36666, 213.75],
          [132.50959, 33.36609, 212.0],
          [132.50982, 33.36577, 211.0],
          [132.50985, 33.36572, 210.75],
          [132.50993, 33.36559, 210.5],
          [132.51019, 33.36529, 209.75],
          [132.51049, 33.36497, 209.5],
          [132.51130, 33.36425, 211.75],
          [132.51150, 33.36404, 211.5],
          [132.51216, 33.36344, 210.75],
          [132.51239, 33.36326, 210.0],
          [132.51258, 33.36314, 210.0],
          [132.51347, 33.36268, 211.5],
          [132.51396, 33.36241, 211.5],
          [132.51449, 33.36214, 211.0],
          [132.51499, 33.36199, 211.0],
          [132.51540, 33.36188, 211.25],
          [132.51602, 33.36170, 210.25],
          [132.51705, 33.36141, 209.5],
          [132.51681, 33.36080, 208.0],
          [132.51675, 33.36069, 208.0],
          [132.51699, 33.36050, 208.25],
          [132.51722, 33.36024, 208.25],
          [132.51740, 33.35998, 208.0],
          [132.51757, 33.35966, 207.5],
          [132.51785, 33.35913, 207.25],
          [132.51790, 33.35903, 207.5],
          [132.51806, 33.35871, 208.25],
          [132.51809, 33.35866, 208.25],
          [132.51849, 33.35786, 212.5],
          [132.51862, 33.35760, 213.5],
          [132.51872, 33.35739, 214.25],
          [132.51875, 33.35731, 214.5],
          [132.51885, 33.35709, 214.75],
          [132.51900, 33.35679, 213.25],
          [132.51908, 33.35660, 211.75],
          [132.51914, 33.35639, 210.25],
          [132.51916, 33.35618, 210.0],
          [132.51912, 33.35599, 210.25],
          [132.51905, 33.35581, 210.75],
          [132.51893, 33.35563, 211.25],
          [132.51811, 33.35470, 215.0],
          [132.51762, 33.35418, 219.5],
          [132.51596, 33.35262, 221.25],
          [132.51552, 33.35219, 219.25],
          [132.51539, 33.35203, 218.75],
          [132.51535, 33.35194, 218.0],
          [132.51534, 33.35191, 217.75],
          [132.51531, 33.35183, 217.0],
          [132.51531, 33.35181, 216.75],
          [132.51524, 33.35135, 216.0],
          [132.51524, 33.35121, 216.5],
          [132.51524, 33.35108, 217.0],
          [132.51534, 33.35026, 219.25],
          [132.51540, 33.34977, 220.25],
          [132.51551, 33.34882, 222.25],
          [132.51566, 33.34776, 227.0],
          [132.51566, 33.34752, 228.25],
          [132.51563, 33.34731, 230.25],
          [132.51559, 33.34714, 231.75],
          [132.51541, 33.34622, 245.75],
          [132.51539, 33.34603, 249.0],
          [132.51538, 33.34580, 252.25],
          [132.51538, 33.34451, 251.75],
          [132.51542, 33.34429, 251.25],
          [132.51550, 33.34415, 250.75],
          [132.51561, 33.34398, 255.0],
          [132.51578, 33.34379, 254.5],
          [132.51746, 33.34197, 251.25],
          [132.51944, 33.33978, 247.25],
          [132.52255, 33.33634, 241.0],
          [132.52435, 33.33438, 237.25],
          [132.52449, 33.33422, 237.5],
          [132.52468, 33.33401, 234.5],
          [132.52481, 33.33382, 232.75],
          [132.52487, 33.33364, 229.25],
          [132.52489, 33.33347, 224.75],
          [132.52485, 33.33272, 215.25],
          [132.52486, 33.33245, 214.25],
          [132.52491, 33.33220, 214.0],
          [132.52498, 33.33199, 215.25],
          [132.52512, 33.33166, 218.5],
          [132.52548, 33.33076, 215.75],
          [132.52571, 33.33022, 215.0],
          [132.52610, 33.32926, 207.0],
          [132.52627, 33.32890, 201.5],
          [132.52647, 33.32860, 199.5],
          [132.52681, 33.32808, 201.0],
          [132.52706, 33.32772, 204.25],
          [132.52830, 33.32588, 171.0],
          [132.52838, 33.32577, 166.75],
          [132.52866, 33.32535, 161.25],
          [132.52890, 33.32506, 162.25],
          [132.52925, 33.32473, 169.0],
          [132.53025, 33.32385, 165.0],
          [132.53080, 33.32336, 160.75],
          [132.53201, 33.32229, 155.25],
          [132.53303, 33.32140, 144.5],
          [132.53370, 33.32080, 136.5],
          [132.53411, 33.32043, 123.0],
          [132.53497, 33.31967, 117.0],
          [132.53513, 33.31952, 116.75],
          [132.53527, 33.31924, 115.25],
          [132.53538, 33.31889, 115.5],
          [132.53564, 33.31806, 116.25],
          [132.53581, 33.31746, 110.25],
          [132.53630, 33.31582, 101.0],
          [132.53658, 33.31495, 91.75],
          [132.53669, 33.31474, 92.0],
          [132.53713, 33.31407, 88.75],
          [132.53757, 33.31345, 78.75],
          [132.53765, 33.31329, 79.75],
          [132.53771, 33.31302, 79.5],
          [132.53770, 33.31272, 77.0],
          [132.53769, 33.31221, 73.0],
          [132.53774, 33.31196, 72.0],
          [132.53785, 33.31161, 71.25],
          [132.53779, 33.31159, 70.5],
          [132.53771, 33.31165, 69.25],
          [132.53766, 33.31185, 70.0],
          [132.53758, 33.31231, 72.0],
          [132.53758, 33.31240, 72.5],
          [132.53753, 33.31243, 72.0],
          [132.53746, 33.31243, 72.75],
          [132.53732, 33.31240, 74.5],
          [132.53719, 33.31229, 76.75],
          [132.53715, 33.31222, 76.75],
          [132.53724, 33.31187, 71.75],
          [132.53727, 33.31165, 69.5],
          [132.53727, 33.31144, 69.0],
          [132.53719, 33.31129, 69.75],
          [132.53707, 33.31113, 71.0],
          [132.53693, 33.31089, 71.5],
          [132.53685, 33.31067, 70.0],
          [132.53682, 33.31055, 68.75],
          [132.53682, 33.31033, 66.0],
          [132.53685, 33.31019, 64.25],
          [132.53684, 33.31002, 62.0],
          [132.53678, 33.30983, 60.75],
          [132.53660, 33.30948, 58.75],
          [132.53657, 33.30925, 57.25],
          [132.53661, 33.30901, 57.25],
          [132.53660, 33.30889, 58.0],
          [132.53652, 33.30860, 60.0],
          [132.53649, 33.30837, 61.0],
          [132.53646, 33.30832, 61.25],
          [132.53637, 33.30830, 61.0],
          [132.53636, 33.30817, 61.25],
          [132.53638, 33.30800, 62.0],
          [132.53643, 33.30792, 62.75],
          [132.53641, 33.30783, 63.0],
          [132.53635, 33.30762, 62.5],
          [132.53634, 33.30747, 62.25],
          [132.53631, 33.30738, 61.0],
          [132.53621, 33.30733, 58.5],
          [132.53625, 33.30708, 58.0],
          [132.53626, 33.30693, 57.25],
          [132.53625, 33.30675, 56.0],
          [132.53621, 33.30631, 54.25],
          [132.53615, 33.30583, 53.0],
          [132.53610, 33.30559, 52.25],
          [132.53603, 33.30537, 51.25],
          [132.53591, 33.30505, 48.75],
          [132.53586, 33.30489, 48.25],
          [132.53580, 33.30453, 50.0],
          [132.53577, 33.30438, 51.5],
          [132.53572, 33.30423, 53.25],
          [132.53567, 33.30412, 54.25],
          [132.53542, 33.30369, 52.75],
          [132.53537, 33.30354, 51.0],
          [132.53535, 33.30335, 47.75],
          [132.53536, 33.30320, 47.25],
          [132.53542, 33.30303, 46.75],
          [132.53551, 33.30286, 46.75],
          [132.53561, 33.30276, 46.75],
          [132.53575, 33.30264, 46.75],
          [132.53596, 33.30253, 47.0],
          [132.53634, 33.30236, 47.25],
          [132.53652, 33.30225, 47.25],
          [132.53665, 33.30214, 45.25],
          [132.53679, 33.30202, 43.5],
          [132.53725, 33.30149, 35.75],
          [132.53743, 33.30130, 33.75],
          [132.53758, 33.30118, 31.5],
          [132.53777, 33.30108, 29.5],
          [132.53801, 33.30098, 27.5],
          [132.53823, 33.30090, 26.0],
          [132.53840, 33.30082, 25.25],
          [132.53850, 33.30074, 25.75],
          [132.53852, 33.30065, 26.0],
          [132.53850, 33.30047, 26.0],
          [132.53841, 33.30014, 24.25],
          [132.53839, 33.29993, 23.5],
          [132.53855, 33.29897, 25.5],
          [132.53858, 33.29883, 24.75],
          [132.53864, 33.29872, 24.5],
          [132.53913, 33.29801, 21.0],
          [132.53951, 33.29735, 20.0],
          [132.53973, 33.29692, 18.75],
          [132.53998, 33.29643, 16.25],
          [132.54007, 33.29616, 15.75],
          [132.54012, 33.29594, 15.5],
          [132.54018, 33.29561, 15.75],
          [132.54019, 33.29551, 16.25],
          [132.54027, 33.29499, 17.25],
          [132.54046, 33.29351, 13.75],
          [132.54049, 33.29316, 12.75],
          [132.54053, 33.29279, 11.75],
          [132.54059, 33.29247, 11.25],
          [132.54066, 33.29216, 11.75],
          [132.54075, 33.29184, 11.5],
          [132.54087, 33.29158, 11.0],
          [132.54107, 33.29120, 11.5],
          [132.54113, 33.29112, 11.5],
          [132.54120, 33.29108, 11.5],
          [132.54120, 33.29103, 11.5],
          [132.54136, 33.29076, 11.25],
          [132.54137, 33.29074, 11.25],
          [132.54148, 33.29057, 11.0],
          [132.54200, 33.28970, 14.25],
          [132.54204, 33.28957, 15.5],
          [132.54204, 33.28939, 17.25],
          [132.54199, 33.28902, 18.5],
          [132.54197, 33.28862, 19.0],
          [132.54192, 33.28839, 18.25],
          [132.54178, 33.28812, 13.75],
          [132.54168, 33.28793, 10.0],
          [132.54168, 33.28783, 9.75],
          [132.54189, 33.28747, 16.5],
          [132.54201, 33.28694, 20.75],
          [132.54209, 33.28563, 16.0],
          [132.54209, 33.28535, 14.5],
          [132.54214, 33.28508, 13.5],
          [132.54215, 33.28487, 12.5],
          [132.54214, 33.28470, 11.75],
          [132.54210, 33.28464, 11.25],
          [132.54198, 33.28447, 10.0],
          [132.54195, 33.28445, 9.75],
          [132.54194, 33.28441, 9.5],
          [132.54198, 33.28428, 9.25],
          [132.54210, 33.28394, 13.0],
          [132.54210, 33.28382, 15.0],
          [132.54203, 33.28374, 14.75],
          [132.54177, 33.28362, 10.25],
          [132.54159, 33.28356, 7.75],
          [132.54150, 33.28354, 7.5],
          [132.54126, 33.28353, 7.25],
          [132.54065, 33.28351, 6.25],
          [132.54051, 33.28347, 6.0],
          [132.54051, 33.28315, 5.75],
          [132.54052, 33.28304, 5.75],
          [132.54054, 33.28267, 6.0],
          [132.54060, 33.28169, 5.0],
          [132.54061, 33.28153, 4.75],
          [132.54062, 33.28115, 4.25],
          [132.54063, 33.28095, 4.0],
          [132.54066, 33.28046, 3.5],
          [132.54067, 33.28023, 3.25],
          [132.54068, 33.27987, 3.0],
          [132.54072, 33.27923, 2.0],
          [132.54010, 33.27921, 2.75],
          [132.54038, 33.27862, 1.0],
          [132.54042, 33.27852, 0.75],
          [132.54051, 33.27831, 0.5],
          [132.54077, 33.27777, 2.75],
          [132.54079, 33.27773, 3.0],
          [132.54082, 33.27766, 3.25],
          [132.54088, 33.27758, 3.5],
          [132.54101, 33.27736, 3.75],
          [132.54106, 33.27729, 3.75],
          [132.54163, 33.27617, 4.0],
          [132.54216, 33.27510, 4.75],
          [132.54268, 33.27404, 4.75],
          [132.54274, 33.27384, 4.75],
          [132.54279, 33.27364, 4.75],
          [132.54280, 33.27358, 4.75],
          [132.54281, 33.27351, 4.75],
          [132.54285, 33.27318, 4.75],
          [132.54288, 33.27291, 4.75],
          [132.54290, 33.27267, 4.75],
          [132.54287, 33.27254, 4.75],
          [132.54277, 33.27232, 6.0],
          [132.54238, 33.27159, 10.25],
          [132.54278, 33.27124, 13.0],
          [132.54296, 33.27101, 13.0],
          [132.54307, 33.27081, 14.5],
          [132.54313, 33.27064, 14.25],
          [132.54317, 33.27051, 14.0],
          [132.54322, 33.27033, 13.5],
          [132.54323, 33.27014, 13.0],
          [132.54323, 33.26994, 12.0],
          [132.54312, 33.26961, 9.5],
          [132.54308, 33.26950, 8.75],
          [132.54290, 33.26901, 8.25],
          [132.54279, 33.26866, 9.0],
          [132.54250, 33.26762, 12.0],
          [132.54245, 33.26748, 12.5],
          [132.54234, 33.26710, 13.75],
          [132.54229, 33.26695, 14.25],
          [132.54222, 33.26677, 14.75],
          [132.54222, 33.26664, 15.0],
          [132.54224, 33.26645, 15.25],
          [132.54232, 33.26629, 15.75],
          [132.54240, 33.26617, 16.5],
          [132.54257, 33.26589, 19.0],
          [132.54262, 33.26575, 21.75],
          [132.54263, 33.26557, 25.25],
          [132.54255, 33.26539, 25.5],
          [132.54243, 33.26522, 24.75],
          [132.54232, 33.26501, 26.5],
          [132.54201, 33.26448, 20.75],
          [132.54197, 33.26433, 19.75],
          [132.54196, 33.26418, 19.0],
          [132.54198, 33.26409, 18.25],
          [132.54203, 33.26398, 17.5],
          [132.54214, 33.26389, 17.75],
          [132.54235, 33.26381, 20.0],
          [132.54254, 33.26376, 22.5],
          [132.54290, 33.26371, 30.5],
          [132.54305, 33.26368, 33.0],
          [132.54320, 33.26362, 34.0],
          [132.54331, 33.26353, 32.75],
          [132.54358, 33.26330, 26.75],
          [132.54366, 33.26324, 26.5],
          [132.54385, 33.26317, 27.0],
          [132.54406, 33.26315, 29.0],
          [132.54420, 33.26315, 30.0],
          [132.54489, 33.26324, 34.5],
          [132.54565, 33.26334, 36.0],
          [132.54604, 33.26344, 39.5],
          [132.54645, 33.26355, 42.75],
          [132.54678, 33.26359, 44.0],
          [132.54704, 33.26358, 45.75],
          [132.54719, 33.26356, 46.5],
          [132.54738, 33.26353, 47.25],
          [132.54756, 33.26348, 47.75],
          [132.54792, 33.26333, 49.0],
          [132.54805, 33.26326, 51.25],
          [132.54840, 33.26308, 58.0],
          [132.54855, 33.26302, 60.25],
          [132.54862, 33.26299, 61.5],
          [132.54882, 33.26295, 64.75],
          [132.54907, 33.26295, 68.25],
          [132.54928, 33.26298, 71.25],
          [132.54952, 33.26307, 74.0],
          [132.54972, 33.26320, 75.0],
          [132.55003, 33.26341, 77.5],
          [132.55016, 33.26351, 82.25],
          [132.55048, 33.26371, 90.0],
          [132.55071, 33.26382, 93.5],
          [132.55084, 33.26387, 95.0],
          [132.55096, 33.26391, 96.0],
          [132.55119, 33.26395, 99.0],
          [132.55247, 33.26400, 107.25],
          [132.55262, 33.26404, 104.75],
          [132.55283, 33.26414, 100.25],
          [132.55298, 33.26423, 98.0],
          [132.55326, 33.26447, 93.5],
          [132.55400, 33.26520, 91.75],
          [132.55419, 33.26534, 94.0],
          [132.55441, 33.26545, 93.25],
          [132.55463, 33.26552, 91.25],
          [132.55651, 33.26577, 74.0],
          [132.55698, 33.26587, 71.5],
          [132.55735, 33.26599, 71.75],
          [132.55815, 33.26628, 70.25],
          [132.55859, 33.26641, 68.0],
          [132.55892, 33.26648, 66.5],
          [132.55928, 33.26652, 66.25],
          [132.55967, 33.26651, 69.25],
          [132.56120, 33.26637, 66.75],
          [132.56135, 33.26643, 67.5],
          [132.56180, 33.26646, 65.5],
          [132.56203, 33.26649, 63.5],
          [132.56220, 33.26648, 61.75],
          [132.56235, 33.26647, 59.75],
          [132.56253, 33.26643, 57.75],
          [132.56276, 33.26634, 55.75],
          [132.56309, 33.26621, 53.25],
          [132.56339, 33.26606, 51.25],
          [132.56360, 33.26596, 50.75],
          [132.56416, 33.26573, 49.0],
          [132.56429, 33.26565, 49.0],
          [132.56539, 33.26522, 48.5],
          [132.56590, 33.26498, 47.0],
          [132.56620, 33.26480, 49.0],
          [132.56641, 33.26463, 50.25],
          [132.56642, 33.26453, 51.25],
          [132.56660, 33.26448, 50.5],
          [132.56690, 33.26438, 49.0],
          [132.56737, 33.26415, 46.25],
          [132.56793, 33.26386, 45.0],
          [132.56845, 33.26358, 42.25],
          [132.56853, 33.26354, 42.0],
          [132.56868, 33.26347, 41.5],
          [132.56883, 33.26338, 41.25],
          [132.56893, 33.26328, 41.0],
          [132.56902, 33.26318, 40.75],
          [132.56904, 33.26314, 40.75],
          [132.56907, 33.26309, 40.75],
          [132.56910, 33.26294, 40.75],
          [132.56910, 33.26283, 41.0],
          [132.56908, 33.26274, 41.25],
          [132.56905, 33.26262, 41.5],
          [132.56865, 33.26158, 45.5],
          [132.56862, 33.26144, 45.5],
          [132.56861, 33.26136, 45.25],
          [132.56862, 33.26117, 44.25],
          [132.56864, 33.26105, 43.5],
          [132.56869, 33.26092, 42.25],
          [132.56876, 33.26081, 41.5],
          [132.56888, 33.26068, 42.0],
          [132.56910, 33.26052, 41.0],
          [132.56981, 33.26005, 39.0],
          [132.57010, 33.25984, 39.75],
          [132.57044, 33.25957, 42.0],
          [132.57135, 33.25876, 38.75],
          [132.57222, 33.25806, 36.0],
          [132.57243, 33.25788, 36.0],
          [132.57266, 33.25765, 36.25],
          [132.57275, 33.25728, 36.75],
          [132.57276, 33.25724, 36.75],
          [132.57281, 33.25710, 36.75],
          [132.57292, 33.25699, 36.0],
          [132.57306, 33.25680, 35.25],
          [132.57326, 33.25608, 32.75],
          [132.57342, 33.25551, 33.25],
          [132.57350, 33.25523, 33.75],
          [132.57359, 33.25491, 33.5],
          [132.57361, 33.25485, 33.75],
          [132.57369, 33.25459, 33.75],
          [132.57375, 33.25434, 33.75],
          [132.57376, 33.25428, 33.5],
          [132.57377, 33.25415, 33.5],
          [132.57377, 33.25402, 32.75],
          [132.57371, 33.25373, 32.0],
          [132.57363, 33.25354, 32.0],
          [132.57347, 33.25331, 32.5],
          [132.57342, 33.25326, 33.25],
          [132.57329, 33.25312, 34.75],
          [132.57231, 33.25219, 38.0],
          [132.57135, 33.25128, 38.5],
          [132.57128, 33.25128, 38.0],
          [132.57125, 33.25128, 38.0],
          [132.57110, 33.25130, 37.75],
          [132.57035, 33.25124, 37.5],
          [132.57021, 33.25121, 37.25],
          [132.57011, 33.25118, 36.75],
          [132.56999, 33.25113, 35.75],
          [132.56986, 33.25101, 35.0],
          [132.56980, 33.25087, 32.0],
          [132.56975, 33.25074, 30.75],
          [132.56972, 33.25061, 30.25],
          [132.56970, 33.25037, 28.25],
          [132.56960, 33.24994, 25.25],
          [132.56947, 33.24968, 25.75],
          [132.56943, 33.24959, 25.75],
          [132.56943, 33.24958, 25.75],
          [132.56943, 33.24952, 25.75],
          [132.56914, 33.24926, 21.25],
          [132.56888, 33.24902, 25.5],
          [132.56876, 33.24887, 26.5],
          [132.56864, 33.24871, 26.25],
          [132.56865, 33.24870, 26.0],
          [132.56883, 33.24862, 23.25],
          [132.56891, 33.24859, 22.25],
          [132.56904, 33.24855, 21.0],
          [132.56937, 33.24844, 25.5],
          [132.56943, 33.24841, 27.25],
          [132.56947, 33.24834, 28.75],
          [132.56964, 33.24804, 29.5],
          [132.56989, 33.24750, 24.25],
          [132.57003, 33.24727, 24.25],
          [132.57029, 33.24685, 27.5],
          [132.57033, 33.24672, 27.0],
          [132.57034, 33.24658, 25.75],
          [132.57026, 33.24575, 18.25],
          [132.57025, 33.24560, 18.0],
          [132.57023, 33.24549, 17.75],
          [132.57021, 33.24528, 17.75],
          [132.57024, 33.24510, 17.75],
          [132.57027, 33.24501, 17.75],
          [132.57032, 33.24483, 18.0],
          [132.57036, 33.24478, 18.25],
          [132.57040, 33.24452, 18.0],
          [132.57049, 33.24413, 17.75],
          [132.57062, 33.24371, 17.75],
          [132.57073, 33.24334, 17.25],
          [132.57074, 33.24329, 17.25],
          [132.57075, 33.24326, 17.25],
          [132.57078, 33.24319, 17.0],
          [132.57079, 33.24315, 16.75],
          [132.57084, 33.24298, 16.5],
          [132.57084, 33.24292, 16.5],
          [132.57081, 33.24285, 16.25],
          [132.57077, 33.24276, 16.25],
          [132.57049, 33.24243, 16.5],
          [132.57017, 33.24204, 18.75],
          [132.56995, 33.24176, 19.0],
          [132.56987, 33.24163, 18.75],
          [132.56983, 33.24149, 18.0],
          [132.56980, 33.24132, 17.5],
          [132.56980, 33.24111, 17.0],
          [132.56982, 33.24101, 17.0],
          [132.56987, 33.24087, 17.0],
          [132.56998, 33.24067, 17.0],
          [132.57035, 33.24004, 14.75],
          [132.57045, 33.23984, 13.75],
          [132.57050, 33.23975, 13.25],
          [132.57059, 33.23959, 12.5],
          [132.57065, 33.23940, 11.5],
          [132.57073, 33.23904, 10.0],
          [132.57079, 33.23870, 10.0],
          [132.57087, 33.23835, 10.75],
          [132.57091, 33.23815, 11.5],
          [132.57096, 33.23794, 11.75],
          [132.57098, 33.23776, 11.25],
          [132.57099, 33.23766, 11.0],
          [132.57098, 33.23738, 10.25],
          [132.57093, 33.23699, 10.0],
          [132.57090, 33.23657, 10.0],
          [132.57088, 33.23639, 9.75],
          [132.57084, 33.23602, 9.0],
          [132.57075, 33.23514, 7.5],
          [132.57075, 33.23505, 7.25],
          [132.57077, 33.23498, 7.0],
          [132.57083, 33.23491, 7.0],
          [132.57091, 33.23483, 7.0],
          [132.57103, 33.23474, 7.0],
          [132.57105, 33.23473, 7.0],
          [132.57108, 33.23471, 7.0],
          [132.57127, 33.23457, 7.25],
          [132.57130, 33.23454, 7.25],
          [132.57135, 33.23451, 7.25],
          [132.57145, 33.23440, 7.5],
          [132.57159, 33.23423, 7.75],
          [132.57166, 33.23408, 7.75],
          [132.57166, 33.23406, 7.75],
          [132.57168, 33.23399, 7.75],
          [132.57169, 33.23388, 7.5],
          [132.57169, 33.23380, 7.5],
          [132.57167, 33.23365, 7.25],
          [132.57160, 33.23335, 7.0],
          [132.57152, 33.23291, 8.25],
          [132.57152, 33.23289, 8.25],
          [132.57146, 33.23263, 9.25],
          [132.57141, 33.23246, 9.5],
          [132.57138, 33.23223, 9.5],
          [132.57134, 33.23205, 9.5],
          [132.57131, 33.23192, 9.5],
          [132.57130, 33.23183, 9.5],
          [132.57126, 33.23164, 9.25],
          [132.57122, 33.23141, 9.0],
          [132.57123, 33.23133, 8.75],
          [132.57116, 33.23125, 8.5],
          [132.57107, 33.23117, 8.5],
          [132.57039, 33.23077, 7.25],
          [132.57049, 33.23065, 7.25],
          [132.57046, 33.23051, 7.25],
          [132.57029, 33.23022, 7.25],
          [132.57016, 33.23000, 7.5],
          [132.57004, 33.22976, 7.5],
          [132.56992, 33.22951, 7.25],
          [132.56980, 33.22930, 6.75],
          [132.56970, 33.22912, 6.5],
          [132.56957, 33.22889, 5.75],
          [132.56943, 33.22872, 5.0],
          [132.56926, 33.22856, 4.5],
          [132.56916, 33.22843, 4.0],
          [132.56892, 33.22814, 4.25],
          [132.56867, 33.22794, 4.5],
          [132.56791, 33.22735, 4.75],
          [132.56772, 33.22719, 4.75],
          [132.56718, 33.22675, 5.0],
          [132.56710, 33.22668, 5.0],
          [132.56699, 33.22660, 5.0],
          [132.56687, 33.22655, 5.0],
          [132.56633, 33.22633, 5.75],
          [132.56592, 33.22616, 7.25],
          [132.56584, 33.22613, 7.5],
          [132.56585, 33.22608, 7.5],
          [132.56586, 33.22605, 7.5],
          [132.56589, 33.22597, 7.5],
          [132.56584, 33.22596, 7.75],
          [132.56532, 33.22576, 8.0],
          [132.56500, 33.22565, 7.75],
          [132.56489, 33.22561, 7.5],
          [132.56452, 33.22547, 6.75],
          [132.56447, 33.22545, 6.5],
          [132.56443, 33.22544, 6.5],
          [132.56352, 33.22509, 5.0],
          [132.56344, 33.22506, 5.0],
          [132.56336, 33.22503, 5.0],
          [132.56271, 33.22479, 4.25],
          [132.56223, 33.22460, 4.0],
          [132.56168, 33.22434, 4.0],
          [132.56141, 33.22421, 4.25],
          [132.56125, 33.22421, 4.25],
          [132.56097, 33.22404, 5.25],
          [132.56090, 33.22402, 5.5],
          [132.56083, 33.22399, 5.75],
          [132.56056, 33.22386, 6.5],
          [132.56013, 33.22366, 7.0],
          [132.55994, 33.22356, 7.0],
          [132.55999, 33.22347, 7.5],
          [132.56013, 33.22324, 7.75],
          [132.56008, 33.22322, 7.5],
          [132.56003, 33.22331, 7.5],
          [132.56008, 33.22322, 7.25],
          [132.55938, 33.22292, 6.5],
          [132.55932, 33.22289, 6.5],
          [132.55926, 33.22287, 6.25],
          [132.55927, 33.22253, 6.0],
          [132.55928, 33.22237, 5.75],
          [132.55928, 33.22217, 5.5],
          [132.55929, 33.22194, 5.25],
          [132.55929, 33.22175, 5.0],
          [132.55929, 33.22134, 4.5],
          [132.55939, 33.22133, 4.5],
          [132.55953, 33.22133, 4.25],
          [132.55957, 33.22131, 4.25],
          [132.55960, 33.22127, 4.25],
          [132.55978, 33.22104, 3.75],
          [132.55982, 33.22098, 3.75],
          [132.55987, 33.22094, 3.75],
          [132.55991, 33.22089, 3.75],
          [132.56020, 33.22055, 3.0],
          [132.56038, 33.22032, 3.25],
          [132.56062, 33.22003, 3.75],
          [132.56066, 33.21999, 3.75],
          [132.56067, 33.21997, 3.75],
          [132.56069, 33.21993, 3.75],
          [132.56071, 33.21964, 4.25],
          [132.56075, 33.21928, 4.75],
          [132.56076, 33.21921, 4.75],
          [132.56078, 33.21895, 5.0],
          [132.56079, 33.21885, 5.25],
          [132.56079, 33.21877, 5.25],
          [132.56079, 33.21871, 5.25],
          [132.56076, 33.21858, 5.5],
          [132.56025, 33.21691, 4.5],
          [132.56020, 33.21672, 5.25],
          [132.55977, 33.21518, 5.0],
          [132.55976, 33.21515, 5.0],
          [132.55975, 33.21510, 5.0],
          [132.55961, 33.21468, 5.25],
          [132.55957, 33.21458, 5.0],
          [132.55933, 33.21386, 4.0],
          [132.55932, 33.21383, 3.75],
          [132.55926, 33.21366, 3.75],
          [132.55926, 33.21364, 3.75],
          [132.55925, 33.21360, 3.75],
          [132.55914, 33.21327, 3.75],
          [132.55912, 33.21322, 3.75],
          [132.55908, 33.21310, 3.75],
          [132.55897, 33.21278, 3.75],
          [132.55889, 33.21249, 4.0],
          [132.55882, 33.21215, 4.25],
          [132.55879, 33.21185, 4.75],
          [132.55878, 33.21154, 4.5],
          [132.55878, 33.21151, 4.5],
          [132.55878, 33.21149, 4.25],
          [132.55871, 33.21146, 4.0],
          [132.55814, 33.21125, 3.0],
          [132.55797, 33.21119, 3.0],
          [132.55761, 33.21107, 3.0],
          [132.55746, 33.21101, 3.0],
          [132.55720, 33.21092, 3.0],
          [132.55687, 33.21078, 3.0],
          [132.55677, 33.21074, 3.0],
          [132.55627, 33.21053, 4.75],
          [132.55618, 33.21049, 5.25],
          [132.55602, 33.21042, 5.5],
          [132.55598, 33.21041, 5.75],
          [132.55581, 33.21034, 6.25],
          [132.55560, 33.21027, 7.25],
          [132.55461, 33.20985, 8.5],
          [132.55441, 33.20976, 9.5],
          [132.55312, 33.20923, 7.75],
          [132.55284, 33.20912, 7.75],
          [132.55277, 33.20907, 7.75],
          [132.55273, 33.20903, 7.5],
          [132.55260, 33.20878, 6.0],
          [132.55223, 33.20802, 3.5],
          [132.55214, 33.20784, 4.0],
          [132.55188, 33.20732, 5.0],
          [132.55183, 33.20723, 5.25],
          [132.55165, 33.20687, 6.5],
          [132.55144, 33.20644, 7.5],
          [132.55112, 33.20585, 7.25],
          [132.55098, 33.20555, 7.75],
          [132.55078, 33.20528, 8.75],
          [132.55075, 33.20524, 8.75],
          [132.55072, 33.20521, 8.75],
          [132.55060, 33.20505, 9.0],
          [132.55022, 33.20464, 7.75],
          [132.55005, 33.20448, 7.5],
          [132.54990, 33.20436, 7.25],
          [132.54983, 33.20428, 7.25],
          [132.54937, 33.20380, 6.75],
          [132.54909, 33.20351, 7.25],
          [132.54881, 33.20328, 7.5],
          [132.54857, 33.20307, 7.5],
          [132.54829, 33.20288, 8.25],
          [132.54807, 33.20279, 10.25],
          [132.54781, 33.20272, 12.25],
          [132.54734, 33.20256, 16.5],
          [132.54691, 33.20243, 18.0],
          [132.54682, 33.20242, 18.5],
          [132.54667, 33.20237, 18.5],
          [132.54663, 33.20233, 18.25],
          [132.54661, 33.20226, 17.75],
          [132.54662, 33.20221, 17.25],
          [132.54658, 33.20218, 17.0],
          [132.54643, 33.20210, 17.0],
          [132.54627, 33.20193, 15.5],
          [132.54616, 33.20179, 13.5],
          [132.54613, 33.20174, 12.75],
          [132.54611, 33.20168, 11.75],
          [132.54599, 33.20083, 10.75],
          [132.54595, 33.20025, 10.75],
          [132.54595, 33.20020, 10.75],
          [132.54586, 33.19955, 10.5],
          [132.54583, 33.19946, 10.25],
          [132.54578, 33.19932, 10.25],
          [132.54570, 33.19884, 12.0],
          [132.54565, 33.19871, 12.5],
          [132.54556, 33.19856, 13.25],
          [132.54549, 33.19813, 14.25],
          [132.54545, 33.19764, 14.75],
          [132.54546, 33.19750, 15.0],
          [132.54546, 33.19743, 15.0],
          [132.54542, 33.19713, 15.0],
          [132.54535, 33.19681, 15.25],
          [132.54521, 33.19629, 17.0],
          [132.54521, 33.19620, 17.5],
          [132.54543, 33.19617, 16.75],
          [132.54572, 33.19613, 16.0],
          [132.54589, 33.19608, 15.75],
          [132.54629, 33.19590, 16.75],
          [132.54635, 33.19586, 17.0],
          [132.54639, 33.19568, 17.0],
          [132.54641, 33.19555, 17.0],
          [132.54642, 33.19552, 17.0],
          [132.54653, 33.19497, 17.25],
          [132.54654, 33.19495, 17.25],
          [132.54658, 33.19476, 17.25],
          [132.54668, 33.19427, 17.0],
          [132.54676, 33.19402, 17.5],
          [132.54680, 33.19388, 18.0],
          [132.54683, 33.19381, 18.25],
          [132.54763, 33.19164, 24.0],
          [132.54765, 33.19157, 24.5],
          [132.54776, 33.19127, 26.25],
          [132.54778, 33.19118, 26.25],
          [132.54782, 33.19098, 26.25],
          [132.54784, 33.19079, 26.0],
          [132.54786, 33.19060, 25.75],
          [132.54787, 33.19044, 25.5],
          [132.54787, 33.19034, 25.5],
          [132.54789, 33.18989, 25.0],
          [132.54789, 33.18943, 27.0],
          [132.54790, 33.18915, 28.25],
          [132.54790, 33.18900, 28.0],
          [132.54791, 33.18884, 28.0],
          [132.54791, 33.18876, 28.0],
          [132.54792, 33.18871, 27.75],
          [132.54794, 33.18832, 27.5],
          [132.54804, 33.18720, 26.25],
          [132.54807, 33.18703, 26.0],
          [132.54811, 33.18669, 25.75],
          [132.54812, 33.18661, 26.0],
          [132.54843, 33.18462, 26.75],
          [132.54862, 33.18349, 27.75],
          [132.54862, 33.18344, 28.0],
          [132.54867, 33.18311, 28.25],
          [132.54867, 33.18309, 28.25],
          [132.54868, 33.18307, 28.25],
          [132.54872, 33.18281, 28.25],
          [132.54872, 33.18278, 28.25],
          [132.54876, 33.18254, 28.5],
          [132.54878, 33.18247, 28.5],
          [132.54882, 33.18234, 29.25],
          [132.54890, 33.18213, 30.5],
          [132.54897, 33.18199, 31.25],
          [132.54907, 33.18181, 32.25],
          [132.54929, 33.18146, 32.25],
          [132.54967, 33.18086, 31.0],
          [132.54980, 33.18065, 31.75],
          [132.55041, 33.17968, 35.75],
          [132.55058, 33.17937, 37.25],
          [132.55075, 33.17900, 38.0],
          [132.55083, 33.17880, 37.25],
          [132.55094, 33.17857, 37.25],
          [132.55098, 33.17846, 37.25],
          [132.55109, 33.17820, 37.0],
          [132.55112, 33.17813, 36.75],
          [132.55135, 33.17758, 36.75],
          [132.55142, 33.17741, 37.0],
          [132.55165, 33.17684, 38.5],
          [132.55236, 33.17516, 43.25],
          [132.55274, 33.17425, 42.25],
          [132.55278, 33.17415, 42.25],
          [132.55280, 33.17410, 42.75],
          [132.55287, 33.17393, 44.0],
          [132.55313, 33.17331, 49.5],
          [132.55317, 33.17317, 50.5],
          [132.55321, 33.17302, 51.5],
          [132.55324, 33.17291, 52.0],
          [132.55327, 33.17265, 53.0],
          [132.55326, 33.17246, 53.25],
          [132.55325, 33.17229, 52.75],
          [132.55322, 33.17212, 52.25],
          [132.55314, 33.17182, 52.25],
          [132.55302, 33.17153, 53.5],
          [132.55288, 33.17123, 53.25],
          [132.55282, 33.17114, 52.75],
          [132.55236, 33.17016, 54.5],
          [132.55180, 33.16905, 52.0],
          [132.55149, 33.16860, 53.0],
          [132.55128, 33.16833, 53.25],
          [132.55126, 33.16831, 53.75],
          [132.55112, 33.16813, 57.0],
          [132.55085, 33.16781, 60.75],
          [132.54937, 33.16618, 66.25],
          [132.54895, 33.16569, 66.25],
          [132.54860, 33.16521, 68.25],
          [132.54830, 33.16465, 70.25],
          [132.54815, 33.16423, 76.5],
          [132.54806, 33.16382, 77.5],
          [132.54801, 33.16341, 76.25],
          [132.54797, 33.16248, 75.5],
          [132.54798, 33.16178, 80.5],
          [132.54802, 33.16053, 91.5],
          [132.54801, 33.15995, 90.25],
          [132.54793, 33.15941, 86.5],
          [132.54790, 33.15924, 85.0],
          [132.54775, 33.15875, 87.25],
          [132.54742, 33.15803, 93.25],
          [132.54700, 33.15714, 101.5],
          [132.54671, 33.15662, 100.5],
          [132.54652, 33.15637, 100.0],
          [132.54605, 33.15590, 99.25],
          [132.54557, 33.15544, 98.25],
          [132.54475, 33.15485, 97.0],
          [132.54385, 33.15439, 96.0],
          [132.54325, 33.15410, 95.0],
          [132.53080, 33.14905, 79.5],
          [132.53056, 33.14893, 79.25],
          [132.53044, 33.14880, 79.25],
          [132.53032, 33.14865, 77.0],
          [132.53016, 33.14842, 71.75],
          [132.52973, 33.14757, 62.75],
          [132.52921, 33.14658, 47.5],
          [132.52809, 33.14493, 38.75],
          [132.52770, 33.14438, 34.0],
          [132.52721, 33.14376, 31.5],
          [132.52631, 33.14267, 27.25],
          [132.52586, 33.14221, 21.5],
          [132.52582, 33.14215, 20.75],
          [132.52553, 33.14177, 19.5],
          [132.52528, 33.14143, 18.25],
          [132.52520, 33.14120, 18.5],
          [132.52518, 33.14096, 20.0],
          [132.52524, 33.14047, 19.5],
          [132.52528, 33.14003, 15.75],
          [132.52530, 33.13965, 15.75],
          [132.52531, 33.13936, 15.75],
          [132.52530, 33.13880, 18.25],
          [132.52525, 33.13792, 18.75],
          [132.52521, 33.13746, 15.75],
          [132.52507, 33.13696, 10.5],
          [132.52483, 33.13635, 8.0],
          [132.52468, 33.13591, 8.0],
          [132.52460, 33.13557, 8.25],
          [132.52457, 33.13543, 8.25],
          [132.52456, 33.13538, 8.5],
          [132.52454, 33.13527, 8.5],
          [132.52428, 33.13406, 8.25],
          [132.52386, 33.13224, 8.25],
          [132.52384, 33.13215, 8.25],
          [132.52361, 33.13126, 7.5],
          [132.52353, 33.13100, 6.75],
          [132.52343, 33.13075, 6.0],
          [132.52291, 33.12983, 5.25],
          [132.52282, 33.12961, 5.25],
          [132.52277, 33.12941, 5.5],
          [132.52274, 33.12919, 5.5],
          [132.52273, 33.12897, 6.5],
          [132.52279, 33.12825, 8.75],
          [132.52278, 33.12795, 8.0],
          [132.52302, 33.12794, 7.0],
          [132.52314, 33.12790, 6.5],
          [132.52321, 33.12786, 6.25],
          [132.52378, 33.12736, 6.0],
          [132.52383, 33.12732, 6.0],
          [132.52373, 33.12721, 6.0],
          [132.52362, 33.12707, 6.0],
          [132.52352, 33.12691, 5.75],
          [132.52348, 33.12683, 5.75],
          [132.52343, 33.12662, 5.75],
          [132.52337, 33.12648, 5.75],
          [132.52316, 33.12603, 5.5],
          [132.52305, 33.12583, 5.25],
          [132.52296, 33.12564, 5.25],
          [132.52278, 33.12531, 5.0],
          [132.52245, 33.12477, 4.75],
          [132.52216, 33.12423, 4.5],
          [132.52208, 33.12409, 4.5],
          [132.52191, 33.12380, 4.5],
          [132.52164, 33.12333, 4.25],
          [132.52156, 33.12321, 4.25],
          [132.52151, 33.12308, 4.0],
          [132.52144, 33.12286, 4.0],
          [132.52143, 33.12275, 4.0],
          [132.52144, 33.12262, 4.0],
          [132.52145, 33.12250, 3.75],
          [132.52150, 33.12184, 3.5],
          [132.52151, 33.12132, 3.25],
          [132.52153, 33.12106, 3.25],
          [132.52158, 33.12062, 3.0],
          [132.52160, 33.12037, 3.0],
          [132.52159, 33.12013, 2.75],
          [132.52155, 33.11986, 2.75],
          [132.52147, 33.11959, 2.75],
          [132.52137, 33.11935, 2.5],
          [132.52124, 33.11910, 2.5],
          [132.52116, 33.11899, 2.25],
          [132.52081, 33.11862, 2.25],
          [132.52031, 33.11827, 2.0],
          [132.51992, 33.11806, 1.75],
          [132.51978, 33.11800, 1.75],
          [132.51958, 33.11787, 1.75],
          [132.51952, 33.11785, 1.5],
          [132.51953, 33.11777, 1.5],
          [132.51954, 33.11769, 1.5],
          [132.51961, 33.11710, 1.25],
          [132.51963, 33.11665, 1.25],
          [132.51961, 33.11639, 1.25],
          [132.51956, 33.11607, 1.5],
          [132.51952, 33.11586, 2.0],
          [132.51944, 33.11556, 2.5],
          [132.51924, 33.11514, 3.5],
          [132.51905, 33.11477, 5.5],
          [132.51858, 33.11391, 3.75],
          [132.51844, 33.11372, 3.5],
          [132.51819, 33.11330, 3.25],
          [132.51808, 33.11309, 3.75],
          [132.51784, 33.11284, 4.25],
          [132.51711, 33.11201, 3.75],
          [132.51691, 33.11166, 2.5],
          [132.51685, 33.11124, 2.5],
          [132.51667, 33.11091, 3.75],
          [132.51648, 33.11060, 3.5],
          [132.51644, 33.11041, 3.0],
          [132.51643, 33.11025, 2.5],
          [132.51649, 33.10979, 2.5],
          [132.51651, 33.10973, 2.75],
          [132.51641, 33.10968, 2.75],
          [132.51637, 33.10963, 2.75],
          [132.51634, 33.10939, 3.5],
          [132.51633, 33.10906, 6.25],
          [132.51622, 33.10887, 9.0],
          [132.51588, 33.10828, 11.75],
          [132.51593, 33.10819, 16.0],
          [132.51577, 33.10791, 21.0],
          [132.51560, 33.10764, 24.75],
          [132.51535, 33.10737, 24.5],
          [132.51484, 33.10699, 18.5],
          [132.51457, 33.10677, 15.0],
          [132.51424, 33.10639, 14.25],
          [132.51411, 33.10630, 13.75],
          [132.51399, 33.10625, 14.0],
          [132.51378, 33.10622, 12.25],
          [132.51303, 33.10607, 8.5],
          [132.51234, 33.10595, 9.0],
          [132.51187, 33.10586, 9.0],
          [132.51169, 33.10585, 8.75],
          [132.51170, 33.10534, 10.25],
          [132.51182, 33.10528, 13.0],
          [132.51192, 33.10520, 16.25],
          [132.51204, 33.10475, 21.25],
          [132.51211, 33.10452, 22.75],
          [132.51216, 33.10411, 23.25],
          [132.51210, 33.10285, 25.5],
          [132.51203, 33.10243, 23.25],
          [132.51189, 33.10177, 23.0],
          [132.51183, 33.10135, 21.75],
          [132.51170, 33.10021, 18.5],
          [132.51167, 33.09994, 18.25],
          [132.51162, 33.09986, 17.5],
          [132.51137, 33.09970, 14.0],
          [132.51126, 33.09962, 12.75],
          [132.51115, 33.09955, 11.25],
          [132.51111, 33.09952, 10.75],
          [132.51078, 33.09930, 8.0],
          [132.51066, 33.09924, 8.0],
          [132.51073, 33.09913, 8.5],
          [132.51133, 33.09851, 9.25],
          [132.51167, 33.09822, 8.75],
          [132.51211, 33.09795, 10.25],
          [132.51279, 33.09759, 10.75],
          [132.51379, 33.09702, 11.5],
          [132.51432, 33.09649, 9.75],
          [132.51440, 33.09639, 10.25],
          [132.51448, 33.09627, 10.75],
          [132.51470, 33.09588, 12.0],
          [132.51482, 33.09564, 14.25],
          [132.51486, 33.09537, 16.5],
          [132.51486, 33.09497, 20.5],
          [132.51485, 33.09483, 20.5],
          [132.51461, 33.09372, 24.75],
          [132.51458, 33.09351, 24.5],
          [132.51455, 33.09285, 22.0],
          [132.51453, 33.09259, 21.25],
          [132.51449, 33.09246, 21.75],
          [132.51442, 33.09233, 23.25],
          [132.51436, 33.09219, 24.5],
          [132.51432, 33.09204, 25.25],
          [132.51428, 33.09166, 25.5],
          [132.51428, 33.09081, 22.0],
          [132.51424, 33.09060, 21.25],
          [132.51418, 33.09035, 20.25],
          [132.51412, 33.09019, 20.75],
          [132.51379, 33.08986, 27.5],
          [132.51367, 33.08971, 27.5],
          [132.51363, 33.08963, 26.5],
          [132.51359, 33.08951, 24.75],
          [132.51334, 33.08899, 16.75],
          [132.51324, 33.08883, 17.5],
          [132.51309, 33.08864, 18.25],
          [132.51288, 33.08842, 17.5],
          [132.51236, 33.08820, 18.75],
          [132.51201, 33.08808, 19.75],
          [132.51177, 33.08804, 20.75],
          [132.51162, 33.08804, 21.25],
          [132.51138, 33.08810, 23.0],
          [132.51128, 33.08812, 23.75],
          [132.51098, 33.08802, 24.5],
          [132.51042, 33.08784, 30.0],
          [132.51013, 33.08776, 32.0],
          [132.51009, 33.08775, 32.5],
          [132.50972, 33.08761, 31.0],
          [132.50900, 33.08737, 31.5],
          [132.50859, 33.08720, 33.75],
          [132.50775, 33.08678, 34.75],
          [132.50745, 33.08663, 35.0],
          [132.50713, 33.08645, 35.75],
          [132.50620, 33.08589, 27.0],
          [132.50521, 33.08533, 31.5],
          [132.50509, 33.08527, 31.75],
          [132.50499, 33.08511, 29.75],
          [132.50468, 33.08507, 29.5],
          [132.50427, 33.08503, 29.25],
          [132.50353, 33.08494, 36.0],
          [132.50154, 33.08473, 55.75],
          [132.50122, 33.08468, 54.75],
          [132.50095, 33.08458, 53.0],
          [132.50072, 33.08443, 52.0],
          [132.50054, 33.08421, 51.5],
          [132.50042, 33.08394, 52.5],
          [132.50032, 33.08345, 53.5],
          [132.50016, 33.08283, 56.75],
          [132.50013, 33.08233, 59.0],
          [132.50011, 33.08146, 64.5],
          [132.50006, 33.08124, 66.75],
          [132.49999, 33.08111, 67.25],
          [132.49985, 33.08095, 70.75],
          [132.49970, 33.08083, 73.25],
          [132.49944, 33.08071, 75.75],
          [132.49936, 33.08067, 75.0],
          [132.49740, 33.07983, 58.25],
          [132.49640, 33.07943, 49.75],
          [132.49569, 33.07915, 50.0],
          [132.49530, 33.07901, 54.5],
          [132.49497, 33.07893, 58.0],
          [132.49396, 33.07875, 52.5],
          [132.49373, 33.07874, 53.25],
          [132.49346, 33.07876, 53.25],
          [132.49257, 33.07893, 40.0],
          [132.49231, 33.07894, 37.0],
          [132.49213, 33.07891, 36.75],
          [132.49194, 33.07885, 37.0],
          [132.49181, 33.07876, 38.0],
          [132.49149, 33.07853, 38.25],
          [132.49128, 33.07842, 35.0],
          [132.49106, 33.07834, 30.0],
          [132.49044, 33.07819, 25.0],
          [132.49020, 33.07809, 24.75],
          [132.48963, 33.07776, 25.0],
          [132.48940, 33.07763, 21.75],
          [132.48908, 33.07751, 14.75],
          [132.48758, 33.07696, 7.0],
          [132.48714, 33.07679, 4.75],
          [132.48701, 33.07672, 4.25],
          [132.48681, 33.07661, 4.0],
          [132.48669, 33.07652, 4.5],
          [132.48662, 33.07645, 4.75],
          [132.48631, 33.07610, 7.0],
          [132.48610, 33.07589, 7.75],
          [132.48478, 33.07495, 11.75],
          [132.48461, 33.07477, 12.25],
          [132.48449, 33.07460, 12.75],
          [132.48420, 33.07409, 15.0],
          [132.48403, 33.07390, 16.0],
          [132.48385, 33.07379, 17.0],
          [132.48363, 33.07370, 17.75],
          [132.48339, 33.07363, 18.75],
          [132.48291, 33.07354, 20.5],
          [132.48268, 33.07345, 21.5],
          [132.48253, 33.07337, 22.0],
          [132.48239, 33.07327, 22.75],
          [132.48226, 33.07315, 23.5],
          [132.48215, 33.07303, 24.0],
          [132.48203, 33.07285, 25.0],
          [132.48196, 33.07265, 26.0],
          [132.48193, 33.07249, 26.75],
          [132.48194, 33.07104, 26.75],
          [132.48194, 33.07093, 23.75],
          [132.48194, 33.07070, 19.5],
          [132.48195, 33.07058, 18.0],
          [132.48199, 33.07041, 17.0],
          [132.48206, 33.07021, 16.25],
          [132.48216, 33.07004, 15.75],
          [132.48229, 33.06988, 15.5],
          [132.48324, 33.06892, 13.25],
          [132.48390, 33.06818, 11.75],
          [132.48411, 33.06795, 11.25],
          [132.48436, 33.06777, 11.0],
          [132.48462, 33.06766, 11.0],
          [132.48482, 33.06763, 10.0],
          [132.48508, 33.06764, 9.5],
          [132.48588, 33.06775, 9.0],
          [132.48617, 33.06777, 8.75],
          [132.48643, 33.06775, 8.0],
          [132.48669, 33.06769, 6.75],
          [132.48690, 33.06761, 7.5],
          [132.48715, 33.06748, 8.5],
          [132.48738, 33.06734, 9.5],
          [132.48870, 33.06641, 16.0],
          [132.48890, 33.06622, 16.0],
          [132.48902, 33.06602, 15.75],
          [132.48908, 33.06582, 15.75],
          [132.48909, 33.06567, 15.5],
          [132.48905, 33.06529, 15.5],
          [132.48897, 33.06506, 15.25],
          [132.48887, 33.06488, 15.25],
          [132.48875, 33.06473, 15.0],
          [132.48859, 33.06459, 15.0],
          [132.48842, 33.06449, 15.0],
          [132.48820, 33.06440, 14.75],
          [132.48797, 33.06434, 14.75],
          [132.48781, 33.06429, 14.75],
          [132.48740, 33.06419, 14.5],
          [132.48716, 33.06414, 14.5],
          [132.48696, 33.06413, 14.25],
          [132.48677, 33.06415, 14.25],
          [132.48660, 33.06418, 14.25],
          [132.48606, 33.06439, 14.0],
          [132.48583, 33.06446, 13.75],
          [132.48569, 33.06447, 13.75],
          [132.48548, 33.06446, 13.75],
          [132.48532, 33.06444, 13.75],
          [132.48459, 33.06428, 13.25],
          [132.48423, 33.06418, 13.25],
          [132.48404, 33.06407, 13.0],
          [132.48391, 33.06396, 13.0],
          [132.48380, 33.06383, 13.0],
          [132.48343, 33.06321, 12.75],
          [132.48328, 33.06295, 12.75],
          [132.48317, 33.06262, 14.25],
          [132.48291, 33.06159, 18.25],
          [132.48286, 33.06124, 15.0],
          [132.48286, 33.06086, 13.0],
          [132.48288, 33.06064, 12.5],
          [132.48291, 33.06045, 12.75],
          [132.48304, 33.05999, 13.5],
          [132.48319, 33.05964, 14.25],
          [132.48347, 33.05912, 15.25],
          [132.48369, 33.05866, 15.25],
          [132.48405, 33.05796, 16.25],
          [132.48449, 33.05713, 19.0],
          [132.48470, 33.05673, 20.5],
          [132.48487, 33.05638, 19.0],
          [132.48497, 33.05613, 16.0],
          [132.48507, 33.05577, 11.5],
          [132.48510, 33.05560, 12.25],
          [132.48513, 33.05538, 12.5],
          [132.48512, 33.05518, 12.0],
          [132.48511, 33.05502, 11.25],
          [132.48508, 33.05483, 9.75],
          [132.48502, 33.05454, 7.25],
          [132.48493, 33.05426, 6.5],
          [132.48465, 33.05372, 15.25],
          [132.48432, 33.05325, 28.75],
          [132.48394, 33.05275, 29.75],
          [132.48284, 33.05158, 32.5],
          [132.48242, 33.05084, 34.0],
          [132.48233, 33.05059, 34.0],
          [132.48226, 33.05033, 28.0],
          [132.48228, 33.05008, 22.75],
          [132.48236, 33.04980, 19.0],
          [132.48248, 33.04958, 17.25],
          [132.48268, 33.04930, 19.25],
          [132.48419, 33.04779, 16.5],
          [132.48491, 33.04710, 15.25],
          [132.48510, 33.04686, 14.75],
          [132.48521, 33.04668, 15.0],
          [132.48526, 33.04647, 16.5],
          [132.48529, 33.04628, 15.75],
          [132.48526, 33.04566, 13.5],
          [132.48527, 33.04548, 12.75],
          [132.48531, 33.04525, 12.0],
          [132.48540, 33.04491, 10.75],
          [132.48555, 33.04442, 8.75],
          [132.48559, 33.04424, 8.25],
          [132.48568, 33.04393, 7.0],
          [132.48576, 33.04371, 6.25],
          [132.48586, 33.04349, 5.5],
          [132.48603, 33.04326, 5.5],
          [132.48628, 33.04298, 6.25],
          [132.48650, 33.04274, 7.5],
          [132.48684, 33.04238, 9.25],
          [132.48716, 33.04207, 9.25],
          [132.48746, 33.04174, 9.0],
          [132.48760, 33.04152, 11.5],
          [132.48768, 33.04135, 12.75],
          [132.48777, 33.04107, 13.0],
          [132.48786, 33.04049, 9.75],
          [132.48792, 33.04017, 6.75],
          [132.48794, 33.04001, 5.25],
          [132.48795, 33.03985, 5.0],
          [132.48792, 33.03970, 4.5],
          [132.48790, 33.03960, 4.25],
          [132.48784, 33.03944, 4.0],
          [132.48772, 33.03920, 3.5],
          [132.48756, 33.03895, 3.25],
          [132.48735, 33.03872, 2.75],
          [132.48666, 33.03812, 3.0],
          [132.48631, 33.03779, 6.75],
          [132.48556, 33.03699, 10.0],
          [132.48493, 33.03623, 10.5],
          [132.48476, 33.03597, 11.5],
          [132.48463, 33.03565, 13.75],
          [132.48449, 33.03510, 17.0],
          [132.48441, 33.03449, 20.25],
          [132.48430, 33.03394, 24.5],
          [132.48410, 33.03335, 29.5],
          [132.48403, 33.03303, 32.25],
          [132.48400, 33.03268, 32.25],
          [132.48396, 33.03240, 35.25],
          [132.48389, 33.03216, 36.25],
          [132.48377, 33.03192, 36.0],
          [132.48361, 33.03176, 34.25],
          [132.48346, 33.03164, 33.0],
          [132.48316, 33.03147, 33.5],
          [132.48282, 33.03125, 33.5],
          [132.48263, 33.03109, 33.75],
          [132.48241, 33.03078, 35.0],
          [132.48216, 33.03022, 34.75],
          [132.48204, 33.02980, 34.5],
          [132.48201, 33.02935, 36.5],
          [132.48206, 33.02846, 38.5],
          [132.48212, 33.02811, 37.25],
          [132.48231, 33.02765, 42.75],
          [132.48244, 33.02742, 45.75],
          [132.48268, 33.02723, 49.25],
          [132.48315, 33.02693, 49.25],
          [132.48330, 33.02678, 49.75],
          [132.48339, 33.02659, 46.75],
          [132.48353, 33.02624, 38.75],
          [132.48368, 33.02600, 34.75],
          [132.48390, 33.02584, 35.0],
          [132.48407, 33.02572, 36.5],
          [132.48468, 33.02539, 40.5],
          [132.48498, 33.02513, 39.75],
          [132.48516, 33.02488, 39.25],
          [132.48544, 33.02433, 40.25],
          [132.48565, 33.02408, 45.5],
          [132.48588, 33.02391, 55.5],
          [132.48615, 33.02383, 65.75],
          [132.48634, 33.02379, 65.25],
          [132.48766, 33.02351, 63.25],
          [132.49514, 33.02225, 51.0],
          [132.49540, 33.02221, 51.0],
          [132.49584, 33.02210, 43.0],
          [132.49623, 33.02193, 42.25],
          [132.49660, 33.02165, 33.25],
          [132.49678, 33.02142, 29.5],
          [132.49696, 33.02116, 25.0],
          [132.49707, 33.02093, 20.25],
          [132.49724, 33.02021, 14.5],
          [132.49746, 33.01919, 6.25],
          [132.49765, 33.01839, 9.75],
          [132.49776, 33.01786, 8.0],
          [132.49779, 33.01757, 6.5],
          [132.49780, 33.01751, 6.25],
          [132.49780, 33.01739, 6.25],
          [132.49781, 33.01704, 6.0],
          [132.49780, 33.01697, 6.0],
          [132.49778, 33.01677, 6.0],
          [132.49773, 33.01651, 7.0],
          [132.49767, 33.01613, 9.0],
          [132.49757, 33.01587, 8.25],
          [132.49743, 33.01570, 13.0],
          [132.49728, 33.01556, 18.0],
          [132.49659, 33.01511, 21.25],
          [132.49642, 33.01497, 20.5],
          [132.49632, 33.01483, 20.25],
          [132.49625, 33.01472, 20.0],
          [132.49619, 33.01454, 20.75],
          [132.49618, 33.01436, 22.75],
          [132.49624, 33.01349, 28.5],
          [132.49628, 33.01306, 26.5],
          [132.49634, 33.01278, 24.0],
          [132.49641, 33.01266, 24.25],
          [132.49653, 33.01251, 25.25],
          [132.49744, 33.01178, 32.75],
          [132.49772, 33.01162, 34.75],
          [132.49793, 33.01155, 36.25],
          [132.49821, 33.01149, 38.0],
          [132.49880, 33.01142, 41.75],
          [132.49921, 33.01137, 41.75],
          [132.49931, 33.01135, 42.75],
          [132.49951, 33.01131, 44.25],
          [132.49973, 33.01122, 44.75],
          [132.49993, 33.01108, 44.5],
          [132.50007, 33.01093, 43.0],
          [132.50043, 33.01044, 37.5],
          [132.50059, 33.01028, 36.75],
          [132.50080, 33.01015, 38.0],
          [132.50110, 33.01004, 41.25],
          [132.50163, 33.00987, 44.5],
          [132.50205, 33.00973, 46.0],
          [132.50242, 33.00957, 46.25],
          [132.50341, 33.00910, 42.25],
          [132.50363, 33.00895, 45.25],
          [132.50377, 33.00879, 48.0],
          [132.50384, 33.00863, 49.75],
          [132.50388, 33.00847, 50.75],
          [132.50387, 33.00815, 49.25],
          [132.50386, 33.00782, 47.5],
          [132.50392, 33.00760, 49.0],
          [132.50400, 33.00743, 50.25],
          [132.50416, 33.00726, 50.25],
          [132.50438, 33.00710, 51.75],
          [132.50486, 33.00679, 53.75],
          [132.50559, 33.00617, 53.0],
          [132.50579, 33.00603, 54.25],
          [132.50602, 33.00593, 55.5],
          [132.50641, 33.00579, 58.5],
          [132.50668, 33.00568, 60.5],
          [132.50694, 33.00553, 61.5],
          [132.50707, 33.00543, 61.0],
          [132.50747, 33.00517, 59.75],
          [132.50771, 33.00507, 59.75],
          [132.50801, 33.00500, 62.0],
          [132.50833, 33.00499, 67.75],
          [132.50926, 33.00499, 75.25],
          [132.50956, 33.00496, 76.25],
          [132.50981, 33.00490, 76.0],
          [132.51032, 33.00472, 79.0],
          [132.51074, 33.00461, 83.75],
          [132.51196, 33.00435, 90.75],
          [132.51231, 33.00425, 92.5],
          [132.51251, 33.00416, 94.25],
          [132.51270, 33.00401, 103.0],
          [132.51342, 33.00323, 108.0],
          [132.51362, 33.00299, 104.75],
          [132.51374, 33.00279, 101.25],
          [132.51381, 33.00262, 98.25],
          [132.51395, 33.00209, 89.25],
          [132.51412, 33.00151, 81.75],
          [132.51415, 33.00133, 81.5],
          [132.51416, 33.00115, 81.5],
          [132.51413, 33.00089, 82.25],
          [132.51404, 33.00064, 83.5],
          [132.51382, 33.00012, 83.25],
          [132.51365, 32.99980, 81.0],
          [132.51333, 32.99928, 74.0],
          [132.51322, 32.99908, 74.25],
          [132.51317, 32.99891, 74.5],
          [132.51316, 32.99871, 73.75],
          [132.51318, 32.99849, 72.25],
          [132.51328, 32.99815, 69.0],
          [132.51332, 32.99799, 67.75],
          [132.51336, 32.99773, 66.75],
          [132.51334, 32.99751, 66.0],
          [132.51311, 32.99679, 67.5],
          [132.51309, 32.99659, 67.0],
          [132.51310, 32.99630, 64.5],
          [132.51316, 32.99610, 61.25],
          [132.51334, 32.99559, 56.25],
          [132.51347, 32.99514, 56.0],
          [132.51355, 32.99511, 54.25],
          [132.51377, 32.99501, 49.25],
          [132.51386, 32.99495, 47.0],
          [132.51389, 32.99489, 46.0],
          [132.51390, 32.99482, 45.75],
          [132.51390, 32.99436, 46.25],
          [132.51391, 32.99365, 47.25],
          [132.51392, 32.99351, 47.25],
          [132.51398, 32.99333, 45.75],
          [132.51413, 32.99300, 45.75],
          [132.51424, 32.99288, 45.25],
          [132.51434, 32.99279, 44.5],
          [132.51437, 32.99274, 44.5],
          [132.51437, 32.99270, 45.25],
          [132.51525, 32.99230, 34.25],
          [132.51546, 32.99217, 33.0],
          [132.51563, 32.99201, 32.0],
          [132.51575, 32.99184, 31.0],
          [132.51595, 32.99125, 37.5],
          [132.51605, 32.99108, 38.75],
          [132.51618, 32.99089, 39.0],
          [132.51731, 32.99005, 31.25],
          [132.51796, 32.98945, 28.75],
          [132.51816, 32.98928, 27.5],
          [132.51838, 32.98916, 25.5],
          [132.51862, 32.98908, 25.0],
          [132.51910, 32.98896, 23.25],
          [132.51930, 32.98886, 22.5],
          [132.51944, 32.98876, 22.0],
          [132.51956, 32.98864, 21.5],
          [132.51965, 32.98848, 21.25],
          [132.51976, 32.98817, 20.5],
          [132.51986, 32.98794, 19.5],
          [132.52001, 32.98770, 18.75],
          [132.52058, 32.98706, 14.75],
          [132.52075, 32.98680, 13.5],
          [132.52101, 32.98636, 15.75],
          [132.52122, 32.98609, 17.0],
          [132.52177, 32.98560, 17.5],
          [132.52254, 32.98498, 13.25],
          [132.52334, 32.98440, 12.75],
          [132.52368, 32.98414, 12.25],
          [132.52400, 32.98390, 13.5],
          [132.52419, 32.98374, 13.25],
          [132.52440, 32.98353, 15.5],
          [132.52455, 32.98336, 17.0],
          [132.52471, 32.98310, 18.25],
          [132.52484, 32.98285, 18.5],
          [132.52495, 32.98254, 17.5],
          [132.52509, 32.98188, 19.5],
          [132.52517, 32.98168, 20.75],
          [132.52526, 32.98154, 21.5],
          [132.52542, 32.98138, 22.75],
          [132.52631, 32.98073, 30.5],
          [132.52645, 32.98063, 31.75],
          [132.52664, 32.98053, 33.75],
          [132.52683, 32.98046, 34.5],
          [132.52703, 32.98043, 36.0],
          [132.52732, 32.98044, 39.0],
          [132.52839, 32.98061, 33.5],
          [132.52853, 32.98063, 32.0],
          [132.52884, 32.98066, 29.0],
          [132.52909, 32.98067, 26.5],
          [132.52935, 32.98061, 26.75],
          [132.52955, 32.98052, 27.25],
          [132.52974, 32.98039, 27.25],
          [132.52990, 32.98020, 26.25],
          [132.53000, 32.97999, 24.75],
          [132.53011, 32.97962, 23.25],
          [132.53018, 32.97935, 22.5],
          [132.53029, 32.97909, 22.0],
          [132.53044, 32.97880, 21.0],
          [132.53064, 32.97850, 18.5],
          [132.53073, 32.97837, 16.75],
          [132.53089, 32.97818, 17.0],
          [132.53108, 32.97800, 18.0],
          [132.53133, 32.97781, 17.5],
          [132.53169, 32.97763, 14.75],
          [132.53203, 32.97751, 14.0],
          [132.53309, 32.97716, 13.75],
          [132.53405, 32.97683, 12.5],
          [132.53455, 32.97662, 10.25],
          [132.53562, 32.97609, 7.75],
          [132.53593, 32.97598, 7.25],
          [132.53620, 32.97591, 7.25],
          [132.53705, 32.97571, 8.75],
          [132.53743, 32.97556, 9.75],
          [132.53764, 32.97537, 10.25],
          [132.53774, 32.97523, 10.5],
          [132.53782, 32.97508, 10.5],
          [132.53836, 32.97367, 13.25],
          [132.53850, 32.97340, 13.5],
          [132.53866, 32.97318, 14.0],
          [132.53885, 32.97301, 14.25],
          [132.54047, 32.97199, 17.0],
          [132.54063, 32.97192, 17.0],
          [132.54080, 32.97188, 16.25],
          [132.54098, 32.97187, 15.5],
          [132.54116, 32.97190, 15.5],
          [132.54131, 32.97197, 16.5],
          [132.54168, 32.97223, 22.25],
          [132.54180, 32.97229, 22.5],
          [132.54198, 32.97235, 21.25],
          [132.54219, 32.97238, 18.5],
          [132.54240, 32.97235, 15.25],
          [132.54330, 32.97211, 12.75],
          [132.54355, 32.97203, 11.25],
          [132.54386, 32.97187, 9.25],
          [132.54406, 32.97173, 8.25],
          [132.54424, 32.97155, 7.5],
          [132.54436, 32.97140, 7.0],
          [132.54439, 32.97137, 7.0],
          [132.54446, 32.97125, 7.0],
          [132.54474, 32.97085, 7.25],
          [132.54486, 32.97066, 7.25],
          [132.54498, 32.97045, 7.5],
          [132.54505, 32.97026, 7.25],
          [132.54508, 32.97007, 7.25],
          [132.54508, 32.96985, 7.25],
          [132.54503, 32.96965, 7.25],
          [132.54495, 32.96946, 6.75],
          [132.54477, 32.96909, 7.0],
          [132.54469, 32.96890, 7.5],
          [132.54463, 32.96878, 7.75],
          [132.54461, 32.96863, 8.0],
          [132.54463, 32.96844, 8.5],
          [132.54468, 32.96828, 8.75],
          [132.54477, 32.96808, 8.75],
          [132.54510, 32.96756, 8.0],
          [132.54525, 32.96735, 7.0],
          [132.54550, 32.96710, 5.75],
          [132.54575, 32.96692, 4.75],
          [132.54585, 32.96686, 4.5],
          [132.54600, 32.96676, 4.5],
          [132.54649, 32.96655, 5.25],
          [132.54686, 32.96640, 5.5],
          [132.54757, 32.96618, 5.0],
          [132.54790, 32.96610, 4.25],
          [132.54815, 32.96606, 3.5],
          [132.54956, 32.96584, 3.75],
          [132.55057, 32.96564, 6.75],
          [132.55075, 32.96560, 7.25],
          [132.55146, 32.96543, 7.25],
          [132.55151, 32.96547, 7.25],
          [132.55166, 32.96548, 7.25],
          [132.55174, 32.96552, 7.25],
          [132.55191, 32.96563, 7.25],
          [132.55200, 32.96567, 7.0],
          [132.55251, 32.96568, 5.75],
          [132.55261, 32.96569, 5.75],
          [132.55274, 32.96567, 5.75],
          [132.55293, 32.96562, 6.0],
          [132.55335, 32.96548, 5.5],
          [132.55342, 32.96546, 5.5],
          [132.55352, 32.96546, 5.25],
          [132.55374, 32.96548, 5.0],
          [132.55404, 32.96549, 4.5],
          [132.55422, 32.96551, 4.25],
          [132.55440, 32.96554, 4.25],
          [132.55444, 32.96555, 4.0],
          [132.55491, 32.96572, 3.75],
          [132.55527, 32.96592, 5.0],
          [132.55537, 32.96595, 5.25],
          [132.55566, 32.96596, 5.25],
          [132.55619, 32.96596, 6.5],
          [132.55658, 32.96595, 7.5],
          [132.55674, 32.96596, 8.25],
          [132.55683, 32.96595, 8.5],
          [132.55694, 32.96591, 8.5],
          [132.55710, 32.96585, 8.25],
          [132.55718, 32.96582, 8.0],
          [132.55793, 32.96557, 8.0],
          [132.55813, 32.96549, 8.0],
          [132.55829, 32.96537, 7.75],
          [132.55841, 32.96529, 7.75],
          [132.55873, 32.96508, 7.5],
          [132.55891, 32.96493, 7.5],
          [132.55913, 32.96473, 9.0],
          [132.55939, 32.96444, 10.75],
          [132.55958, 32.96423, 11.25],
          [132.55966, 32.96416, 11.25],
          [132.55972, 32.96413, 11.25],
          [132.56000, 32.96405, 10.75],
          [132.56015, 32.96400, 10.75],
          [132.56048, 32.96372, 10.0],
          [132.56055, 32.96368, 10.0],
          [132.56109, 32.96361, 9.5],
          [132.56117, 32.96360, 9.5],
          [132.56128, 32.96356, 9.5],
          [132.56134, 32.96351, 9.25],
          [132.56146, 32.96338, 9.0],
          [132.56158, 32.96322, 8.25],
          [132.56162, 32.96306, 7.5],
          [132.56226, 32.96304, 7.75],
          [132.56265, 32.96303, 8.25],
          [132.56301, 32.96306, 9.25],
          [132.56356, 32.96310, 10.0],
          [132.56403, 32.96314, 10.25],
          [132.56512, 32.96319, 10.75],
          [132.56517, 32.96319, 10.75],
          [132.56599, 32.96322, 9.75],
          [132.56624, 32.96323, 9.75],
          [132.56673, 32.96324, 9.75],
          [132.56686, 32.96325, 9.75],
          [132.56713, 32.96326, 9.75],
          [132.56797, 32.96329, 9.75],
          [132.56879, 32.96331, 10.5],
          [132.56887, 32.96330, 10.5],
          [132.56898, 32.96328, 10.5],
          [132.56948, 32.96309, 11.75],
          [132.56953, 32.96306, 11.75],
          [132.56969, 32.96302, 12.25],
          [132.56991, 32.96301, 12.75],
          [132.57026, 32.96298, 12.75],
          [132.57176, 32.96286, 13.25],
          [132.57201, 32.96282, 13.25],
          [132.57252, 32.96271, 13.75],
          [132.57283, 32.96266, 13.5],
          [132.57308, 32.96265, 13.5],
          [132.57346, 32.96269, 13.5],
          [132.57367, 32.96272, 13.5],
          [132.57379, 32.96274, 13.25],
          [132.57406, 32.96275, 13.0],
          [132.57444, 32.96278, 13.25],
          [132.57464, 32.96279, 13.5],
          [132.57480, 32.96279, 13.75],
          [132.57493, 32.96277, 13.75],
          [132.57511, 32.96270, 13.5],
          [132.57522, 32.96262, 13.0],
          [132.57533, 32.96247, 12.5],
          [132.57538, 32.96236, 12.0],
          [132.57539, 32.96234, 12.0],
          [132.57539, 32.96232, 12.0],
          [132.57563, 32.96169, 10.75],
          [132.57564, 32.96165, 10.75],
          [132.57577, 32.96133, 11.25],
          [132.57581, 32.96117, 11.5],
          [132.57639, 32.96091, 13.0],
          [132.57659, 32.96083, 13.75],
          [132.57677, 32.96078, 14.0],
          [132.57712, 32.96070, 14.25],
          [132.57740, 32.96065, 14.5],
          [132.57844, 32.96048, 14.0],
          [132.57863, 32.96043, 14.0],
          [132.57977, 32.96016, 16.0],
          [132.57984, 32.96014, 16.25],
          [132.58003, 32.96010, 18.0],
          [132.58060, 32.95995, 18.0],
          [132.58114, 32.95982, 20.25],
          [132.58124, 32.95979, 20.5],
          [132.58217, 32.95954, 19.0],
          [132.58340, 32.96063, 17.75],
          [132.58355, 32.96078, 17.5],
          [132.58396, 32.96118, 17.0],
          [132.58408, 32.96127, 16.75],
          [132.58414, 32.96130, 16.75],
          [132.58437, 32.96135, 17.25],
          [132.58494, 32.96151, 17.75],
          [132.58504, 32.96155, 18.0],
          [132.58524, 32.96165, 18.25],
          [132.58551, 32.96184, 18.5],
          [132.58568, 32.96195, 18.75],
          [132.58638, 32.96236, 19.5],
          [132.58704, 32.96275, 19.5],
          [132.58731, 32.96293, 19.5],
          [132.58745, 32.96301, 19.5],
          [132.58776, 32.96320, 20.0],
          [132.58806, 32.96337, 20.5],
          [132.58830, 32.96350, 20.75],
          [132.58844, 32.96354, 20.75],
          [132.58862, 32.96356, 20.75],
          [132.58978, 32.96360, 20.75],
          [132.59000, 32.96365, 20.75],
          [132.59031, 32.96375, 20.25],
          [132.59055, 32.96384, 20.25],
          [132.59078, 32.96393, 20.5],
          [132.59093, 32.96401, 21.0],
          [132.59163, 32.96450, 22.5],
          [132.59197, 32.96476, 22.5],
          [132.59208, 32.96486, 22.5],
          [132.59215, 32.96494, 22.75],
          [132.59239, 32.96524, 22.5],
          [132.59309, 32.96594, 22.0],
          [132.59321, 32.96606, 22.25],
          [132.59343, 32.96623, 22.5],
          [132.59373, 32.96649, 22.75],
          [132.59467, 32.96724, 25.75],
          [132.59511, 32.96757, 26.25],
          [132.59563, 32.96796, 28.0],
          [132.59603, 32.96828, 31.25],
          [132.59610, 32.96830, 32.0],
          [132.59629, 32.96845, 34.25],
          [132.59647, 32.96856, 36.25],
          [132.59681, 32.96895, 40.5],
          [132.59705, 32.96918, 44.75],
          [132.59713, 32.96926, 45.25],
          [132.59748, 32.96949, 44.75],
          [132.59766, 32.96962, 41.75],
          [132.59792, 32.96984, 36.5],
          [132.59818, 32.97003, 32.25],
          [132.59835, 32.97017, 32.0],
          [132.59869, 32.97055, 33.75],
          [132.59880, 32.97067, 33.75],
          [132.59909, 32.97101, 33.5],
          [132.59935, 32.97099, 38.75],
          [132.59957, 32.97103, 43.25],
          [132.59971, 32.97109, 44.75],
          [132.60014, 32.97146, 43.0],
          [132.60030, 32.97155, 43.25],
          [132.60050, 32.97163, 44.75],
          [132.60078, 32.97168, 48.5],
          [132.60108, 32.97172, 49.25],
          [132.60124, 32.97172, 49.5],
          [132.60153, 32.97169, 51.0],
          [132.60183, 32.97164, 53.0],
          [132.60200, 32.97158, 55.0],
          [132.60238, 32.97136, 59.5],
          [132.60260, 32.97124, 61.25],
          [132.60280, 32.97119, 62.5],
          [132.60303, 32.97116, 63.75],
          [132.60556, 32.97096, 86.5],
          [132.60578, 32.97097, 88.25],
          [132.60599, 32.97101, 88.75],
          [132.60621, 32.97109, 88.25],
          [132.60664, 32.97131, 88.0],
          [132.60684, 32.97139, 88.25],
          [132.60702, 32.97144, 89.25],
          [132.60756, 32.97154, 93.5],
          [132.60775, 32.97159, 94.75],
          [132.60801, 32.97167, 96.5],
          [132.60867, 32.97193, 100.0],
          [132.60886, 32.97197, 100.75],
          [132.60906, 32.97200, 101.75],
          [132.60926, 32.97200, 102.25],
          [132.60934, 32.97206, 102.75],
          [132.60990, 32.97256, 105.0],
          [132.61019, 32.97279, 108.25],
          [132.61076, 32.97315, 112.75],
          [132.61090, 32.97325, 113.25],
          [132.61115, 32.97344, 114.25],
          [132.61132, 32.97358, 114.75],
          [132.61157, 32.97382, 115.0],
          [132.61181, 32.97405, 116.0],
          [132.61199, 32.97417, 117.25],
          [132.61210, 32.97422, 118.75],
          [132.61222, 32.97427, 120.5],
          [132.61241, 32.97431, 123.0],
          [132.61259, 32.97431, 124.0],
          [132.61276, 32.97431, 123.5],
          [132.61416, 32.97413, 107.0],
          [132.61437, 32.97413, 104.25],
          [132.61454, 32.97415, 102.0],
          [132.61531, 32.97433, 99.75],
          [132.61548, 32.97436, 99.75],
          [132.61569, 32.97437, 98.75],
          [132.61590, 32.97435, 97.0],
          [132.61692, 32.97410, 86.5],
          [132.61718, 32.97406, 86.0],
          [132.61737, 32.97407, 86.0],
          [132.61756, 32.97409, 86.0],
          [132.61774, 32.97417, 85.25],
          [132.61794, 32.97426, 84.0],
          [132.61925, 32.97515, 69.25],
          [132.61999, 32.97567, 76.5],
          [132.62025, 32.97583, 76.0],
          [132.62047, 32.97592, 75.25],
          [132.62070, 32.97600, 74.25],
          [132.62102, 32.97606, 73.75],
          [132.62132, 32.97609, 73.5],
          [132.62163, 32.97607, 72.5],
          [132.62190, 32.97603, 73.5],
          [132.62251, 32.97587, 77.25],
          [132.62328, 32.97567, 81.75],
          [132.62517, 32.97518, 80.0],
          [132.62547, 32.97511, 81.0],
          [132.62574, 32.97508, 82.25],
          [132.62602, 32.97506, 84.0],
          [132.62637, 32.97507, 87.5],
          [132.62681, 32.97513, 90.75],
          [132.62794, 32.97540, 81.5],
          [132.63066, 32.97606, 95.5],
          [132.63156, 32.97628, 108.5],
          [132.63155, 32.97583, 105.75],
          [132.63153, 32.97557, 105.25],
          [132.63154, 32.97517, 104.75],
          [132.63155, 32.97510, 104.75],
          [132.63166, 32.97511, 106.0],
          [132.63186, 32.97506, 105.5],
          [132.63198, 32.97501, 105.25],
          [132.63274, 32.97495, 105.0],
          [132.63300, 32.97487, 105.75],
          [132.63329, 32.97486, 107.25],
          [132.63331, 32.97478, 106.5],
          [132.63342, 32.97460, 104.75],
          [132.63349, 32.97442, 103.0],
          [132.63355, 32.97405, 101.25],
          [132.63356, 32.97388, 101.25],
          [132.63351, 32.97339, 100.75],
          [132.63351, 32.97330, 100.75],
          [132.63358, 32.97296, 102.0],
          [132.63357, 32.97286, 102.0],
          [132.63351, 32.97276, 102.25],
          [132.63340, 32.97268, 102.25],
          [132.63317, 32.97257, 101.5],
          [132.63312, 32.97252, 101.5],
          [132.63310, 32.97239, 101.25],
          [132.63317, 32.97214, 101.5],
          [132.63332, 32.97161, 101.5],
          [132.63339, 32.97144, 100.75],
          [132.63353, 32.97119, 100.0],
          [132.63378, 32.97075, 99.5],
          [132.63399, 32.97049, 99.75],
          [132.63402, 32.97040, 99.75],
          [132.63403, 32.97018, 99.75],
          [132.63416, 32.97005, 100.0],
          [132.63437, 32.96972, 99.75],
          [132.63457, 32.96957, 99.5],
          [132.63491, 32.96950, 99.75],
          [132.63540, 32.96941, 99.75],
          [132.63597, 32.96926, 100.0],
          [132.63718, 32.96908, 101.25],
          [132.63740, 32.96905, 101.5],
          [132.63759, 32.96906, 101.5],
          [132.63839, 32.96926, 100.0],
          [132.63869, 32.96930, 100.5],
          [132.63882, 32.96931, 100.75],
          [132.63892, 32.96932, 101.0],
          [132.63977, 32.96922, 99.25],
          [132.64003, 32.96918, 97.75],
          [132.64017, 32.96913, 98.25],
          [132.64040, 32.96903, 99.5],
          [132.64059, 32.96892, 100.5],
          [132.64078, 32.96874, 101.0],
          [132.64126, 32.96823, 102.5],
          [132.64143, 32.96801, 102.5],
          [132.64157, 32.96779, 102.0],
          [132.64183, 32.96731, 102.5],
          [132.64208, 32.96682, 103.75],
          [132.64222, 32.96661, 103.5],
          [132.64237, 32.96644, 102.75],
          [132.64253, 32.96633, 101.5],
          [132.64260, 32.96628, 101.75],
          [132.64286, 32.96617, 101.5],
          [132.64323, 32.96606, 100.0],
          [132.64337, 32.96600, 99.75],
          [132.64350, 32.96592, 99.75],
          [132.64376, 32.96568, 99.75],
          [132.64398, 32.96548, 99.0],
          [132.64419, 32.96527, 97.75],
          [132.64426, 32.96518, 97.25],
          [132.64430, 32.96521, 97.0],
          [132.64590, 32.96566, 93.75],
          [132.64774, 32.96619, 89.75],
          [132.64790, 32.96626, 89.5],
          [132.64845, 32.96668, 88.0],
          [132.64849, 32.96670, 88.25],
          [132.64866, 32.96683, 89.25],
          [132.64891, 32.96703, 90.75],
          [132.64905, 32.96712, 91.5],
          [132.64915, 32.96715, 91.75],
          [132.64929, 32.96717, 92.25],
          [132.64959, 32.96716, 92.5],
          [132.65047, 32.96720, 94.0],
          [132.65075, 32.96723, 94.25],
          [132.65096, 32.96729, 94.5],
          [132.65113, 32.96733, 94.0],
          [132.65144, 32.96734, 92.75],
          [132.65162, 32.96735, 91.75],
          [132.65195, 32.96742, 92.0],
          [132.65214, 32.96748, 92.25],
          [132.65251, 32.96762, 93.75],
          [132.65308, 32.96788, 94.0],
          [132.65324, 32.96799, 94.25],
          [132.65340, 32.96818, 95.0],
          [132.65363, 32.96829, 93.25],
          [132.65422, 32.96849, 89.25],
          [132.65446, 32.96861, 89.75],
          [132.65594, 32.96942, 85.75],
          [132.65614, 32.96951, 86.25],
          [132.65630, 32.96956, 86.5],
          [132.65645, 32.96959, 86.5],
          [132.65663, 32.96961, 86.75],
          [132.65766, 32.96978, 84.25],
          [132.65787, 32.96985, 83.5],
          [132.65803, 32.96994, 83.25],
          [132.65874, 32.97063, 84.25],
          [132.65878, 32.97070, 84.5],
          [132.65883, 32.97085, 84.75],
          [132.65879, 32.97098, 85.0],
          [132.65862, 32.97130, 85.25],
          [132.65848, 32.97167, 85.0],
          [132.65821, 32.97224, 84.0],
          [132.65818, 32.97241, 83.75],
          [132.65818, 32.97259, 83.5],
          [132.65835, 32.97309, 84.25],
          [132.65857, 32.97375, 88.75],
          [132.65863, 32.97378, 88.5],
          [132.65868, 32.97393, 89.75],
          [132.65873, 32.97399, 90.25],
          [132.65881, 32.97402, 89.75],
          [132.65901, 32.97399, 88.25],
          [132.65914, 32.97399, 87.25],
          [132.65964, 32.97407, 85.5],
          [132.66013, 32.97417, 83.0],
          [132.66030, 32.97421, 82.0],
          [132.66039, 32.97420, 81.25],
          [132.66056, 32.97411, 80.0],
          [132.66067, 32.97404, 79.75],
          [132.66081, 32.97396, 79.5],
          [132.66087, 32.97408, 79.25],
          [132.66091, 32.97411, 79.75],
          [132.66099, 32.97412, 81.25],
          [132.66109, 32.97379, 83.25],
          [132.66119, 32.97347, 83.75],
          [132.66134, 32.97348, 84.0],
          [132.66147, 32.97346, 84.25],
          [132.66164, 32.97341, 84.0],
          [132.66183, 32.97324, 84.25],
          [132.66192, 32.97308, 84.5],
          [132.66225, 32.97219, 84.0],
          [132.66238, 32.97200, 82.75],
          [132.66240, 32.97191, 82.0],
          [132.66286, 32.97184, 82.25],
          [132.66316, 32.97177, 82.75],
          [132.66332, 32.97171, 82.5],
          [132.66357, 32.97155, 81.5],
          [132.66381, 32.97131, 80.0],
          [132.66404, 32.97097, 77.5],
          [132.66416, 32.97084, 76.0],
          [132.66426, 32.97072, 77.25],
          [132.66455, 32.97052, 78.5],
          [132.66476, 32.97041, 78.0],
          [132.66505, 32.97034, 76.75],
          [132.66517, 32.97033, 76.75],
          [132.66550, 32.97035, 77.25],
          [132.66570, 32.97037, 78.0],
          [132.66593, 32.97043, 78.75],
          [132.66615, 32.97055, 79.75],
          [132.66660, 32.97074, 80.0],
          [132.66683, 32.97080, 80.25],
          [132.66709, 32.97082, 80.25],
          [132.66730, 32.97081, 80.0],
          [132.66829, 32.97061, 80.75],
          [132.66862, 32.97057, 81.25],
          [132.66882, 32.97056, 81.75],
          [132.66911, 32.97059, 83.5],
          [132.66940, 32.97067, 83.75],
          [132.66972, 32.97085, 81.75],
          [132.66993, 32.97106, 80.5],
          [132.67032, 32.97164, 80.75],
          [132.67054, 32.97189, 83.0],
          [132.67080, 32.97205, 85.25],
          [132.67114, 32.97218, 87.75],
          [132.67152, 32.97225, 87.75],
          [132.67258, 32.97240, 81.0],
          [132.67408, 32.97260, 78.0],
          [132.67452, 32.97264, 78.0],
          [132.67480, 32.97262, 76.75],
          [132.67514, 32.97254, 77.25],
          [132.67543, 32.97240, 81.75],
          [132.67597, 32.97210, 81.75],
          [132.67624, 32.97200, 78.75],
          [132.67652, 32.97195, 76.75],
          [132.67686, 32.97195, 75.5],
          [132.67712, 32.97199, 75.75],
          [132.67769, 32.97211, 78.25],
          [132.67802, 32.97214, 80.25],
          [132.67824, 32.97212, 80.5],
          [132.67849, 32.97207, 83.75],
          [132.67887, 32.97195, 90.0],
          [132.67904, 32.97190, 92.75],
          [132.68296, 32.97060, 99.5],
          [132.68432, 32.97011, 85.25],
          [132.68422, 32.96989, 86.0],
          [132.68421, 32.96979, 88.25],
          [132.68431, 32.96973, 88.75],
          [132.68452, 32.96973, 87.5],
          [132.68508, 32.96974, 85.0],
          [132.68524, 32.96972, 85.0],
          [132.68548, 32.96964, 84.0],
          [132.68558, 32.96955, 82.75],
          [132.68565, 32.96945, 80.75],
          [132.68574, 32.96930, 77.25],
          [132.68579, 32.96917, 74.0],
          [132.68590, 32.96895, 74.25],
          [132.68606, 32.96878, 72.75],
          [132.68622, 32.96869, 69.75],
          [132.68645, 32.96864, 64.25],
          [132.68662, 32.96864, 60.5],
          [132.68688, 32.96871, 59.25],
          [132.68698, 32.96876, 59.0],
          [132.68721, 32.96897, 58.5],
          [132.68772, 32.96943, 58.5],
          [132.68841, 32.97004, 51.0],
          [132.68867, 32.97025, 55.5],
          [132.68897, 32.97045, 56.75],
          [132.68920, 32.97055, 55.25],
          [132.68953, 32.97067, 51.0],
          [132.68962, 32.97069, 50.0],
          [132.68988, 32.97074, 47.25],
          [132.69003, 32.97075, 46.0],
          [132.69016, 32.97074, 46.0],
          [132.69034, 32.97068, 48.5],
          [132.69046, 32.97056, 49.5],
          [132.69153, 32.96937, 46.0],
          [132.69174, 32.96918, 40.25],
          [132.69202, 32.96896, 43.0],
          [132.69206, 32.96889, 43.25],
          [132.69205, 32.96882, 43.25],
          [132.69354, 32.96829, 40.75],
          [132.69384, 32.96817, 45.25],
          [132.69407, 32.96809, 46.75],
          [132.69520, 32.96751, 57.0],
          [132.69534, 32.96740, 58.0],
          [132.69546, 32.96728, 57.25],
          [132.69559, 32.96710, 54.0],
          [132.69569, 32.96684, 46.5],
          [132.69573, 32.96673, 42.75],
          [132.69578, 32.96661, 40.25],
          [132.69582, 32.96657, 40.5],
          [132.69601, 32.96642, 41.0],
          [132.69614, 32.96634, 41.25],
          [132.69625, 32.96628, 41.0],
          [132.69647, 32.96620, 40.75],
          [132.69757, 32.96592, 32.0],
          [132.69776, 32.96588, 32.5],
          [132.69798, 32.96582, 33.0],
          [132.69984, 32.96540, 50.75],
          [132.70010, 32.96535, 52.5],
          [132.70032, 32.96527, 54.0],
          [132.70051, 32.96514, 53.5],
          [132.70064, 32.96499, 52.0],
          [132.70070, 32.96481, 53.25],
          [132.70072, 32.96455, 53.5],
          [132.70070, 32.96409, 54.0],
          [132.70064, 32.96385, 56.0],
          [132.70047, 32.96353, 53.5],
          [132.70009, 32.96299, 37.25],
          [132.69994, 32.96269, 34.75],
          [132.69990, 32.96247, 36.0],
          [132.69992, 32.96222, 35.75],
          [132.70001, 32.96202, 35.0],
          [132.70023, 32.96177, 36.75],
          [132.70139, 32.96097, 39.5],
          [132.70210, 32.96049, 43.5],
          [132.70247, 32.96028, 43.25],
          [132.70290, 32.96010, 39.75],
          [132.70519, 32.95924, 41.0],
          [132.70544, 32.95917, 39.75],
          [132.70602, 32.95906, 41.0],
          [132.70631, 32.95903, 39.75],
          [132.70667, 32.95902, 38.0],
          [132.70696, 32.95908, 35.25],
          [132.70723, 32.95920, 33.0],
          [132.70740, 32.95935, 34.0],
          [132.70756, 32.95958, 36.25],
          [132.70800, 32.96044, 39.5],
          [132.70810, 32.96076, 37.75],
          [132.70827, 32.96165, 40.25],
          [132.70839, 32.96189, 43.75],
          [132.70859, 32.96212, 47.75],
          [132.70885, 32.96228, 49.25],
          [132.70913, 32.96238, 49.0],
          [132.70948, 32.96242, 46.5],
          [132.71004, 32.96247, 41.0],
          [132.71040, 32.96245, 41.25],
          [132.71082, 32.96237, 40.75],
          [132.71225, 32.96197, 47.25],
          [132.71259, 32.96182, 46.0],
          [132.71282, 32.96165, 47.0],
          [132.71300, 32.96144, 50.25],
          [132.71313, 32.96109, 47.75],
          [132.71318, 32.96064, 46.75],
          [132.71309, 32.96009, 52.25],
          [132.71289, 32.95969, 48.75],
          [132.71184, 32.95865, 34.25],
          [132.71166, 32.95840, 30.25],
          [132.71156, 32.95815, 31.75],
          [132.71152, 32.95781, 32.25],
          [132.71155, 32.95723, 34.0],
          [132.71164, 32.95693, 35.75],
          [132.71194, 32.95635, 45.5],
          [132.71203, 32.95595, 45.5],
          [132.71210, 32.95493, 42.25],
          [132.71219, 32.95459, 40.5],
          [132.71237, 32.95411, 36.0],
          [132.71258, 32.95379, 34.0],
          [132.71294, 32.95338, 30.0],
          [132.71385, 32.95265, 28.5],
          [132.71421, 32.95234, 28.25],
          [132.71438, 32.95221, 27.25],
          [132.71468, 32.95202, 25.75],
          [132.71593, 32.95144, 29.75],
          [132.71652, 32.95120, 29.5],
          [132.71691, 32.95111, 26.75],
          [132.71829, 32.95089, 18.75],
          [132.71860, 32.95082, 17.5],
          [132.71887, 32.95070, 18.5],
          [132.71904, 32.95057, 25.25],
          [132.71917, 32.95041, 32.0],
          [132.71929, 32.95018, 41.0],
          [132.71944, 32.94977, 56.5],
          [132.71949, 32.94965, 56.5],
          [132.71969, 32.94915, 56.5],
          [132.71995, 32.94842, 56.5],
          [132.72028, 32.94761, 56.5],
          [132.72033, 32.94737, 56.5],
          [132.72032, 32.94717, 54.5],
          [132.72026, 32.94695, 52.0],
          [132.71990, 32.94646, 45.25],
          [132.71983, 32.94627, 47.0],
          [132.71980, 32.94608, 47.0],
          [132.71982, 32.94581, 45.25],
          [132.71987, 32.94545, 41.25],
          [132.71985, 32.94522, 40.0],
          [132.71977, 32.94493, 39.5],
          [132.71922, 32.94372, 23.75],
          [132.71906, 32.94330, 23.5],
          [132.71914, 32.94325, 21.75],
          [132.71922, 32.94317, 21.75],
          [132.71934, 32.94292, 22.5],
          [132.71948, 32.94276, 22.0],
          [132.71992, 32.94234, 18.75],
          [132.72007, 32.94218, 18.5],
          [132.72022, 32.94197, 19.0],
          [132.72044, 32.94158, 17.25],
          [132.72088, 32.94074, 9.5],
          [132.72097, 32.94055, 9.75],
          [132.72143, 32.93949, 7.25],
          [132.72157, 32.93917, 7.0],
          [132.72170, 32.93890, 7.25],
          [132.72179, 32.93874, 7.25],
          [132.72195, 32.93851, 7.5],
          [132.72213, 32.93829, 7.25],
          [132.72228, 32.93813, 7.25],
          [132.72270, 32.93775, 7.5],
          [132.72281, 32.93765, 7.5],
          [132.72328, 32.93723, 7.0],
          [132.72372, 32.93747, 6.5],
          [132.72399, 32.93758, 6.0],
          [132.72465, 32.93780, 5.75],
          [132.72535, 32.93803, 5.5],
          [132.72570, 32.93815, 5.75],
          [132.72580, 32.93818, 5.75],
          [132.72581, 32.93816, 5.75],
          [132.72613, 32.93736, 6.0],
          [132.72617, 32.93723, 6.0],
          [132.72651, 32.93662, 6.0]
        ]
      }
    }
  ]
}
