{
  "type": "FeatureCollection",
  "features": [
    {
      "type": "Feature",
      "properties": {
        "creator": "BRouter-1.7.10",
        "name": "brouter_fastbike-asia-pacific_0",
        "track-length": "87903",
        "filtered ascend": "1224",
        "plain-ascend": "-19",
        "total-time": "21323",
        "total-energy": "2066364",
        "cost": "172648",
        "messages": [
          ["Longitude", "Latitude", "Elevation", "Distance", "CostPerKm", "ElevCost", "TurnCost", "NodeCost", "InitialCost", "WayTags", "NodeTags", "Time", "Energy"],
          ["133279577", "33397740", "5", "249", "1060", "464", "2", "0", "0", "reversedirection=yes highway=tertiary estimated_traffic_class=4", "", "24", "965"],
          ["133283588", "33397496", "7", "398", "1100", "3", "93", "0", "0", "highway=unclassified", "", "77", "6154"],
          ["133283699", "33398971", "15", "167", "1500", "0", "141", "20", "0", "reversedirection=yes highway=trunk", "highway=traffic_signals estimated_crossing_class=0", "122", "10650"],
          ["133283575", "33399053", "15", "15", "1190", "0", "67", "0", "0", "reversedirection=yes highway=secondary estimated_traffic_class=5", "estimated_crossing_class=0", "126", "11047"],
          ["133283488", "33399238", "17", "23", "1190", "0", "8", "0", "0", "reversedirection=yes highway=secondary estimated_traffic_class=5", "estimated_crossing_class=5", "132", "11723"],
          ["133283480", "33399432", "19", "22", "1190", "0", "0", "0", "0", "reversedirection=yes highway=secondary estimated_traffic_class=5", "estimated_crossing_class=5", "142", "12691"],
          ["133283449", "33400033", "24", "67", "1190", "0", "0", "0", "0", "reversedirection=yes highway=secondary estimated_traffic_class=5", "estimated_crossing_class=5", "188", "17278"],
          ["133283440", "33400141", "25", "12", "1190", "0", "0", "0", "0", "reversedirection=yes highway=secondary estimated_traffic_class=5", "estimated_crossing_class=5", "194", "17913"],
          ["133283441", "33400312", "26", "19", "1190", "0", "0", "0", "0", "reversedirection=yes highway=secondary estimated_traffic_class=5", "estimated_crossing_class=5", "204", "18916"],
          ["133283547", "33401023", "28", "79", "1190", "0", "0", "0", "0", "reversedirection=yes highway=secondary estimated_traffic_class=5", "estimated_crossing_class=5", "245", "22991"],
          ["133284021", "33402088", "15", "127", "1190", "80", "1", "0", "0", "reversedirection=yes highway=secondary estimated_traffic_class=5", "estimated_crossing_class=5", "265", "24930"],
          ["133284430", "33402732", "9", "81", "1190", "287", "0", "0", "0", "reversedirection=yes highway=secondary estimated_traffic_class=5", "estimated_crossing_class=5", "271", "24930"],
          ["133284475", "33402804", "9", "9", "1190", "0", "0", "0", "0", "reversedirection=yes highway=secondary estimated_traffic_class=5", "estimated_crossing_class=0", "272", "25006"],
          ["133284575", "33402964", "9", "20", "1190", "0", "0", "20", "0", "reversedirection=yes highway=secondary estimated_traffic_class=5", "highway=traffic_signals estimated_crossing_class=0 traffic_signals=signal", "273", "25180"],
          ["133284697", "33403155", "8", "24", "1190", "12", "0", "0", "0", "reversedirection=yes highway=secondary estimated_traffic_class=5", "estimated_crossing_class=5", "276", "25389"],
          ["133285133", "33403842", "7", "86", "1190", "0", "0", "0", "0", "reversedirection=yes highway=secondary estimated_traffic_class=5", "estimated_crossing_class=5", "284", "26215"],
          ["133285248", "33404011", "7", "22", "1190", "0", "0", "0", "0", "reversedirection=yes highway=secondary estimated_traffic_class=5", "highway=crossing estimated_crossing_class=5 crossing=marked", "286", "26463"],
          ["133285388", "33404187", "7", "23", "1190", "0", "0", "20", "0", "reversedirection=yes highway=secondary estimated_traffic_class=5", "highway=traffic_signals", "289", "26740"],
          ["133285421", "33404232", "7", "6", "1190", "0", "0", "0", "0", "reversedirection=yes highway=secondary estimated_traffic_class=5", "highway=crossing estimated_crossing_class=0 crossing=marked", "290", "26815"],
          ["133285619", "33404549", "7", "40", "1190", "0", "0", "0", "0", "reversedirection=yes highway=secondary estimated_traffic_class=5", "estimated_crossing_class=5", "295", "27370"],
          ["133285681", "33404648", "7", "12", "1190", "0", "0", "0", "0", "reversedirection=yes highway=secondary estimated_traffic_class=5", "estimated_crossing_class=5", "297", "27554"],
          ["133285843", "33404930", "7", "35", "1190", "0", "0", "0", "0", "reversedirection=yes highway=secondary estimated_traffic_class=5", "estimated_crossing_class=5", "303", "28133"],
          ["133286066", "33405258", "7", "42", "1190", "0", "0", "0", "0", "reversedirection=yes highway=secondary estimated_traffic_class=5", "estimated_crossing_class=5", "310", "28794"],
          ["133286212", "33405443", "7", "25", "1190", "0", "0", "0", "0", "reversedirection=yes highway=secondary estimated_traffic_class=5", "estimated_crossing_class=5", "314", "29195"],
          ["133286809", "33406180", "7", "99", "1190", "0", "0", "0", "0", "reversedirection=yes highway=secondary estimated_traffic_class=5", "estimated_crossing_class=5", "325", "30296"],
          ["133287057", "33406522", "7", "44", "1190", "0", "0", "0", "0", "reversedirection=yes highway=secondary estimated_traffic_class=5", "estimated_crossing_class=5", "330", "30863"],
          ["133287119", "33406631", "7", "13", "1190", "0", "0", "0", "0", "reversedirection=yes highway=secondary estimated_traffic_class=5", "estimated_crossing_class=5", "332", "31032"],
          ["133287134", "33406658", "7", "3", "1190", "0", "0", "0", "0", "reversedirection=yes highway=secondary estimated_traffic_class=5", "", "332", "31072"],
          ["133287210", "33406779", "7", "15", "1130", "0", "0", "0", "0", "reversedirection=yes highway=secondary estimated_traffic_class=3", "highway=crossing crossing=marked", "334", "31274"],
          ["133287240", "33406824", "7", "6", "1130", "0", "0", "20", "0", "reversedirection=yes highway=secondary estimated_traffic_class=3", "highway=traffic_signals estimated_crossing_class=0 traffic_signals=signal", "335", "31357"],
          ["133287508", "33407239", "6", "52", "1130", "0", "0", "0", "0", "reversedirection=yes highway=secondary estimated_traffic_class=3", "estimated_crossing_class=2", "342", "32040"],
          ["133287639", "33407454", "6", "27", "1130", "0", "0", "0", "0", "reversedirection=yes highway=secondary estimated_traffic_class=3", "estimated_crossing_class=2", "346", "32424"],
          ["133287702", "33407554", "6", "13", "1130", "0", "0", "0", "0", "reversedirection=yes highway=secondary estimated_traffic_class=3", "estimated_crossing_class=2", "348", "32614"],
          ["133287769", "33407660", "6", "13", "1130", "0", "0", "0", "0", "reversedirection=yes highway=secondary estimated_traffic_class=3", "estimated_crossing_class=2", "350", "32807"],
          ["133287915", "33407894", "6", "29", "1130", "0", "0", "0", "0", "reversedirection=yes highway=secondary estimated_traffic_class=3", "estimated_crossing_class=2", "354", "33224"],
          ["133288261", "33408449", "5", "69", "1130", "0", "0", "0", "0", "reversedirection=yes highway=secondary estimated_traffic_class=3", "estimated_crossing_class=1", "363", "34109"],
          ["133288320", "33408554", "5", "13", "1130", "0", "0", "0", "0", "reversedirection=yes highway=secondary estimated_traffic_class=3", "estimated_crossing_class=1", "364", "34273"],
          ["133289288", "33410099", "5", "194", "1130", "0", "0", "0", "0", "reversedirection=yes highway=secondary estimated_traffic_class=3", "estimated_crossing_class=0", "394", "37224"],
          ["133289379", "33410216", "5", "15", "1130", "0", "0", "20", "0", "reversedirection=yes highway=secondary estimated_traffic_class=3", "highway=traffic_signals estimated_crossing_class=0", "397", "37484"],
          ["133289545", "33410448", "6", "30", "1130", "0", "0", "0", "0", "reversedirection=yes highway=secondary estimated_traffic_class=3", "estimated_crossing_class=2", "402", "38067"],
          ["133289605", "33410525", "6", "10", "1130", "0", "0", "0", "0", "reversedirection=yes highway=secondary estimated_traffic_class=3", "estimated_crossing_class=2", "404", "38269"],
          ["133289736", "33410682", "6", "21", "1130", "0", "0", "0", "0", "reversedirection=yes highway=secondary estimated_traffic_class=3", "estimated_crossing_class=2", "409", "38710"],
          ["133290116", "33411140", "7", "62", "1130", "0", "0", "0", "0", "reversedirection=yes highway=secondary estimated_traffic_class=3", "highway=crossing estimated_crossing_class=0 crossing=marked", "422", "40052"],
          ["133290184", "33411224", "7", "11", "1130", "0", "0", "20", "0", "reversedirection=yes highway=secondary estimated_traffic_class=3", "highway=traffic_signals estimated_crossing_class=0 traffic_signals=signal", "424", "40271"],
          ["133290257", "33411310", "7", "12", "1130", "0", "0", "0", "0", "reversedirection=yes highway=secondary estimated_traffic_class=3", "highway=crossing estimated_crossing_class=0 crossing=marked", "427", "40506"],
          ["133290914", "33412089", "7", "106", "1130", "0", "0", "0", "0", "reversedirection=yes highway=secondary estimated_traffic_class=3", "estimated_crossing_class=0", "449", "42721"],
          ["133291035", "33412220", "7", "18", "1130", "0", "0", "20", "0", "reversedirection=yes highway=secondary estimated_traffic_class=3", "highway=traffic_signals", "452", "43059"],
          ["133291151", "33412331", "7", "16", "1130", "0", "0", "0", "0", "reversedirection=yes highway=secondary estimated_traffic_class=3", "estimated_crossing_class=0", "455", "43354"],
          ["133291220", "33412413", "7", "11", "1130", "0", "0", "0", "0", "reversedirection=yes highway=secondary estimated_traffic_class=3", "estimated_crossing_class=2", "457", "43542"],
          ["133291793", "33413101", "6", "93", "1130", "0", "0", "0", "0", "reversedirection=yes highway=secondary estimated_traffic_class=3", "estimated_crossing_class=2", "469", "44778"],
          ["133292854", "33414347", "7", "170", "1130", "0", "0", "0", "0", "reversedirection=yes highway=secondary estimated_traffic_class=3", "estimated_crossing_class=0", "500", "47800"],
          ["133292926", "33414416", "7", "10", "1130", "0", "0", "20", "0", "reversedirection=yes highway=secondary estimated_traffic_class=3", "highway=traffic_signals estimated_crossing_class=0 traffic_signals=signal", "501", "47983"],
          ["133293017", "33414519", "7", "14", "1130", "0", "0", "0", "0", "reversedirection=yes highway=secondary estimated_traffic_class=3", "estimated_crossing_class=0", "504", "48236"],
          ["133293754", "33415406", "8", "120", "1130", "0", "0", "0", "0", "reversedirection=yes highway=secondary estimated_traffic_class=3", "estimated_crossing_class=2", "529", "50709"],
          ["133293870", "33415555", "8", "20", "1130", "0", "0", "0", "0", "reversedirection=yes highway=secondary estimated_traffic_class=3", "estimated_crossing_class=0", "533", "51102"],
          ["133293938", "33415628", "8", "10", "1130", "0", "0", "0", "0", "reversedirection=yes highway=secondary estimated_traffic_class=3", "estimated_crossing_class=0", "535", "51308"],
          ["133294013", "33415708", "9", "11", "1130", "0", "0", "20", "0", "reversedirection=yes highway=secondary estimated_traffic_class=3", "highway=traffic_signals", "537", "51561"],
          ["133294131", "33415849", "9", "19", "1100", "0", "0", "0", "0", "highway=secondary estimated_traffic_class=1", "estimated_crossing_class=0", "542", "52037"],
          ["133294380", "33416293", "12", "54", "1100", "0", "0", "0", "0", "highway=secondary estimated_traffic_class=1", "estimated_crossing_class=1", "556", "53426"],
          ["133294399", "33416412", "13", "13", "1100", "0", "1", "0", "0", "highway=secondary estimated_traffic_class=1", "estimated_crossing_class=1", "559", "53711"],
          ["133294417", "33416689", "15", "31", "1100", "0", "0", "0", "0", "highway=secondary estimated_traffic_class=1", "estimated_crossing_class=1", "568", "54678"],
          ["133294429", "33417846", "25", "129", "1100", "0", "1", "0", "0", "highway=secondary estimated_traffic_class=1", "estimated_crossing_class=1", "656", "63414"],
          ["133294038", "33418777", "29", "110", "1100", "0", "0", "0", "0", "highway=secondary estimated_traffic_class=1", "estimated_crossing_class=1", "710", "68800"],
          ["133293940", "33419027", "32", "29", "1100", "0", "0", "0", "0", "highway=secondary estimated_traffic_class=1", "estimated_crossing_class=1", "724", "70199"],
          ["133294190", "33419864", "33", "99", "1100", "0", "5", "0", "0", "highway=secondary estimated_traffic_class=1", "estimated_crossing_class=1", "763", "74177"],
          ["133294252", "33419918", "33", "8", "1100", "0", "0", "0", "0", "highway=secondary estimated_traffic_class=1", "estimated_crossing_class=1", "766", "74430"],
          ["133294414", "33420046", "34", "21", "1100", "0", "0", "0", "0", "highway=secondary estimated_traffic_class=1", "estimated_crossing_class=1", "774", "75193"],
          ["133294452", "33420074", "34", "5", "1100", "0", "0", "0", "0", "highway=secondary estimated_traffic_class=1", "estimated_crossing_class=1", "775", "75370"],
          ["133295417", "33421175", "28", "154", "1100", "0", "1", "0", "0", "highway=secondary estimated_traffic_class=1", "estimated_crossing_class=1", "805", "78330"],
          ["133295587", "33421428", "26", "32", "1100", "0", "0", "0", "0", "highway=secondary estimated_traffic_class=1", "estimated_crossing_class=1", "808", "78644"],
          ["133295620", "33421477", "25", "6", "1100", "0", "0", "0", "0", "highway=secondary estimated_traffic_class=1", "estimated_crossing_class=1", "809", "78702"],
          ["133296192", "33422085", "25", "87", "1100", "0", "0", "0", "0", "highway=secondary estimated_traffic_class=1", "estimated_crossing_class=1", "819", "79706"],
          ["133296838", "33422469", "20", "74", "1100", "0", "0", "0", "0", "highway=secondary estimated_traffic_class=1", "estimated_crossing_class=1", "826", "80480"],
          ["133297170", "33422662", "20", "38", "1100", "0", "0", "0", "0", "highway=secondary estimated_traffic_class=1", "estimated_crossing_class=1", "831", "80937"],
          ["133297465", "33422845", "19", "34", "1100", "0", "1", "0", "0", "highway=secondary estimated_traffic_class=1", "estimated_crossing_class=1", "835", "81295"],
          ["133297632", "33423216", "19", "45", "1100", "0", "5", "0", "0", "highway=secondary estimated_traffic_class=1", "estimated_crossing_class=1", "840", "81797"],
          ["133297767", "33423889", "18", "78", "1100", "0", "7", "0", "0", "highway=secondary estimated_traffic_class=1", "estimated_crossing_class=1", "851", "82938"],
          ["133297927", "33423973", "16", "18", "1100", "5", "2", "0", "0", "highway=secondary estimated_traffic_class=1", "estimated_crossing_class=1", "853", "83109"],
          ["133296611", "33427621", "19", "426", "1500", "0", "91", "20", "0", "highway=trunk oneway=yes", "highway=traffic_signals", "923", "90139"],
          ["133294141", "33428121", "27", "240", "1500", "0", "93", "0", "0", "highway=trunk", "", "998", "97624"],
          ["133294069", "33428247", "22", "16", "1100", "0", "65", "0", "0", "highway=secondary estimated_traffic_class=1", "estimated_crossing_class=1", "1000", "97858"],
          ["133293801", "33428401", "19", "31", "1100", "0", "6", "0", "0", "highway=secondary estimated_traffic_class=1", "estimated_crossing_class=1", "1003", "98149"],
          ["133293373", "33428559", "19", "44", "1100", "0", "0", "0", "0", "highway=secondary estimated_traffic_class=1", "estimated_crossing_class=1", "1008", "98624"],
          ["133293243", "33428626", "21", "14", "1100", "0", "1", "0", "0", "highway=secondary estimated_traffic_class=1", "estimated_crossing_class=1", "1010", "98817"],
          ["133292581", "33429424", "32", "108", "1100", "0", "1", "0", "0", "highway=secondary estimated_traffic_class=1", "estimated_crossing_class=1", "1049", "102694"],
          ["133292493", "33429568", "30", "18", "1100", "0", "0", "0", "0", "highway=secondary estimated_traffic_class=1", "estimated_crossing_class=1", "1052", "103004"],
          ["133291911", "33430419", "22", "109", "1100", "0", "0", "0", "0", "highway=secondary estimated_traffic_class=1", "estimated_crossing_class=1", "1066", "104452"],
          ["133291823", "33430526", "22", "14", "1100", "0", "0", "0", "0", "highway=secondary estimated_traffic_class=1", "estimated_crossing_class=1", "1068", "104655"],
          ["133291586", "33430888", "23", "46", "1100", "0", "1", "0", "0", "highway=secondary estimated_traffic_class=1", "estimated_crossing_class=1", "1075", "105304"],
          ["133283574", "33434201", "87", "947", "1000", "0", "52", "0", "0", "highway=tertiary estimated_traffic_class=1", "", "1610", "158830"],
          ["133283919", "33434989", "96", "93", "1500", "0", "93", "0", "0", "highway=trunk", "", "1727", "170571"],
          ["133285522", "33437056", "92", "275", "1500", "0", "0", "0", "0", "highway=trunk surface=concrete", "", "1852", "183015"],
          ["133285211", "33440236", "123", "371", "1500", "59", "1", "0", "0", "highway=trunk", "", "2038", "201572"],
          ["133284982", "33441020", "130", "90", "1500", "0", "0", "0", "0", "highway=trunk surface=concrete", "", "2109", "208676"],
          ["133284148", "33475737", "102", "4821", "1500", "7277", "245", "0", "0", "highway=trunk", "", "3626", "353334"],
          ["133283308", "33475827", "101", "78", "1100", "0", "88", "0", "0", "reversedirection=yes highway=unclassified", "", "3636", "354307"],
          ["133279600", "33479575", "94", "702", "1100", "0", "29", "0", "0", "highway=unclassified", "", "3722", "362923"],
          ["133277954", "33482404", "96", "378", "1100", "0", "91", "0", "0", "reversedirection=yes highway=unclassified", "estimated_crossing_class=1", "3793", "369990"],
          ["133277445", "33482664", "98", "56", "1100", "0", "84", "0", "0", "highway=secondary estimated_traffic_class=1", "estimated_crossing_class=1", "3806", "371325"],
          ["133276208", "33483296", "97", "135", "1100", "0", "0", "0", "0", "highway=secondary estimated_traffic_class=1", "estimated_crossing_class=1", "3828", "373517"],
          ["133276023", "33483373", "97", "19", "1100", "0", "0", "0", "0", "highway=secondary estimated_traffic_class=1", "estimated_crossing_class=1", "3831", "373858"],
          ["133274730", "33485224", "98", "262", "1100", "0", "2", "0", "0", "highway=secondary estimated_traffic_class=1", "estimated_crossing_class=1", "3884", "379161"],
          ["133274806", "33486180", "104", "106", "1100", "0", "0", "0", "0", "highway=secondary estimated_traffic_class=1", "estimated_crossing_class=1", "3912", "381978"],
          ["133274516", "33487096", "112", "108", "1100", "0", "1", "0", "0", "highway=secondary estimated_traffic_class=1", "estimated_crossing_class=1", "3965", "387202"],
          ["133274307", "33487448", "109", "44", "1100", "0", "0", "0", "0", "highway=secondary estimated_traffic_class=1", "estimated_crossing_class=1", "3974", "388098"],
          ["133273302", "33488319", "100", "136", "1100", "0", "2", "0", "0", "highway=secondary estimated_traffic_class=1", "estimated_crossing_class=1", "3992", "389945"],
          ["133272761", "33489662", "91", "163", "1100", "399", "4", "0", "0", "highway=secondary estimated_traffic_class=1", "estimated_crossing_class=1", "4009", "391050"],
          ["133272269", "33491147", "93", "172", "1100", "0", "0", "0", "0", "highway=secondary estimated_traffic_class=1", "estimated_crossing_class=1", "4028", "392986"],
          ["133274603", "33492047", "91", "240", "1100", "0", "86", "0", "0", "highway=unclassified", "", "4062", "396328"],
          ["133279898", "33494995", "90", "601", "1100", "0", "70", "0", "0", "reversedirection=yes highway=unclassified", "", "4154", "405535"],
          ["133278850", "33495715", "83", "126", "1000", "0", "104", "0", "0", "reversedirection=yes highway=tertiary estimated_traffic_class=1", "estimated_crossing_class=1", "4170", "407167"],
          ["133279013", "33495888", "84", "24", "1100", "0", "86", "0", "0", "highway=secondary estimated_traffic_class=2", "estimated_crossing_class=1", "4174", "407530"],
          ["133279496", "33496373", "100", "69", "1100", "0", "1", "0", "0", "highway=secondary estimated_traffic_class=2", "estimated_crossing_class=1", "4220", "412123"],
          ["133279482", "33496602", "103", "26", "1100", "0", "10", "0", "0", "highway=secondary estimated_traffic_class=2", "estimated_crossing_class=1", "4239", "414012"],
          ["133278391", "33497878", "88", "176", "1100", "111", "5", "0", "0", "highway=secondary estimated_traffic_class=2", "", "4274", "417588"],
          ["133278626", "33499217", "89", "153", "1100", "0", "30", "0", "0", "reversedirection=yes highway=secondary estimated_traffic_class=2", "estimated_crossing_class=2", "4297", "419820"],
          ["133278612", "33499437", "90", "24", "1100", "0", "0", "0", "0", "reversedirection=yes highway=secondary estimated_traffic_class=2", "estimated_crossing_class=2", "4299", "420087"],
          ["133278593", "33500985", "95", "172", "1100", "0", "0", "0", "0", "reversedirection=yes highway=secondary estimated_traffic_class=2", "estimated_crossing_class=2", "4342", "424348"],
          ["133279452", "33503934", "86", "339", "1100", "0", "7", "0", "0", "reversedirection=yes highway=secondary estimated_traffic_class=2", "estimated_crossing_class=2", "4383", "428424"],
          ["133279596", "33504094", "86", "22", "1100", "0", "3", "0", "0", "reversedirection=yes highway=secondary estimated_traffic_class=2", "estimated_crossing_class=2", "4385", "428637"],
          ["133281569", "33505613", "84", "250", "1100", "0", "0", "0", "0", "reversedirection=yes highway=secondary estimated_traffic_class=2", "estimated_crossing_class=2", "4416", "431756"],
          ["133282637", "33506841", "80", "172", "1100", "0", "18", "0", "0", "reversedirection=yes highway=secondary estimated_traffic_class=2", "estimated_crossing_class=2", "4439", "434081"],
          ["133282989", "33507243", "79", "56", "1100", "0", "3", "0", "0", "highway=secondary estimated_traffic_class=2", "estimated_crossing_class=2", "4446", "434753"],
          ["133283128", "33507448", "78", "26", "1100", "0", "0", "0", "0", "highway=secondary estimated_traffic_class=2", "estimated_crossing_class=2", "4449", "435044"],
          ["133283975", "33508692", "77", "159", "1100", "0", "0", "0", "0", "highway=secondary estimated_traffic_class=2", "estimated_crossing_class=2", "4470", "437144"],
          ["133284463", "33509969", "75", "149", "1100", "0", "0", "0", "0", "highway=secondary estimated_traffic_class=2", "estimated_crossing_class=2", "4488", "438977"],
          ["133285446", "33512793", "74", "326", "1100", "0", "0", "0", "0", "highway=secondary estimated_traffic_class=2", "", "4536", "443749"],
          ["133287016", "33515624", "72", "357", "1100", "0", "1", "0", "0", "highway=secondary estimated_traffic_class=1", "estimated_crossing_class=1", "4583", "448416"],
          ["133287599", "33522818", "81", "873", "1100", "0", "167", "0", "0", "reversedirection=yes highway=unclassified", "estimated_crossing_class=1", "4733", "463437"],
          ["133280267", "33525176", "76", "1139", "1100", "455", "85", "0", "0", "highway=secondary estimated_traffic_class=1", "estimated_crossing_class=1", "5068", "495839"],
          ["133278174", "33525335", "72", "222", "1100", "97", "13", "0", "0", "highway=secondary estimated_traffic_class=1", "estimated_crossing_class=1", "5088", "497834"],
          ["133277569", "33526841", "68", "180", "1100", "0", "9", "0", "0", "highway=secondary estimated_traffic_class=1", "estimated_crossing_class=1", "5110", "500052"],
          ["133277596", "33527095", "67", "29", "1100", "38", "3", "0", "0", "highway=secondary estimated_traffic_class=1", "estimated_crossing_class=1", "5113", "500319"],
          ["133277959", "33529084", "65", "227", "1100", "134", "6", "0", "0", "highway=secondary estimated_traffic_class=1", "", "5136", "502613"],
          ["133277644", "33529616", "67", "66", "1100", "0", "0", "0", "0", "reversedirection=yes highway=secondary estimated_traffic_class=1", "", "5147", "503773"],
          ["133277446", "33529972", "69", "44", "1100", "0", "0", "0", "0", "highway=secondary estimated_traffic_class=1", "estimated_crossing_class=1", "5159", "504962"],
          ["133273196", "33533346", "70", "548", "1100", "0", "2", "0", "0", "highway=secondary estimated_traffic_class=1", "estimated_crossing_class=1", "5270", "516019"],
          ["133271977", "33534451", "77", "172", "1100", "0", "12", "0", "0", "highway=secondary estimated_traffic_class=1", "estimated_crossing_class=1", "5329", "521933"],
          ["133269912", "33533344", "83", "231", "1100", "0", "26", "0", "0", "highway=secondary estimated_traffic_class=1", "estimated_crossing_class=1", "5387", "527772"],
          ["133265059", "33532777", "104", "461", "1100", "0", "7", "0", "0", "highway=secondary estimated_traffic_class=1", "estimated_crossing_class=1", "5666", "555605"],
          ["133262261", "33531989", "78", "332", "1100", "919", "50", "0", "0", "highway=secondary estimated_traffic_class=1", "estimated_crossing_class=1", "5696", "557068"],
          ["133261254", "33531873", "77", "94", "1100", "0", "0", "0", "0", "highway=secondary estimated_traffic_class=1", "estimated_crossing_class=1", "5703", "557590"],
          ["133259950", "33533834", "67", "253", "1200", "330", "90", "0", "0", "reversedirection=yes highway=residential", "estimated_crossing_class=2", "5724", "559357"],
          ["133258935", "33533506", "67", "101", "1100", "0", "102", "0", "0", "reversedirection=yes highway=secondary estimated_traffic_class=2", "estimated_crossing_class=2", "5735", "560461"],
          ["133258082", "33533237", "66", "85", "1100", "0", "0", "0", "0", "reversedirection=yes highway=secondary estimated_traffic_class=2", "estimated_crossing_class=2", "5746", "561568"],
          ["133253919", "33534779", "63", "515", "1200", "202", "217", "0", "0", "highway=residential", "", "5822", "569190"],
          ["133252289", "33534872", "59", "163", "1100", "0", "95", "0", "0", "reversedirection=yes highway=unclassified", "", "5842", "571181"],
          ["133251685", "33536123", "57", "150", "1100", "0", "2", "0", "0", "highway=unclassified", "", "5863", "573207"],
          ["133251608", "33536253", "58", "16", "1000", "0", "0", "0", "0", "reversedirection=yes highway=tertiary estimated_traffic_class=2", "", "5864", "573373"],
          ["133247417", "33540144", "62", "584", "1000", "0", "3", "0", "0", "reversedirection=yes highway=tertiary estimated_traffic_class=1", "", "5975", "584428"],
          ["133247242", "33540307", "62", "24", "1000", "0", "1", "0", "0", "highway=tertiary estimated_traffic_class=1", "", "5979", "584821"],
          ["133245466", "33543554", "83", "424", "1100", "0", "18", "0", "0", "highway=unclassified", "estimated_crossing_class=1", "6096", "596566"],
          ["133246353", "33547195", "65", "440", "1200", "52", "62", "0", "0", "reversedirection=yes highway=primary surface=asphalt estimated_traffic_class=1", "estimated_crossing_class=1", "6177", "604600"],
          ["133246170", "33548337", "69", "132", "1200", "0", "4", "0", "0", "reversedirection=yes highway=primary surface=asphalt estimated_traffic_class=1", "estimated_crossing_class=1", "6196", "606551"],
          ["133246264", "33548762", "74", "48", "1200", "0", "0", "0", "0", "reversedirection=yes highway=primary surface=asphalt estimated_traffic_class=1", "estimated_crossing_class=1", "6211", "608056"],
          ["133246394", "33549222", "79", "52", "1200", "0", "0", "0", "0", "reversedirection=yes highway=primary surface=asphalt estimated_traffic_class=1", "estimated_crossing_class=1", "6238", "610724"],
          ["133249871", "33554735", "85", "724", "1200", "136", "51", "0", "0", "reversedirection=yes highway=primary surface=asphalt estimated_traffic_class=1", "estimated_crossing_class=1", "6491", "636075"],
          ["133249966", "33555053", "85", "37", "1200", "0", "1", "0", "0", "reversedirection=yes highway=primary surface=asphalt estimated_traffic_class=1", "estimated_crossing_class=1", "6495", "636475"],
          ["133252557", "33557650", "88", "393", "1200", "0", "7", "0", "0", "reversedirection=yes highway=primary surface=asphalt estimated_traffic_class=1", "estimated_crossing_class=1", "6542", "641113"],
          ["133252620", "33557692", "87", "7", "1200", "0", "0", "0", "0", "reversedirection=yes highway=primary surface=asphalt estimated_traffic_class=1", "", "6546", "641603"],
          ["133258045", "33560965", "78", "626", "1200", "0", "2", "0", "0", "reversedirection=yes highway=primary surface=paved estimated_traffic_class=1", "", "6691", "656071"],
          ["133258182", "33561004", "78", "13", "1200", "225", "0", "0", "0", "reversedirection=yes highway=primary surface=asphalt estimated_traffic_class=1", "estimated_crossing_class=1", "6692", "656071"],
          ["133260766", "33561708", "62", "252", "1200", "921", "0", "0", "0", "reversedirection=yes highway=primary surface=asphalt estimated_traffic_class=1", "estimated_crossing_class=1", "6713", "656171"],
          ["133264040", "33563044", "67", "353", "1200", "0", "1", "0", "0", "reversedirection=yes highway=primary surface=asphalt estimated_traffic_class=1", "estimated_crossing_class=1", "6784", "663331"],
          ["133269593", "33567343", "57", "707", "1200", "0", "3", "0", "0", "reversedirection=yes highway=primary surface=asphalt estimated_traffic_class=1", "estimated_crossing_class=1", "6903", "674895"],
          ["133273366", "33569346", "66", "426", "1200", "0", "6", "0", "0", "reversedirection=yes highway=primary surface=asphalt estimated_traffic_class=1", "estimated_crossing_class=1", "6976", "682258"],
          ["133284400", "33572029", "48", "1141", "1200", "221", "14", "0", "0", "reversedirection=yes highway=primary surface=asphalt estimated_traffic_class=1", "estimated_crossing_class=1", "7171", "701597"],
          ["133288481", "33572933", "53", "401", "1200", "0", "4", "0", "0", "reversedirection=yes highway=primary surface=asphalt estimated_traffic_class=1", "estimated_crossing_class=1", "7240", "708415"],
          ["133291305", "33572544", "59", "269", "1200", "0", "1", "0", "0", "reversedirection=yes highway=primary surface=asphalt estimated_traffic_class=1", "estimated_crossing_class=1", "7312", "715689"],
          ["133292219", "33571750", "67", "124", "1200", "0", "3", "0", "0", "reversedirection=yes highway=primary surface=asphalt estimated_traffic_class=1", "estimated_crossing_class=1", "7358", "720270"],
          ["133299487", "33573376", "48", "1853", "1200", "728", "76", "0", "0", "reversedirection=yes highway=primary surface=asphalt estimated_traffic_class=1", "estimated_crossing_class=1", "7745", "757635"],
          ["133298381", "33574589", "52", "172", "1200", "0", "13", "0", "0", "reversedirection=yes highway=primary surface=asphalt estimated_traffic_class=1", "estimated_crossing_class=1", "7768", "759903"],
          ["133297905", "33577459", "62", "328", "1200", "0", "3", "0", "0", "reversedirection=yes highway=primary surface=asphalt estimated_traffic_class=1", "estimated_crossing_class=1", "7850", "768156"],
          ["133299082", "33579284", "61", "238", "1200", "0", "18", "0", "0", "reversedirection=yes highway=primary surface=asphalt estimated_traffic_class=1", "estimated_crossing_class=1", "7916", "774706"],
          ["133299580", "33579775", "69", "78", "1200", "0", "13", "0", "0", "reversedirection=yes highway=primary surface=asphalt estimated_traffic_class=1", "estimated_crossing_class=1", "7947", "777767"],
          ["133307962", "33581944", "41", "857", "1200", "531", "18", "0", "0", "reversedirection=yes highway=primary surface=asphalt estimated_traffic_class=1", "estimated_crossing_class=1", "8071", "788924"],
          ["133308446", "33583074", "46", "133", "1200", "0", "0", "0", "0", "reversedirection=yes highway=primary surface=asphalt estimated_traffic_class=1", "", "8087", "790476"],
          ["133297462", "33607556", "56", "3172", "1500", "2470", "128", "0", "0", "highway=trunk", "", "9003", "878534"],
          ["133298832", "33610622", "77", "374", "1100", "0", "43", "0", "0", "highway=unclassified", "", "9151", "893344"],
          ["133246651", "33622158", "258", "7636", "1500", "3211", "241", "0", "0", "highway=trunk", "", "12277", "1202030"],
          ["133245546", "33622360", "276", "115", "1100", "0", "127", "0", "0", "reversedirection=yes highway=unclassified", "", "12363", "1210620"],
          ["133247337", "33620907", "310", "718", "1100", "39", "213", "0", "0", "highway=unclassified", "", "12794", "1253658"],
          ["133251688", "33621011", "399", "538", "1200", "1367", "281", "0", "0", "highway=residential", "", "13537", "1327207"],
          ["133247337", "33620907", "310", "538", "1200", "5835", "185", "0", "0", "reversedirection=yes highway=residential", "", "13624", "1332965"],
          ["133245546", "33622360", "276", "718", "1100", "2138", "227", "0", "0", "reversedirection=yes highway=unclassified", "", "13689", "1334319"],
          ["133246651", "33622158", "258", "115", "1100", "373", "132", "0", "0", "highway=unclassified", "", "13700", "1334909"],
          ["133253601", "33627228", "220", "888", "1500", "1493", "95", "0", "0", "reversedirection=yes highway=trunk", "", "13781", "1339723"],
          ["133254250", "33627293", "224", "74", "1100", "0", "116", "0", "0", "reversedirection=yes highway=unclassified", "", "13789", "1340524"],
          ["133273684", "33628869", "123", "2043", "1100", "4554", "298", "0", "0", "highway=unclassified", "", "14018", "1355693"],
          ["133298832", "33610622", "77", "4759", "1500", "5937", "245", "0", "0", "reversedirection=yes highway=trunk", "", "15218", "1468061"],
          ["133297462", "33607556", "56", "374", "1100", "936", "35", "0", "0", "reversedirection=yes highway=unclassified", "", "15250", "1468924"],
          ["133326242", "33569465", "40", "5558", "1500", "3933", "122", "0", "0", "reversedirection=yes highway=trunk", "", "16498", "1588232"],
          ["133327471", "33569325", "39", "138", "1100", "0", "107", "0", "0", "highway=unclassified", "", "16513", "1589658"],
          ["133327093", "33568344", "45", "125", "1100", "0", "18", "0", "0", "reversedirection=yes highway=unclassified", "", "16538", "1592214"],
          ["133358632", "33580323", "33", "5822", "1500", "725", "107", "0", "0", "reversedirection=yes highway=trunk", "", "17658", "1702270"],
          ["133358637", "33580653", "36", "37", "1100", "0", "32", "0", "0", "highway=secondary estimated_traffic_class=1", "", "17662", "1702715"],
          ["133358586", "33581388", "40", "88", "1100", "0", "33", "0", "0", "reversedirection=yes highway=secondary estimated_traffic_class=1", "estimated_crossing_class=1", "17683", "1704831"],
          ["133358622", "33581391", "39", "3", "1100", "0", "55", "0", "0", "reversedirection=yes highway=unclassified", "", "17684", "1704889"],
          ["133361045", "33580854", "33", "253", "1100", "0", "16", "0", "0", "highway=unclassified", "", "17719", "1708398"],
          ["133365261", "33569745", "29", "1519", "1500", "494", "32", "0", "0", "reversedirection=yes highway=trunk surface=asphalt", "", "18053", "1741785"],
          ["133371899", "33563032", "37", "990", "1100", "0", "57", "0", "0", "highway=unclassified", "", "18220", "1758537"],
          ["133385449", "33553729", "26", "1680", "1500", "0", "16", "0", "0", "reversedirection=yes highway=trunk surface=asphalt", "", "18525", "1788986"],
          ["133389152", "33552747", "24", "364", "1100", "0", "20", "0", "0", "highway=unclassified", "", "18570", "1793541"],
          ["133390196", "33552356", "25", "113", "1100", "0", "39", "0", "0", "reversedirection=yes highway=unclassified", "", "18592", "1795746"],
          ["133395288", "33547752", "25", "733", "1500", "39", "111", "0", "0", "reversedirection=yes highway=trunk surface=asphalt", "", "18772", "1813784"],
          ["133396101", "33548035", "26", "82", "1100", "0", "18", "0", "0", "reversedirection=yes highway=unclassified", "", "18783", "1814868"],
          ["133398285", "33548803", "25", "221", "1100", "0", "0", "0", "0", "highway=unclassified", "", "18816", "1818112"],
          ["133417845", "33551304", "21", "2179", "1500", "280", "33", "20", "0", "reversedirection=yes highway=trunk surface=asphalt", "highway=crossing crossing=traffic_signals", "19216", "1857222"],
          ["133418034", "33551230", "20", "19", "1500", "0", "0", "20", "0", "reversedirection=yes highway=trunk surface=asphalt", "highway=traffic_signals estimated_crossing_class=0", "19219", "1857484"],
          ["133420487", "33550080", "22", "266", "1500", "0", "17", "0", "0", "reversedirection=yes highway=trunk surface=asphalt", "", "19263", "1861934"],
          ["133420907", "33549934", "21", "42", "1060", "0", "11", "0", "0", "highway=tertiary estimated_traffic_class=4", "", "19268", "1862396"],
          ["133423046", "33549032", "19", "223", "1200", "0", "0", "0", "0", "reversedirection=yes highway=residential", "", "19294", "1865015"],
          ["133423133", "33548980", "19", "10", "1100", "0", "0", "0", "0", "reversedirection=yes highway=unclassified", "", "19295", "1865157"],
          ["133424409", "33547299", "20", "224", "1200", "0", "18", "0", "0", "highway=residential", "", "19333", "1868925"],
          ["133426402", "33547846", "21", "194", "1100", "0", "91", "0", "0", "highway=unclassified", "", "19369", "1872559"],
          ["133427872", "33548281", "20", "152", "1100", "0", "7", "0", "0", "reversedirection=yes highway=unclassified", "", "19397", "1875297"],
          ["133428101", "33548297", "20", "21", "1200", "0", "0", "0", "0", "highway=residential", "", "19400", "1875617"],
          ["133429868", "33548397", "19", "164", "1090", "0", "0", "20", "0", "highway=tertiary estimated_traffic_class=5", "highway=crossing crossing=traffic_signals", "19424", "1878046"],
          ["133429943", "33548401", "19", "7", "1090", "0", "0", "20", "0", "highway=tertiary estimated_traffic_class=5", "highway=traffic_signals estimated_crossing_class=0", "19425", "1878149"],
          ["133430051", "33548409", "19", "10", "1060", "0", "0", "20", "0", "reversedirection=yes highway=tertiary estimated_traffic_class=4", "highway=crossing crossing=traffic_signals", "19427", "1878298"],
          ["133430683", "33548461", "19", "59", "1060", "0", "0", "20", "0", "reversedirection=yes highway=tertiary estimated_traffic_class=4", "highway=crossing crossing=traffic_signals", "19435", "1879162"],
          ["133430926", "33548439", "18", "24", "1060", "0", "8", "20", "0", "reversedirection=yes highway=tertiary estimated_traffic_class=4", "highway=traffic_signals", "19439", "1879502"],
          ["133433422", "33548631", "18", "234", "1500", "0", "20", "20", "0", "reversedirection=yes highway=trunk surface=asphalt", "highway=crossing crossing=traffic_signals", "19475", "1883079"],
          ["133433517", "33548638", "18", "9", "1500", "0", "0", "20", "0", "reversedirection=yes highway=trunk surface=asphalt", "highway=traffic_signals", "19476", "1883217"],
          ["133433693", "33548652", "18", "16", "1500", "0", "0", "20", "0", "reversedirection=yes highway=trunk surface=asphalt", "highway=crossing crossing=traffic_signals", "19478", "1883464"],
          ["133437540", "33548939", "19", "358", "1500", "0", "0", "0", "0", "reversedirection=yes highway=trunk surface=asphalt", "highway=crossing", "19540", "1889597"],
          ["133439033", "33549146", "20", "140", "1500", "0", "0", "0", "0", "reversedirection=yes highway=trunk surface=asphalt", "highway=crossing", "19576", "1893205"],
          ["133441919", "33549716", "14", "275", "1500", "0", "0", "20", "0", "reversedirection=yes highway=trunk surface=asphalt", "highway=traffic_signals", "19613", "1896945"],
          ["133442068", "33549740", "14", "14", "1500", "0", "0", "20", "0", "reversedirection=yes highway=trunk surface=asphalt", "highway=crossing crossing=traffic_signals", "19615", "1897165"],
          ["133446077", "33550515", "16", "382", "1500", "0", "0", "20", "0", "reversedirection=yes highway=trunk surface=asphalt", "highway=traffic_signals", "19675", "1903142"],
          ["133447444", "33550813", "17", "131", "1500", "0", "0", "20", "0", "reversedirection=yes highway=trunk surface=asphalt", "highway=traffic_signals", "19699", "1905558"],
          ["133447554", "33550836", "17", "11", "1500", "0", "0", "0", "0", "reversedirection=yes highway=trunk surface=asphalt", "highway=crossing", "19702", "1905807"],
          ["133447928", "33550914", "17", "36", "1500", "0", "0", "20", "0", "reversedirection=yes highway=trunk surface=asphalt", "highway=traffic_signals", "19709", "1906488"],
          ["133449414", "33551248", "17", "143", "1500", "0", "0", "0", "0", "reversedirection=yes highway=trunk surface=asphalt", "highway=crossing", "19733", "1908927"],
          ["133449951", "33551353", "16", "52", "1500", "0", "0", "0", "0", "reversedirection=yes highway=trunk surface=asphalt", "highway=crossing", "19741", "1909735"],
          ["133450054", "33551368", "16", "10", "1500", "0", "0", "20", "0", "reversedirection=yes highway=trunk surface=asphalt", "highway=traffic_signals", "19743", "1909900"],
          ["133452928", "33551656", "18", "268", "1500", "0", "0", "20", "0", "reversedirection=yes highway=trunk surface=asphalt", "highway=traffic_signals", "19794", "1915041"],
          ["133453038", "33551668", "18", "10", "1500", "0", "0", "0", "0", "reversedirection=yes highway=trunk surface=asphalt", "highway=crossing", "19796", "1915229"],
          ["133456811", "33552139", "17", "356", "1500", "0", "0", "0", "0", "reversedirection=yes highway=trunk surface=asphalt", "highway=crossing crossing=marked", "19858", "1921471"],
          ["133456940", "33552128", "17", "12", "1500", "0", "1", "20", "0", "reversedirection=yes highway=trunk surface=asphalt", "highway=traffic_signals", "19860", "1921630"],
          ["133457502", "33552076", "16", "52", "1500", "0", "0", "20", "0", "reversedirection=yes highway=trunk surface=asphalt", "highway=traffic_signals", "19867", "1922303"],
          ["133458421", "33552023", "16", "86", "1500", "0", "0", "20", "0", "reversedirection=yes highway=trunk surface=asphalt", "highway=traffic_signals", "19878", "1923453"],
          ["133458722", "33551997", "17", "28", "1500", "0", "0", "20", "0", "reversedirection=yes highway=trunk surface=asphalt", "highway=traffic_signals", "19883", "1923943"],
          ["133458844", "33551989", "17", "11", "1130", "0", "0", "0", "0", "reversedirection=yes highway=secondary estimated_traffic_class=3", "estimated_crossing_class=0", "19885", "1924147"],
          ["133458933", "33551980", "17", "8", "1130", "0", "0", "20", "0", "reversedirection=yes highway=secondary estimated_traffic_class=3", "highway=crossing crossing=traffic_signals", "19887", "1924305"],
          ["133459364", "33551953", "18", "40", "1130", "0", "0", "0", "0", "reversedirection=yes highway=secondary estimated_traffic_class=3", "estimated_crossing_class=3", "19895", "1925111"],
          ["133459713", "33551932", "17", "32", "1130", "0", "0", "0", "0", "reversedirection=yes highway=secondary estimated_traffic_class=3", "estimated_crossing_class=3", "19901", "1925686"],
          ["133459853", "33551921", "17", "13", "1130", "0", "0", "0", "0", "reversedirection=yes highway=secondary estimated_traffic_class=3", "estimated_crossing_class=3", "19903", "1925902"],
          ["133459982", "33551915", "17", "12", "1130", "0", "0", "0", "0", "reversedirection=yes highway=secondary estimated_traffic_class=3", "estimated_crossing_class=3", "19905", "1926101"],
          ["133460236", "33551896", "17", "24", "1130", "0", "0", "0", "0", "reversedirection=yes highway=secondary estimated_traffic_class=3", "highway=crossing estimated_crossing_class=3", "19909", "1926501"],
          ["133460309", "33551891", "17", "7", "1130", "0", "0", "0", "0", "reversedirection=yes highway=secondary estimated_traffic_class=3", "estimated_crossing_class=3", "19910", "1926611"],
          ["133460395", "33551884", "17", "8", "1130", "0", "0", "0", "0", "reversedirection=yes highway=secondary estimated_traffic_class=3", "highway=crossing estimated_crossing_class=3", "19911", "1926737"],
          ["133461550", "33551795", "18", "108", "1130", "0", "0", "0", "0", "reversedirection=yes highway=secondary estimated_traffic_class=3", "estimated_crossing_class=3", "19930", "1928638"],
          ["133461625", "33551785", "18", "7", "1130", "0", "0", "0", "0", "reversedirection=yes highway=secondary estimated_traffic_class=3", "estimated_crossing_class=3", "19931", "1928768"],
          ["133462839", "33551634", "18", "113", "1130", "0", "0", "0", "0", "reversedirection=yes highway=secondary estimated_traffic_class=3", "estimated_crossing_class=3", "19951", "1930713"],
          ["133463679", "33551708", "22", "79", "1130", "0", "0", "0", "0", "reversedirection=yes highway=secondary estimated_traffic_class=3", "estimated_crossing_class=3", "19971", "1932774"],
          ["133464066", "33551769", "24", "37", "1130", "0", "0", "0", "0", "reversedirection=yes highway=secondary estimated_traffic_class=3", "estimated_crossing_class=3", "19982", "1933785"],
          ["133464481", "33551833", "26", "39", "1130", "0", "0", "0", "0", "reversedirection=yes highway=secondary estimated_traffic_class=3", "estimated_crossing_class=3", "19998", "1935380"],
          ["133464728", "33551870", "28", "23", "1130", "0", "0", "0", "0", "reversedirection=yes highway=secondary estimated_traffic_class=3", "highway=crossing estimated_crossing_class=3 crossing=uncontrolled", "20007", "1936355"],
          ["133464820", "33551882", "28", "9", "1130", "0", "0", "0", "0", "reversedirection=yes highway=secondary estimated_traffic_class=3", "estimated_crossing_class=3", "20011", "1936731"],
          ["133469701", "33552181", "37", "457", "1130", "110", "0", "0", "0", "reversedirection=yes highway=secondary estimated_traffic_class=3", "estimated_crossing_class=2", "20269", "1962469"],
          ["133470243", "33552232", "32", "51", "1130", "209", "0", "0", "0", "reversedirection=yes highway=secondary estimated_traffic_class=3", "estimated_crossing_class=3", "20273", "1962469"],
          ["133470404", "33552248", "31", "15", "1130", "61", "0", "20", "0", "reversedirection=yes highway=secondary estimated_traffic_class=3", "highway=crossing estimated_crossing_class=0 crossing=traffic_signals", "20274", "1962469"],
          ["133470874", "33552292", "28", "44", "1130", "140", "0", "0", "0", "reversedirection=yes highway=secondary estimated_traffic_class=3", "estimated_crossing_class=3", "20278", "1962469"],
          ["133471184", "33552330", "27", "29", "1130", "63", "0", "0", "0", "reversedirection=yes highway=secondary estimated_traffic_class=3", "estimated_crossing_class=3", "20280", "1962469"],
          ["133471290", "33552343", "26", "10", "1130", "21", "0", "0", "0", "reversedirection=yes highway=secondary estimated_traffic_class=3", "estimated_crossing_class=3", "20281", "1962469"],
          ["133472164", "33552383", "25", "85", "1200", "1", "17", "0", "0", "reversedirection=yes highway=residential", "estimated_crossing_class=3", "20288", "1963090"],
          ["133472603", "33552334", "27", "41", "1160", "0", "22", "0", "0", "reversedirection=yes highway=secondary estimated_traffic_class=4", "estimated_crossing_class=3", "20294", "1963642"],
          ["133472683", "33552325", "27", "7", "1160", "0", "0", "0", "0", "reversedirection=yes highway=secondary estimated_traffic_class=4", "highway=crossing estimated_crossing_class=3 crossing=uncontrolled", "20295", "1963741"],
          ["133473324", "33552258", "28", "60", "1160", "0", "0", "0", "0", "reversedirection=yes highway=secondary estimated_traffic_class=4", "estimated_crossing_class=3", "20302", "1964407"],
          ["133473412", "33552246", "29", "8", "1160", "0", "0", "0", "0", "reversedirection=yes highway=secondary estimated_traffic_class=4", "estimated_crossing_class=3", "20303", "1964523"],
          ["133474076", "33552216", "33", "62", "1160", "0", "0", "0", "0", "reversedirection=yes highway=secondary estimated_traffic_class=4", "estimated_crossing_class=3", "20320", "1966219"],
          ["133474920", "33552257", "24", "79", "1160", "0", "0", "0", "0", "reversedirection=yes highway=secondary estimated_traffic_class=4", "estimated_crossing_class=3", "20327", "1966959"],
          ["133475292", "33552271", "21", "35", "1160", "0", "0", "0", "0", "reversedirection=yes highway=secondary estimated_traffic_class=4", "estimated_crossing_class=3", "20330", "1967260"],
          ["133475867", "33552293", "19", "53", "1160", "89", "0", "20", "0", "reversedirection=yes highway=secondary estimated_traffic_class=4", "highway=crossing estimated_crossing_class=0 crossing=traffic_signals", "20334", "1967539"],
          ["133476127", "33552303", "18", "24", "1160", "8", "0", "0", "0", "reversedirection=yes highway=secondary estimated_traffic_class=4", "estimated_crossing_class=3", "20336", "1967747"],
          ["133476507", "33552280", "18", "35", "1160", "0", "0", "0", "0", "reversedirection=yes highway=secondary estimated_traffic_class=4", "estimated_crossing_class=3", "20340", "1968080"],
          ["133477006", "33552156", "19", "49", "1160", "0", "0", "0", "0", "reversedirection=yes highway=secondary estimated_traffic_class=4", "estimated_crossing_class=3", "20346", "1968680"],
          ["133477635", "33551884", "18", "65", "1160", "0", "1", "0", "0", "reversedirection=yes highway=secondary estimated_traffic_class=4", "estimated_crossing_class=3", "20354", "1969549"],
          ["133478069", "33551789", "19", "41", "1160", "0", "1", "0", "0", "reversedirection=yes highway=secondary estimated_traffic_class=4", "estimated_crossing_class=3", "20360", "1970069"],
          ["133478496", "33551767", "20", "40", "1160", "0", "0", "0", "0", "reversedirection=yes highway=secondary estimated_traffic_class=4", "estimated_crossing_class=3", "20364", "1970536"],
          ["133479475", "33551924", "20", "93", "1160", "0", "1", "0", "0", "reversedirection=yes highway=secondary estimated_traffic_class=4", "highway=crossing estimated_crossing_class=3 crossing=uncontrolled", "20378", "1971909"],
          ["133479619", "33551951", "19", "14", "1160", "0", "0", "0", "0", "reversedirection=yes highway=secondary estimated_traffic_class=4", "estimated_crossing_class=3", "20380", "1972101"],
          ["133479964", "33551976", "19", "32", "1160", "0", "0", "0", "0", "reversedirection=yes highway=secondary estimated_traffic_class=4", "estimated_crossing_class=3", "20384", "1972507"],
          ["133480380", "33551963", "19", "39", "1160", "0", "0", "0", "0", "reversedirection=yes highway=secondary estimated_traffic_class=4", "estimated_crossing_class=3", "20390", "1973066"],
          ["133481114", "33551852", "18", "69", "1160", "0", "0", "20", "0", "reversedirection=yes highway=secondary estimated_traffic_class=4", "highway=crossing estimated_crossing_class=0 crossing=traffic_signals", "20401", "1974167"],
          ["133481191", "33551835", "18", "7", "1160", "0", "0", "20", "0", "reversedirection=yes highway=secondary estimated_traffic_class=4", "highway=traffic_signals estimated_crossing_class=0 crossing=traffic_signals", "20401", "1974252"],
          ["133481845", "33551660", "14", "64", "1160", "0", "0", "0", "0", "reversedirection=yes highway=secondary estimated_traffic_class=4", "estimated_crossing_class=3", "20409", "1975029"],
          ["133482784", "33551291", "15", "97", "1160", "0", "0", "0", "0", "reversedirection=yes highway=secondary estimated_traffic_class=4", "estimated_crossing_class=3", "20424", "1976464"],
          ["133483241", "33551119", "15", "47", "1160", "0", "0", "0", "0", "reversedirection=yes highway=secondary estimated_traffic_class=4", "estimated_crossing_class=3", "20431", "1977252"],
          ["133483574", "33551063", "14", "32", "1160", "0", "2", "20", "0", "reversedirection=yes highway=secondary estimated_traffic_class=4", "highway=crossing estimated_crossing_class=0 crossing=traffic_signals", "20436", "1977759"],
          ["133483692", "33551066", "14", "11", "1160", "0", "0", "0", "0", "reversedirection=yes highway=secondary estimated_traffic_class=4", "estimated_crossing_class=0", "20438", "1977936"],
          ["133483795", "33551067", "14", "10", "1160", "0", "0", "0", "0", "reversedirection=yes highway=secondary estimated_traffic_class=4", "estimated_crossing_class=0", "20440", "1978097"],
          ["133484997", "33551188", "14", "113", "1160", "0", "2", "0", "0", "reversedirection=yes highway=secondary estimated_traffic_class=4", "railway=unknown", "20456", "1979750"],
          ["133485334", "33551175", "14", "31", "1160", "0", "0", "20", "0", "reversedirection=yes highway=secondary estimated_traffic_class=4", "highway=crossing estimated_crossing_class=0 crossing=traffic_signals", "20459", "1980060"],
          ["133485495", "33551155", "14", "15", "1160", "0", "0", "20", "0", "reversedirection=yes highway=secondary estimated_traffic_class=4", "highway=traffic_signals estimated_crossing_class=0", "20461", "1980232"],
          ["133485697", "33551123", "15", "19", "1290", "0", "0", "20", "0", "reversedirection=yes highway=primary surface=asphalt estimated_traffic_class=5", "highway=crossing estimated_crossing_class=0 crossing=traffic_signals", "20464", "1980471"],
          ["133486495", "33551042", "16", "75", "1290", "0", "0", "0", "0", "reversedirection=yes highway=primary surface=asphalt estimated_traffic_class=5", "estimated_crossing_class=4", "20477", "1981774"],
          ["133487339", "33550955", "14", "79", "1290", "0", "0", "20", "0", "reversedirection=yes highway=primary surface=asphalt estimated_traffic_class=5", "highway=crossing estimated_crossing_class=0 crossing=traffic_signals", "20486", "1982740"],
          ["133487434", "33550948", "14", "9", "1290", "0", "0", "0", "0", "reversedirection=yes highway=primary surface=asphalt estimated_traffic_class=5", "estimated_crossing_class=4", "20487", "1982856"],
          ["133487649", "33550596", "14", "44", "1100", "0", "42", "0", "0", "highway=unclassified", "estimated_crossing_class=3", "20493", "1983456"],
          ["133487677", "33550601", "14", "3", "1160", "0", "64", "20", "0", "reversedirection=yes highway=secondary estimated_traffic_class=4", "highway=crossing estimated_crossing_class=0 crossing=traffic_signals", "20494", "1983499"],
          ["133488190", "33550680", "14", "48", "1160", "0", "0", "0", "0", "reversedirection=yes highway=secondary estimated_traffic_class=4", "highway=crossing estimated_crossing_class=0 crossing=uncontrolled", "20502", "1984324"],
          ["133488321", "33550702", "14", "12", "1160", "0", "0", "0", "0", "reversedirection=yes highway=secondary estimated_traffic_class=4", "highway=crossing estimated_crossing_class=0", "20504", "1984529"],
          ["133488871", "33550792", "14", "52", "1160", "0", "0", "0", "0", "reversedirection=yes highway=secondary estimated_traffic_class=4", "estimated_crossing_class=3", "20512", "1985328"],
          ["133488931", "33550804", "14", "6", "1160", "0", "0", "20", "0", "reversedirection=yes highway=secondary estimated_traffic_class=4", "highway=crossing estimated_crossing_class=0 crossing=traffic_signals", "20513", "1985422"],
          ["133489044", "33550822", "14", "11", "1160", "0", "0", "0", "0", "reversedirection=yes highway=secondary estimated_traffic_class=4", "estimated_crossing_class=3", "20515", "1985585"],
          ["133489113", "33550833", "14", "7", "1160", "0", "0", "0", "0", "reversedirection=yes highway=secondary estimated_traffic_class=4", "estimated_crossing_class=3", "20516", "1985691"],
          ["133489472", "33550891", "13", "34", "1160", "0", "0", "0", "0", "reversedirection=yes highway=secondary estimated_traffic_class=4", "estimated_crossing_class=3", "20520", "1986137"],
          ["133489533", "33550901", "13", "6", "1160", "0", "0", "0", "0", "reversedirection=yes highway=secondary estimated_traffic_class=4", "estimated_crossing_class=3", "20521", "1986215"],
          ["133490593", "33551080", "13", "100", "1160", "0", "0", "0", "0", "reversedirection=yes highway=secondary estimated_traffic_class=4", "estimated_crossing_class=3", "20535", "1987640"],
          ["133490737", "33551105", "13", "14", "1160", "0", "0", "0", "0", "reversedirection=yes highway=secondary estimated_traffic_class=4", "highway=crossing estimated_crossing_class=0 crossing=uncontrolled", "20537", "1987855"],
          ["133490782", "33551112", "13", "4", "1160", "0", "0", "0", "0", "reversedirection=yes highway=secondary estimated_traffic_class=4", "estimated_crossing_class=3", "20538", "1987921"],
          ["133491719", "33551275", "13", "89", "1160", "0", "0", "0", "0", "reversedirection=yes highway=secondary estimated_traffic_class=4", "estimated_crossing_class=3", "20554", "1989465"],
          ["133492280", "33551373", "13", "53", "1160", "0", "0", "0", "0", "reversedirection=yes highway=secondary estimated_traffic_class=4", "estimated_crossing_class=3", "20563", "1990369"],
          ["133492518", "33551412", "13", "23", "1160", "0", "0", "0", "0", "reversedirection=yes highway=secondary estimated_traffic_class=4", "estimated_crossing_class=3", "20566", "1990759"],
          ["133492689", "33551442", "13", "16", "1160", "0", "0", "0", "0", "reversedirection=yes highway=secondary estimated_traffic_class=4", "estimated_crossing_class=3", "20569", "1991014"],
          ["133493245", "33551537", "12", "53", "1160", "0", "0", "0", "0", "reversedirection=yes highway=secondary estimated_traffic_class=4", "estimated_crossing_class=3", "20576", "1991722"],
          ["133493295", "33551547", "12", "5", "1160", "0", "0", "0", "0", "reversedirection=yes highway=secondary estimated_traffic_class=4", "highway=crossing crossing=uncontrolled", "20577", "1991788"],
          ["133493469", "33551576", "12", "16", "1160", "0", "0", "0", "0", "reversedirection=yes highway=secondary estimated_traffic_class=4", "estimated_crossing_class=3", "20579", "1992006"],
          ["133494085", "33551683", "11", "58", "1160", "0", "0", "0", "0", "reversedirection=yes highway=secondary estimated_traffic_class=4", "estimated_crossing_class=3", "20587", "1992807"],
          ["133494177", "33551699", "11", "9", "1160", "0", "0", "0", "0", "reversedirection=yes highway=secondary estimated_traffic_class=4", "estimated_crossing_class=3", "20588", "1992939"],
          ["133494339", "33551728", "12", "15", "1160", "0", "0", "0", "0", "reversedirection=yes highway=secondary estimated_traffic_class=4", "estimated_crossing_class=3", "20591", "1993174"],
          ["133494590", "33551771", "12", "24", "1160", "0", "0", "0", "0", "reversedirection=yes highway=secondary estimated_traffic_class=4", "estimated_crossing_class=3", "20595", "1993579"],
          ["133494929", "33551829", "12", "32", "1160", "0", "0", "0", "0", "reversedirection=yes highway=secondary estimated_traffic_class=4", "estimated_crossing_class=3", "20600", "1994151"],
          ["133495601", "33551948", "12", "64", "1160", "0", "0", "0", "0", "reversedirection=yes highway=secondary estimated_traffic_class=4", "estimated_crossing_class=3", "20610", "1995163"],
          ["133497017", "33552186", "10", "134", "1160", "0", "0", "0", "0", "reversedirection=yes highway=secondary estimated_traffic_class=4", "highway=crossing estimated_crossing_class=3 crossing=uncontrolled", "20628", "1996894"],
          ["133497097", "33552198", "10", "8", "1160", "0", "0", "0", "0", "reversedirection=yes highway=secondary estimated_traffic_class=4", "estimated_crossing_class=3", "20629", "1997023"],
          ["133497370", "33552254", "11", "26", "1160", "0", "0", "0", "0", "reversedirection=yes highway=secondary estimated_traffic_class=4", "highway=crossing estimated_crossing_class=0", "20635", "1997594"],
          ["133497561", "33552288", "12", "18", "1160", "0", "0", "0", "0", "reversedirection=yes highway=secondary estimated_traffic_class=4", "estimated_crossing_class=3", "20639", "1998021"],
          ["133500868", "33551565", "11", "322", "1100", "0", "15", "20", "0", "highway=unclassified", "highway=crossing crossing=traffic_signals", "20693", "2003384"],
          ["133500919", "33551537", "11", "6", "1100", "0", "1", "20", "0", "highway=unclassified", "highway=traffic_signals", "20694", "2003495"],
          ["133501161", "33551637", "11", "25", "1100", "0", "44", "20", "0", "reversedirection=yes highway=unclassified", "highway=crossing crossing=traffic_signals", "20699", "2004013"],
          ["133501316", "33551711", "12", "17", "1100", "0", "0", "20", "0", "reversedirection=yes highway=unclassified", "highway=traffic_signals estimated_crossing_class=0", "20703", "2004373"],
          ["133501424", "33551779", "12", "13", "1100", "0", "0", "20", "0", "reversedirection=yes highway=unclassified", "highway=crossing crossing=traffic_signals", "20705", "2004659"],
          ["133502777", "33552325", "11", "140", "1100", "0", "2", "0", "0", "reversedirection=yes highway=unclassified", "", "20732", "2007281"],
          ["133511736", "33552333", "5", "873", "1100", "0", "29", "0", "0", "highway=unclassified", "", "20855", "2019628"],
          ["133516928", "33554199", "5", "539", "1100", "0", "1", "20", "0", "reversedirection=yes highway=unclassified", "highway=traffic_signals estimated_crossing_class=0", "20944", "2028542"],
          ["133516957", "33554273", "5", "9", "1350", "0", "68", "20", "0", "reversedirection=yes highway=primary surface=asphalt estimated_traffic_class=6", "highway=crossing crossing=traffic_signals", "20946", "2028691"],
          ["133517012", "33555339", "7", "118", "1350", "0", "1", "0", "0", "reversedirection=yes highway=primary surface=asphalt estimated_traffic_class=6", "estimated_crossing_class=5", "20974", "2031520"],
          ["133517013", "33555408", "8", "8", "1350", "0", "0", "0", "0", "reversedirection=yes highway=primary surface=asphalt estimated_traffic_class=6", "highway=crossing", "20976", "2031719"],
          ["133517011", "33555673", "10", "29", "1350", "0", "0", "0", "0", "reversedirection=yes highway=primary surface=asphalt estimated_traffic_class=6", "estimated_crossing_class=0", "20981", "2032247"],
          ["133517010", "33555739", "10", "7", "1350", "0", "0", "0", "0", "reversedirection=yes highway=primary surface=asphalt estimated_traffic_class=6", "estimated_crossing_class=0", "20983", "2032391"],
          ["133517019", "33555847", "11", "12", "1350", "0", "0", "20", "0", "reversedirection=yes highway=primary surface=asphalt estimated_traffic_class=6", "highway=crossing crossing=traffic_signals", "20986", "2032687"],
          ["133517025", "33555936", "11", "10", "1350", "0", "0", "20", "0", "reversedirection=yes highway=primary surface=asphalt estimated_traffic_class=6", "highway=traffic_signals estimated_crossing_class=0", "20988", "2032909"],
          ["133522979", "33555964", "9", "553", "1100", "0", "85", "20", "0", "reversedirection=yes highway=unclassified", "highway=traffic_signals", "21090", "2043162"],
          ["133527290", "33555977", "7", "401", "1100", "0", "0", "0", "0", "reversedirection=yes highway=unclassified", "", "21153", "2049467"],
          ["133529516", "33556538", "8", "218", "1090", "0", "2", "0", "0", "highway=tertiary estimated_traffic_class=5", "highway=crossing crossing=marked", "21195", "2053660"],
          ["133532281", "33557031", "12", "263", "1090", "0", "0", "20", "0", "highway=tertiary estimated_traffic_class=5", "highway=crossing crossing=traffic_signals", "21243", "2058390"],
          ["133532354", "33557044", "12", "7", "1090", "0", "0", "20", "0", "highway=tertiary estimated_traffic_class=5", "highway=traffic_signals traffic_signals=signal", "21244", "2058531"],
          ["133532461", "33557062", "13", "10", "1090", "0", "0", "20", "0", "highway=tertiary estimated_traffic_class=5", "highway=traffic_signals", "21247", "2058773"],
          ["133532444", "33557136", "14", "8", "1060", "0", "89", "20", "0", "highway=tertiary surface=asphalt estimated_traffic_class=4", "highway=crossing crossing=traffic_signals", "21249", "2058988"],
          ["133532254", "33557961", "13", "93", "1060", "0", "0", "20", "0", "highway=tertiary surface=asphalt estimated_traffic_class=4", "highway=crossing crossing=traffic_signals", "21269", "2060989"],
          ["133532235", "33558043", "13", "9", "1060", "0", "0", "20", "0", "highway=tertiary surface=asphalt estimated_traffic_class=4", "highway=traffic_signals", "21270", "2061152"],
          ["133532222", "33558107", "13", "7", "1060", "0", "0", "0", "0", "highway=tertiary surface=asphalt estimated_traffic_class=4", "railway=unknown", "21273", "2061392"],
          ["133532216", "33558135", "13", "3", "1060", "0", "0", "0", "0", "highway=tertiary surface=asphalt estimated_traffic_class=4", "railway=unknown", "21274", "2061491"],
          ["133532206", "33558189", "12", "6", "1060", "0", "0", "20", "0", "highway=tertiary surface=asphalt estimated_traffic_class=4", "highway=traffic_signals", "21276", "2061675"],
          ["133532466", "33558242", "14", "25", "1500", "0", "82", "20", "0", "highway=trunk surface=asphalt oneway=yes", "highway=crossing crossing=traffic_signals", "21282", "2062276"],
          ["133534043", "33558559", "13", "151", "1500", "0", "0", "20", "0", "highway=trunk surface=asphalt oneway=yes", "highway=crossing crossing=traffic_signals", "21316", "2065703"],
          ["133534027", "33558614", "12", "6", "1200", "0", "90", "0", "0", "highway=footway surface=asphalt foot=designated bicycle=designated", "", "21317", "2065809"],
          ["133534041", "33559007", "7", "47", "7000", "0", "53", "0", "0", "reversedirection=yes highway=footway surface=paving_stones", "", "21322", "2066364"]
        ],
        "times": [0.18,2.706,5.928,9.657,15.897,16.697,17.897,23.817,24.217,25.257,25.737,32.718,34.099,37.612,39.23,40.517,44.086,58.594,61.388,63.789,64.765,65.677,68.28,70.736,72.654,75.529,77.279,79.957,99.942,108.419,112.463,114.933,118.565,122.227,126.187,128.335,129.727,132.952,142.628,188.494,194.845,204.872,224.065,245.618,254.382,256.98,260.387,265.01,271.49,272.248,273.989,276.078,284.336,286.811,289.583,290.335,295.883,297.726,303.511,310.123,314.132,319.018,325.142,329.606,330.814,332.503,332.9,334.923,335.197,335.748,342.584,346.415,348.314,350.245,354.417,363.267,364.903,394.412,397.014,402.844,404.866,409.272,422.688,424.883,427.232,449.38,452.758,455.709,457.587,469.941,500.16,501.991,504.529,529.248,533.183,535.24,537.773,542.528,544.698,549.336,552.592,556.418,559.268,568.937,639.639,646.678,656.288,664.144,710.145,717.636,724.132,734.015,737.761,741.897,748.302,754.736,761.406,763.897,766.43,774.059,775.828,786.761,789.446,793.523,799.435,805.426,808.558,809.142,812.732,814.005,815.443,816.814,819.178,826.925,831.485,834.325,835.074,835.491,836.415,837.586,839.331,840.089,849.307,849.923,850.504,851.496,852.571,853.207,856.046,856.929,864.601,867.998,872.262,877.13,883.259,888.84,895.746,904.036,911.115,920.782,923.49,925.176,926.741,929.825,933.424,941.377,955.105,972.191,977.516,984.016,989.62,995.833,998.324,999.081,1000.663,1001.197,1001.568,1002.083,1003.568,1006.731,1008.325,1008.558,1009.965,1010.252,1012.218,1014.26,1023.022,1035.782,1049.013,1052.118,1058.102,1066.582,1068.614,1073.822,1075.099,1079.837,1085.094,1111.148,1116.901,1121.603,1133.801,1141.091,1143.801,1148.624,1158.404,1160.274,1161.832,1164.125,1166.314,1169.32,1174.944,1188.454,1192.793,1198.024,1202.39,1207.207,1213.2,1216.823,1219.775,1222.841,1284.059,1325.742,1365.868,1381.344,1504.899,1512.093,1517.094,1525.908,1533.388,1553.27,1556.992,1562.161,1568.167,1572.249,1587.413,1610.34,1657.504,1692.557,1727.748,1762.387,1774.194,1788.588,1801.468,1849.047,1852.174,1855.679,1858.288,1860.211,1861.331,1865.254,1866.904,1873.114,1879.181,1884.268,1898.011,1910.647,1981.645,2027.629,2038.697,2058.593,2074.224,2087.751,2109.742,2126.645,2134.515,2215.779,2225.126,2234.567,2239.65,2243.829,2248.788,2256.497,2261.27,2270.343,2274.25,2277.932,2286.037,2289.892,2295.533,2298.086,2310.111,2314.873,2318.777,2321.375,2323.597,2325.117,2325.517,2326.397,2328.397,2329.917,2330.397,2330.957,2331.437,2332.953,2333.704,2338.077,2338.845,2339.549,2340.128,2343.584,2346.938,2364.483,2371.421,2377.398,2402.809,2413.651,2435.416,2449.344,2477.091,2491.893,2505.343,2538.005,2625.615,2635.202,2646.377,2655.215,2665.564,2674.221,2678.249,2681.413,2683.573,2684.702,2685.215,2685.639,2687.292,2688.768,2693.832,2700.614,2707.675,2711.384,2714.759,2718.39,2723.881,2740.448,2750.28,2759.214,2765.919,2770.443,2772.794,2773.78,2774.58,2775.3,2776.179,2776.819,2778.022,2779.699,2787.846,2793.295,2799.722,2803.978,2807.407,2812.512,2813.943,2817.881,2829.705,2840.017,2849.179,2860.959,2863.883,2866.457,2869.05,2874.747,2879.868,2890.664,2906.646,2910.64,2917.406,2923.497,2943.181,2956.137,2986.706,3001.666,3009.254,3018.47,3028.989,3044.801,3050.825,3056.793,3061.287,3066.464,3070.983,3079.02,3085.216,3090.776,3100.803,3104.818,3115.108,3120.42,3153.908,3170.412,3177.928,3182.611,3187.091,3191.143,3195.524,3204.375,3207.036,3213.288,3232.763,3240.176,3248.609,3258.015,3268.072,3279.706,3395.157,3465.862,3468.342,3470.502,3471.782,3473.142,3474.502,3476.662,3477.622,3479.302,3484.182,3485.062,3485.782,3486.982,3488.102,3489.462,3490.022,3490.662,3491.942,3493.142,3494.262,3497.862,3507.862,3517.862,3519.302,3522.102,3523.622,3527.382,3530.527,3532.422,3542.747,3545.11,3547.879,3549.988,3551.668,3556.629,3560.142,3572.42,3575.211,3577.525,3579.382,3581.193,3582.254,3585.457,3599.801,3607.563,3624.438,3626.543,3632.413,3636.264,3641.01,3643.784,3647.727,3652.167,3655.961,3657.663,3660.991,3662.451,3670.81,3674.596,3677.899,3680.632,3683.247,3684.429,3686.981,3694.493,3695.53,3696.514,3701.731,3705.771,3706.805,3708.048,3710.224,3711.92,3713.785,3722.4,3728.275,3730.486,3731.503,3732.35,3740.466,3754.395,3755.355,3763.198,3776.6,3779.209,3781.952,3790.004,3791.159,3793.064,3795.364,3798.128,3806.409,3815.439,3817.844,3820.721,3828.325,3831.736,3834.97,3838.697,3846.353,3859.646,3864.208,3866.094,3867.738,3870.06,3871.131,3873.297,3874.549,3884.763,3904.415,3912.927,3922.907,3926.347,3930.843,3941.783,3965.16,3974.113,3979.522,3981.56,3983.831,3985.792,3989.815,3992.583,3996.559,3998.588,4000.178,4001.566,4006.606,4009.566,4014.303,4021.569,4028.924,4032.83,4044.235,4047.189,4049.92,4055.97,4056.916,4057.51,4057.957,4062.334,4063.001,4067.877,4068.951,4070.325,4092.543,4096.657,4100.232,4107.19,4123.125,4125.192,4132.441,4136.458,4142.601,4154.385,4155.128,4163.499,4170.702,4174.336,4174.714,4217.716,4220.267,4226.826,4232.031,4239.151,4244.259,4247.876,4251.463,4261.488,4263.891,4265.912,4269.499,4274.901,4275.478,4276.521,4282.727,4286.525,4295.2,4297.221,4299.89,4309.601,4327.091,4337.008,4342.494,4345.446,4351.655,4354.818,4356.056,4357.191,4359.037,4360.764,4375.752,4380.029,4383.244,4385.38,4387.052,4394.438,4401.332,4410.317,4414.786,4416.564,4423.618,4431.486,4434.57,4439.81,4441.647,4446.526,4449.432,4454.159,4459.678,4464.948,4467.942,4470.433,4488.758,4536.431,4549.6,4552.585,4555.173,4557.488,4561.041,4563.618,4565.636,4570.715,4577.209,4583.096,4583.855,4591.339,4592.67,4593.715,4594.617,4602.747,4603.766,4605.067,4607.491,4610.282,4611.61,4612.104,4613.945,4614.182,4616.875,4619.421,4620.866,4623.832,4628.869,4631.892,4634.411,4636.463,4641.147,4646.591,4651.197,4656.03,4661.428,4669.366,4676.785,4685.312,4686.579,4695.17,4701.229,4715.559,4727.361,4733.287,4766.945,4775.036,4782.797,4785.271,4787.644,4796.206,4813.37,4816.472,4817.452,4821.107,4826.534,4829.898,4836.376,4842.424,4868.557,4877.354,4884.86,4891.333,4896.65,4903.93,4913.925,4920.12,4965.806,4977.159,5004.488,5010.741,5033.112,5038.916,5051.635,5053.874,5055.208,5056.434,5062.594,5065.554,5068.114,5069.074,5070.779,5072.379,5073.516,5074.954,5077.103,5080.018,5081.614,5088.473,5091.277,5092.963,5098.726,5101.859,5106.204,5110.151,5110.656,5112.112,5113.326,5114.366,5122.984,5128.338,5131.928,5134.502,5136.261,5147.857,5159.745,5164.719,5168.274,5187.228,5198.007,5207.074,5217.985,5228.812,5258.188,5270.289,5273.024,5280.013,5287.967,5291.263,5308.897,5311.799,5323.239,5326.877,5329.406,5332.123,5342.729,5344.542,5348.625,5353.134,5373.011,5382.987,5387.79,5393.064,5398.454,5432.454,5608.912,5642.944,5656.507,5658.814,5660.701,5666.099,5667.955,5670.308,5671.668,5672.548,5673.428,5679.214,5680.744,5681.988,5684.468,5686.788,5687.908,5689.028,5690.148,5692.628,5693.668,5695.028,5696.229,5697.429,5703.749,5704.491,5706.643,5708.104,5712.104,5713.505,5716.22,5721.5,5724.018,5724.671,5730.633,5735.704,5746.777,5747.93,5754.861,5758.574,5760.407,5765.251,5767.686,5770.566,5774.507,5780.856,5781.884,5782.895,5784.744,5788.284,5789.983,5794.172,5801.103,5806.182,5812.542,5813.987,5815.847,5816.944,5818.058,5819.328,5822.978,5827.873,5832.118,5837.154,5838.731,5839.479,5841.85,5842.882,5863.143,5864.803,5868.743,5872.898,5896.115,5912.71,5919.92,5953.399,5957.176,5963.601,5975.343,5979.27,5992.534,6002.407,6006.413,6009.647,6012.796,6020.243,6075.507,6082.853,6096.695,6136.203,6141.139,6144.552,6146.928,6154.469,6156.793,6170.882,6173.77,6177.015,6181.29,6183.035,6184.756,6187.468,6196.521,6211.572,6222.497,6238.252,6261.456,6272.587,6284.109,6287.147,6289.172,6295.616,6303.444,6310.004,6313.245,6317.04,6319.302,6321.706,6326.831,6336.167,6346.013,6369.23,6375.674,6382.962,6388.587,6397.816,6401.477,6405.395,6422.118,6435.318,6451.949,6469.476,6478.691,6485.42,6489.157,6490.667,6491.721,6493.028,6494.235,6495.719,6496.967,6500.559,6502.865,6505.029,6507.011,6509.749,6512.296,6539.127,6542.098,6546.996,6582.068,6627.612,6638.296,6661.312,6676.348,6680.757,6691.648,6692.688,6694.208,6712.048,6713.054,6716.702,6722.243,6733.47,6737.688,6741.971,6747.633,6766.308,6768.481,6771.002,6775.61,6784.642,6786.705,6788.923,6799.627,6803.849,6810.308,6824.032,6831.26,6849.055,6855.497,6873.856,6892.229,6894.686,6896.665,6901.305,6903.037,6905.505,6924.199,6928.252,6934.328,6937.513,6941.813,6946.791,6949.907,6953.037,6957.951,6961.008,6968.342,6970.366,6974.212,6976.651,6982.83,6989.326,7000.913,7006.378,7016.56,7021.415,7025.349,7027.048,7036.066,7047.267,7051.774,7056.559,7059.327,7067.963,7074.546,7076.401,7079.169,7080.952,7115.309,7126.394,7143.993,7148.259,7159.859,7161.662,7163.137,7163.937,7166.895,7168.592,7171.325,7171.957,7174.224,7183.258,7212.07,7217.026,7221.312,7225.989,7240.129,7243.716,7249.869,7277.874,7288.675,7298.516,7305.29,7312.853,7317.401,7327.115,7347.296,7358.657,7370.332,7379.436,7385.31,7390.915,7392.852,7399.747,7413.095,7454.978,7464.436,7478.275,7482.78,7488.829,7494.177,7496.577,7497.537,7498.497,7499.297,7503.3,7509.628,7511.785,7515.671,7518.552,7520.861,7522.785,7525.131,7527.628,7529.455,7530.761,7531.712,7535.79,7537.709,7538.43,7539.79,7540.91,7542.83,7547.063,7557.924,7564.274,7638.386,7650.746,7657.546,7681.579,7692.248,7694.468,7697.713,7719.917,7730.78,7734.167,7738.155,7741.326,7745.806,7746.507,7747.48,7759.633,7762.194,7768.483,7781.394,7803.133,7810.583,7823.399,7835.358,7850.985,7866.969,7872.479,7879.552,7882.446,7892.558,7897.707,7904.824,7912.098,7913.294,7916.482,7922.453,7928.623,7937.643,7947.086,7955.318,7966.049,7975.28,7990.185,7999.842,8005.432,8025.768,8034.53,8040.369,8043.191,8048.547,8051.231,8053.18,8058.38,8060.14,8064.38,8065.66,8066.38,8067.42,8068.786,8070.146,8071.746,8085.565,8087.262,8102.953,8128.965,8137.724,8152.686,8157.375,8162.045,8167.471,8169.502,8172.386,8175.399,8186.042,8191.409,8197.734,8215.618,8220.235,8221.363,8223.299,8225.656,8229.879,8273.821,8283.802,8300.066,8314.595,8329.694,8345.412,8367.239,8373.848,8376.771,8379.183,8403.92,8428.897,8432.27,8434.15,8436.321,8439.544,8458.78,8466.66,8471.645,8475.646,8480.028,8485.955,8493.975,8497.683,8501.3,8504.66,8505.7,8506.58,8507.62,8508.702,8509.938,8512.722,8640.409,8662.908,8675.977,8684.415,8692.925,8697.869,8700.703,8703.184,8704.624,8705.584,8706.864,8727.859,8731.76,8737.301,8747.911,8763.225,8784.773,8789.316,8791.551,8793.223,8794.71,8796.54,8799.574,8918.209,8956.641,8963.759,8965.96,8967.518,8968.718,8970.158,8972.238,8973.519,8975.839,8977.279,8979.439,8980.64,8981.84,8984.399,8988.64,8990.96,8994.489,9001.619,9003.395,9007.218,9009.425,9024.258,9029.258,9034.511,9045.601,9056.562,9097.912,9108.259,9130.241,9141.346,9151.474,9181.445,9195.692,9210.333,9225.777,9240.392,9249.121,9282.166,9297.334,9308.362,9318.771,9329.03,9333.153,9336.033,9344.514,9348.386,9354.993,9358.611,9361.422,9363.787,9365.268,9367.546,9373.973,9379.799,9391.536,9402.547,9497.668,9521.485,9541.752,9554.787,9560.547,9563.187,9566.235,9567.89,9579.867,9583.648,9587.769,9592.132,9596.66,9603.701,9610.051,9639.653,9644.216,9646.973,9654.753,9656.44,9658.724,9663.523,9665.697,9666.817,9667.938,9669.022,9689.167,9693.202,9762.634,9820.049,10129.254,10132.135,10140.215,10160.02,10174.299,10180.222,10184.622,10188.462,10195.139,10210.346,10212.066,10220.853,10222.156,10223.517,10224.076,10224.557,10225.757,10226.797,10227.517,10229.036,10236.495,10239.566,10241.568,10244.575,10249.055,10405.994,10425.439,10430.226,10432.798,10435.645,10439.744,10441.732,10443.093,10445.811,10450.3,10455.064,10458.247,10462.588,10470.633,10478.229,10484.004,10503.799,10517.309,10533.218,10576.402,10582.378,10588.076,10604.323,10607.734,10636.046,10708.743,10732.569,10738.292,10746.195,10765.905,10781.558,10792.32,10797.345,10817.537,10860.156,10919.888,10936.123,10993.502,11010.16,11022.726,11033.1,11066.935,11120.437,11261.262,11278.314,11301.439,11329.022,11336.153,11395.938,11507.652,11580.595,11722.641,11765.296,11789.742,11811.076,11825.826,11835.581,11850.758,11854.143,11860.317,11868.328,11887.869,11910.874,11943.993,12024.499,12052.982,12060.618,12062.714,12087.779,12090.343,12096.097,12134.021,12151.186,12202.923,12227.395,12277.899,12283.146,12285.979,12290.022,12293.939,12306.522,12312.755,12318.747,12341.04,12363.798,12377.055,12384.357,12388.096,12388.627,12391.095,12393.022,12394.942,12396.854,12397.411,12400.33,12407.874,12416.885,12418.011,12419.938,12423.048,12427.277,12442.995,12451.286,12458.435,12470.627,12479.223,12484.871,12490.338,12498.575,12506.556,12520.887,12565.081,12582.157,12602.335,12621.86,12632.249,12675.346,12685.287,12699.909,12710.687,12733.12,12737.861,12747.592,12757.525,12763.02,12784.646,12794.152,12838.163,12878.793,12948.025,12964.767,13044.214,13064.045,13189.492,13212.144,13244.715,13255.575,13279.641,13290.079,13294.719,13295.999,13296.719,13297.839,13301.427,13305.045,13313.626,13316.089,13412.896,13462.596,13490.553,13519.303,13537.401,13540.087,13542.181,13543.809,13545.489,13548.929,13549.169,13550.129,13551.409,13553.169,13554.289,13555.009,13556.289,13570.626,13578.324,13593.164,13597.269,13603.786,13607.454,13611.613,13612.733,13616.974,13617.773,13620.894,13622.894,13624.894,13626.414,13629.294,13629.854,13630.894,13632.174,13632.974,13636.494,13638.094,13639.854,13640.733,13643.773,13644.573,13646.254,13648.334,13650.174,13654.733,13656.014,13656.733,13657.454,13657.934,13658.494,13659.374,13660.653,13661.534,13662.813,13665.693,13666.733,13667.374,13667.773,13668.014,13669.773,13671.533,13672.573,13672.813,13673.693,13674.573,13675.454,13676.573,13676.813,13678.499,13683.921,13689.787,13692.206,13694.392,13695.094,13695.814,13697.334,13697.895,13698.534,13699.094,13700.294,13711.895,13716.641,13726,13732.061,13738.78,13740.459,13741.078,13752.502,13753.214,13755.82,13764.228,13772.51,13775.23,13777.63,13781.79,13783.704,13784.653,13785.939,13787.309,13789.794,13790.607,13791.362,13792.118,13793.949,13798.846,13802.145,13804.747,13807.092,13809.747,13813.477,13817.443,13820.984,13824.251,13826.41,13828.41,13832.011,13834.091,13835.771,13839.851,13843.211,13845.211,13846.41,13847.931,13850.65,13852.41,13853.53,13858.251,13859.45,13860.49,13861.69,13863.61,13866.57,13871.603,13875.282,13876.643,13881.983,13887.446,13891.459,13895.252,13898.016,13900.135,13903.254,13904.534,13905.334,13906.454,13907.574,13909.574,13911.895,13916.294,13917.975,13919.175,13920.374,13922.215,13925.082,13926.364,13927.885,13929.97,13941.808,13943.837,13947.674,13956.399,13959.672,13963.687,13965.54,13966.556,13968.796,13971.836,13972.876,13973.756,13975.116,13978.316,13979.533,13982.033,13984.645,13986.853,13990.665,14000.639,14008.102,14009.558,14011.702,14016.768,14018.208,14022.531,14030.611,14038.131,14039.411,14049.797,14058.076,14072.65,14112.316,14121.493,14124.733,14128.858,14130.68,14134.343,14139.231,14142.2,14145.033,14149.5,14154.864,14158.075,14159.992,14161.648,14165.419,14171.113,14183.779,14200.938,14217.688,14232.008,14233.955,14235.84,14237.416,14239.016,14245.759,14247.741,14248.729,14250.088,14252.08,14252.996,14254.22,14258.845,14262.186,14315.604,14318.688,14370.333,14379.528,14384.575,14395.967,14447.001,14476.599,14487.441,14531.549,14561.571,14656.249,14660.889,14664.409,14665.689,14678.009,14679.049,14680.169,14681.649,14684.592,14695.211,14701.744,14707.1,14729.803,14741.371,14752.067,14789.384,14794.427,14799.809,14802.846,14805.485,14808.976,14813.424,14831.017,14833.842,14840.016,14849.735,14920.719,14943.772,14959.596,14965.831,14972.551,14974.631,14978.071,14980.711,14984.071,14985.991,14987.48,14990.777,14993.688,14997.749,15004.384,15012.093,15055.972,15104.543,15133.134,15151.755,15165.405,15176.645,15183.807,15189.842,15195.289,15202.741,15209.297,15212.144,15215.16,15218.52,15222.294,15223.746,15226.242,15227.282,15231.603,15235.122,15238.082,15240.562,15242.162,15247.282,15248.722,15250.643,15252.014,15260.166,15263.083,15267.203,15275.553,15280.174,15283.235,15287.6,15293.179,15297.503,15307.137,15312.974,15328.992,15345.43,15362.766,15376.343,15403.783,15442.712,15514.713,15523.193,15524.474,15525.753,15527.087,15528.9,15530.545,15533.604,15547.302,15552.857,15554.565,15555.791,15557.071,15569.071,15570.659,15572.165,15574.771,15591.803,15615.813,15633.802,15647.823,15657.209,15666.129,15673.5,15683.42,15684.461,15685.5,15686.461,15687.5,15688.381,15689.42,15694.298,15701.98,15713.114,15756.243,15763.891,15773.008,15778.684,15789.209,15797.337,15803.566,15805.331,15806.999,15809.249,15814.934,15834.42,15865.401,15870.806,15878.092,15886.68,15906.095,15912.396,15915.742,15919.375,15921.238,15922.735,15927.615,15928.895,15930.016,15931.215,15931.936,15935.024,15956.083,15961.249,15964.247,15971.921,15973.809,15975.682,15977.232,15981.172,15985.051,15988.391,16000.805,16003.572,16013.684,16030.468,16035.671,16039.006,16043.659,16047.516,16053.215,16055.977,16059.076,16066.542,16070.564,16077.928,16091.443,16107.309,16111.04,16120.18,16121.616,16122.896,16124.097,16125.654,16144.518,16146.466,16148.834,16151.393,16153.971,16156.151,16161.345,16163.518,16165.278,16166.871,16168.48,16169.828,16171.546,16173.327,16175.411,16181.56,16183.327,16184.42,16186.78,16199.066,16227.089,16237.475,16245.252,16259.098,16262.295,16266.033,16276.811,16280.875,16287.235,16308.448,16311.859,16316.499,16326.855,16355.748,16361.348,16366.244,16374.701,16386.902,16392.566,16397.686,16410.822,16468.428,16474.455,16480.4,16494.043,16498.764,16503.072,16504.092,16505.621,16507.199,16509.211,16510.031,16513.016,16514.391,16515.242,16517.793,16519.42,16534.059,16538.576,16545.748,16548.531,16551.232,16554.891,16559.318,16576.725,16595.496,16610.812,16612.928,16620.07,16624.016,16626.195,16629.098,16653.291,16659.891,16665.92,16676.398,16677.84,16679.486,16681.463,16683.051,16685.355,16689.006,16718.775,16722.117,16726.365,16732.115,16761.818,16765.514,16770.502,16774.543,16793.113,16854.07,16867.467,16870.578,16888.688,16896.041,16903.158,16915.98,16921.439,16924.17,16927.17,16929.494,16940.992,16949.578,16953.629,16964.514,16967.424,16975.557,16996.252,17006.408,17013.693,17019.979,17024.855,17027.787,17059.158,17064.773,17070.531,17074.684,17081.615,17091.883,17103.002,17109.363,17116.098,17122.229,17124.549,17125.51,17127.58,17139.549,17142.906,17146.047,17148.43,17153.086,17176.754,17180.543,17182.857,17183.793,17187.885,17190.434,17192.244,17213.516,17216.617,17220.152,17223.668,17278.475,17300.047,17312.943,17316.092,17320.846,17326.41,17339.955,17344.941,17348.99,17353.271,17354.93,17357.252,17358.592,17366.973,17371.203,17378.258,17399.27,17408.631,17415.051,17441.322,17448.865,17450.465,17454.545,17456.465,17457.445,17479.428,17485.881,17490.537,17516.426,17520.277,17527.65,17539.582,17547.359,17553.908,17610.188,17635.473,17642.088,17647.324,17658.043,17662.49,17664.59,17666.273,17668.16,17672.533,17683.646,17684.223,17697.514,17698.232,17699.857,17708.928,17713.363,17716.498,17719.316,17723.449,17758.973,17778.779,17854.82,17858.174,17865.646,17874.711,17890.48,17892.598,17894.68,17897.76,17901.305,17908.057,17914.494,17918.568,17922.41,17925.607,17928.52,17932.738,17937.523,17942.021,17957.002,17980.727,17986.238,17990.086,17994.934,18035.242,18039.723,18042.006,18045.764,18053.105,18054.727,18057.404,18063.756,18080.838,18086.176,18109.551,18125.254,18133.939,18159.504,18164.17,18172.672,18181.186,18186.879,18188.57,18194.48,18212.082,18220.609,18233.533,18259.625,18269.299,18279.701,18285.969,18294.758,18304.766,18306.746,18308.729,18326.6,18329.365,18331.363,18337.684,18343.252,18345.324,18348.164,18350.715,18353.904,18362.59,18364.605,18369.562,18385.398,18389.438,18394.238,18399.605,18405.699,18417.805,18421.719,18431.156,18444.418,18469.135,18495.266,18499.504,18506.613,18511.877,18525.021,18526.891,18533.445,18544.326,18545.121,18561.016,18570.57,18583.777,18590.693,18591.23,18592.172,18592.615,18599.461,18600.492,18619.148,18636.387,18675.035,18738.852,18745.84,18747.871,18752.652,18763.043,18765.02,18767.328,18772.953,18775.766,18783.793,18786.906,18789.312,18798.699,18804.203,18816.229,18817.555,18819.102,18848.219,18852.541,18855.695,18859.223,18864.668,18893.363,18912.398,18924.443,18936.258,18945.965,18961.748,18968.549,19013.352,19018.537,19025.121,19033.307,19045.096,19047.021,19049.172,19059.467,19063.344,19068.352,19073.125,19082.58,19086.438,19090.852,19094.855,19097.748,19100.789,19105.807,19108.141,19123.281,19132.775,19136.801,19139.131,19140.91,19143.07,19144.191,19145.969,19149.957,19154.225,19167.646,19189.373,19193.613,19197.293,19205.803,19212.014,19216.549,19219.172,19220.373,19221.432,19222.039,19232.35,19248.396,19251.113,19254.338,19257.363,19259.629,19261.799,19263.664,19267.391,19268.287,19271.006,19278.777,19279.629,19286.141,19294.469,19295.887,19298.938,19303.738,19311.045,19311.836,19315.344,19319.109,19322.918,19333.572,19338.613,19346.93,19356.238,19359.195,19365.33,19369.908,19373.332,19377.238,19386.238,19387.316,19388.389,19397.281,19400.023,19400.484,19408.4,19409.324,19424.781,19425.809,19427.293,19434.27,19435.928,19437.943,19439.326,19440.59,19442.16,19457.557,19461.045,19471.852,19475.096,19476.475,19478.949,19484.783,19488.742,19495.838,19502.684,19516.666,19518.945,19529.797,19540.254,19549.502,19555.822,19560.891,19576.328,19599.113,19613.719,19615.92,19632.404,19642.262,19657.26,19675.684,19681.617,19682.17,19690.484,19699.846,19702.336,19709.141,19732.688,19733.535,19737.037,19740.223,19741.609,19743.26,19756.678,19767.602,19776.061,19794.672,19796.553,19808.072,19814.451,19820.869,19829.891,19837.75,19846.953,19852.557,19856.262,19858.969,19860.553,19861.359,19864.113,19864.787,19867.281,19878.781,19883.684,19885.727,19887.299,19895.363,19901.109,19903.27,19905.266,19909.266,19910.361,19911.621,19918.439,19930.629,19931.926,19937.211,19943.391,19949.465,19951.373,19956.66,19961.967,19967.104,19971.98,19982.092,19998.035,20007.777,20011.539,20024.086,20039.686,20189.867,20225.494,20242.223,20246.328,20249.047,20255.322,20265.324,20267.244,20269.404,20273.484,20274.684,20278.205,20280.523,20281.324,20282.523,20283.725,20284.848,20285.918,20286.727,20287.795,20288.855,20294.375,20295.359,20302.016,20303.18,20310.592,20320.129,20327.531,20330.541,20334.781,20336.863,20338.803,20340.191,20342.168,20346.193,20349.354,20354.877,20358.168,20360.08,20363.852,20364.746,20369.18,20378.477,20380.396,20383.205,20384.461,20387.486,20390.045,20392.807,20397.328,20401.061,20401.906,20409.672,20412.295,20424.021,20431.904,20434.588,20436.979,20438.742,20440.352,20451.059,20454.555,20456.875,20459.984,20461.693,20464.086,20477.121,20486.77,20487.932,20488.984,20492.805,20493.365,20493.932,20494.357,20502.617,20504.668,20512.65,20513.594,20515.229,20516.279,20520.748,20521.525,20535.77,20537.914,20538.574,20554.012,20563.055,20566.957,20569.508,20576.582,20577.248,20579.426,20587.436,20588.748,20591.105,20595.154,20600.871,20610.992,20620.311,20628.297,20629.582,20635.295,20639.557,20642.486,20646.129,20652.914,20657.477,20660.092,20662.254,20663.188,20666.002,20670.176,20674.43,20684.064,20693.182,20694.293,20699.469,20703.076,20705.928,20708.652,20720.332,20722.527,20723.617,20725.984,20727.166,20732.148,20736.26,20737.818,20741.91,20746.316,20746.871,20751.873,20764.082,20764.584,20765.369,20765.961,20774.102,20798.41,20804.336,20814.455,20821.057,20825.174,20827.951,20832.859,20842.807,20847.891,20855.607,20860.957,20874.91,20884.484,20888.443,20890.299,20900.291,20905.297,20911.285,20919.59,20926.035,20930.039,20935.223,20938.492,20942.27,20943.258,20944.742,20945.57,20946.23,20947.223,20973.412,20974.516,20976.502,20981.787,20983.227,20986.184,20988.398,20990.129,21017.775,21024.291,21038.453,21053.369,21078.887,21088.859,21090.928,21093.156,21103.354,21125.656,21126.604,21127.873,21151.199,21152.797,21153.975,21155.312,21159.254,21160.074,21161.387,21195.723,21195.902,21197.34,21199.061,21209.777,21214.936,21216.297,21217.734,21243.199,21244.605,21247.027,21249.17,21269.176,21270.805,21273.205,21274.203,21276.033,21279.641,21282.051,21316.307,21317.373,21318.25,21318.666,21319.924,21321.266,21322.914]
      },
      "geometry": {
        "type": "LineString",
        "coordinates": [
          [133.27974, 33.39997, 27.25],
          [133.27977, 33.39983, 26.75],
          [133.27978, 33.39961, 25.75],
          [133.27973, 33.39937, 23.0],
          [133.27961, 33.39868, 13.25],
          [133.27960, 33.39859, 12.25],
          [133.27959, 33.39845, 10.75],
          [133.27958, 33.39778, 6.0],
          [133.27957, 33.39774, 5.75],
          [133.27970, 33.39770, 5.5],
          [133.27976, 33.39767, 5.5],
          [133.28045, 33.39760, 7.0],
          [133.28058, 33.39756, 6.75],
          [133.28090, 33.39752, 6.5],
          [133.28105, 33.39751, 6.5],
          [133.28114, 33.39752, 7.0],
          [133.28141, 33.39760, 9.5],
          [133.28200, 33.39784, 12.0],
          [133.28216, 33.39788, 11.25],
          [133.28240, 33.39791, 9.0],
          [133.28251, 33.39792, 8.0],
          [133.28260, 33.39792, 8.0],
          [133.28287, 33.39786, 7.5],
          [133.28311, 33.39776, 6.75],
          [133.28328, 33.39768, 6.75],
          [133.28348, 33.39755, 7.25],
          [133.28358, 33.39749, 7.75],
          [133.28358, 33.39764, 8.25],
          [133.28355, 33.39826, 11.0],
          [133.28355, 33.39849, 12.25],
          [133.28356, 33.39860, 13.0],
          [133.28359, 33.39873, 13.75],
          [133.28364, 33.39886, 14.75],
          [133.28369, 33.39897, 15.75],
          [133.28357, 33.39905, 15.75],
          [133.28352, 33.39911, 16.0],
          [133.28350, 33.39915, 16.25],
          [133.28348, 33.39923, 17.0],
          [133.28348, 33.39943, 19.0],
          [133.28344, 33.40003, 24.75],
          [133.28344, 33.40014, 25.25],
          [133.28344, 33.40031, 26.0],
          [133.28346, 33.40060, 28.25],
          [133.28354, 33.40102, 28.5],
          [133.28359, 33.40129, 24.5],
          [133.28365, 33.40146, 22.0],
          [133.28376, 33.40166, 19.0],
          [133.28402, 33.40208, 15.25],
          [133.28443, 33.40273, 9.25],
          [133.28447, 33.40280, 9.25],
          [133.28457, 33.40296, 9.0],
          [133.28469, 33.40315, 8.25],
          [133.28513, 33.40384, 7.25],
          [133.28524, 33.40401, 7.0],
          [133.28538, 33.40418, 7.0],
          [133.28542, 33.40423, 7.0],
          [133.28561, 33.40454, 7.25],
          [133.28568, 33.40464, 7.5],
          [133.28584, 33.40493, 7.75],
          [133.28606, 33.40525, 7.5],
          [133.28621, 33.40544, 7.5],
          [133.28649, 33.40580, 7.75],
          [133.28680, 33.40618, 7.75],
          [133.28701, 33.40645, 7.5],
          [133.28705, 33.40652, 7.5],
          [133.28711, 33.40663, 7.25],
          [133.28713, 33.40665, 7.25],
          [133.28721, 33.40677, 7.25],
          [133.28722, 33.40679, 7.25],
          [133.28724, 33.40682, 7.25],
          [133.28750, 33.40723, 6.75],
          [133.28763, 33.40745, 6.75],
          [133.28770, 33.40755, 6.75],
          [133.28776, 33.40766, 6.75],
          [133.28791, 33.40789, 6.5],
          [133.28826, 33.40844, 5.5],
          [133.28832, 33.40855, 5.0],
          [133.28928, 33.41009, 5.25],
          [133.28937, 33.41021, 5.5],
          [133.28954, 33.41044, 6.0],
          [133.28960, 33.41052, 6.25],
          [133.28973, 33.41068, 6.5],
          [133.29011, 33.41114, 7.0],
          [133.29018, 33.41122, 7.0],
          [133.29025, 33.41131, 7.0],
          [133.29091, 33.41208, 7.75],
          [133.29103, 33.41222, 7.75],
          [133.29115, 33.41233, 7.75],
          [133.29122, 33.41241, 7.5],
          [133.29179, 33.41310, 6.0],
          [133.29285, 33.41434, 7.0],
          [133.29292, 33.41441, 7.25],
          [133.29301, 33.41451, 7.25],
          [133.29375, 33.41540, 8.25],
          [133.29387, 33.41555, 8.5],
          [133.29393, 33.41562, 8.75],
          [133.29401, 33.41570, 9.25],
          [133.29413, 33.41584, 9.75],
          [133.29418, 33.41590, 10.25],
          [133.29426, 33.41602, 11.0],
          [133.29430, 33.41610, 11.5],
          [133.29438, 33.41629, 12.5],
          [133.29439, 33.41641, 13.25],
          [133.29441, 33.41668, 15.0],
          [133.29446, 33.41754, 24.5],
          [133.29446, 33.41767, 25.0],
          [133.29442, 33.41784, 25.5],
          [133.29438, 33.41800, 25.75],
          [133.29403, 33.41877, 29.25],
          [133.29397, 33.41891, 31.0],
          [133.29394, 33.41902, 32.0],
          [133.29391, 33.41919, 33.0],
          [133.29391, 33.41926, 33.0],
          [133.29391, 33.41934, 33.25],
          [133.29395, 33.41949, 33.0],
          [133.29401, 33.41964, 33.0],
          [133.29413, 33.41980, 33.0],
          [133.29419, 33.41986, 33.25],
          [133.29425, 33.41991, 33.5],
          [133.29441, 33.42004, 34.5],
          [133.29445, 33.42007, 34.75],
          [133.29477, 33.42029, 34.25],
          [133.29487, 33.42039, 33.25],
          [133.29495, 33.42048, 32.25],
          [133.29514, 33.42076, 30.0],
          [133.29541, 33.42117, 28.0],
          [133.29558, 33.42142, 26.25],
          [133.29562, 33.42147, 25.75],
          [133.29576, 33.42169, 24.0],
          [133.29582, 33.42176, 24.25],
          [133.29592, 33.42186, 25.0],
          [133.29601, 33.42195, 25.25],
          [133.29619, 33.42208, 25.0],
          [133.29683, 33.42246, 20.75],
          [133.29717, 33.42266, 20.5],
          [133.29740, 33.42279, 19.25],
          [133.29746, 33.42284, 19.0],
          [133.29749, 33.42287, 18.75],
          [133.29754, 33.42294, 18.5],
          [133.29759, 33.42303, 18.5],
          [133.29762, 33.42315, 18.75],
          [133.29763, 33.42321, 19.0],
          [133.29767, 33.42377, 19.5],
          [133.29768, 33.42381, 19.5],
          [133.29770, 33.42383, 19.25],
          [133.29776, 33.42388, 18.5],
          [133.29787, 33.42393, 17.0],
          [133.29792, 33.42397, 16.25],
          [133.29780, 33.42413, 18.25],
          [133.29777, 33.42418, 18.5],
          [133.29768, 33.42480, 19.5],
          [133.29764, 33.42501, 20.0],
          [133.29760, 33.42527, 20.0],
          [133.29754, 33.42555, 20.0],
          [133.29747, 33.42585, 20.75],
          [133.29740, 33.42605, 21.75],
          [133.29731, 33.42626, 22.75],
          [133.29719, 33.42651, 23.25],
          [133.29706, 33.42676, 23.25],
          [133.29668, 33.42742, 20.0],
          [133.29661, 33.42762, 19.25],
          [133.29651, 33.42760, 21.0],
          [133.29645, 33.42760, 22.25],
          [133.29630, 33.42764, 24.5],
          [133.29617, 33.42769, 25.75],
          [133.29597, 33.42776, 27.75],
          [133.29566, 33.42787, 29.25],
          [133.29518, 33.42802, 29.5],
          [133.29495, 33.42807, 28.75],
          [133.29475, 33.42811, 27.5],
          [133.29451, 33.42812, 26.75],
          [133.29424, 33.42812, 27.0],
          [133.29414, 33.42812, 27.25],
          [133.29412, 33.42816, 25.5],
          [133.29406, 33.42824, 22.25],
          [133.29404, 33.42828, 20.75],
          [133.29401, 33.42831, 19.75],
          [133.29396, 33.42834, 19.0],
          [133.29380, 33.42840, 19.25],
          [133.29350, 33.42850, 19.5],
          [133.29337, 33.42855, 19.5],
          [133.29334, 33.42856, 19.5],
          [133.29327, 33.42861, 20.75],
          [133.29324, 33.42862, 21.25],
          [133.29313, 33.42870, 23.5],
          [133.29306, 33.42875, 25.0],
          [133.29288, 33.42895, 29.75],
          [133.29276, 33.42912, 33.75],
          [133.29258, 33.42942, 32.25],
          [133.29249, 33.42956, 30.0],
          [133.29227, 33.42989, 23.25],
          [133.29191, 33.43041, 22.0],
          [133.29182, 33.43052, 22.25],
          [133.29164, 33.43078, 22.5],
          [133.29158, 33.43088, 23.0],
          [133.29140, 33.43109, 25.25],
          [133.29126, 33.43129, 26.25],
          [133.29050, 33.43231, 26.5],
          [133.29025, 33.43265, 25.0],
          [133.29005, 33.43291, 24.75],
          [133.28976, 33.43316, 28.25],
          [133.28956, 33.43329, 32.0],
          [133.28950, 33.43334, 33.25],
          [133.28943, 33.43343, 33.75],
          [133.28929, 33.43368, 33.25],
          [133.28925, 33.43373, 33.0],
          [133.28920, 33.43377, 33.0],
          [133.28913, 33.43381, 33.5],
          [133.28906, 33.43383, 34.0],
          [133.28898, 33.43384, 35.0],
          [133.28886, 33.43384, 37.0],
          [133.28865, 33.43382, 40.25],
          [133.28859, 33.43381, 41.25],
          [133.28852, 33.43383, 42.0],
          [133.28847, 33.43386, 42.25],
          [133.28841, 33.43390, 42.25],
          [133.28834, 33.43397, 41.75],
          [133.28829, 33.43401, 41.25],
          [133.28823, 33.43403, 41.25],
          [133.28817, 33.43404, 41.75],
          [133.28733, 33.43406, 48.5],
          [133.28680, 33.43411, 54.0],
          [133.28620, 33.43418, 56.75],
          [133.28595, 33.43422, 58.5],
          [133.28482, 33.43447, 72.5],
          [133.28473, 33.43448, 74.25],
          [133.28467, 33.43448, 75.25],
          [133.28456, 33.43446, 76.5],
          [133.28448, 33.43442, 76.75],
          [133.28424, 33.43420, 75.5],
          [133.28417, 33.43417, 75.75],
          [133.28409, 33.43414, 77.5],
          [133.28400, 33.43413, 79.25],
          [133.28394, 33.43413, 80.5],
          [133.28378, 33.43415, 83.0],
          [133.28357, 33.43420, 87.25],
          [133.28369, 33.43451, 92.5],
          [133.28380, 33.43475, 96.5],
          [133.28391, 33.43498, 96.0],
          [133.28408, 33.43529, 95.5],
          [133.28415, 33.43541, 95.25],
          [133.28428, 33.43559, 95.0],
          [133.28443, 33.43578, 94.75],
          [133.28544, 33.43695, 92.75],
          [133.28552, 33.43705, 92.75],
          [133.28565, 33.43725, 91.75],
          [133.28573, 33.43740, 91.0],
          [133.28577, 33.43751, 90.75],
          [133.28582, 33.43763, 90.25],
          [133.28591, 33.43795, 90.25],
          [133.28593, 33.43806, 91.0],
          [133.28594, 33.43841, 94.5],
          [133.28592, 33.43864, 96.0],
          [133.28586, 33.43887, 98.75],
          [133.28577, 33.43910, 103.25],
          [133.28569, 33.43927, 106.5],
          [133.28541, 33.43979, 116.25],
          [133.28525, 33.44013, 122.25],
          [133.28521, 33.44023, 123.0],
          [133.28513, 33.44043, 124.75],
          [133.28506, 33.44062, 126.5],
          [133.28501, 33.44082, 128.25],
          [133.28498, 33.44102, 130.0],
          [133.28494, 33.44121, 130.0],
          [133.28493, 33.44131, 129.5],
          [133.28491, 33.44232, 135.5],
          [133.28487, 33.44245, 138.0],
          [133.28482, 33.44257, 139.5],
          [133.28480, 33.44264, 139.75],
          [133.28479, 33.44271, 139.75],
          [133.28479, 33.44280, 139.0],
          [133.28479, 33.44298, 138.0],
          [133.28477, 33.44310, 138.5],
          [133.28471, 33.44323, 141.5],
          [133.28469, 33.44329, 142.0],
          [133.28469, 33.44335, 143.0],
          [133.28471, 33.44345, 145.0],
          [133.28475, 33.44349, 144.5],
          [133.28484, 33.44358, 142.5],
          [133.28486, 33.44363, 142.75],
          [133.28490, 33.44378, 146.75],
          [133.28493, 33.44384, 147.25],
          [133.28498, 33.44388, 146.25],
          [133.28507, 33.44392, 143.25],
          [133.28519, 33.44396, 138.75],
          [133.28539, 33.44401, 129.75],
          [133.28542, 33.44403, 128.75],
          [133.28549, 33.44412, 127.75],
          [133.28557, 33.44433, 122.75],
          [133.28560, 33.44450, 119.0],
          [133.28560, 33.44455, 118.5],
          [133.28559, 33.44461, 118.5],
          [133.28557, 33.44466, 119.0],
          [133.28548, 33.44480, 123.25],
          [133.28545, 33.44486, 124.5],
          [133.28530, 33.44531, 121.75],
          [133.28526, 33.44537, 121.75],
          [133.28521, 33.44540, 122.75],
          [133.28516, 33.44543, 124.5],
          [133.28504, 33.44544, 129.5],
          [133.28494, 33.44544, 133.5],
          [133.28471, 33.44548, 139.5],
          [133.28462, 33.44550, 141.5],
          [133.28456, 33.44552, 142.0],
          [133.28431, 33.44558, 146.0],
          [133.28420, 33.44561, 147.0],
          [133.28396, 33.44563, 148.75],
          [133.28382, 33.44562, 151.5],
          [133.28357, 33.44561, 155.25],
          [133.28344, 33.44560, 157.75],
          [133.28333, 33.44558, 160.5],
          [133.28315, 33.44551, 167.25],
          [133.28277, 33.44536, 180.0],
          [133.28272, 33.44535, 181.25],
          [133.28266, 33.44535, 181.75],
          [133.28260, 33.44536, 181.75],
          [133.28255, 33.44540, 179.5],
          [133.28254, 33.44547, 176.0],
          [133.28254, 33.44551, 173.5],
          [133.28255, 33.44558, 169.75],
          [133.28259, 33.44570, 162.25],
          [133.28257, 33.44579, 158.0],
          [133.28254, 33.44583, 156.0],
          [133.28249, 33.44586, 155.75],
          [133.28234, 33.44590, 157.25],
          [133.28219, 33.44592, 159.25],
          [133.28188, 33.44593, 164.75],
          [133.28167, 33.44595, 167.75],
          [133.28149, 33.44600, 168.75],
          [133.28139, 33.44604, 168.5],
          [133.28130, 33.44606, 169.25],
          [133.28122, 33.44607, 170.5],
          [133.28113, 33.44606, 172.75],
          [133.28096, 33.44601, 178.75],
          [133.28086, 33.44601, 180.75],
          [133.28078, 33.44602, 182.0],
          [133.28073, 33.44607, 181.0],
          [133.28072, 33.44613, 178.0],
          [133.28072, 33.44633, 167.0],
          [133.28069, 33.44643, 162.25],
          [133.28064, 33.44650, 159.75],
          [133.28059, 33.44656, 158.25],
          [133.28051, 33.44663, 157.5],
          [133.28044, 33.44667, 158.0],
          [133.28033, 33.44672, 160.5],
          [133.28022, 33.44676, 162.75],
          [133.27989, 33.44683, 170.5],
          [133.27976, 33.44687, 173.5],
          [133.27965, 33.44692, 175.0],
          [133.27958, 33.44698, 174.75],
          [133.27953, 33.44705, 173.5],
          [133.27943, 33.44723, 169.25],
          [133.27938, 33.44730, 168.0],
          [133.27919, 33.44747, 167.75],
          [133.27882, 33.44775, 173.0],
          [133.27857, 33.44793, 174.75],
          [133.27834, 33.44807, 175.75],
          [133.27801, 33.44823, 176.25],
          [133.27792, 33.44826, 176.75],
          [133.27786, 33.44828, 177.5],
          [133.27779, 33.44829, 178.5],
          [133.27768, 33.44829, 180.5],
          [133.27760, 33.44832, 181.0],
          [133.27747, 33.44841, 183.0],
          [133.27733, 33.44854, 186.25],
          [133.27731, 33.44857, 186.75],
          [133.27728, 33.44865, 186.75],
          [133.27724, 33.44871, 187.5],
          [133.27710, 33.44889, 189.5],
          [133.27699, 33.44900, 191.0],
          [133.27674, 33.44924, 194.0],
          [133.27659, 33.44936, 195.25],
          [133.27651, 33.44940, 197.0],
          [133.27642, 33.44945, 198.75],
          [133.27631, 33.44948, 201.25],
          [133.27618, 33.44951, 204.5],
          [133.27613, 33.44953, 205.5],
          [133.27608, 33.44956, 206.0],
          [133.27605, 33.44959, 205.75],
          [133.27602, 33.44963, 205.25],
          [133.27601, 33.44967, 204.25],
          [133.27596, 33.44993, 197.5],
          [133.27592, 33.45008, 195.75],
          [133.27585, 33.45021, 196.25],
          [133.27571, 33.45037, 201.5],
          [133.27566, 33.45042, 203.25],
          [133.27560, 33.45054, 205.25],
          [133.27558, 33.45061, 205.75],
          [133.27551, 33.45105, 208.0],
          [133.27546, 33.45129, 209.5],
          [133.27545, 33.45142, 209.75],
          [133.27545, 33.45150, 209.5],
          [133.27546, 33.45161, 208.75],
          [133.27548, 33.45173, 208.0],
          [133.27554, 33.45195, 206.5],
          [133.27570, 33.45245, 202.75],
          [133.27573, 33.45257, 203.5],
          [133.27577, 33.45282, 207.25],
          [133.27579, 33.45313, 212.75],
          [133.27581, 33.45323, 214.5],
          [133.27584, 33.45334, 217.25],
          [133.27589, 33.45346, 220.5],
          [133.27594, 33.45355, 223.25],
          [133.27600, 33.45364, 222.75],
          [133.27727, 33.45599, 212.5],
          [133.28130, 33.46220, 185.0],
          [133.28145, 33.46245, 185.0],
          [133.28160, 33.46266, 179.75],
          [133.28171, 33.46278, 176.75],
          [133.28183, 33.46289, 175.0],
          [133.28196, 33.46299, 173.0],
          [133.28220, 33.46313, 169.5],
          [133.28231, 33.46319, 167.75],
          [133.28251, 33.46326, 165.0],
          [133.28312, 33.46346, 163.5],
          [133.28323, 33.46351, 162.75],
          [133.28330, 33.46355, 161.75],
          [133.28343, 33.46364, 159.5],
          [133.28353, 33.46374, 157.0],
          [133.28362, 33.46387, 153.75],
          [133.28366, 33.46393, 152.0],
          [133.28369, 33.46400, 150.25],
          [133.28373, 33.46413, 146.75],
          [133.28374, 33.46427, 144.75],
          [133.28374, 33.46440, 143.5],
          [133.28369, 33.46480, 140.0],
          [133.28358, 33.46592, 136.25],
          [133.28342, 33.46704, 120.0],
          [133.28339, 33.46720, 119.0],
          [133.28331, 33.46750, 116.75],
          [133.28325, 33.46767, 116.75],
          [133.28308, 33.46807, 115.75],
          [133.28299, 33.46840, 115.0],
          [133.28295, 33.46859, 114.5],
          [133.28274, 33.46961, 112.0],
          [133.28273, 33.46979, 111.5],
          [133.28274, 33.47000, 111.0],
          [133.28280, 33.47017, 110.75],
          [133.28285, 33.47030, 110.75],
          [133.28305, 33.47072, 109.25],
          [133.28315, 33.47100, 108.75],
          [133.28340, 33.47190, 108.25],
          [133.28349, 33.47206, 108.25],
          [133.28357, 33.47219, 108.0],
          [133.28365, 33.47231, 107.75],
          [133.28370, 33.47242, 107.5],
          [133.28372, 33.47249, 107.5],
          [133.28375, 33.47268, 108.0],
          [133.28387, 33.47356, 107.5],
          [133.28395, 33.47430, 103.75],
          [133.28413, 33.47560, 102.5],
          [133.28414, 33.47573, 102.75],
          [133.28365, 33.47578, 101.75],
          [133.28330, 33.47582, 101.0],
          [133.28284, 33.47590, 102.75],
          [133.28262, 33.47595, 103.25],
          [133.28234, 33.47603, 103.5],
          [133.28204, 33.47615, 103.25],
          [133.28175, 33.47628, 102.25],
          [133.28160, 33.47637, 100.75],
          [133.28137, 33.47652, 98.5],
          [133.28124, 33.47657, 97.75],
          [133.28052, 33.47672, 97.5],
          [133.28026, 33.47674, 98.0],
          [133.27992, 33.47672, 98.75],
          [133.27968, 33.47675, 99.25],
          [133.27950, 33.47680, 99.75],
          [133.27944, 33.47685, 99.75],
          [133.27934, 33.47699, 99.5],
          [133.27913, 33.47743, 99.25],
          [133.27910, 33.47749, 99.25],
          [133.27910, 33.47755, 99.0],
          [133.27909, 33.47794, 98.0],
          [133.27913, 33.47827, 97.0],
          [133.27915, 33.47834, 96.75],
          [133.27921, 33.47843, 96.5],
          [133.27932, 33.47858, 96.0],
          [133.27938, 33.47872, 95.5],
          [133.27944, 33.47887, 95.0],
          [133.27960, 33.47957, 94.25],
          [133.27917, 33.47968, 94.75],
          [133.27903, 33.47972, 95.0],
          [133.27898, 33.47975, 95.25],
          [133.27894, 33.47978, 95.25],
          [133.27870, 33.48016, 95.25],
          [133.27835, 33.48077, 95.75],
          [133.27833, 33.48081, 96.0],
          [133.27818, 33.48117, 96.0],
          [133.27794, 33.48161, 97.5],
          [133.27791, 33.48171, 97.75],
          [133.27790, 33.48182, 97.75],
          [133.27788, 33.48223, 97.0],
          [133.27790, 33.48229, 96.75],
          [133.27795, 33.48240, 96.25],
          [133.27783, 33.48245, 97.25],
          [133.27772, 33.48250, 98.0],
          [133.27744, 33.48266, 98.75],
          [133.27698, 33.48294, 97.5],
          [133.27683, 33.48302, 97.0],
          [133.27664, 33.48311, 96.5],
          [133.27620, 33.48329, 97.25],
          [133.27602, 33.48337, 97.5],
          [133.27587, 33.48343, 98.0],
          [133.27569, 33.48352, 101.0],
          [133.27551, 33.48363, 103.75],
          [133.27505, 33.48399, 102.5],
          [133.27489, 33.48412, 99.75],
          [133.27483, 33.48420, 99.0],
          [133.27478, 33.48427, 99.25],
          [133.27474, 33.48438, 99.5],
          [133.27472, 33.48443, 99.25],
          [133.27470, 33.48454, 99.0],
          [133.27470, 33.48462, 98.75],
          [133.27473, 33.48522, 98.5],
          [133.27477, 33.48580, 101.75],
          [133.27480, 33.48618, 104.0],
          [133.27481, 33.48645, 106.25],
          [133.27479, 33.48653, 107.5],
          [133.27477, 33.48661, 109.25],
          [133.27470, 33.48676, 111.25],
          [133.27451, 33.48709, 112.5],
          [133.27430, 33.48744, 109.0],
          [133.27415, 33.48768, 105.75],
          [133.27408, 33.48779, 105.25],
          [133.27397, 33.48791, 104.5],
          [133.27384, 33.48800, 104.25],
          [133.27349, 33.48820, 102.5],
          [133.27330, 33.48831, 100.0],
          [133.27311, 33.48846, 101.0],
          [133.27303, 33.48856, 100.75],
          [133.27297, 33.48865, 100.0],
          [133.27292, 33.48877, 98.25],
          [133.27281, 33.48933, 91.25],
          [133.27276, 33.48966, 91.0],
          [133.27264, 33.49012, 90.5],
          [133.27245, 33.49070, 90.25],
          [133.27226, 33.49114, 93.75],
          [133.27256, 33.49125, 93.25],
          [133.27337, 33.49151, 93.0],
          [133.27361, 33.49160, 92.0],
          [133.27380, 33.49171, 91.75],
          [133.27414, 33.49192, 92.5],
          [133.27420, 33.49194, 92.5],
          [133.27424, 33.49195, 92.25],
          [133.27427, 33.49196, 92.25],
          [133.27460, 33.49204, 91.75],
          [133.27465, 33.49204, 91.5],
          [133.27478, 33.49229, 92.25],
          [133.27482, 33.49234, 92.0],
          [133.27490, 33.49240, 91.5],
          [133.27585, 33.49303, 93.25],
          [133.27608, 33.49318, 92.5],
          [133.27638, 33.49333, 90.75],
          [133.27692, 33.49353, 90.75],
          [133.27836, 33.49405, 85.0],
          [133.27851, 33.49411, 85.0],
          [133.27897, 33.49434, 85.0],
          [133.27919, 33.49447, 85.25],
          [133.27955, 33.49472, 87.5],
          [133.27989, 33.49499, 90.25],
          [133.27987, 33.49501, 90.25],
          [133.27929, 33.49539, 87.0],
          [133.27885, 33.49571, 83.75],
          [133.27901, 33.49588, 84.0],
          [133.27904, 33.49591, 84.5],
          [133.27947, 33.49633, 99.5],
          [133.27949, 33.49637, 100.75],
          [133.27950, 33.49645, 102.25],
          [133.27950, 33.49651, 103.0],
          [133.27948, 33.49660, 103.25],
          [133.27945, 33.49667, 103.0],
          [133.27941, 33.49672, 102.0],
          [133.27934, 33.49681, 100.0],
          [133.27895, 33.49708, 95.75],
          [133.27887, 33.49716, 95.75],
          [133.27879, 33.49723, 95.5],
          [133.27865, 33.49743, 94.5],
          [133.27839, 33.49787, 88.75],
          [133.27840, 33.49791, 89.0],
          [133.27845, 33.49798, 89.5],
          [133.27861, 33.49832, 90.0],
          [133.27867, 33.49853, 90.25],
          [133.27863, 33.49910, 89.25],
          [133.27862, 33.49921, 89.5],
          [133.27861, 33.49943, 90.75],
          [133.27857, 33.49991, 92.75],
          [133.27855, 33.50051, 94.75],
          [133.27856, 33.50078, 96.5],
          [133.27859, 33.50098, 95.75],
          [133.27863, 33.50111, 95.25],
          [133.27869, 33.50159, 89.75],
          [133.27875, 33.50187, 88.0],
          [133.27878, 33.50198, 87.75],
          [133.27882, 33.50206, 87.5],
          [133.27892, 33.50219, 87.5],
          [133.27899, 33.50233, 86.75],
          [133.27929, 33.50351, 85.75],
          [133.27937, 33.50376, 86.0],
          [133.27945, 33.50393, 86.25],
          [133.27959, 33.50409, 86.5],
          [133.27970, 33.50421, 86.5],
          [133.28007, 33.50454, 87.75],
          [133.28059, 33.50495, 85.25],
          [133.28116, 33.50536, 85.25],
          [133.28144, 33.50554, 85.0],
          [133.28156, 33.50561, 84.5],
          [133.28181, 33.50605, 81.25],
          [133.28212, 33.50649, 81.0],
          [133.28229, 33.50662, 81.0],
          [133.28263, 33.50684, 80.25],
          [133.28274, 33.50692, 80.0],
          [133.28298, 33.50724, 79.0],
          [133.28312, 33.50744, 78.25],
          [133.28335, 33.50775, 78.0],
          [133.28359, 33.50807, 78.0],
          [133.28381, 33.50837, 77.75],
          [133.28390, 33.50855, 77.75],
          [133.28397, 33.50869, 77.75],
          [133.28446, 33.50996, 75.75],
          [133.28544, 33.51279, 74.5],
          [133.28557, 33.51366, 73.25],
          [133.28561, 33.51384, 73.25],
          [133.28565, 33.51399, 73.25],
          [133.28569, 33.51412, 73.25],
          [133.28579, 33.51432, 73.0],
          [133.28589, 33.51447, 72.5],
          [133.28598, 33.51460, 72.0],
          [133.28626, 33.51490, 71.25],
          [133.28660, 33.51526, 71.0],
          [133.28701, 33.51562, 72.25],
          [133.28695, 33.51566, 71.75],
          [133.28650, 33.51595, 69.75],
          [133.28641, 33.51599, 69.75],
          [133.28634, 33.51602, 69.75],
          [133.28631, 33.51607, 69.75],
          [133.28614, 33.51670, 70.75],
          [133.28618, 33.51676, 70.75],
          [133.28624, 33.51684, 70.75],
          [133.28638, 33.51696, 70.5],
          [133.28649, 33.51715, 70.0],
          [133.28652, 33.51724, 69.75],
          [133.28653, 33.51728, 69.75],
          [133.28656, 33.51742, 69.25],
          [133.28656, 33.51744, 69.25],
          [133.28658, 33.51762, 69.5],
          [133.28663, 33.51778, 69.75],
          [133.28667, 33.51787, 69.75],
          [133.28677, 33.51801, 70.0],
          [133.28696, 33.51823, 70.25],
          [133.28708, 33.51836, 70.25],
          [133.28716, 33.51848, 70.25],
          [133.28722, 33.51859, 70.0],
          [133.28723, 33.51887, 69.75],
          [133.28714, 33.51918, 69.75],
          [133.28707, 33.51943, 69.75],
          [133.28699, 33.51969, 69.75],
          [133.28693, 33.52001, 69.5],
          [133.28693, 33.52037, 70.5],
          [133.28696, 33.52068, 71.0],
          [133.28708, 33.52108, 70.75],
          [133.28708, 33.52115, 70.75],
          [133.28710, 33.52161, 70.5],
          [133.28720, 33.52192, 70.5],
          [133.28745, 33.52247, 71.75],
          [133.28754, 33.52274, 77.75],
          [133.28759, 33.52281, 81.0],
          [133.28724, 33.52339, 81.5],
          [133.28708, 33.52367, 80.0],
          [133.28687, 33.52396, 77.0],
          [133.28679, 33.52409, 76.0],
          [133.28673, 33.52424, 75.5],
          [133.28673, 33.52454, 78.0],
          [133.28621, 33.52565, 74.75],
          [133.28614, 33.52584, 74.5],
          [133.28611, 33.52590, 75.0],
          [133.28595, 33.52608, 74.5],
          [133.28562, 33.52637, 73.25],
          [133.28552, 33.52656, 73.75],
          [133.28546, 33.52675, 76.5],
          [133.28544, 33.52690, 80.75],
          [133.28537, 33.52719, 87.75],
          [133.28533, 33.52728, 89.25],
          [133.28527, 33.52735, 89.5],
          [133.28519, 33.52741, 89.0],
          [133.28506, 33.52746, 86.75],
          [133.28484, 33.52751, 86.5],
          [133.28466, 33.52756, 89.75],
          [133.28455, 33.52759, 91.25],
          [133.28388, 33.52760, 95.25],
          [133.28369, 33.52759, 96.75],
          [133.28323, 33.52751, 98.75],
          [133.28312, 33.52746, 99.5],
          [133.28225, 33.52699, 96.25],
          [133.28195, 33.52685, 95.75],
          [133.28140, 33.52652, 93.5],
          [133.28126, 33.52643, 92.25],
          [133.28118, 33.52634, 90.5],
          [133.28114, 33.52626, 88.75],
          [133.28069, 33.52568, 78.75],
          [133.28044, 33.52542, 78.0],
          [133.28026, 33.52517, 76.25],
          [133.28019, 33.52508, 75.75],
          [133.28001, 33.52496, 75.5],
          [133.27983, 33.52486, 74.5],
          [133.27969, 33.52481, 74.0],
          [133.27951, 33.52481, 73.75],
          [133.27925, 33.52486, 73.5],
          [133.27893, 33.52495, 72.75],
          [133.27876, 33.52501, 72.25],
          [133.27817, 33.52533, 72.0],
          [133.27799, 33.52549, 71.75],
          [133.27793, 33.52560, 72.0],
          [133.27776, 33.52595, 72.0],
          [133.27769, 33.52615, 71.5],
          [133.27765, 33.52645, 71.25],
          [133.27756, 33.52679, 69.25],
          [133.27756, 33.52684, 68.75],
          [133.27756, 33.52698, 67.75],
          [133.27759, 33.52709, 67.5],
          [133.27762, 33.52719, 67.25],
          [133.27788, 33.52812, 63.5],
          [133.27803, 33.52856, 63.0],
          [133.27806, 33.52879, 63.75],
          [133.27802, 33.52894, 64.25],
          [133.27795, 33.52908, 65.0],
          [133.27764, 33.52961, 67.25],
          [133.27744, 33.52997, 69.25],
          [133.27734, 33.53014, 69.25],
          [133.27724, 33.53027, 69.0],
          [133.27623, 33.53119, 63.75],
          [133.27560, 33.53177, 65.25],
          [133.27533, 33.53196, 68.25],
          [133.27489, 33.53223, 70.75],
          [133.27458, 33.53244, 72.5],
          [133.27373, 33.53300, 74.0],
          [133.27319, 33.53334, 70.5],
          [133.27311, 33.53339, 72.0],
          [133.27291, 33.53355, 75.25],
          [133.27275, 33.53371, 77.0],
          [133.27270, 33.53378, 77.5],
          [133.27255, 33.53410, 79.5],
          [133.27249, 33.53416, 78.75],
          [133.27219, 33.53435, 79.5],
          [133.27205, 33.53443, 78.5],
          [133.27197, 33.53445, 77.5],
          [133.27180, 33.53441, 74.5],
          [133.27122, 33.53417, 75.0],
          [133.27113, 33.53416, 75.5],
          [133.27099, 33.53408, 76.5],
          [133.27077, 33.53393, 78.25],
          [133.27029, 33.53357, 81.5],
          [133.27005, 33.53341, 82.75],
          [133.26991, 33.53334, 83.0],
          [133.26975, 33.53329, 83.5],
          [133.26957, 33.53327, 84.0],
          [133.26838, 33.53321, 85.25],
          [133.26654, 33.53311, 106.25],
          [133.26595, 33.53303, 110.0],
          [133.26549, 33.53299, 108.5],
          [133.26539, 33.53297, 107.75],
          [133.26528, 33.53293, 106.75],
          [133.26505, 33.53277, 104.25],
          [133.26490, 33.53269, 101.75],
          [133.26467, 33.53265, 98.25],
          [133.26449, 33.53261, 95.25],
          [133.26440, 33.53256, 93.25],
          [133.26433, 33.53248, 91.75],
          [133.26415, 33.53202, 95.5],
          [133.26408, 33.53193, 95.75],
          [133.26398, 33.53188, 95.0],
          [133.26368, 33.53176, 91.25],
          [133.26340, 33.53166, 87.25],
          [133.26325, 33.53163, 86.25],
          [133.26310, 33.53164, 85.0],
          [133.26296, 33.53168, 83.5],
          [133.26272, 33.53188, 80.75],
          [133.26260, 33.53194, 79.5],
          [133.26242, 33.53197, 78.5],
          [133.26226, 33.53198, 78.5],
          [133.26209, 33.53198, 78.25],
          [133.26125, 33.53187, 77.5],
          [133.26122, 33.53194, 77.25],
          [133.26111, 33.53216, 75.75],
          [133.26106, 33.53232, 74.75],
          [133.26093, 33.53275, 72.75],
          [133.26083, 33.53288, 72.0],
          [133.26059, 33.53310, 71.0],
          [133.26015, 33.53357, 68.25],
          [133.25996, 33.53377, 67.75],
          [133.25995, 33.53383, 67.5],
          [133.25935, 33.53363, 67.0],
          [133.25893, 33.53350, 67.25],
          [133.25808, 33.53323, 66.75],
          [133.25799, 33.53326, 66.25],
          [133.25710, 33.53344, 61.5],
          [133.25665, 33.53358, 59.25],
          [133.25647, 33.53364, 59.75],
          [133.25608, 33.53375, 60.5],
          [133.25590, 33.53378, 60.75],
          [133.25562, 33.53381, 62.25],
          [133.25536, 33.53383, 63.75],
          [133.25510, 33.53385, 65.5],
          [133.25506, 33.53383, 65.75],
          [133.25503, 33.53382, 65.75],
          [133.25495, 33.53382, 66.0],
          [133.25480, 33.53383, 66.0],
          [133.25474, 33.53380, 66.0],
          [133.25455, 33.53381, 66.0],
          [133.25420, 33.53385, 66.0],
          [133.25432, 33.53405, 66.0],
          [133.25443, 33.53438, 65.5],
          [133.25444, 33.53445, 65.25],
          [133.25444, 33.53457, 64.75],
          [133.25441, 33.53464, 64.5],
          [133.25435, 33.53469, 64.5],
          [133.25426, 33.53472, 64.5],
          [133.25391, 33.53477, 63.0],
          [133.25351, 33.53483, 60.25],
          [133.25310, 33.53487, 59.0],
          [133.25273, 33.53484, 59.75],
          [133.25262, 33.53483, 60.0],
          [133.25255, 33.53481, 60.25],
          [133.25230, 33.53477, 60.5],
          [133.25228, 33.53487, 59.5],
          [133.25168, 33.53612, 57.5],
          [133.25160, 33.53625, 58.5],
          [133.25148, 33.53645, 60.25],
          [133.25136, 33.53658, 61.5],
          [133.25035, 33.53748, 63.75],
          [133.24984, 33.53794, 65.5],
          [133.24959, 33.53819, 65.25],
          [133.24849, 33.53941, 63.0],
          [133.24833, 33.53954, 63.25],
          [133.24804, 33.53974, 63.25],
          [133.24741, 33.54014, 62.75],
          [133.24724, 33.54030, 62.75],
          [133.24665, 33.54057, 64.0],
          [133.24626, 33.54078, 64.75],
          [133.24613, 33.54092, 64.75],
          [133.24604, 33.54106, 64.5],
          [133.24598, 33.54122, 64.25],
          [133.24589, 33.54171, 63.0],
          [133.24560, 33.54336, 71.25],
          [133.24554, 33.54345, 76.75],
          [133.24546, 33.54355, 83.0],
          [133.24642, 33.54465, 75.75],
          [133.24651, 33.54479, 74.0],
          [133.24659, 33.54497, 72.25],
          [133.24662, 33.54514, 70.75],
          [133.24665, 33.54557, 68.75],
          [133.24663, 33.54579, 69.0],
          [133.24647, 33.54677, 66.5],
          [133.24643, 33.54696, 66.0],
          [133.24635, 33.54719, 65.5],
          [133.24618, 33.54748, 65.0],
          [133.24612, 33.54763, 66.25],
          [133.24610, 33.54776, 67.25],
          [133.24609, 33.54792, 68.0],
          [133.24617, 33.54833, 69.0],
          [133.24626, 33.54876, 74.5],
          [133.24631, 33.54897, 77.25],
          [133.24639, 33.54922, 79.75],
          [133.24655, 33.54957, 81.5],
          [133.24674, 33.54986, 80.0],
          [133.24703, 33.55022, 76.75],
          [133.24712, 33.55034, 76.0],
          [133.24715, 33.55043, 76.5],
          [133.24719, 33.55071, 79.75],
          [133.24724, 33.55090, 82.25],
          [133.24731, 33.55103, 83.5],
          [133.24743, 33.55112, 81.25],
          [133.24758, 33.55120, 78.75],
          [133.24769, 33.55127, 77.75],
          [133.24777, 33.55137, 78.0],
          [133.24782, 33.55150, 80.25],
          [133.24786, 33.55172, 84.5],
          [133.24792, 33.55190, 86.75],
          [133.24816, 33.55225, 88.75],
          [133.24828, 33.55236, 88.25],
          [133.24863, 33.55257, 85.75],
          [133.24875, 33.55269, 85.0],
          [133.24899, 33.55302, 84.0],
          [133.24902, 33.55315, 85.0],
          [133.24899, 33.55330, 87.75],
          [133.24894, 33.55354, 93.5],
          [133.24894, 33.55371, 96.25],
          [133.24900, 33.55390, 98.0],
          [133.24912, 33.55410, 98.75],
          [133.24929, 33.55425, 97.0],
          [133.24952, 33.55441, 92.25],
          [133.24971, 33.55455, 88.0],
          [133.24980, 33.55464, 86.0],
          [133.24987, 33.55473, 85.0],
          [133.24991, 33.55484, 85.0],
          [133.24994, 33.55494, 85.25],
          [133.24996, 33.55505, 85.25],
          [133.24996, 33.55516, 85.25],
          [133.24997, 33.55545, 85.5],
          [133.25000, 33.55562, 85.5],
          [133.25006, 33.55575, 85.75],
          [133.25015, 33.55587, 85.75],
          [133.25029, 33.55600, 86.0],
          [133.25044, 33.55611, 86.0],
          [133.25246, 33.55758, 88.0],
          [133.25255, 33.55765, 88.0],
          [133.25262, 33.55769, 87.75],
          [133.25317, 33.55807, 86.75],
          [133.25458, 33.55910, 84.0],
          [133.25503, 33.55944, 83.25],
          [133.25611, 33.56019, 81.25],
          [133.25691, 33.56062, 79.75],
          [133.25716, 33.56073, 79.5],
          [133.25804, 33.56096, 78.0],
          [133.25818, 33.56100, 78.25],
          [133.25837, 33.56106, 68.25],
          [133.26066, 33.56168, 59.25],
          [133.26076, 33.56170, 62.25],
          [133.26096, 33.56174, 65.25],
          [133.26119, 33.56176, 66.25],
          [133.26165, 33.56176, 67.0],
          [133.26184, 33.56179, 66.75],
          [133.26204, 33.56183, 67.0],
          [133.26226, 33.56191, 67.75],
          [133.26329, 33.56237, 66.5],
          [133.26344, 33.56246, 65.25],
          [133.26358, 33.56256, 65.75],
          [133.26373, 33.56271, 67.25],
          [133.26404, 33.56304, 67.0],
          [133.26419, 33.56316, 64.5],
          [133.26436, 33.56327, 64.25],
          [133.26487, 33.56353, 66.5],
          [133.26504, 33.56363, 67.25],
          [133.26523, 33.56378, 68.25],
          [133.26557, 33.56412, 69.0],
          [133.26581, 33.56434, 68.75],
          [133.26662, 33.56500, 68.0],
          [133.26685, 33.56519, 72.0],
          [133.26750, 33.56581, 69.25],
          [133.26854, 33.56673, 64.0],
          [133.26869, 33.56686, 62.75],
          [133.26890, 33.56699, 60.25],
          [133.26944, 33.56724, 57.25],
          [133.26959, 33.56734, 57.75],
          [133.26976, 33.56746, 58.5],
          [133.27030, 33.56798, 67.75],
          [133.27049, 33.56810, 67.25],
          [133.27074, 33.56824, 65.0],
          [133.27099, 33.56836, 62.5],
          [133.27123, 33.56852, 63.25],
          [133.27152, 33.56874, 62.75],
          [133.27173, 33.56887, 62.0],
          [133.27192, 33.56894, 63.0],
          [133.27221, 33.56901, 63.25],
          [133.27244, 33.56904, 62.5],
          [133.27291, 33.56916, 59.75],
          [133.27310, 33.56921, 61.0],
          [133.27326, 33.56928, 63.75],
          [133.27336, 33.56934, 66.5],
          [133.27349, 33.56942, 70.0],
          [133.27361, 33.56946, 71.75],
          [133.27389, 33.56950, 71.25],
          [133.27411, 33.56952, 69.75],
          [133.27452, 33.56960, 67.25],
          [133.27485, 33.56964, 62.5],
          [133.27518, 33.56964, 61.5],
          [133.27536, 33.56963, 63.25],
          [133.27585, 33.56954, 65.75],
          [133.27651, 33.56936, 68.5],
          [133.27679, 33.56927, 65.25],
          [133.27723, 33.56920, 60.5],
          [133.27757, 33.56915, 57.75],
          [133.27839, 33.56915, 58.25],
          [133.27904, 33.56924, 59.75],
          [133.27917, 33.56927, 60.5],
          [133.27930, 33.56933, 62.0],
          [133.27936, 33.56936, 62.75],
          [133.28023, 33.56998, 68.25],
          [133.28070, 33.57033, 67.5],
          [133.28134, 33.57082, 65.5],
          [133.28170, 33.57104, 59.25],
          [133.28299, 33.57178, 53.0],
          [133.28316, 33.57185, 52.25],
          [133.28332, 33.57191, 50.75],
          [133.28342, 33.57193, 50.5],
          [133.28381, 33.57197, 49.0],
          [133.28402, 33.57198, 48.25],
          [133.28433, 33.57201, 48.25],
          [133.28440, 33.57202, 48.5],
          [133.28458, 33.57207, 49.25],
          [133.28519, 33.57231, 52.5],
          [133.28670, 33.57286, 53.75],
          [133.28695, 33.57293, 54.25],
          [133.28718, 33.57298, 54.5],
          [133.28747, 33.57301, 54.0],
          [133.28848, 33.57293, 53.25],
          [133.28873, 33.57290, 53.0],
          [133.28919, 33.57288, 52.75],
          [133.29008, 33.57287, 60.0],
          [133.29037, 33.57283, 62.0],
          [133.29068, 33.57276, 62.25],
          [133.29106, 33.57263, 60.25],
          [133.29130, 33.57254, 59.5],
          [133.29147, 33.57245, 59.0],
          [133.29181, 33.57219, 62.25],
          [133.29207, 33.57194, 67.25],
          [133.29221, 33.57175, 67.75],
          [133.29233, 33.57153, 68.5],
          [133.29241, 33.57119, 66.75],
          [133.29244, 33.57100, 64.75],
          [133.29244, 33.57067, 62.75],
          [133.29242, 33.57055, 62.5],
          [133.29233, 33.57005, 61.25],
          [133.29219, 33.56958, 67.0],
          [133.29192, 33.56886, 72.75],
          [133.29182, 33.56867, 73.5],
          [133.29161, 33.56834, 73.75],
          [133.29149, 33.56819, 73.0],
          [133.29137, 33.56805, 71.25],
          [133.29106, 33.56773, 64.5],
          [133.29086, 33.56751, 59.25],
          [133.29082, 33.56741, 56.5],
          [133.29082, 33.56730, 55.0],
          [133.29087, 33.56722, 55.5],
          [133.29118, 33.56701, 62.25],
          [133.29150, 33.56670, 63.0],
          [133.29160, 33.56662, 63.5],
          [133.29179, 33.56652, 63.75],
          [133.29200, 33.56639, 62.0],
          [133.29222, 33.56628, 60.25],
          [133.29241, 33.56627, 60.75],
          [133.29258, 33.56631, 61.75],
          [133.29270, 33.56636, 62.75],
          [133.29282, 33.56637, 62.25],
          [133.29293, 33.56634, 60.75],
          [133.29302, 33.56631, 59.25],
          [133.29350, 33.56633, 55.25],
          [133.29376, 33.56632, 51.0],
          [133.29386, 33.56633, 49.5],
          [133.29404, 33.56636, 47.75],
          [133.29417, 33.56641, 46.75],
          [133.29438, 33.56654, 48.5],
          [133.29468, 33.56679, 53.0],
          [133.29505, 33.56711, 55.75],
          [133.29526, 33.56732, 56.0],
          [133.29591, 33.56803, 70.0],
          [133.29608, 33.56821, 70.5],
          [133.29632, 33.56839, 68.0],
          [133.29740, 33.56912, 67.75],
          [133.29826, 33.56969, 58.25],
          [133.29842, 33.56984, 56.5],
          [133.29855, 33.57006, 57.25],
          [133.29913, 33.57128, 57.75],
          [133.29933, 33.57188, 57.5],
          [133.29940, 33.57215, 55.5],
          [133.29946, 33.57253, 53.75],
          [133.29948, 33.57287, 51.5],
          [133.29948, 33.57337, 48.5],
          [133.29947, 33.57344, 48.5],
          [133.29941, 33.57353, 48.25],
          [133.29872, 33.57406, 53.25],
          [133.29861, 33.57419, 53.25],
          [133.29838, 33.57458, 52.25],
          [133.29812, 33.57506, 54.5],
          [133.29785, 33.57577, 56.0],
          [133.29781, 33.57605, 56.5],
          [133.29780, 33.57651, 57.25],
          [133.29789, 33.57696, 57.75],
          [133.29790, 33.57745, 62.25],
          [133.29793, 33.57770, 67.0],
          [133.29796, 33.57779, 67.75],
          [133.29815, 33.57800, 64.25],
          [133.29821, 33.57812, 63.75],
          [133.29831, 33.57843, 65.5],
          [133.29836, 33.57855, 67.5],
          [133.29849, 33.57868, 67.75],
          [133.29894, 33.57903, 60.5],
          [133.29902, 33.57912, 58.75],
          [133.29908, 33.57928, 61.25],
          [133.29914, 33.57947, 66.0],
          [133.29919, 33.57957, 69.0],
          [133.29931, 33.57967, 70.75],
          [133.29958, 33.57977, 69.0],
          [133.29983, 33.57986, 66.25],
          [133.30038, 33.58010, 64.75],
          [133.30074, 33.58022, 66.25],
          [133.30132, 33.58040, 70.0],
          [133.30188, 33.58059, 69.0],
          [133.30248, 33.58083, 58.75],
          [133.30362, 33.58136, 67.0],
          [133.30426, 33.58154, 63.0],
          [133.30463, 33.58167, 60.25],
          [133.30489, 33.58174, 58.5],
          [133.30535, 33.58180, 58.5],
          [133.30560, 33.58179, 57.75],
          [133.30580, 33.58175, 57.0],
          [133.30647, 33.58161, 52.5],
          [133.30670, 33.58157, 51.0],
          [133.30726, 33.58145, 45.75],
          [133.30743, 33.58145, 45.0],
          [133.30753, 33.58148, 45.0],
          [133.30764, 33.58154, 44.75],
          [133.30777, 33.58165, 44.75],
          [133.30787, 33.58178, 43.25],
          [133.30796, 33.58194, 41.5],
          [133.30839, 33.58296, 43.75],
          [133.30844, 33.58307, 46.5],
          [133.30747, 33.58373, 46.0],
          [133.30664, 33.58436, 51.75],
          [133.30645, 33.58451, 54.25],
          [133.30605, 33.58490, 53.75],
          [133.30595, 33.58502, 51.75],
          [133.30577, 33.58526, 49.25],
          [133.30561, 33.58552, 49.75],
          [133.30555, 33.58562, 49.75],
          [133.30551, 33.58575, 50.25],
          [133.30550, 33.58587, 50.75],
          [133.30551, 33.58635, 53.75],
          [133.30550, 33.58655, 54.75],
          [133.30546, 33.58682, 54.5],
          [133.30525, 33.58803, 49.0],
          [133.30519, 33.58836, 48.0],
          [133.30519, 33.58844, 47.75],
          [133.30519, 33.58857, 47.75],
          [133.30522, 33.58870, 48.75],
          [133.30528, 33.58883, 50.5],
          [133.30553, 33.58934, 61.5],
          [133.30557, 33.58945, 64.5],
          [133.30562, 33.58960, 68.0],
          [133.30564, 33.58972, 70.5],
          [133.30565, 33.58985, 72.5],
          [133.30564, 33.58999, 73.75],
          [133.30559, 33.59026, 71.75],
          [133.30555, 33.59040, 70.0],
          [133.30549, 33.59052, 67.0],
          [133.30539, 33.59067, 62.25],
          [133.30452, 33.59179, 60.25],
          [133.30368, 33.59298, 63.0],
          [133.30355, 33.59322, 61.25],
          [133.30349, 33.59337, 60.25],
          [133.30345, 33.59352, 61.0],
          [133.30343, 33.59367, 62.5],
          [133.30345, 33.59412, 69.25],
          [133.30344, 33.59433, 69.5],
          [133.30342, 33.59455, 68.0],
          [133.30338, 33.59470, 66.0],
          [133.30324, 33.59502, 62.75],
          [133.30308, 33.59526, 67.75],
          [133.30256, 33.59577, 58.5],
          [133.30226, 33.59602, 56.5],
          [133.30200, 33.59632, 54.75],
          [133.30176, 33.59664, 49.0],
          [133.30170, 33.59675, 47.5],
          [133.30167, 33.59685, 47.0],
          [133.30167, 33.59696, 47.5],
          [133.30170, 33.59707, 49.0],
          [133.30176, 33.59717, 52.0],
          [133.30183, 33.59727, 55.5],
          [133.30274, 33.59808, 76.25],
          [133.30293, 33.59830, 79.5],
          [133.30299, 33.59844, 82.0],
          [133.30301, 33.59853, 82.5],
          [133.30300, 33.59865, 81.5],
          [133.30295, 33.59880, 78.25],
          [133.30284, 33.59901, 71.5],
          [133.30264, 33.59923, 62.0],
          [133.30254, 33.59938, 58.5],
          [133.30249, 33.59948, 57.5],
          [133.30236, 33.59957, 57.25],
          [133.30155, 33.60074, 65.75],
          [133.30146, 33.60086, 67.5],
          [133.30136, 33.60097, 72.5],
          [133.30124, 33.60108, 76.25],
          [133.30105, 33.60122, 78.0],
          [133.30041, 33.60162, 75.0],
          [133.30029, 33.60173, 72.75],
          [133.30020, 33.60184, 70.5],
          [133.30013, 33.60197, 69.0],
          [133.30009, 33.60210, 68.0],
          [133.30008, 33.60225, 68.5],
          [133.30008, 33.60239, 70.5],
          [133.30023, 33.60334, 92.0],
          [133.30027, 33.60412, 91.25],
          [133.30027, 33.60439, 90.25],
          [133.30018, 33.60453, 84.75],
          [133.30014, 33.60462, 82.25],
          [133.30006, 33.60474, 77.75],
          [133.29994, 33.60487, 72.75],
          [133.29976, 33.60505, 68.75],
          [133.29966, 33.60517, 67.75],
          [133.29952, 33.60539, 66.0],
          [133.29945, 33.60555, 65.25],
          [133.29934, 33.60578, 63.25],
          [133.29926, 33.60590, 61.75],
          [133.29917, 33.60601, 60.5],
          [133.29892, 33.60622, 61.0],
          [133.29850, 33.60653, 57.75],
          [133.29827, 33.60671, 55.75],
          [133.29803, 33.60693, 58.5],
          [133.29756, 33.60743, 57.0],
          [133.29746, 33.60755, 56.25],
          [133.29752, 33.60776, 58.0],
          [133.29755, 33.60792, 59.75],
          [133.29758, 33.60850, 62.5],
          [133.29762, 33.60868, 63.25],
          [133.29774, 33.60894, 65.0],
          [133.29794, 33.60923, 67.5],
          [133.29822, 33.60955, 67.5],
          [133.29858, 33.60993, 76.25],
          [133.29866, 33.61003, 79.0],
          [133.29878, 33.61021, 82.5],
          [133.29883, 33.61032, 83.0],
          [133.29883, 33.61062, 77.5],
          [133.29914, 33.61089, 84.25],
          [133.29927, 33.61102, 87.25],
          [133.29938, 33.61114, 89.5],
          [133.29949, 33.61130, 90.0],
          [133.29967, 33.61163, 86.5],
          [133.29987, 33.61189, 86.0],
          [133.30019, 33.61219, 93.75],
          [133.30029, 33.61230, 98.5],
          [133.30034, 33.61241, 99.5],
          [133.30038, 33.61251, 100.0],
          [133.30041, 33.61264, 99.5],
          [133.30038, 33.61280, 93.75],
          [133.30023, 33.61310, 78.75],
          [133.30000, 33.61403, 67.0],
          [133.29993, 33.61444, 68.5],
          [133.29985, 33.61500, 71.5],
          [133.29984, 33.61521, 69.75],
          [133.29987, 33.61544, 67.75],
          [133.29993, 33.61567, 66.0],
          [133.29997, 33.61582, 65.0],
          [133.30003, 33.61603, 65.0],
          [133.30012, 33.61640, 67.0],
          [133.30022, 33.61668, 70.5],
          [133.30043, 33.61704, 75.5],
          [133.30058, 33.61723, 78.25],
          [133.30114, 33.61782, 92.5],
          [133.30130, 33.61801, 96.0],
          [133.30143, 33.61822, 96.25],
          [133.30154, 33.61847, 94.0],
          [133.30166, 33.61911, 78.5],
          [133.30171, 33.61941, 76.25],
          [133.30179, 33.61972, 76.0],
          [133.30185, 33.61986, 76.0],
          [133.30233, 33.62074, 75.5],
          [133.30244, 33.62102, 74.75],
          [133.30251, 33.62130, 74.75],
          [133.30253, 33.62154, 75.5],
          [133.30254, 33.62182, 78.0],
          [133.30253, 33.62215, 82.0],
          [133.30247, 33.62239, 83.0],
          [133.30203, 33.62331, 81.75],
          [133.30191, 33.62352, 81.0],
          [133.30175, 33.62373, 78.25],
          [133.30124, 33.62424, 74.25],
          [133.30115, 33.62438, 73.0],
          [133.30106, 33.62460, 71.5],
          [133.30089, 33.62512, 66.75],
          [133.30089, 33.62535, 66.75],
          [133.30074, 33.62535, 64.75],
          [133.30059, 33.62538, 64.75],
          [133.30048, 33.62546, 64.75],
          [133.29942, 33.62652, 69.25],
          [133.29931, 33.62663, 71.25],
          [133.29901, 33.62694, 77.5],
          [133.29861, 33.62734, 86.0],
          [133.29752, 33.62881, 114.0],
          [133.29734, 33.62900, 114.0],
          [133.29701, 33.62987, 104.0],
          [133.29657, 33.63062, 111.5],
          [133.29602, 33.63114, 111.5],
          [133.29526, 33.63134, 102.5],
          [133.29467, 33.63132, 97.75],
          [133.29426, 33.63133, 99.25],
          [133.29375, 33.63122, 103.25],
          [133.29243, 33.63082, 98.0],
          [133.29229, 33.63077, 100.0],
          [133.29133, 33.63031, 93.0],
          [133.29117, 33.63025, 90.75],
          [133.29100, 33.63020, 89.0],
          [133.29092, 33.63019, 88.5],
          [133.29086, 33.63019, 88.0],
          [133.29070, 33.63019, 87.25],
          [133.29055, 33.63020, 86.75],
          [133.29046, 33.63022, 86.5],
          [133.29026, 33.63028, 85.75],
          [133.28946, 33.63054, 85.75],
          [133.28924, 33.63058, 87.25],
          [133.28904, 33.63058, 88.25],
          [133.28881, 33.63056, 89.25],
          [133.28859, 33.63049, 90.75],
          [133.28696, 33.62961, 112.25],
          [133.28659, 33.62942, 114.25],
          [133.28636, 33.62933, 111.5],
          [133.28615, 33.62927, 109.0],
          [133.28591, 33.62923, 106.25],
          [133.28559, 33.62922, 102.75],
          [133.28544, 33.62923, 101.25],
          [133.28526, 33.62927, 99.25],
          [133.28494, 33.62935, 99.25],
          [133.28450, 33.62950, 99.25],
          [133.28406, 33.62962, 99.0],
          [133.28372, 33.62968, 100.5],
          [133.28339, 33.62970, 101.75],
          [133.28287, 33.62969, 102.25],
          [133.28243, 33.62964, 102.75],
          [133.28221, 33.62957, 104.25],
          [133.28174, 33.62938, 110.25],
          [133.28147, 33.62928, 112.5],
          [133.28097, 33.62919, 112.0],
          [133.27881, 33.62906, 112.0],
          [133.27824, 33.62907, 106.5],
          [133.27766, 33.62909, 105.25],
          [133.27645, 33.62918, 105.75],
          [133.27628, 33.62918, 107.0],
          [133.27527, 33.62919, 112.5],
          [133.27418, 33.62908, 122.5],
          [133.27368, 33.62886, 123.5],
          [133.27338, 33.62870, 120.5],
          [133.27279, 33.62825, 111.75],
          [133.27180, 33.62764, 116.25],
          [133.27090, 33.62753, 116.75],
          [133.27025, 33.62755, 126.25],
          [133.26994, 33.62754, 131.0],
          [133.26961, 33.62749, 136.0],
          [133.26922, 33.62743, 136.0],
          [133.26852, 33.62727, 138.5],
          [133.26827, 33.62720, 139.25],
          [133.26727, 33.62695, 142.5],
          [133.26685, 33.62688, 143.5],
          [133.26643, 33.62689, 143.5],
          [133.26603, 33.62689, 143.75],
          [133.26533, 33.62695, 148.75],
          [133.26478, 33.62706, 158.75],
          [133.26322, 33.62723, 169.75],
          [133.26236, 33.62730, 163.5],
          [133.26147, 33.62753, 172.5],
          [133.26013, 33.62811, 187.5],
          [133.25974, 33.62826, 191.75],
          [133.25926, 33.62834, 196.75],
          [133.25844, 33.62837, 196.75],
          [133.25786, 33.62841, 205.0],
          [133.25690, 33.62845, 209.0],
          [133.25633, 33.62842, 211.5],
          [133.25585, 33.62836, 213.5],
          [133.25527, 33.62820, 216.25],
          [133.25474, 33.62800, 218.75],
          [133.25434, 33.62780, 220.75],
          [133.25414, 33.62767, 221.75],
          [133.25402, 33.62759, 222.0],
          [133.25377, 33.62740, 218.5],
          [133.25360, 33.62722, 220.5],
          [133.25325, 33.62686, 225.5],
          [133.25308, 33.62663, 232.0],
          [133.25290, 33.62637, 237.25],
          [133.25245, 33.62568, 243.0],
          [133.25202, 33.62507, 241.25],
          [133.25188, 33.62489, 242.0],
          [133.25183, 33.62486, 241.75],
          [133.25113, 33.62427, 241.75],
          [133.25108, 33.62424, 241.75],
          [133.25093, 33.62415, 241.75],
          [133.25016, 33.62375, 248.25],
          [133.24960, 33.62355, 248.5],
          [133.24840, 33.62323, 253.5],
          [133.24782, 33.62303, 256.25],
          [133.24665, 33.62215, 258.75],
          [133.24653, 33.62225, 260.5],
          [133.24647, 33.62229, 261.5],
          [133.24639, 33.62232, 263.0],
          [133.24632, 33.62232, 264.0],
          [133.24615, 33.62224, 266.0],
          [133.24605, 33.62223, 267.25],
          [133.24597, 33.62224, 268.5],
          [133.24575, 33.62232, 273.0],
          [133.24554, 33.62236, 276.75],
          [133.24550, 33.62220, 274.0],
          [133.24542, 33.62191, 268.5],
          [133.24534, 33.62176, 265.5],
          [133.24533, 33.62173, 265.5],
          [133.24525, 33.62162, 266.25],
          [133.24517, 33.62155, 267.0],
          [133.24508, 33.62148, 267.5],
          [133.24497, 33.62144, 268.25],
          [133.24494, 33.62143, 268.25],
          [133.24484, 33.62134, 269.0],
          [133.24472, 33.62117, 271.0],
          [133.24457, 33.62101, 272.5],
          [133.24455, 33.62100, 272.5],
          [133.24451, 33.62097, 272.75],
          [133.24443, 33.62093, 273.0],
          [133.24429, 33.62091, 272.5],
          [133.24391, 33.62090, 274.75],
          [133.24375, 33.62084, 276.75],
          [133.24366, 33.62077, 279.0],
          [133.24349, 33.62073, 281.25],
          [133.24338, 33.62069, 282.5],
          [133.24333, 33.62064, 283.5],
          [133.24330, 33.62059, 285.25],
          [133.24331, 33.62051, 286.0],
          [133.24335, 33.62044, 286.5],
          [133.24352, 33.62040, 287.75],
          [133.24414, 33.62040, 289.5],
          [133.24438, 33.62041, 292.0],
          [133.24466, 33.62044, 294.25],
          [133.24489, 33.62043, 298.0],
          [133.24500, 33.62041, 300.75],
          [133.24538, 33.62030, 304.75],
          [133.24550, 33.62029, 304.75],
          [133.24573, 33.62029, 303.25],
          [133.24593, 33.62035, 303.0],
          [133.24636, 33.62053, 304.25],
          [133.24646, 33.62055, 305.0],
          [133.24663, 33.62058, 307.25],
          [133.24677, 33.62061, 310.0],
          [133.24684, 33.62064, 311.0],
          [133.24715, 33.62082, 310.25],
          [133.24733, 33.62090, 310.5],
          [133.24741, 33.62069, 327.75],
          [133.24768, 33.62073, 330.75],
          [133.24811, 33.62073, 338.5],
          [133.24821, 33.62071, 341.75],
          [133.24878, 33.62072, 345.25],
          [133.24892, 33.62067, 349.25],
          [133.24939, 33.62042, 369.0],
          [133.24950, 33.62038, 372.5],
          [133.24968, 33.62038, 375.25],
          [133.24974, 33.62040, 375.0],
          [133.24984, 33.62056, 370.0],
          [133.24989, 33.62073, 364.25],
          [133.24997, 33.62124, 345.25],
          [133.25003, 33.62138, 341.5],
          [133.25010, 33.62144, 340.5],
          [133.25024, 33.62149, 341.5],
          [133.25048, 33.62149, 347.0],
          [133.25064, 33.62142, 354.25],
          [133.25074, 33.62136, 360.75],
          [133.25077, 33.62134, 362.5],
          [133.25114, 33.62111, 384.5],
          [133.25133, 33.62101, 393.5],
          [133.25145, 33.62098, 397.25],
          [133.25160, 33.62098, 399.0],
          [133.25168, 33.62101, 399.25],
          [133.25160, 33.62098, 399.0],
          [133.25145, 33.62098, 397.25],
          [133.25133, 33.62101, 393.5],
          [133.25114, 33.62111, 384.5],
          [133.25077, 33.62134, 362.5],
          [133.25074, 33.62136, 360.75],
          [133.25064, 33.62142, 354.25],
          [133.25048, 33.62149, 347.0],
          [133.25024, 33.62149, 341.5],
          [133.25010, 33.62144, 340.5],
          [133.25003, 33.62138, 341.5],
          [133.24997, 33.62124, 345.25],
          [133.24989, 33.62073, 364.25],
          [133.24984, 33.62056, 370.0],
          [133.24974, 33.62040, 375.0],
          [133.24968, 33.62038, 375.25],
          [133.24950, 33.62038, 372.5],
          [133.24939, 33.62042, 369.0],
          [133.24892, 33.62067, 349.25],
          [133.24878, 33.62072, 345.25],
          [133.24821, 33.62071, 341.75],
          [133.24811, 33.62073, 338.5],
          [133.24768, 33.62073, 330.75],
          [133.24741, 33.62069, 327.75],
          [133.24733, 33.62090, 310.5],
          [133.24715, 33.62082, 310.25],
          [133.24684, 33.62064, 311.0],
          [133.24677, 33.62061, 310.0],
          [133.24663, 33.62058, 307.25],
          [133.24646, 33.62055, 305.0],
          [133.24636, 33.62053, 304.25],
          [133.24593, 33.62035, 303.0],
          [133.24573, 33.62029, 303.25],
          [133.24550, 33.62029, 304.75],
          [133.24538, 33.62030, 304.75],
          [133.24500, 33.62041, 300.75],
          [133.24489, 33.62043, 298.0],
          [133.24466, 33.62044, 294.25],
          [133.24438, 33.62041, 292.0],
          [133.24414, 33.62040, 289.5],
          [133.24352, 33.62040, 287.75],
          [133.24335, 33.62044, 286.5],
          [133.24331, 33.62051, 286.0],
          [133.24330, 33.62059, 285.25],
          [133.24333, 33.62064, 283.5],
          [133.24338, 33.62069, 282.5],
          [133.24349, 33.62073, 281.25],
          [133.24366, 33.62077, 279.0],
          [133.24375, 33.62084, 276.75],
          [133.24391, 33.62090, 274.75],
          [133.24429, 33.62091, 272.5],
          [133.24443, 33.62093, 273.0],
          [133.24451, 33.62097, 272.75],
          [133.24455, 33.62100, 272.5],
          [133.24457, 33.62101, 272.5],
          [133.24472, 33.62117, 271.0],
          [133.24484, 33.62134, 269.0],
          [133.24494, 33.62143, 268.25],
          [133.24497, 33.62144, 268.0],
          [133.24508, 33.62148, 267.25],
          [133.24517, 33.62155, 266.75],
          [133.24525, 33.62162, 266.25],
          [133.24533, 33.62173, 265.25],
          [133.24534, 33.62176, 265.5],
          [133.24542, 33.62191, 268.5],
          [133.24550, 33.62220, 274.0],
          [133.24554, 33.62236, 276.75],
          [133.24575, 33.62232, 273.0],
          [133.24597, 33.62224, 268.5],
          [133.24605, 33.62223, 267.25],
          [133.24615, 33.62224, 266.0],
          [133.24632, 33.62232, 264.0],
          [133.24639, 33.62232, 263.0],
          [133.24647, 33.62229, 261.5],
          [133.24653, 33.62225, 260.5],
          [133.24665, 33.62215, 258.75],
          [133.24782, 33.62303, 256.25],
          [133.24840, 33.62323, 253.5],
          [133.24960, 33.62355, 248.5],
          [133.25016, 33.62375, 248.25],
          [133.25093, 33.62415, 241.75],
          [133.25108, 33.62424, 241.75],
          [133.25113, 33.62427, 241.75],
          [133.25183, 33.62486, 242.0],
          [133.25188, 33.62489, 242.0],
          [133.25202, 33.62507, 241.25],
          [133.25245, 33.62568, 243.0],
          [133.25290, 33.62637, 237.25],
          [133.25308, 33.62663, 232.0],
          [133.25325, 33.62686, 225.5],
          [133.25360, 33.62722, 220.5],
          [133.25378, 33.62710, 224.75],
          [133.25386, 33.62708, 226.25],
          [133.25396, 33.62708, 227.0],
          [133.25405, 33.62714, 226.75],
          [133.25425, 33.62729, 224.75],
          [133.25432, 33.62732, 224.5],
          [133.25438, 33.62729, 225.5],
          [133.25443, 33.62724, 226.75],
          [133.25458, 33.62719, 228.0],
          [133.25489, 33.62718, 229.25],
          [133.25512, 33.62715, 228.75],
          [133.25532, 33.62707, 228.0],
          [133.25553, 33.62702, 227.25],
          [133.25580, 33.62711, 225.75],
          [133.25594, 33.62731, 224.25],
          [133.25600, 33.62759, 223.5],
          [133.25619, 33.62776, 223.5],
          [133.25653, 33.62798, 219.5],
          [133.25683, 33.62798, 215.5],
          [133.25708, 33.62791, 214.0],
          [133.25757, 33.62794, 211.25],
          [133.25784, 33.62798, 208.25],
          [133.25805, 33.62805, 205.0],
          [133.25858, 33.62815, 197.0],
          [133.25904, 33.62821, 190.0],
          [133.25931, 33.62824, 186.75],
          [133.25946, 33.62827, 185.0],
          [133.25965, 33.62833, 182.5],
          [133.26001, 33.62840, 184.0],
          [133.26024, 33.62843, 182.25],
          [133.26039, 33.62843, 179.75],
          [133.26094, 33.62817, 169.0],
          [133.26108, 33.62811, 170.0],
          [133.26121, 33.62807, 170.25],
          [133.26137, 33.62803, 170.0],
          [133.26163, 33.62801, 169.5],
          [133.26202, 33.62806, 169.5],
          [133.26245, 33.62820, 171.25],
          [133.26293, 33.62830, 165.75],
          [133.26310, 33.62835, 164.5],
          [133.26365, 33.62845, 166.25],
          [133.26421, 33.62852, 168.25],
          [133.26449, 33.62850, 169.5],
          [133.26481, 33.62845, 168.25],
          [133.26499, 33.62839, 166.0],
          [133.26519, 33.62826, 163.0],
          [133.26548, 33.62800, 158.5],
          [133.26559, 33.62788, 154.75],
          [133.26569, 33.62785, 153.5],
          [133.26584, 33.62784, 152.25],
          [133.26599, 33.62780, 150.5],
          [133.26626, 33.62778, 148.25],
          [133.26657, 33.62776, 146.5],
          [133.26716, 33.62772, 138.5],
          [133.26738, 33.62773, 136.0],
          [133.26755, 33.62776, 135.25],
          [133.26767, 33.62784, 136.5],
          [133.26783, 33.62800, 138.0],
          [133.26797, 33.62822, 139.5],
          [133.26811, 33.62829, 137.5],
          [133.26828, 33.62837, 136.25],
          [133.26839, 33.62850, 141.25],
          [133.26852, 33.62871, 150.5],
          [133.26854, 33.62873, 151.5],
          [133.26861, 33.62876, 152.25],
          [133.26883, 33.62879, 151.25],
          [133.26895, 33.62879, 150.25],
          [133.26907, 33.62877, 148.0],
          [133.26919, 33.62873, 145.25],
          [133.26926, 33.62868, 143.75],
          [133.26946, 33.62849, 136.5],
          [133.26969, 33.62820, 129.5],
          [133.26978, 33.62811, 129.25],
          [133.26988, 33.62806, 128.75],
          [133.27006, 33.62802, 128.25],
          [133.27049, 33.62801, 129.0],
          [133.27064, 33.62799, 129.0],
          [133.27089, 33.62803, 130.0],
          [133.27115, 33.62811, 129.0],
          [133.27138, 33.62820, 127.75],
          [133.27173, 33.62838, 127.5],
          [133.27235, 33.62867, 129.0],
          [133.27287, 33.62888, 131.25],
          [133.27297, 33.62891, 131.25],
          [133.27315, 33.62894, 130.5],
          [133.27354, 33.62898, 127.75],
          [133.27368, 33.62886, 123.5],
          [133.27418, 33.62908, 122.5],
          [133.27527, 33.62919, 112.5],
          [133.27628, 33.62918, 107.0],
          [133.27645, 33.62918, 105.75],
          [133.27766, 33.62909, 105.25],
          [133.27824, 33.62907, 106.5],
          [133.27881, 33.62906, 112.0],
          [133.28097, 33.62919, 112.0],
          [133.28147, 33.62928, 112.5],
          [133.28174, 33.62938, 110.25],
          [133.28221, 33.62957, 104.25],
          [133.28243, 33.62964, 102.75],
          [133.28287, 33.62969, 102.25],
          [133.28339, 33.62970, 101.75],
          [133.28372, 33.62968, 100.5],
          [133.28406, 33.62962, 99.0],
          [133.28450, 33.62950, 99.25],
          [133.28494, 33.62935, 99.25],
          [133.28526, 33.62927, 102.5],
          [133.28544, 33.62923, 104.25],
          [133.28559, 33.62922, 105.75],
          [133.28591, 33.62923, 109.0],
          [133.28615, 33.62927, 111.5],
          [133.28636, 33.62933, 111.5],
          [133.28659, 33.62942, 114.25],
          [133.28696, 33.62961, 112.25],
          [133.28859, 33.63049, 90.75],
          [133.28881, 33.63056, 89.25],
          [133.28904, 33.63058, 88.25],
          [133.28924, 33.63058, 87.25],
          [133.28946, 33.63054, 85.75],
          [133.29026, 33.63028, 87.0],
          [133.29046, 33.63022, 87.5],
          [133.29055, 33.63020, 87.75],
          [133.29070, 33.63019, 88.0],
          [133.29086, 33.63019, 88.0],
          [133.29092, 33.63019, 88.5],
          [133.29100, 33.63020, 89.0],
          [133.29117, 33.63025, 90.75],
          [133.29133, 33.63031, 93.0],
          [133.29229, 33.63077, 100.0],
          [133.29243, 33.63082, 98.0],
          [133.29375, 33.63122, 103.25],
          [133.29426, 33.63133, 99.25],
          [133.29467, 33.63132, 97.75],
          [133.29526, 33.63134, 102.5],
          [133.29602, 33.63114, 111.5],
          [133.29657, 33.63062, 111.5],
          [133.29701, 33.62987, 104.0],
          [133.29734, 33.62900, 114.0],
          [133.29752, 33.62881, 109.75],
          [133.29861, 33.62734, 80.0],
          [133.29901, 33.62694, 71.25],
          [133.29931, 33.62663, 71.25],
          [133.29942, 33.62652, 69.25],
          [133.30048, 33.62546, 64.75],
          [133.30059, 33.62538, 64.75],
          [133.30074, 33.62535, 64.75],
          [133.30089, 33.62535, 66.75],
          [133.30089, 33.62512, 66.75],
          [133.30106, 33.62460, 71.5],
          [133.30115, 33.62438, 73.0],
          [133.30124, 33.62424, 74.25],
          [133.30175, 33.62373, 78.25],
          [133.30191, 33.62352, 81.0],
          [133.30203, 33.62331, 81.75],
          [133.30247, 33.62239, 83.0],
          [133.30253, 33.62215, 82.0],
          [133.30254, 33.62182, 78.0],
          [133.30253, 33.62154, 75.5],
          [133.30251, 33.62130, 74.75],
          [133.30244, 33.62102, 74.75],
          [133.30233, 33.62074, 75.5],
          [133.30185, 33.61986, 76.0],
          [133.30179, 33.61972, 76.0],
          [133.30171, 33.61941, 76.25],
          [133.30166, 33.61911, 78.5],
          [133.30154, 33.61847, 94.0],
          [133.30143, 33.61822, 96.25],
          [133.30130, 33.61801, 96.0],
          [133.30114, 33.61782, 92.5],
          [133.30058, 33.61723, 78.25],
          [133.30043, 33.61704, 75.5],
          [133.30022, 33.61668, 70.5],
          [133.30012, 33.61640, 67.0],
          [133.30003, 33.61603, 65.0],
          [133.29997, 33.61582, 65.0],
          [133.29993, 33.61567, 66.0],
          [133.29987, 33.61544, 67.75],
          [133.29984, 33.61521, 69.75],
          [133.29985, 33.61500, 71.5],
          [133.29993, 33.61444, 68.5],
          [133.30000, 33.61403, 67.0],
          [133.30023, 33.61310, 78.75],
          [133.30038, 33.61280, 93.75],
          [133.30041, 33.61264, 99.5],
          [133.30038, 33.61251, 100.0],
          [133.30034, 33.61241, 99.5],
          [133.30029, 33.61230, 98.5],
          [133.30019, 33.61219, 93.75],
          [133.29987, 33.61189, 86.0],
          [133.29967, 33.61163, 86.5],
          [133.29949, 33.61130, 90.0],
          [133.29938, 33.61114, 89.5],
          [133.29927, 33.61102, 87.25],
          [133.29914, 33.61089, 84.25],
          [133.29883, 33.61062, 77.5],
          [133.29883, 33.61032, 83.0],
          [133.29878, 33.61021, 82.5],
          [133.29866, 33.61003, 79.0],
          [133.29858, 33.60993, 76.25],
          [133.29822, 33.60955, 67.5],
          [133.29794, 33.60923, 67.5],
          [133.29774, 33.60894, 65.0],
          [133.29762, 33.60868, 63.25],
          [133.29758, 33.60850, 62.5],
          [133.29755, 33.60792, 59.75],
          [133.29752, 33.60776, 58.0],
          [133.29746, 33.60755, 56.25],
          [133.29756, 33.60743, 57.0],
          [133.29803, 33.60693, 58.5],
          [133.29827, 33.60671, 55.75],
          [133.29850, 33.60653, 57.75],
          [133.29892, 33.60622, 61.0],
          [133.29917, 33.60601, 60.5],
          [133.29926, 33.60590, 61.75],
          [133.29934, 33.60578, 63.25],
          [133.29945, 33.60555, 65.25],
          [133.29952, 33.60539, 66.0],
          [133.29966, 33.60517, 67.75],
          [133.29976, 33.60505, 68.75],
          [133.29994, 33.60487, 72.75],
          [133.30006, 33.60474, 77.75],
          [133.30014, 33.60462, 82.25],
          [133.30018, 33.60453, 84.75],
          [133.30027, 33.60439, 90.25],
          [133.30027, 33.60412, 91.25],
          [133.30023, 33.60334, 92.0],
          [133.30008, 33.60239, 70.5],
          [133.30008, 33.60225, 68.5],
          [133.30009, 33.60210, 68.0],
          [133.30013, 33.60197, 69.0],
          [133.30020, 33.60184, 70.5],
          [133.30029, 33.60173, 72.75],
          [133.30041, 33.60162, 75.0],
          [133.30105, 33.60122, 78.0],
          [133.30124, 33.60108, 76.25],
          [133.30136, 33.60097, 72.5],
          [133.30146, 33.60086, 67.5],
          [133.30155, 33.60074, 65.75],
          [133.30236, 33.59957, 57.25],
          [133.30249, 33.59948, 57.5],
          [133.30254, 33.59938, 58.5],
          [133.30264, 33.59923, 62.0],
          [133.30284, 33.59901, 71.5],
          [133.30295, 33.59880, 78.25],
          [133.30300, 33.59865, 81.5],
          [133.30301, 33.59853, 82.5],
          [133.30299, 33.59844, 82.0],
          [133.30293, 33.59830, 79.5],
          [133.30274, 33.59808, 76.25],
          [133.30183, 33.59727, 55.5],
          [133.30176, 33.59717, 52.0],
          [133.30170, 33.59707, 49.0],
          [133.30167, 33.59696, 47.5],
          [133.30167, 33.59685, 47.0],
          [133.30170, 33.59675, 47.5],
          [133.30176, 33.59664, 49.0],
          [133.30200, 33.59632, 54.75],
          [133.30226, 33.59602, 56.5],
          [133.30256, 33.59577, 58.5],
          [133.30308, 33.59526, 67.75],
          [133.30324, 33.59502, 62.75],
          [133.30338, 33.59470, 66.0],
          [133.30342, 33.59455, 68.0],
          [133.30344, 33.59433, 69.5],
          [133.30345, 33.59412, 69.25],
          [133.30343, 33.59367, 62.5],
          [133.30345, 33.59352, 61.0],
          [133.30349, 33.59337, 60.25],
          [133.30355, 33.59322, 61.25],
          [133.30368, 33.59298, 63.0],
          [133.30452, 33.59179, 60.25],
          [133.30539, 33.59067, 62.25],
          [133.30549, 33.59052, 67.0],
          [133.30555, 33.59040, 70.0],
          [133.30559, 33.59026, 71.75],
          [133.30564, 33.58999, 73.75],
          [133.30565, 33.58985, 72.5],
          [133.30564, 33.58972, 70.5],
          [133.30562, 33.58960, 68.0],
          [133.30557, 33.58945, 64.5],
          [133.30553, 33.58934, 61.5],
          [133.30528, 33.58883, 50.5],
          [133.30522, 33.58870, 48.75],
          [133.30519, 33.58857, 47.75],
          [133.30519, 33.58844, 47.75],
          [133.30519, 33.58836, 48.0],
          [133.30525, 33.58803, 49.0],
          [133.30546, 33.58682, 54.5],
          [133.30550, 33.58655, 54.75],
          [133.30551, 33.58635, 53.75],
          [133.30550, 33.58587, 50.75],
          [133.30551, 33.58575, 50.25],
          [133.30555, 33.58562, 49.75],
          [133.30561, 33.58552, 49.75],
          [133.30577, 33.58526, 49.25],
          [133.30595, 33.58502, 51.75],
          [133.30605, 33.58490, 53.75],
          [133.30645, 33.58451, 54.25],
          [133.30664, 33.58436, 51.75],
          [133.30747, 33.58373, 46.0],
          [133.30844, 33.58307, 46.5],
          [133.30873, 33.58287, 49.25],
          [133.30888, 33.58278, 50.25],
          [133.30910, 33.58264, 50.0],
          [133.30924, 33.58253, 50.75],
          [133.30937, 33.58242, 52.75],
          [133.30946, 33.58231, 53.75],
          [133.30956, 33.58219, 54.0],
          [133.30968, 33.58201, 53.25],
          [133.30980, 33.58183, 51.25],
          [133.31005, 33.58134, 49.5],
          [133.31027, 33.58095, 52.75],
          [133.31059, 33.58045, 56.25],
          [133.31067, 33.58030, 56.25],
          [133.31089, 33.57959, 46.75],
          [133.31094, 33.57945, 44.5],
          [133.31101, 33.57932, 42.75],
          [133.31108, 33.57920, 41.5],
          [133.31120, 33.57907, 41.75],
          [133.31216, 33.57811, 43.75],
          [133.31228, 33.57798, 45.0],
          [133.31237, 33.57786, 46.25],
          [133.31243, 33.57772, 46.5],
          [133.31245, 33.57758, 46.5],
          [133.31245, 33.57744, 45.75],
          [133.31239, 33.57716, 43.5],
          [133.31233, 33.57701, 42.0],
          [133.31231, 33.57687, 41.25],
          [133.31231, 33.57673, 40.75],
          [133.31235, 33.57661, 40.5],
          [133.31243, 33.57653, 40.5],
          [133.31255, 33.57645, 40.75],
          [133.31267, 33.57638, 40.75],
          [133.31282, 33.57632, 41.0],
          [133.31337, 33.57611, 42.25],
          [133.31349, 33.57606, 42.75],
          [133.31355, 33.57601, 43.25],
          [133.31366, 33.57592, 43.25],
          [133.31405, 33.57569, 45.75],
          [133.31478, 33.57523, 51.0],
          [133.31509, 33.57503, 48.75],
          [133.31545, 33.57477, 50.25],
          [133.31593, 33.57441, 48.75],
          [133.31612, 33.57429, 47.25],
          [133.31642, 33.57413, 45.75],
          [133.31697, 33.57390, 47.75],
          [133.31717, 33.57382, 48.0],
          [133.31751, 33.57371, 48.0],
          [133.31847, 33.57343, 49.25],
          [133.31868, 33.57337, 48.5],
          [133.31900, 33.57331, 48.25],
          [133.31981, 33.57315, 47.25],
          [133.32084, 33.57292, 54.0],
          [133.32117, 33.57283, 53.0],
          [133.32133, 33.57278, 52.0],
          [133.32207, 33.57249, 47.75],
          [133.32266, 33.57225, 52.75],
          [133.32286, 33.57215, 54.0],
          [133.32303, 33.57206, 54.5],
          [133.32340, 33.57184, 52.75],
          [133.32439, 33.57118, 61.5],
          [133.32454, 33.57105, 61.5],
          [133.32477, 33.57084, 60.0],
          [133.32581, 33.56985, 48.25],
          [133.32624, 33.56946, 40.0],
          [133.32652, 33.56967, 43.75],
          [133.32658, 33.56971, 44.25],
          [133.32670, 33.56972, 44.0],
          [133.32685, 33.56967, 42.0],
          [133.32708, 33.56955, 39.75],
          [133.32717, 33.56949, 39.25],
          [133.32747, 33.56932, 39.0],
          [133.32753, 33.56924, 40.5],
          [133.32757, 33.56917, 41.75],
          [133.32757, 33.56906, 45.0],
          [133.32756, 33.56901, 46.25],
          [133.32727, 33.56854, 49.5],
          [133.32709, 33.56834, 45.25],
          [133.32710, 33.56801, 46.0],
          [133.32711, 33.56789, 46.5],
          [133.32711, 33.56777, 46.5],
          [133.32719, 33.56764, 49.75],
          [133.32724, 33.56752, 51.75],
          [133.32750, 33.56723, 53.75],
          [133.32778, 33.56688, 55.0],
          [133.32818, 33.56611, 46.25],
          [133.32829, 33.56595, 44.0],
          [133.32862, 33.56556, 47.75],
          [133.32875, 33.56542, 49.25],
          [133.32882, 33.56531, 48.25],
          [133.32891, 33.56508, 43.25],
          [133.32943, 33.56363, 43.75],
          [133.32960, 33.56320, 42.75],
          [133.32980, 33.56284, 42.5],
          [133.33031, 33.56174, 35.25],
          [133.33038, 33.56162, 34.5],
          [133.33047, 33.56152, 35.75],
          [133.33055, 33.56145, 36.75],
          [133.33067, 33.56137, 38.0],
          [133.33080, 33.56131, 39.5],
          [133.33096, 33.56127, 41.0],
          [133.33224, 33.56097, 45.0],
          [133.33243, 33.56096, 44.75],
          [133.33262, 33.56097, 45.75],
          [133.33283, 33.56100, 47.0],
          [133.33369, 33.56118, 49.25],
          [133.33388, 33.56124, 48.0],
          [133.33403, 33.56130, 47.25],
          [133.33418, 33.56138, 46.25],
          [133.33511, 33.56197, 45.25],
          [133.33749, 33.56350, 48.0],
          [133.33833, 33.56410, 43.25],
          [133.33856, 33.56426, 44.75],
          [133.33955, 33.56508, 45.0],
          [133.33976, 33.56523, 47.5],
          [133.33994, 33.56535, 48.75],
          [133.34037, 33.56558, 48.5],
          [133.34069, 33.56573, 47.0],
          [133.34090, 33.56582, 45.75],
          [133.34114, 33.56589, 45.5],
          [133.34137, 33.56592, 44.25],
          [133.34202, 33.56599, 46.75],
          [133.34230, 33.56601, 49.25],
          [133.34254, 33.56599, 50.25],
          [133.34324, 33.56587, 47.0],
          [133.34348, 33.56583, 45.75],
          [133.34411, 33.56579, 45.75],
          [133.34529, 33.56569, 50.0],
          [133.34565, 33.56568, 49.25],
          [133.34592, 33.56567, 49.75],
          [133.34611, 33.56562, 50.75],
          [133.34630, 33.56552, 49.75],
          [133.34651, 33.56537, 46.75],
          [133.34774, 33.56439, 52.5],
          [133.34786, 33.56425, 51.5],
          [133.34795, 33.56410, 52.0],
          [133.34799, 33.56395, 54.5],
          [133.34802, 33.56378, 56.5],
          [133.34803, 33.56356, 58.0],
          [133.34800, 33.56324, 57.5],
          [133.34800, 33.56295, 56.25],
          [133.34805, 33.56272, 57.5],
          [133.34816, 33.56220, 50.25],
          [133.34827, 33.56195, 43.25],
          [133.34834, 33.56186, 41.5],
          [133.34854, 33.56170, 42.5],
          [133.34937, 33.56120, 47.0],
          [133.34956, 33.56111, 44.5],
          [133.34979, 33.56104, 43.75],
          [133.34995, 33.56102, 44.25],
          [133.35026, 33.56102, 44.25],
          [133.35237, 33.56115, 41.25],
          [133.35264, 33.56118, 41.25],
          [133.35281, 33.56120, 41.25],
          [133.35287, 33.56122, 41.25],
          [133.35312, 33.56132, 41.25],
          [133.35327, 33.56139, 41.25],
          [133.35337, 33.56146, 41.0],
          [133.35470, 33.56248, 39.0],
          [133.35489, 33.56264, 38.25],
          [133.35505, 33.56289, 37.25],
          [133.35513, 33.56312, 37.5],
          [133.35541, 33.56399, 52.5],
          [133.35561, 33.56477, 51.5],
          [133.35591, 33.56555, 46.75],
          [133.35594, 33.56569, 47.75],
          [133.35595, 33.56585, 49.0],
          [133.35592, 33.56608, 48.5],
          [133.35576, 33.56673, 51.25],
          [133.35573, 33.56698, 51.25],
          [133.35575, 33.56714, 49.0],
          [133.35584, 33.56744, 44.0],
          [133.35585, 33.56758, 42.5],
          [133.35581, 33.56777, 42.5],
          [133.35574, 33.56788, 44.25],
          [133.35556, 33.56806, 49.5],
          [133.35546, 33.56821, 51.5],
          [133.35540, 33.56845, 52.25],
          [133.35533, 33.56915, 50.5],
          [133.35527, 33.56960, 49.75],
          [133.35519, 33.56989, 50.25],
          [133.35505, 33.57078, 52.25],
          [133.35487, 33.57149, 44.25],
          [133.35488, 33.57167, 40.0],
          [133.35498, 33.57212, 36.25],
          [133.35498, 33.57233, 36.5],
          [133.35495, 33.57242, 37.75],
          [133.35457, 33.57307, 48.75],
          [133.35450, 33.57324, 50.25],
          [133.35446, 33.57338, 50.5],
          [133.35447, 33.57548, 37.75],
          [133.35450, 33.57579, 39.0],
          [133.35458, 33.57607, 42.0],
          [133.35496, 33.57690, 38.75],
          [133.35512, 33.57719, 40.75],
          [133.35529, 33.57741, 41.0],
          [133.35607, 33.57815, 51.0],
          [133.35664, 33.57880, 48.25],
          [133.35716, 33.57923, 40.5],
          [133.35751, 33.57955, 39.75],
          [133.35863, 33.58032, 33.0],
          [133.35863, 33.58065, 36.5],
          [133.35857, 33.58072, 38.5],
          [133.35849, 33.58079, 40.75],
          [133.35846, 33.58085, 42.0],
          [133.35844, 33.58101, 42.5],
          [133.35858, 33.58138, 40.0],
          [133.35862, 33.58139, 39.25],
          [133.35985, 33.58156, 33.0],
          [133.35991, 33.58155, 33.25],
          [133.36005, 33.58149, 34.75],
          [133.36039, 33.58126, 37.75],
          [133.36067, 33.58105, 35.75],
          [133.36091, 33.58095, 35.25],
          [133.36104, 33.58085, 33.25],
          [133.36127, 33.58082, 36.75],
          [133.36188, 33.58076, 47.25],
          [133.36218, 33.58068, 50.5],
          [133.36406, 33.57998, 52.25],
          [133.36418, 33.57991, 52.5],
          [133.36433, 33.57982, 55.5],
          [133.36448, 33.57971, 57.0],
          [133.36574, 33.57831, 37.75],
          [133.36585, 33.57815, 39.75],
          [133.36590, 33.57804, 41.75],
          [133.36591, 33.57794, 43.25],
          [133.36590, 33.57783, 44.0],
          [133.36583, 33.57761, 44.0],
          [133.36563, 33.57719, 41.0],
          [133.36553, 33.57692, 40.75],
          [133.36550, 33.57672, 41.75],
          [133.36551, 33.57653, 41.0],
          [133.36557, 33.57628, 39.0],
          [133.36564, 33.57603, 37.25],
          [133.36573, 33.57567, 36.0],
          [133.36578, 33.57540, 36.5],
          [133.36584, 33.57371, 28.0],
          [133.36586, 33.57293, 35.0],
          [133.36585, 33.57273, 38.5],
          [133.36583, 33.57262, 39.75],
          [133.36580, 33.57250, 40.75],
          [133.36514, 33.57108, 37.5],
          [133.36506, 33.57082, 36.5],
          [133.36507, 33.57063, 34.75],
          [133.36510, 33.57040, 33.0],
          [133.36526, 33.56974, 29.75],
          [133.36539, 33.56963, 31.5],
          [133.36554, 33.56946, 32.25],
          [133.36577, 33.56917, 30.5],
          [133.36659, 33.56806, 30.75],
          [133.36679, 33.56781, 31.25],
          [133.36821, 33.56674, 29.25],
          [133.36891, 33.56621, 30.0],
          [133.36925, 33.56597, 30.75],
          [133.37079, 33.56480, 25.0],
          [133.37109, 33.56457, 26.75],
          [133.37135, 33.56435, 29.5],
          [133.37136, 33.56408, 30.5],
          [133.37137, 33.56380, 29.25],
          [133.37139, 33.56371, 29.0],
          [133.37161, 33.56348, 32.25],
          [133.37180, 33.56321, 37.5],
          [133.37189, 33.56303, 37.25],
          [133.37205, 33.56285, 39.75],
          [133.37252, 33.56227, 39.25],
          [133.37281, 33.56195, 35.75],
          [133.37345, 33.56136, 32.75],
          [133.37362, 33.56124, 36.0],
          [133.37378, 33.56103, 36.75],
          [133.37416, 33.56038, 30.0],
          [133.37426, 33.56027, 29.75],
          [133.37435, 33.56018, 30.25],
          [133.37532, 33.55939, 32.5],
          [133.37552, 33.55926, 31.0],
          [133.37569, 33.55915, 29.75],
          [133.37600, 33.55900, 32.5],
          [133.37629, 33.55884, 32.25],
          [133.37643, 33.55876, 31.0],
          [133.37659, 33.55864, 28.25],
          [133.37677, 33.55847, 26.25],
          [133.37693, 33.55829, 27.0],
          [133.37727, 33.55786, 27.5],
          [133.37744, 33.55768, 23.25],
          [133.37774, 33.55743, 25.25],
          [133.37835, 33.55700, 30.5],
          [133.37857, 33.55687, 29.75],
          [133.37879, 33.55678, 30.75],
          [133.37906, 33.55670, 33.75],
          [133.37942, 33.55663, 33.5],
          [133.38030, 33.55656, 29.5],
          [133.38067, 33.55651, 27.75],
          [133.38103, 33.55643, 31.25],
          [133.38140, 33.55630, 36.25],
          [133.38210, 33.55590, 37.25],
          [133.38373, 33.55489, 31.0],
          [133.38404, 33.55463, 28.75],
          [133.38435, 33.55434, 27.25],
          [133.38472, 33.55410, 28.75],
          [133.38544, 33.55372, 26.75],
          [133.38563, 33.55372, 27.75],
          [133.38609, 33.55370, 29.0],
          [133.38703, 33.55337, 26.75],
          [133.38710, 33.55336, 26.75],
          [133.38826, 33.55296, 26.25],
          [133.38915, 33.55274, 24.0],
          [133.38982, 33.55254, 26.0],
          [133.39018, 33.55245, 26.25],
          [133.39020, 33.55243, 26.0],
          [133.39020, 33.55238, 25.5],
          [133.39019, 33.55235, 25.25],
          [133.39074, 33.55219, 24.25],
          [133.39081, 33.55216, 24.0],
          [133.39126, 33.55193, 32.0],
          [133.39155, 33.55169, 34.25],
          [133.39233, 33.55083, 35.25],
          [133.39318, 33.54958, 40.75],
          [133.39330, 33.54918, 33.0],
          [133.39335, 33.54905, 32.0],
          [133.39356, 33.54871, 34.0],
          [133.39423, 33.54801, 29.0],
          [133.39442, 33.54792, 27.5],
          [133.39466, 33.54784, 26.75],
          [133.39528, 33.54775, 25.5],
          [133.39548, 33.54783, 26.5],
          [133.39610, 33.54803, 26.0],
          [133.39633, 33.54810, 25.75],
          [133.39651, 33.54817, 25.25],
          [133.39717, 33.54837, 25.5],
          [133.39750, 33.54849, 25.75],
          [133.39828, 33.54880, 25.25],
          [133.39835, 33.54885, 25.0],
          [133.39844, 33.54891, 24.75],
          [133.40047, 33.55001, 22.75],
          [133.40070, 33.55018, 22.5],
          [133.40085, 33.55036, 22.0],
          [133.40096, 33.55057, 21.75],
          [133.40107, 33.55089, 21.75],
          [133.40132, 33.55184, 28.0],
          [133.40145, 33.55218, 35.25],
          [133.40163, 33.55237, 36.25],
          [133.40186, 33.55254, 37.0],
          [133.40210, 33.55263, 37.5],
          [133.40281, 33.55279, 36.25],
          [133.40308, 33.55286, 37.25],
          [133.40558, 33.55371, 36.5],
          [133.40585, 33.55379, 37.0],
          [133.40612, 33.55385, 35.25],
          [133.40682, 33.55397, 29.25],
          [133.40757, 33.55412, 30.0],
          [133.40777, 33.55414, 30.5],
          [133.40798, 33.55416, 30.75],
          [133.40871, 33.55418, 31.75],
          [133.40890, 33.55420, 33.0],
          [133.40917, 33.55426, 35.75],
          [133.40942, 33.55432, 36.0],
          [133.40975, 33.55439, 35.0],
          [133.40996, 33.55443, 33.5],
          [133.41024, 33.55443, 33.25],
          [133.41054, 33.55442, 32.5],
          [133.41081, 33.55438, 31.0],
          [133.41104, 33.55431, 31.5],
          [133.41144, 33.55414, 30.75],
          [133.41159, 33.55410, 31.5],
          [133.41215, 33.55399, 34.25],
          [133.41254, 33.55387, 34.5],
          [133.41276, 33.55378, 33.5],
          [133.41294, 33.55365, 30.75],
          [133.41303, 33.55354, 28.25],
          [133.41318, 33.55333, 22.75],
          [133.41327, 33.55323, 23.0],
          [133.41340, 33.55312, 25.0],
          [133.41362, 33.55300, 29.75],
          [133.41383, 33.55291, 33.5],
          [133.41414, 33.55278, 37.25],
          [133.41537, 33.55218, 28.0],
          [133.41588, 33.55196, 21.25],
          [133.41635, 33.55181, 19.5],
          [133.41712, 33.55157, 20.5],
          [133.41755, 33.55142, 21.0],
          [133.41784, 33.55130, 21.0],
          [133.41803, 33.55123, 20.5],
          [133.41811, 33.55123, 20.75],
          [133.41819, 33.55123, 20.75],
          [133.41823, 33.55122, 20.75],
          [133.41891, 33.55096, 23.5],
          [133.41972, 33.55063, 24.5],
          [133.41986, 33.55056, 24.5],
          [133.42002, 33.55047, 24.5],
          [133.42015, 33.55038, 24.75],
          [133.42025, 33.55030, 24.5],
          [133.42037, 33.55019, 23.75],
          [133.42048, 33.55008, 22.25],
          [133.42082, 33.54996, 21.75],
          [133.42090, 33.54993, 21.5],
          [133.42115, 33.54982, 20.75],
          [133.42187, 33.54955, 19.75],
          [133.42194, 33.54952, 19.75],
          [133.42245, 33.54930, 19.25],
          [133.42304, 33.54903, 19.0],
          [133.42313, 33.54898, 19.0],
          [133.42323, 33.54881, 19.0],
          [133.42348, 33.54860, 19.0],
          [133.42382, 33.54829, 19.0],
          [133.42385, 33.54825, 19.0],
          [133.42399, 33.54809, 19.0],
          [133.42412, 33.54792, 19.25],
          [133.42419, 33.54774, 19.5],
          [133.42440, 33.54729, 20.0],
          [133.42468, 33.54738, 20.0],
          [133.42514, 33.54753, 20.0],
          [133.42568, 33.54770, 20.0],
          [133.42585, 33.54772, 20.25],
          [133.42617, 33.54778, 20.75],
          [133.42640, 33.54784, 21.0],
          [133.42655, 33.54790, 21.25],
          [133.42673, 33.54798, 21.25],
          [133.42715, 33.54825, 21.0],
          [133.42720, 33.54828, 21.0],
          [133.42726, 33.54829, 21.0],
          [133.42787, 33.54828, 20.5],
          [133.42806, 33.54829, 20.25],
          [133.42810, 33.54829, 20.25],
          [133.42867, 33.54833, 20.0],
          [133.42874, 33.54834, 20.0],
          [133.42986, 33.54839, 19.5],
          [133.42994, 33.54840, 19.25],
          [133.43005, 33.54840, 19.25],
          [133.43057, 33.54845, 19.0],
          [133.43068, 33.54846, 19.0],
          [133.43083, 33.54847, 18.75],
          [133.43092, 33.54843, 18.5],
          [133.43101, 33.54846, 18.5],
          [133.43113, 33.54848, 18.5],
          [133.43225, 33.54856, 18.25],
          [133.43247, 33.54857, 18.5],
          [133.43320, 33.54861, 18.25],
          [133.43342, 33.54863, 18.25],
          [133.43351, 33.54863, 18.0],
          [133.43369, 33.54865, 18.0],
          [133.43413, 33.54869, 17.5],
          [133.43443, 33.54872, 17.25],
          [133.43497, 33.54875, 17.0],
          [133.43553, 33.54879, 16.25],
          [133.43659, 33.54888, 16.0],
          [133.43673, 33.54889, 16.25],
          [133.43718, 33.54891, 18.25],
          [133.43754, 33.54893, 19.75],
          [133.43785, 33.54896, 20.5],
          [133.43806, 33.54898, 21.25],
          [133.43822, 33.54900, 21.75],
          [133.43903, 33.54914, 20.25],
          [133.44076, 33.54948, 15.25],
          [133.44191, 33.54971, 14.0],
          [133.44206, 33.54974, 14.25],
          [133.44315, 33.54990, 14.25],
          [133.44396, 33.55006, 15.75],
          [133.44488, 33.55027, 16.5],
          [133.44607, 33.55051, 16.25],
          [133.44651, 33.55061, 15.5],
          [133.44655, 33.55062, 15.25],
          [133.44705, 33.55072, 16.25],
          [133.44744, 33.55081, 17.75],
          [133.44755, 33.55083, 17.75],
          [133.44792, 33.55091, 17.25],
          [133.44936, 33.55123, 17.0],
          [133.44941, 33.55124, 17.0],
          [133.44964, 33.55129, 16.75],
          [133.44986, 33.55134, 16.5],
          [133.44995, 33.55135, 16.5],
          [133.45005, 33.55136, 16.75],
          [133.45075, 33.55144, 17.75],
          [133.45142, 33.55150, 17.5],
          [133.45195, 33.55155, 17.5],
          [133.45292, 33.55165, 18.5],
          [133.45303, 33.55166, 18.5],
          [133.45367, 33.55173, 18.75],
          [133.45405, 33.55177, 18.75],
          [133.45441, 33.55181, 19.0],
          [133.45491, 33.55187, 19.25],
          [133.45536, 33.55194, 19.25],
          [133.45591, 33.55204, 19.25],
          [133.45630, 33.55210, 18.5],
          [133.45659, 33.55213, 18.0],
          [133.45681, 33.55213, 17.75],
          [133.45694, 33.55212, 17.5],
          [133.45700, 33.55212, 17.5],
          [133.45723, 33.55209, 17.25],
          [133.45728, 33.55209, 17.25],
          [133.45750, 33.55207, 16.75],
          [133.45842, 33.55202, 16.5],
          [133.45872, 33.55199, 17.25],
          [133.45884, 33.55198, 17.5],
          [133.45893, 33.55198, 17.75],
          [133.45936, 33.55195, 18.0],
          [133.45971, 33.55193, 17.75],
          [133.45985, 33.55192, 17.5],
          [133.45998, 33.55191, 17.5],
          [133.46023, 33.55189, 17.5],
          [133.46030, 33.55189, 17.25],
          [133.46039, 33.55188, 17.25],
          [133.46087, 33.55184, 17.0],
          [133.46155, 33.55179, 18.0],
          [133.46162, 33.55178, 18.0],
          [133.46193, 33.55174, 18.0],
          [133.46240, 33.55167, 17.0],
          [133.46274, 33.55163, 18.0],
          [133.46283, 33.55163, 18.5],
          [133.46305, 33.55162, 19.5],
          [133.46324, 33.55163, 20.5],
          [133.46340, 33.55166, 21.0],
          [133.46367, 33.55170, 22.25],
          [133.46406, 33.55176, 24.0],
          [133.46448, 33.55183, 26.75],
          [133.46472, 33.55187, 28.0],
          [133.46482, 33.55188, 28.5],
          [133.46508, 33.55192, 30.25],
          [133.46535, 33.55193, 33.0],
          [133.46691, 33.55194, 48.0],
          [133.46745, 33.55193, 52.0],
          [133.46794, 33.55191, 50.5],
          [133.46810, 33.55192, 50.0],
          [133.46824, 33.55193, 49.5],
          [133.46843, 33.55196, 48.25],
          [133.46920, 33.55212, 41.75],
          [133.46941, 33.55215, 39.75],
          [133.46970, 33.55218, 37.0],
          [133.47024, 33.55223, 32.75],
          [133.47040, 33.55224, 31.5],
          [133.47087, 33.55229, 28.5],
          [133.47118, 33.55233, 27.0],
          [133.47129, 33.55234, 26.5],
          [133.47144, 33.55230, 26.25],
          [133.47160, 33.55226, 26.25],
          [133.47174, 33.55225, 26.5],
          [133.47186, 33.55225, 27.0],
          [133.47195, 33.55226, 27.0],
          [133.47205, 33.55232, 26.5],
          [133.47216, 33.55238, 25.5],
          [133.47260, 33.55233, 27.5],
          [133.47268, 33.55232, 27.5],
          [133.47332, 33.55225, 28.75],
          [133.47341, 33.55224, 29.5],
          [133.47374, 33.55221, 31.5],
          [133.47407, 33.55221, 33.0],
          [133.47492, 33.55225, 24.0],
          [133.47529, 33.55227, 21.75],
          [133.47586, 33.55229, 19.0],
          [133.47612, 33.55230, 18.5],
          [133.47635, 33.55229, 18.25],
          [133.47650, 33.55228, 18.25],
          [133.47669, 33.55224, 18.5],
          [133.47700, 33.55215, 19.0],
          [133.47722, 33.55205, 19.0],
          [133.47763, 33.55188, 18.5],
          [133.47785, 33.55182, 19.0],
          [133.47806, 33.55178, 19.25],
          [133.47842, 33.55176, 19.75],
          [133.47849, 33.55176, 20.0],
          [133.47882, 33.55178, 20.5],
          [133.47947, 33.55192, 20.25],
          [133.47961, 33.55195, 19.75],
          [133.47985, 33.55197, 19.25],
          [133.47996, 33.55197, 19.0],
          [133.48019, 33.55197, 19.25],
          [133.48038, 33.55196, 19.5],
          [133.48056, 33.55194, 19.75],
          [133.48080, 33.55191, 20.5],
          [133.48111, 33.55185, 18.75],
          [133.48119, 33.55183, 18.25],
          [133.48184, 33.55166, 14.75],
          [133.48211, 33.55156, 15.75],
          [133.48278, 33.55129, 15.0],
          [133.48324, 33.55111, 15.0],
          [133.48341, 33.55107, 14.75],
          [133.48357, 33.55106, 14.75],
          [133.48369, 33.55106, 14.75],
          [133.48379, 33.55106, 14.75],
          [133.48458, 33.55118, 14.0],
          [133.48483, 33.55119, 14.0],
          [133.48499, 33.55118, 14.0],
          [133.48533, 33.55117, 14.5],
          [133.48549, 33.55115, 14.75],
          [133.48569, 33.55112, 15.0],
          [133.48649, 33.55104, 16.25],
          [133.48733, 33.55095, 14.25],
          [133.48743, 33.55094, 14.0],
          [133.48747, 33.55088, 14.0],
          [133.48760, 33.55066, 14.0],
          [133.48762, 33.55062, 14.0],
          [133.48764, 33.55059, 14.0],
          [133.48767, 33.55060, 14.0],
          [133.48819, 33.55068, 14.75],
          [133.48832, 33.55070, 14.75],
          [133.48887, 33.55079, 14.25],
          [133.48893, 33.55080, 14.25],
          [133.48904, 33.55082, 14.0],
          [133.48911, 33.55083, 14.0],
          [133.48947, 33.55089, 13.25],
          [133.48953, 33.55090, 13.0],
          [133.49059, 33.55108, 13.0],
          [133.49073, 33.55110, 13.0],
          [133.49078, 33.55111, 13.25],
          [133.49171, 33.55127, 13.5],
          [133.49228, 33.55137, 13.5],
          [133.49251, 33.55141, 13.5],
          [133.49268, 33.55144, 13.25],
          [133.49324, 33.55153, 12.25],
          [133.49329, 33.55154, 12.0],
          [133.49346, 33.55157, 12.0],
          [133.49408, 33.55168, 11.75],
          [133.49417, 33.55169, 11.75],
          [133.49433, 33.55172, 12.0],
          [133.49459, 33.55177, 12.25],
          [133.49492, 33.55182, 12.5],
          [133.49560, 33.55194, 12.0],
          [133.49643, 33.55209, 10.0],
          [133.49701, 33.55218, 10.25],
          [133.49709, 33.55219, 10.5],
          [133.49737, 33.55225, 11.75],
          [133.49756, 33.55228, 12.25],
          [133.49768, 33.55225, 12.25],
          [133.49787, 33.55221, 12.0],
          [133.49825, 33.55219, 12.0],
          [133.49853, 33.55216, 11.75],
          [133.49869, 33.55214, 11.5],
          [133.49884, 33.55213, 11.25],
          [133.49890, 33.55212, 11.25],
          [133.49911, 33.55211, 11.0],
          [133.49941, 33.55204, 10.75],
          [133.49972, 33.55196, 10.5],
          [133.50036, 33.55176, 10.5],
          [133.50086, 33.55156, 11.0],
          [133.50091, 33.55153, 11.25],
          [133.50116, 33.55163, 11.75],
          [133.50131, 33.55171, 12.0],
          [133.50142, 33.55177, 12.25],
          [133.50154, 33.55183, 12.5],
          [133.50206, 33.55209, 12.5],
          [133.50217, 33.55215, 12.25],
          [133.50223, 33.55216, 12.25],
          [133.50237, 33.55220, 12.0],
          [133.50244, 33.55222, 12.0],
          [133.50277, 33.55232, 11.5],
          [133.50304, 33.55222, 11.25],
          [133.50315, 33.55218, 11.0],
          [133.50346, 33.55207, 10.5],
          [133.50379, 33.55197, 10.25],
          [133.50383, 33.55196, 10.25],
          [133.50420, 33.55190, 10.25],
          [133.50499, 33.55182, 10.75],
          [133.50502, 33.55182, 10.75],
          [133.50506, 33.55180, 10.5],
          [133.50511, 33.55179, 10.25],
          [133.50575, 33.55167, 6.5],
          [133.50771, 33.55137, 8.0],
          [133.50810, 33.55134, 8.25],
          [133.50875, 33.55134, 8.25],
          [133.50921, 33.55139, 7.75],
          [133.50954, 33.55145, 7.0],
          [133.50977, 33.55149, 6.5],
          [133.51021, 33.55161, 5.5],
          [133.51091, 33.55188, 5.75],
          [133.51123, 33.55203, 5.75],
          [133.51173, 33.55233, 5.0],
          [133.51199, 33.55251, 5.75],
          [133.51251, 33.55288, 7.0],
          [133.51310, 33.55325, 5.25],
          [133.51335, 33.55340, 5.0],
          [133.51346, 33.55345, 5.25],
          [133.51401, 33.55369, 5.75],
          [133.51429, 33.55380, 5.75],
          [133.51468, 33.55394, 5.25],
          [133.51525, 33.55407, 5.0],
          [133.51569, 33.55414, 5.0],
          [133.51595, 33.55418, 5.0],
          [133.51630, 33.55421, 5.0],
          [133.51652, 33.55422, 5.0],
          [133.51676, 33.55421, 5.0],
          [133.51683, 33.55420, 5.0],
          [133.51692, 33.55419, 5.0],
          [133.51694, 33.55424, 5.0],
          [133.51695, 33.55427, 5.0],
          [133.51696, 33.55433, 5.25],
          [133.51701, 33.55529, 7.5],
          [133.51701, 33.55533, 7.5],
          [133.51701, 33.55540, 8.0],
          [133.51701, 33.55567, 10.0],
          [133.51701, 33.55573, 10.5],
          [133.51701, 33.55584, 11.25],
          [133.51702, 33.55593, 11.0],
          [133.51710, 33.55593, 11.0],
          [133.51867, 33.55595, 11.0],
          [133.51888, 33.55595, 10.5],
          [133.51976, 33.55596, 8.5],
          [133.52082, 33.55594, 7.75],
          [133.52234, 33.55596, 8.5],
          [133.52287, 33.55596, 9.25],
          [133.52297, 33.55596, 9.5],
          [133.52309, 33.55595, 9.5],
          [133.52362, 33.55595, 9.75],
          [133.52504, 33.55597, 9.25],
          [133.52511, 33.55597, 9.0],
          [133.52519, 33.55597, 9.0],
          [133.52708, 33.55597, 7.25],
          [133.52720, 33.55597, 7.0],
          [133.52729, 33.55597, 7.0],
          [133.52738, 33.55597, 7.0],
          [133.52766, 33.55598, 7.0],
          [133.52771, 33.55599, 7.25],
          [133.52779, 33.55601, 7.25],
          [133.52951, 33.55653, 8.75],
          [133.52951, 33.55653, 8.75],
          [133.52960, 33.55655, 8.75],
          [133.52969, 33.55656, 9.0],
          [133.53027, 33.55666, 9.25],
          [133.53064, 33.55673, 8.25],
          [133.53073, 33.55674, 8.25],
          [133.53084, 33.55676, 8.0],
          [133.53228, 33.55703, 12.25],
          [133.53235, 33.55704, 12.75],
          [133.53246, 33.55706, 13.5],
          [133.53244, 33.55713, 14.0],
          [133.53225, 33.55796, 13.75],
          [133.53223, 33.55804, 13.5],
          [133.53222, 33.55810, 13.0],
          [133.53221, 33.55813, 13.0],
          [133.53220, 33.55818, 12.75],
          [133.53232, 33.55821, 13.25],
          [133.53246, 33.55824, 14.0],
          [133.53404, 33.55855, 13.0],
          [133.53402, 33.55861, 12.75],
          [133.53407, 33.55865, 12.0],
          [133.53408, 33.55867, 11.75],
          [133.53409, 33.55876, 11.25],
          [133.53407, 33.55887, 10.5],
          [133.53404, 33.55900, 7.75]
        ]
      }
    }
  ]
}
