{
  "type": "FeatureCollection",
  "features": [
    {
      "type": "Feature",
      "properties": {
        "creator": "BRouter-1.7.10",
        "name": "brouter_fastbike-asia-pacific_0",
        "track-length": "140940",
        "filtered ascend": "1213",
        "plain-ascend": "2",
        "total-time": "30499",
        "total-energy": "2997706",
        "cost": "244184",
        "messages": [
          ["Longitude", "Latitude", "Elevation", "Distance", "CostPerKm", "ElevCost", "TurnCost", "NodeCost", "InitialCost", "WayTags", "NodeTags", "Time", "Energy"],
          ["132726926", "32935868", "6", "93", "1100", "0", "0", "0", "0", "highway=unclassified", "", "15", "1562"],
          ["132727418", "32934982", "7", "109", "1100", "0", "0", "0", "0", "reversedirection=yes highway=unclassified", "", "36", "3650"],
          ["132727568", "32934709", "7", "33", "1100", "0", "0", "0", "0", "highway=unclassified", "", "43", "4311"],
          ["132732337", "32936146", "7", "473", "1000", "0", "83", "0", "0", "highway=tertiary surface=asphalt estimated_traffic_class=2", "estimated_crossing_class=4", "121", "12148"],
          ["132734291", "32936611", "4", "190", "1230", "0", "1", "0", "0", "reversedirection=yes highway=primary surface=asphalt estimated_traffic_class=3", "estimated_crossing_class=2", "155", "15600"],
          ["132734770", "32936906", "4", "55", "1230", "0", "0", "0", "0", "reversedirection=yes highway=primary surface=asphalt estimated_traffic_class=3", "estimated_crossing_class=2", "162", "16231"],
          ["132736187", "32937809", "5", "166", "1230", "0", "0", "0", "0", "reversedirection=yes highway=primary surface=asphalt estimated_traffic_class=3", "estimated_crossing_class=2", "189", "18984"],
          ["132736962", "32938312", "6", "91", "1230", "0", "0", "0", "0", "reversedirection=yes highway=primary surface=asphalt estimated_traffic_class=3", "estimated_crossing_class=2", "207", "20777"],
          ["132737932", "32938935", "7", "114", "1230", "0", "0", "0", "0", "reversedirection=yes highway=primary surface=asphalt estimated_traffic_class=3", "estimated_crossing_class=2", "229", "22982"],
          ["132739583", "32939874", "14", "187", "1230", "0", "1", "0", "0", "reversedirection=yes highway=primary surface=asphalt estimated_traffic_class=3", "estimated_crossing_class=2", "283", "28343"],
          ["132740979", "32940306", "22", "139", "1230", "0", "0", "0", "0", "reversedirection=yes highway=primary surface=asphalt estimated_traffic_class=3", "estimated_crossing_class=2", "357", "35752"],
          ["132741661", "32940502", "22", "67", "1230", "0", "0", "0", "0", "reversedirection=yes highway=primary surface=asphalt estimated_traffic_class=3", "estimated_crossing_class=2", "376", "37627"],
          ["132743573", "32941077", "19", "190", "1230", "0", "0", "0", "0", "reversedirection=yes highway=primary surface=asphalt estimated_traffic_class=3", "", "410", "41040"],
          ["132744458", "32941357", "18", "89", "1200", "0", "0", "0", "0", "highway=primary surface=asphalt estimated_traffic_class=2 oneway=yes", "", "425", "42551"],
          ["132745480", "32942099", "23", "127", "1500", "0", "3", "0", "0", "reversedirection=yes highway=trunk", "", "453", "45318"],
          ["132754169", "32943110", "28", "934", "1100", "0", "290", "0", "0", "highway=unclassified", "", "713", "71322"],
          ["132753810", "32943395", "27", "46", "1500", "10", "66", "0", "0", "highway=trunk", "", "718", "71819"],
          ["132763293", "32945252", "60", "951", "1100", "0", "217", "0", "0", "highway=unclassified", "", "1054", "105467"],
          ["132785924", "32953614", "16", "2506", "1500", "669", "41", "0", "0", "reversedirection=yes highway=trunk", "", "1403", "139517"],
          ["132794998", "32956861", "11", "1112", "1200", "0", "170", "0", "0", "reversedirection=yes highway=residential", "estimated_crossing_class=1", "1572", "156434"],
          ["132800536", "32959897", "9", "632", "1200", "0", "42", "0", "0", "reversedirection=yes highway=residential", "", "1675", "166713"],
          ["132800422", "32959632", "10", "32", "1200", "0", "16", "0", "0", "highway=residential", "", "1680", "167237"],
          ["132801751", "32960437", "11", "192", "1100", "0", "191", "0", "0", "highway=unclassified", "", "1716", "170812"],
          ["132802300", "32960275", "10", "54", "1100", "0", "57", "0", "0", "reversedirection=yes highway=unclassified", "", "1725", "171657"],
          ["132809859", "32958968", "9", "722", "1200", "0", "2", "0", "0", "reversedirection=yes highway=track tracktype=grade1", "", "1839", "183084"],
          ["132814634", "32960010", "9", "604", "1100", "0", "104", "0", "0", "reversedirection=yes highway=unclassified", "", "1938", "192987"],
          ["132817101", "32960167", "7", "231", "5000", "0", "6", "0", "0", "reversedirection=yes highway=track", "", "1975", "196696"],
          ["132827148", "32957650", "15", "1072", "1200", "0", "36", "0", "0", "reversedirection=yes highway=track tracktype=grade1", "", "2238", "223015"],
          ["132836124", "32959234", "11", "883", "1200", "7", "71", "0", "0", "highway=track tracktype=grade1", "", "2372", "236229"],
          ["132841439", "32960314", "13", "533", "1200", "0", "53", "0", "0", "highway=residential", "", "2464", "245449"],
          ["132844271", "32959927", "7", "283", "1200", "0", "51", "0", "0", "reversedirection=yes highway=residential", "", "2510", "250107"],
          ["132845629", "32960683", "6", "182", "1200", "0", "114", "0", "0", "reversedirection=yes highway=track tracktype=grade1", "", "2530", "252059"],
          ["132846007", "32960540", "6", "39", "1200", "0", "0", "0", "0", "highway=track tracktype=grade1", "", "2535", "252600"],
          ["132854763", "32968320", "5", "1300", "1100", "0", "220", "0", "0", "reversedirection=yes highway=unclassified", "", "2751", "274136"],
          ["132854738", "32968404", "5", "10", "1100", "0", "6", "0", "0", "highway=unclassified", "", "2752", "274301"],
          ["132866243", "32977245", "9", "1762", "1200", "0", "91", "0", "0", "highway=residential", "", "3064", "305420"],
          ["132876001", "32981121", "8", "1093", "1500", "0", "91", "0", "0", "reversedirection=yes highway=trunk", "", "3283", "327401"],
          ["132884115", "32976495", "5", "1066", "1200", "0", "73", "0", "0", "highway=residential", "estimated_crossing_class=1", "3436", "342688"],
          ["132893075", "32972583", "10", "1031", "1100", "0", "46", "0", "0", "highway=unclassified", "", "3645", "363612"],
          ["132904782", "32972605", "6", "1288", "1200", "0", "26", "0", "0", "highway=residential", "estimated_crossing_class=2", "3856", "384660"],
          ["132907843", "32973801", "4", "315", "1100", "0", "70", "0", "0", "highway=secondary estimated_traffic_class=2", "estimated_crossing_class=2", "3906", "389712"],
          ["132910252", "32975074", "7", "266", "1100", "0", "0", "0", "0", "highway=secondary estimated_traffic_class=2", "estimated_crossing_class=2", "3965", "395618"],
          ["132911215", "32975568", "7", "106", "1100", "0", "1", "0", "0", "highway=secondary estimated_traffic_class=2", "estimated_crossing_class=2", "3987", "397738"],
          ["132911936", "32976508", "7", "124", "1100", "0", "6", "0", "0", "highway=secondary estimated_traffic_class=2", "estimated_crossing_class=2", "4006", "399637"],
          ["132913621", "32977647", "8", "202", "1100", "0", "0", "0", "0", "highway=secondary estimated_traffic_class=2", "estimated_crossing_class=2", "4043", "403410"],
          ["132913806", "32977781", "8", "23", "1100", "0", "0", "0", "0", "highway=secondary estimated_traffic_class=2", "estimated_crossing_class=2", "4047", "403833"],
          ["132914992", "32978485", "8", "136", "1100", "0", "0", "0", "0", "highway=secondary estimated_traffic_class=2", "estimated_crossing_class=2", "4070", "406049"],
          ["132915257", "32978579", "8", "27", "1100", "0", "0", "0", "0", "highway=secondary estimated_traffic_class=2", "estimated_crossing_class=2", "4074", "406525"],
          ["132915670", "32980106", "10", "177", "1200", "0", "109", "0", "0", "highway=residential", "", "4114", "410509"],
          ["132915598", "32980163", "10", "9", "1500", "0", "78", "0", "0", "highway=trunk oneway=yes", "", "4116", "410699"],
          ["132915971", "32980382", "10", "75", "1100", "0", "55", "0", "0", "highway=secondary estimated_traffic_class=1 oneway=yes", "", "4130", "412090"],
          ["132916371", "32980334", "10", "38", "1100", "0", "0", "0", "0", "highway=secondary estimated_traffic_class=2", "estimated_crossing_class=1", "4136", "412699"],
          ["132917840", "32980585", "9", "143", "1100", "0", "3", "0", "0", "highway=secondary estimated_traffic_class=2", "estimated_crossing_class=1", "4158", "414840"],
          ["132918344", "32980868", "11", "57", "1100", "0", "0", "0", "0", "highway=secondary estimated_traffic_class=2", "estimated_crossing_class=1", "4171", "416159"],
          ["132918362", "32980879", "11", "2", "1100", "0", "0", "0", "0", "highway=secondary estimated_traffic_class=2", "", "4171", "416202"],
          ["132918465", "32980936", "11", "12", "1100", "0", "0", "0", "0", "highway=secondary estimated_traffic_class=1", "", "4174", "416470"],
          ["132918491", "32980950", "11", "3", "1100", "0", "0", "0", "0", "highway=secondary estimated_traffic_class=2", "estimated_crossing_class=2", "4174", "416535"],
          ["132918872", "32981167", "11", "43", "1100", "0", "0", "0", "0", "highway=secondary estimated_traffic_class=2", "estimated_crossing_class=2", "4184", "417536"],
          ["132919345", "32981442", "12", "54", "1100", "0", "0", "0", "0", "highway=secondary estimated_traffic_class=2", "estimated_crossing_class=2", "4197", "418772"],
          ["132920059", "32981962", "12", "89", "1100", "0", "0", "0", "0", "highway=secondary estimated_traffic_class=2", "estimated_crossing_class=2", "4216", "420654"],
          ["132920200", "32982081", "12", "19", "1100", "0", "0", "0", "0", "highway=secondary estimated_traffic_class=2", "estimated_crossing_class=2", "4219", "421026"],
          ["132920887", "32982842", "11", "106", "1100", "0", "0", "0", "0", "highway=secondary estimated_traffic_class=2", "estimated_crossing_class=2", "4235", "422546"],
          ["132921275", "32983327", "11", "65", "1100", "0", "0", "0", "0", "highway=secondary estimated_traffic_class=2", "estimated_crossing_class=2", "4244", "423525"],
          ["132921604", "32983730", "10", "54", "1100", "0", "0", "0", "0", "highway=secondary estimated_traffic_class=2", "estimated_crossing_class=2", "4251", "424232"],
          ["132921775", "32983936", "9", "28", "1100", "0", "0", "0", "0", "highway=secondary estimated_traffic_class=2", "estimated_crossing_class=2", "4255", "424592"],
          ["132921921", "32984100", "9", "23", "1100", "0", "0", "0", "0", "highway=secondary estimated_traffic_class=2", "estimated_crossing_class=2", "4258", "424904"],
          ["132922372", "32984640", "9", "73", "1100", "0", "0", "0", "0", "highway=secondary estimated_traffic_class=2", "estimated_crossing_class=2", "4269", "425979"],
          ["132922824", "32985250", "8", "80", "1100", "0", "0", "0", "0", "highway=secondary estimated_traffic_class=2", "estimated_crossing_class=2", "4280", "427094"],
          ["132922958", "32985521", "9", "32", "1100", "0", "0", "0", "0", "highway=secondary estimated_traffic_class=2", "estimated_crossing_class=2", "4285", "427592"],
          ["132923049", "32985817", "9", "34", "1100", "0", "0", "0", "0", "highway=secondary estimated_traffic_class=2", "estimated_crossing_class=2", "4291", "428170"],
          ["132923386", "32986929", "10", "127", "1100", "0", "0", "0", "0", "highway=secondary estimated_traffic_class=2", "estimated_crossing_class=2", "4316", "430681"],
          ["132923963", "32988187", "14", "151", "1100", "0", "2", "20", "0", "highway=secondary estimated_traffic_class=2", "highway=traffic_signals estimated_crossing_class=0 traffic_signals=signal", "4355", "434638"],
          ["132924435", "32988452", "15", "53", "1100", "0", "1", "0", "0", "highway=secondary estimated_traffic_class=2", "estimated_crossing_class=2", "4367", "435784"],
          ["132924538", "32988497", "14", "11", "1100", "0", "0", "0", "0", "highway=secondary estimated_traffic_class=2", "", "4370", "436058"],
          ["132929330", "32990699", "13", "510", "1130", "0", "0", "0", "0", "reversedirection=yes highway=secondary estimated_traffic_class=3", "", "4459", "445012"],
          ["132929376", "32990726", "13", "5", "1160", "0", "0", "0", "0", "reversedirection=yes highway=secondary surface=asphalt estimated_traffic_class=4", "estimated_crossing_class=4", "4460", "445094"],
          ["132929397", "32990739", "13", "2", "1160", "0", "0", "0", "0", "reversedirection=yes highway=secondary surface=asphalt estimated_traffic_class=4", "estimated_crossing_class=4", "4460", "445129"],
          ["132929975", "32990977", "14", "60", "1160", "0", "1", "0", "0", "reversedirection=yes highway=secondary surface=asphalt estimated_traffic_class=4", "estimated_crossing_class=4", "4473", "446415"],
          ["132930983", "32991018", "12", "94", "1160", "0", "3", "0", "0", "reversedirection=yes highway=secondary surface=asphalt estimated_traffic_class=4", "estimated_crossing_class=4", "4486", "447674"],
          ["132931902", "32991059", "11", "86", "1160", "0", "0", "0", "0", "reversedirection=yes highway=secondary surface=asphalt estimated_traffic_class=4", "estimated_crossing_class=4", "4496", "448727"],
          ["132932613", "32991057", "11", "66", "1160", "0", "0", "0", "0", "reversedirection=yes highway=secondary surface=asphalt estimated_traffic_class=4", "estimated_crossing_class=4", "4506", "449719"],
          ["132933152", "32991051", "14", "50", "1160", "0", "0", "0", "0", "reversedirection=yes highway=secondary surface=asphalt estimated_traffic_class=4", "estimated_crossing_class=4", "4520", "451077"],
          ["132933465", "32991053", "15", "29", "1160", "0", "0", "0", "0", "reversedirection=yes highway=secondary surface=asphalt estimated_traffic_class=4", "estimated_crossing_class=4", "4529", "451976"],
          ["132934100", "32991024", "17", "59", "1160", "0", "0", "0", "0", "reversedirection=yes highway=secondary surface=asphalt estimated_traffic_class=4", "estimated_crossing_class=4", "4542", "453248"],
          ["132934265", "32991016", "17", "15", "1160", "0", "0", "0", "0", "reversedirection=yes highway=secondary surface=asphalt estimated_traffic_class=4", "estimated_crossing_class=4", "4544", "453510"],
          ["132934665", "32990994", "13", "37", "1160", "0", "0", "20", "0", "reversedirection=yes highway=secondary surface=asphalt estimated_traffic_class=4", "highway=traffic_signals", "4550", "454084"],
          ["132936541", "32990800", "9", "177", "1500", "0", "0", "0", "0", "highway=trunk", "", "4575", "456551"],
          ["132936830", "32992590", "9", "202", "1200", "0", "87", "0", "0", "highway=residential", "", "4600", "459128"],
          ["132936806", "32992997", "9", "45", "1100", "0", "0", "0", "0", "highway=unclassified", "", "4607", "459771"],
          ["132936830", "32992590", "9", "45", "1100", "0", "0", "0", "0", "reversedirection=yes highway=unclassified", "", "4615", "460611"],
          ["132940289", "32991136", "10", "377", "1100", "0", "84", "0", "0", "highway=unclassified", "", "4683", "467446"],
          ["132941194", "32990263", "9", "129", "1100", "0", "0", "0", "0", "reversedirection=yes highway=unclassified", "", "4706", "469728"],
          ["132941617", "32989744", "7", "70", "1000", "0", "0", "0", "0", "reversedirection=yes highway=tertiary estimated_traffic_class=2", "estimated_crossing_class=3", "4714", "470545"],
          ["132941676", "32989755", "7", "6", "1130", "0", "59", "0", "0", "highway=secondary estimated_traffic_class=3", "estimated_crossing_class=3", "4715", "470613"],
          ["132943490", "32990064", "9", "173", "1130", "0", "0", "0", "0", "highway=secondary estimated_traffic_class=3", "estimated_crossing_class=2", "4747", "473772"],
          ["132944625", "32988067", "7", "245", "1000", "0", "69", "0", "0", "highway=tertiary estimated_traffic_class=2", "", "4786", "477690"],
          ["132950856", "32983259", "8", "799", "1000", "0", "2", "0", "0", "highway=tertiary estimated_traffic_class=1", "estimated_crossing_class=2", "4932", "492344"],
          ["132954363", "32984177", "8", "344", "1500", "0", "29", "20", "0", "highway=trunk oneway=yes", "highway=traffic_signals traffic_signals=signal", "4989", "498010"],
          ["132962021", "32986559", "7", "789", "1500", "0", "2", "0", "0", "highway=trunk oneway=yes", "estimated_crossing_class=1", "5116", "510746"],
          ["132962819", "32989466", "13", "332", "1500", "0", "0", "0", "0", "highway=trunk oneway=yes", "", "5183", "517362"],
          ["132985445", "33008816", "6", "3382", "1500", "1748", "23", "0", "0", "reversedirection=yes highway=trunk", "", "6039", "600626"],
          ["132987865", "33009855", "11", "254", "1100", "0", "4", "0", "0", "highway=unclassified", "", "6086", "605381"],
          ["132999288", "33017792", "8", "1486", "1500", "0", "27", "20", "0", "reversedirection=yes highway=trunk", "highway=traffic_signals estimated_crossing_class=0", "6346", "631381"],
          ["133001624", "33019683", "9", "304", "1500", "0", "0", "0", "0", "reversedirection=yes highway=trunk", "", "6406", "637397"],
          ["133010250", "33024945", "8", "1018", "1000", "0", "173", "20", "0", "reversedirection=yes highway=tertiary estimated_traffic_class=1", "highway=traffic_signals traffic_signals=signal", "6579", "654651"],
          ["133010381", "33024980", "8", "13", "1000", "0", "7", "20", "0", "reversedirection=yes highway=tertiary estimated_traffic_class=1", "highway=traffic_signals traffic_signals=signal", "6581", "654852"],
          ["133013227", "33029485", "8", "572", "1000", "0", "71", "0", "0", "reversedirection=yes highway=tertiary estimated_traffic_class=1", "", "6675", "664303"],
          ["133016824", "33033561", "8", "565", "1000", "0", "0", "20", "0", "highway=tertiary estimated_traffic_class=1", "highway=traffic_signals estimated_crossing_class=0", "6773", "674054"],
          ["133018076", "33034716", "3", "181", "1000", "0", "22", "0", "0", "reversedirection=yes highway=tertiary estimated_traffic_class=1", "", "6794", "676196"],
          ["133020048", "33036665", "9", "290", "1500", "0", "75", "0", "0", "reversedirection=yes highway=trunk", "", "6852", "681942"],
          ["133020350", "33036798", "10", "32", "1500", "0", "0", "0", "0", "highway=trunk", "", "6858", "682631"],
          ["133025139", "33036724", "12", "496", "1500", "0", "7", "0", "0", "reversedirection=yes highway=trunk", "", "7011", "697914"],
          ["133026340", "33036553", "6", "118", "1100", "147", "59", "0", "0", "highway=unclassified", "", "7021", "698679"],
          ["133028436", "33036422", "6", "198", "1000", "0", "62", "0", "0", "highway=tertiary estimated_traffic_class=1", "", "7045", "701056"],
          ["133029646", "33036287", "8", "115", "1100", "0", "0", "0", "0", "reversedirection=yes highway=unclassified", "", "7061", "702684"],
          ["133033160", "33036132", "13", "333", "1100", "0", "9", "0", "0", "highway=unclassified", "", "7141", "710688"],
          ["133039487", "33038603", "10", "662", "1500", "0", "83", "0", "0", "reversedirection=yes highway=trunk", "", "7251", "721603"],
          ["133055165", "33040664", "9", "1605", "1500", "0", "10", "0", "0", "highway=trunk", "", "7550", "751569"],
          ["133055536", "33040859", "11", "41", "1500", "0", "1", "0", "0", "reversedirection=yes highway=trunk", "", "7558", "752388"],
          ["133057850", "33039574", "7", "275", "1100", "0", "76", "0", "0", "reversedirection=yes highway=unclassified", "", "7599", "756413"],
          ["133057953", "33039635", "7", "12", "1100", "0", "22", "0", "0", "highway=unclassified", "", "7600", "756586"],
          ["133063333", "33038132", "18", "819", "1100", "0", "197", "0", "0", "reversedirection=yes highway=unclassified", "", "7806", "777128"],
          ["133069215", "33038351", "7", "558", "1500", "0", "27", "0", "0", "reversedirection=yes highway=trunk", "", "7876", "784123"],
          ["133069875", "33038496", "5", "64", "1500", "0", "0", "0", "0", "highway=trunk", "", "7883", "784823"],
          ["133072510", "33038070", "5", "252", "1500", "0", "2", "0", "0", "reversedirection=yes highway=trunk", "", "7917", "788220"],
          ["133076249", "33034916", "8", "532", "1100", "0", "381", "0", "0", "reversedirection=yes highway=unclassified", "", "8018", "798377"],
          ["133076149", "33034811", "7", "15", "1100", "0", "3", "0", "0", "highway=unclassified", "", "8020", "798555"],
          ["133076664", "33033990", "7", "106", "1100", "0", "16", "0", "0", "reversedirection=yes highway=unclassified", "", "8033", "799862"],
          ["133093254", "33032658", "14", "3673", "1100", "0", "322", "0", "0", "highway=unclassified", "", "8742", "870733"],
          ["133098345", "33055178", "12", "2773", "1500", "151", "152", "0", "0", "reversedirection=yes highway=trunk", "", "9312", "927377"],
          ["133099012", "33058413", "17", "410", "1100", "0", "85", "0", "0", "highway=unclassified", "", "9376", "933797"],
          ["133102149", "33084369", "25", "3630", "1500", "768", "136", "20", "0", "reversedirection=yes highway=trunk", "highway=traffic_signals", "10177", "1012160"],
          ["133102218", "33086579", "18", "252", "1500", "28", "2", "0", "0", "reversedirection=yes highway=trunk", "", "10247", "1019213"],
          ["133098232", "33091604", "10", "714", "1100", "0", "102", "0", "0", "reversedirection=yes highway=unclassified", "", "10343", "1028766"],
          ["133138700", "33162342", "101", "11112", "1500", "1840", "178", "0", "0", "reversedirection=yes highway=trunk", "", "13216", "1314103"],
          ["133138582", "33162509", "102", "22", "1200", "0", "73", "0", "0", "highway=service", "", "13219", "1314405"],
          ["133138653", "33164376", "181", "279", "5000", "0", "248", "0", "0", "highway=path", "", "13643", "1356854"],
          ["133137824", "33165657", "230", "225", "1100", "0", "207", "0", "0", "reversedirection=yes highway=unclassified", "", "14150", "1407581"],
          ["133137903", "33165823", "237", "21", "5000", "0", "86", "0", "0", "reversedirection=yes highway=path", "", "14197", "1412228"],
          ["133142022", "33207116", "219", "5567", "1500", "2826", "198", "20", "0", "reversedirection=yes highway=trunk", "highway=crossing crossing=traffic_signals", "15689", "1554436"],
          ["133141923", "33207297", "219", "22", "1500", "0", "0", "20", "0", "reversedirection=yes highway=trunk", "highway=traffic_signals estimated_crossing_class=0", "15692", "1554746"],
          ["133141847", "33207435", "219", "17", "1500", "0", "0", "20", "0", "reversedirection=yes highway=trunk", "highway=crossing crossing=traffic_signals", "15695", "1554980"],
          ["133140513", "33209824", "216", "292", "1500", "0", "0", "20", "0", "reversedirection=yes highway=trunk", "highway=crossing crossing=traffic_signals", "15733", "1558823"],
          ["133140442", "33209959", "216", "16", "1500", "0", "0", "20", "0", "reversedirection=yes highway=trunk", "highway=traffic_signals", "15736", "1559060"],
          ["133140376", "33210101", "216", "17", "1500", "0", "0", "20", "0", "reversedirection=yes highway=trunk", "highway=crossing crossing=traffic_signals", "15738", "1559333"],
          ["133139995", "33209988", "214", "42", "10000", "0", "148", "0", "0", "reversedirection=yes highway=footway", "", "15744", "1559865"],
          ["133140376", "33210101", "216", "42", "10000", "0", "55", "20", "0", "highway=footway", "highway=crossing crossing=traffic_signals", "15753", "1560798"],
          ["133141006", "33219778", "239", "1086", "1500", "1089", "87", "20", "0", "reversedirection=yes highway=trunk", "highway=crossing crossing=traffic_signals", "16300", "1613981"],
          ["133141067", "33219940", "240", "19", "1500", "0", "0", "20", "0", "reversedirection=yes highway=trunk", "highway=traffic_signals", "16302", "1614168"],
          ["133150759", "33232428", "224", "1722", "1500", "171", "9", "0", "0", "reversedirection=yes highway=trunk", "highway=crossing crossing=marked", "16571", "1640105"],
          ["133150938", "33232740", "227", "38", "1500", "0", "0", "0", "0", "reversedirection=yes highway=trunk", "highway=crossing crossing=marked", "16576", "1640654"],
          ["133156981", "33239234", "235", "949", "1500", "481", "2", "0", "0", "reversedirection=yes highway=trunk", "estimated_crossing_class=1", "16864", "1669418"],
          ["133162308", "33245978", "238", "904", "1500", "0", "1", "20", "0", "reversedirection=yes highway=trunk", "highway=traffic_signals", "17014", "1684427"],
          ["133167289", "33257859", "251", "1454", "1500", "0", "1", "0", "0", "reversedirection=yes highway=trunk", "", "17317", "1714738"],
          ["133170563", "33263085", "254", "668", "1100", "0", "82", "0", "0", "reversedirection=yes highway=unclassified", "", "17477", "1730757"],
          ["133169192", "33270025", "252", "842", "1500", "0", "46", "0", "0", "reversedirection=yes highway=trunk", "", "17632", "1746294"],
          ["133167961", "33271896", "257", "244", "1100", "0", "46", "0", "0", "highway=unclassified", "", "17670", "1750049"],
          ["133167966", "33272132", "253", "26", "1500", "0", "50", "0", "0", "reversedirection=yes highway=trunk", "", "17676", "1750713"],
          ["133167996", "33272345", "249", "24", "1500", "0", "0", "0", "0", "highway=trunk", "", "17680", "1751077"],
          ["133178755", "33306072", "292", "4542", "1500", "0", "20", "0", "0", "reversedirection=yes highway=trunk", "", "18724", "1855465"],
          ["133179889", "33307088", "297", "158", "1200", "0", "81", "0", "0", "highway=residential", "", "18759", "1859039"],
          ["133186810", "33310292", "109", "1057", "5000", "10261", "439", "0", "0", "highway=path", "", "18849", "1860722"],
          ["133197458", "33314513", "57", "1175", "1200", "1865", "77", "0", "0", "reversedirection=yes highway=residential", "", "18965", "1869575"],
          ["133206175", "33318214", "43", "950", "1200", "481", "22", "0", "0", "highway=residential", "", "19096", "1881852"],
          ["133225080", "33324681", "13", "2844", "1100", "1389", "257", "0", "0", "highway=unclassified", "estimated_crossing_class=1", "19549", "1925235"],
          ["133225301", "33324698", "13", "21", "1200", "0", "103", "0", "0", "highway=primary surface=asphalt estimated_traffic_class=1", "estimated_crossing_class=1", "19552", "1925484"],
          ["133225868", "33324743", "14", "53", "1200", "0", "0", "0", "0", "highway=primary surface=asphalt estimated_traffic_class=1", "estimated_crossing_class=1", "19561", "1926364"],
          ["133226639", "33325740", "10", "147", "1200", "0", "131", "0", "0", "reversedirection=yes highway=residential", "", "19581", "1928424"],
          ["133226850", "33325899", "9", "26", "1200", "0", "0", "0", "0", "highway=residential", "", "19585", "1928776"],
          ["133226995", "33326089", "10", "27", "1200", "0", "16", "0", "0", "reversedirection=yes highway=residential", "", "19589", "1929175"],
          ["133228305", "33329698", "7", "425", "1100", "0", "86", "0", "0", "reversedirection=yes highway=unclassified", "estimated_crossing_class=1", "19646", "1934929"],
          ["133228458", "33329719", "7", "14", "1100", "0", "78", "0", "0", "highway=secondary estimated_traffic_class=2", "estimated_crossing_class=1", "19648", "1935083"],
          ["133229411", "33329816", "7", "89", "1100", "0", "0", "0", "0", "highway=secondary estimated_traffic_class=2", "estimated_crossing_class=1", "19660", "1936257"],
          ["133230268", "33329938", "7", "81", "1100", "0", "0", "0", "0", "highway=secondary estimated_traffic_class=2", "estimated_crossing_class=1", "19672", "1937479"],
          ["133230730", "33330048", "7", "45", "1100", "0", "0", "0", "0", "highway=secondary estimated_traffic_class=2", "estimated_crossing_class=1", "19679", "1938193"],
          ["133231200", "33330179", "7", "46", "1100", "0", "0", "0", "0", "highway=secondary estimated_traffic_class=2", "estimated_crossing_class=1", "19686", "1938900"],
          ["133231935", "33330330", "7", "71", "1100", "0", "0", "0", "0", "highway=secondary estimated_traffic_class=2", "estimated_crossing_class=1", "19697", "1939967"],
          ["133232145", "33330329", "7", "20", "1100", "0", "2", "0", "0", "highway=secondary estimated_traffic_class=2", "estimated_crossing_class=1", "19700", "1940268"],
          ["133232481", "33330354", "6", "31", "1100", "0", "0", "0", "0", "highway=secondary estimated_traffic_class=2", "estimated_crossing_class=1", "19704", "1940721"],
          ["133232916", "33330405", "6", "41", "1100", "0", "0", "0", "0", "highway=secondary estimated_traffic_class=2", "estimated_crossing_class=1", "19710", "1941279"],
          ["133233970", "33331015", "12", "124", "1100", "0", "6", "0", "0", "highway=secondary estimated_traffic_class=2", "estimated_crossing_class=2", "19734", "1943747"],
          ["133237510", "33332013", "12", "769", "1100", "0", "273", "0", "0", "highway=unclassified", "estimated_crossing_class=1", "19990", "1969277"],
          ["133239116", "33333602", "6", "237", "1100", "599", "37", "0", "0", "highway=secondary estimated_traffic_class=2", "estimated_crossing_class=1", "20021", "1971614"],
          ["133241074", "33333825", "8", "233", "1100", "0", "29", "0", "0", "highway=secondary estimated_traffic_class=2", "estimated_crossing_class=1", "20050", "1974410"],
          ["133241131", "33333942", "7", "14", "1100", "0", "0", "0", "0", "highway=secondary estimated_traffic_class=2", "estimated_crossing_class=1", "20052", "1974573"],
          ["133242363", "33335050", "8", "180", "1100", "0", "5", "0", "0", "highway=secondary estimated_traffic_class=2", "estimated_crossing_class=1", "20075", "1976897"],
          ["133243565", "33335280", "11", "114", "1100", "0", "0", "0", "0", "highway=secondary estimated_traffic_class=2", "estimated_crossing_class=1", "20097", "1979139"],
          ["133243972", "33335397", "13", "40", "1100", "0", "0", "0", "0", "highway=secondary estimated_traffic_class=2", "", "20120", "1981434"],
          ["133249008", "33336193", "17", "501", "1100", "0", "2", "0", "0", "highway=secondary estimated_traffic_class=1", "estimated_crossing_class=1", "20244", "1993843"],
          ["133249938", "33335322", "12", "130", "1100", "195", "2", "0", "0", "highway=secondary estimated_traffic_class=1", "estimated_crossing_class=1", "20263", "1995758"],
          ["133250515", "33335103", "9", "59", "1100", "125", "1", "0", "0", "highway=secondary estimated_traffic_class=1", "estimated_crossing_class=1", "20268", "1996249"],
          ["133250706", "33335075", "8", "18", "1100", "43", "0", "0", "0", "highway=secondary estimated_traffic_class=1", "estimated_crossing_class=1", "20270", "1996401"],
          ["133251305", "33335113", "7", "56", "1100", "6", "0", "0", "0", "highway=secondary estimated_traffic_class=1", "estimated_crossing_class=1", "20275", "1996907"],
          ["133251681", "33335259", "7", "39", "1100", "0", "2", "0", "0", "highway=secondary estimated_traffic_class=1", "estimated_crossing_class=1", "20279", "1997314"],
          ["133252507", "33335755", "6", "95", "1100", "0", "1", "0", "0", "highway=secondary estimated_traffic_class=1", "estimated_crossing_class=1", "20289", "1998313"],
          ["133253344", "33336146", "11", "90", "1100", "0", "3", "0", "0", "highway=secondary estimated_traffic_class=1", "estimated_crossing_class=1", "20304", "1999856"],
          ["133254310", "33336198", "18", "90", "1100", "0", "0", "0", "0", "highway=secondary estimated_traffic_class=1", "estimated_crossing_class=1", "20338", "2003271"],
          ["133256227", "33336559", "26", "185", "1100", "0", "1", "0", "0", "highway=secondary estimated_traffic_class=1", "estimated_crossing_class=1", "20427", "2012115"],
          ["133262025", "33360349", "19", "4116", "1100", "6306", "405", "0", "0", "highway=secondary estimated_traffic_class=1", "estimated_crossing_class=1", "21566", "2121614"],
          ["133261400", "33360245", "22", "60", "1100", "0", "4", "0", "0", "highway=secondary estimated_traffic_class=1", "estimated_crossing_class=1", "21573", "2122273"],
          ["133260797", "33360622", "26", "71", "1100", "0", "6", "0", "0", "highway=secondary estimated_traffic_class=1", "estimated_crossing_class=1", "21580", "2122989"],
          ["133257533", "33363895", "6", "512", "1100", "576", "30", "20", "0", "highway=secondary estimated_traffic_class=1", "highway=traffic_signals", "21702", "2133815"],
          ["133272948", "33385987", "1", "3492", "1500", "4287", "136", "20", "0", "reversedirection=yes highway=trunk", "highway=traffic_signals", "22780", "2235356"],
          ["133275030", "33388461", "8", "336", "1500", "0", "0", "20", "0", "reversedirection=yes highway=trunk", "highway=traffic_signals", "22829", "2240074"],
          ["133280705", "33394293", "3", "850", "1500", "306", "1", "20", "0", "reversedirection=yes highway=trunk", "highway=traffic_signals estimated_crossing_class=0 traffic_signals=signal", "23025", "2258791"],
          ["133278081", "33396600", "5", "354", "1060", "0", "70", "0", "0", "highway=tertiary estimated_traffic_class=4", "highway=crossing crossing=marked", "23078", "2264075"],
          ["133278084", "33396755", "5", "23", "1060", "0", "81", "0", "0", "highway=tertiary estimated_traffic_class=4", "highway=crossing crossing=marked", "23081", "2264441"],
          ["133279148", "33397607", "5", "137", "1060", "0", "2", "0", "0", "highway=tertiary estimated_traffic_class=4", "highway=crossing crossing=marked", "23102", "2266539"],
          ["133279337", "33397637", "5", "18", "1060", "0", "2", "0", "0", "highway=tertiary estimated_traffic_class=4", "highway=crossing crossing=marked", "23105", "2266835"],
          ["133279747", "33399977", "27", "276", "1060", "0", "20", "0", "0", "highway=tertiary estimated_traffic_class=4", "", "23254", "2281712"],
          ["133279577", "33397740", "5", "249", "1060", "464", "2", "0", "0", "reversedirection=yes highway=tertiary estimated_traffic_class=4", "", "23278", "2282678"],
          ["133283588", "33397496", "7", "398", "1100", "3", "93", "0", "0", "highway=unclassified", "", "23331", "2287867"],
          ["133283699", "33398971", "15", "167", "1500", "0", "141", "20", "0", "reversedirection=yes highway=trunk", "highway=traffic_signals estimated_crossing_class=0", "23376", "2292363"],
          ["133283575", "33399053", "15", "15", "1190", "0", "67", "0", "0", "reversedirection=yes highway=secondary estimated_traffic_class=5", "estimated_crossing_class=0", "23380", "2292759"],
          ["133283488", "33399238", "17", "23", "1190", "0", "8", "0", "0", "reversedirection=yes highway=secondary estimated_traffic_class=5", "estimated_crossing_class=5", "23387", "2293436"],
          ["133283480", "33399432", "19", "22", "1190", "0", "0", "0", "0", "reversedirection=yes highway=secondary estimated_traffic_class=5", "estimated_crossing_class=5", "23397", "2294404"],
          ["133283449", "33400033", "24", "67", "1190", "0", "0", "0", "0", "reversedirection=yes highway=secondary estimated_traffic_class=5", "estimated_crossing_class=5", "23443", "2298991"],
          ["133283440", "33400141", "25", "12", "1190", "0", "0", "0", "0", "reversedirection=yes highway=secondary estimated_traffic_class=5", "estimated_crossing_class=5", "23449", "2299626"],
          ["133283441", "33400312", "26", "19", "1190", "0", "0", "0", "0", "reversedirection=yes highway=secondary estimated_traffic_class=5", "estimated_crossing_class=5", "23459", "2300629"],
          ["133283547", "33401023", "28", "79", "1190", "0", "0", "0", "0", "reversedirection=yes highway=secondary estimated_traffic_class=5", "estimated_crossing_class=5", "23500", "2304704"],
          ["133284021", "33402088", "15", "127", "1190", "80", "1", "0", "0", "reversedirection=yes highway=secondary estimated_traffic_class=5", "estimated_crossing_class=5", "23519", "2306643"],
          ["133284430", "33402732", "9", "81", "1190", "287", "0", "0", "0", "reversedirection=yes highway=secondary estimated_traffic_class=5", "estimated_crossing_class=5", "23526", "2306643"],
          ["133284475", "33402804", "9", "9", "1190", "0", "0", "0", "0", "reversedirection=yes highway=secondary estimated_traffic_class=5", "estimated_crossing_class=0", "23526", "2306719"],
          ["133284575", "33402964", "9", "20", "1190", "0", "0", "20", "0", "reversedirection=yes highway=secondary estimated_traffic_class=5", "highway=traffic_signals estimated_crossing_class=0 traffic_signals=signal", "23528", "2306893"],
          ["133284697", "33403155", "8", "24", "1190", "12", "0", "0", "0", "reversedirection=yes highway=secondary estimated_traffic_class=5", "estimated_crossing_class=5", "23530", "2307102"],
          ["133285133", "33403842", "7", "86", "1190", "0", "0", "0", "0", "reversedirection=yes highway=secondary estimated_traffic_class=5", "estimated_crossing_class=5", "23538", "2307928"],
          ["133285248", "33404011", "7", "22", "1190", "0", "0", "0", "0", "reversedirection=yes highway=secondary estimated_traffic_class=5", "highway=crossing estimated_crossing_class=5 crossing=marked", "23541", "2308175"],
          ["133285388", "33404187", "7", "23", "1190", "0", "0", "20", "0", "reversedirection=yes highway=secondary estimated_traffic_class=5", "highway=traffic_signals", "23544", "2308453"],
          ["133285421", "33404232", "7", "6", "1190", "0", "0", "0", "0", "reversedirection=yes highway=secondary estimated_traffic_class=5", "highway=crossing estimated_crossing_class=0 crossing=marked", "23544", "2308528"],
          ["133285619", "33404549", "7", "40", "1190", "0", "0", "0", "0", "reversedirection=yes highway=secondary estimated_traffic_class=5", "estimated_crossing_class=5", "23550", "2309083"],
          ["133285681", "33404648", "7", "12", "1190", "0", "0", "0", "0", "reversedirection=yes highway=secondary estimated_traffic_class=5", "estimated_crossing_class=5", "23552", "2309267"],
          ["133285843", "33404930", "7", "35", "1190", "0", "0", "0", "0", "reversedirection=yes highway=secondary estimated_traffic_class=5", "estimated_crossing_class=5", "23558", "2309846"],
          ["133286066", "33405258", "7", "42", "1190", "0", "0", "0", "0", "reversedirection=yes highway=secondary estimated_traffic_class=5", "estimated_crossing_class=5", "23564", "2310507"],
          ["133286212", "33405443", "7", "25", "1190", "0", "0", "0", "0", "reversedirection=yes highway=secondary estimated_traffic_class=5", "estimated_crossing_class=5", "23568", "2310908"],
          ["133286809", "33406180", "7", "99", "1190", "0", "0", "0", "0", "reversedirection=yes highway=secondary estimated_traffic_class=5", "estimated_crossing_class=5", "23579", "2312009"],
          ["133287057", "33406522", "7", "44", "1190", "0", "0", "0", "0", "reversedirection=yes highway=secondary estimated_traffic_class=5", "estimated_crossing_class=5", "23585", "2312576"],
          ["133287119", "33406631", "7", "13", "1190", "0", "0", "0", "0", "reversedirection=yes highway=secondary estimated_traffic_class=5", "estimated_crossing_class=5", "23587", "2312745"],
          ["133287134", "33406658", "7", "3", "1190", "0", "0", "0", "0", "reversedirection=yes highway=secondary estimated_traffic_class=5", "", "23587", "2312785"],
          ["133287210", "33406779", "7", "15", "1130", "0", "0", "0", "0", "reversedirection=yes highway=secondary estimated_traffic_class=3", "highway=crossing crossing=marked", "23589", "2312987"],
          ["133287240", "33406824", "7", "6", "1130", "0", "0", "20", "0", "reversedirection=yes highway=secondary estimated_traffic_class=3", "highway=traffic_signals estimated_crossing_class=0 traffic_signals=signal", "23590", "2313070"],
          ["133287508", "33407239", "6", "52", "1130", "0", "0", "0", "0", "reversedirection=yes highway=secondary estimated_traffic_class=3", "estimated_crossing_class=2", "23597", "2313753"],
          ["133287639", "33407454", "6", "27", "1130", "0", "0", "0", "0", "reversedirection=yes highway=secondary estimated_traffic_class=3", "estimated_crossing_class=2", "23601", "2314137"],
          ["133287702", "33407554", "6", "13", "1130", "0", "0", "0", "0", "reversedirection=yes highway=secondary estimated_traffic_class=3", "estimated_crossing_class=2", "23602", "2314327"],
          ["133287769", "33407660", "6", "13", "1130", "0", "0", "0", "0", "reversedirection=yes highway=secondary estimated_traffic_class=3", "estimated_crossing_class=2", "23604", "2314520"],
          ["133287915", "33407894", "6", "29", "1130", "0", "0", "0", "0", "reversedirection=yes highway=secondary estimated_traffic_class=3", "estimated_crossing_class=2", "23609", "2314937"],
          ["133288261", "33408449", "5", "69", "1130", "0", "0", "0", "0", "reversedirection=yes highway=secondary estimated_traffic_class=3", "estimated_crossing_class=1", "23617", "2315822"],
          ["133288320", "33408554", "5", "13", "1130", "0", "0", "0", "0", "reversedirection=yes highway=secondary estimated_traffic_class=3", "estimated_crossing_class=1", "23619", "2315986"],
          ["133289288", "33410099", "5", "194", "1130", "0", "0", "0", "0", "reversedirection=yes highway=secondary estimated_traffic_class=3", "estimated_crossing_class=0", "23649", "2318937"],
          ["133289379", "33410216", "5", "15", "1130", "0", "0", "20", "0", "reversedirection=yes highway=secondary estimated_traffic_class=3", "highway=traffic_signals estimated_crossing_class=0", "23651", "2319197"],
          ["133289545", "33410448", "6", "30", "1130", "0", "0", "0", "0", "reversedirection=yes highway=secondary estimated_traffic_class=3", "estimated_crossing_class=2", "23657", "2319780"],
          ["133289605", "33410525", "6", "10", "1130", "0", "0", "0", "0", "reversedirection=yes highway=secondary estimated_traffic_class=3", "estimated_crossing_class=2", "23659", "2319982"],
          ["133289736", "33410682", "6", "21", "1130", "0", "0", "0", "0", "reversedirection=yes highway=secondary estimated_traffic_class=3", "estimated_crossing_class=2", "23663", "2320423"],
          ["133290116", "33411140", "7", "62", "1130", "0", "0", "0", "0", "reversedirection=yes highway=secondary estimated_traffic_class=3", "highway=crossing estimated_crossing_class=0 crossing=marked", "23677", "2321765"],
          ["133290184", "33411224", "7", "11", "1130", "0", "0", "20", "0", "reversedirection=yes highway=secondary estimated_traffic_class=3", "highway=traffic_signals estimated_crossing_class=0 traffic_signals=signal", "23679", "2321984"],
          ["133290257", "33411310", "7", "12", "1130", "0", "0", "0", "0", "reversedirection=yes highway=secondary estimated_traffic_class=3", "highway=crossing estimated_crossing_class=0 crossing=marked", "23681", "2322219"],
          ["133290914", "33412089", "7", "106", "1130", "0", "0", "0", "0", "reversedirection=yes highway=secondary estimated_traffic_class=3", "estimated_crossing_class=0", "23703", "2324434"],
          ["133291035", "33412220", "7", "18", "1130", "0", "0", "20", "0", "reversedirection=yes highway=secondary estimated_traffic_class=3", "highway=traffic_signals", "23707", "2324772"],
          ["133291151", "33412331", "7", "16", "1130", "0", "0", "0", "0", "reversedirection=yes highway=secondary estimated_traffic_class=3", "estimated_crossing_class=0", "23710", "2325067"],
          ["133291220", "33412413", "7", "11", "1130", "0", "0", "0", "0", "reversedirection=yes highway=secondary estimated_traffic_class=3", "estimated_crossing_class=2", "23712", "2325255"],
          ["133291793", "33413101", "6", "93", "1130", "0", "0", "0", "0", "reversedirection=yes highway=secondary estimated_traffic_class=3", "estimated_crossing_class=2", "23724", "2326490"],
          ["133292854", "33414347", "7", "170", "1130", "0", "0", "0", "0", "reversedirection=yes highway=secondary estimated_traffic_class=3", "estimated_crossing_class=0", "23754", "2329512"],
          ["133292926", "33414416", "7", "10", "1130", "0", "0", "20", "0", "reversedirection=yes highway=secondary estimated_traffic_class=3", "highway=traffic_signals estimated_crossing_class=0 traffic_signals=signal", "23756", "2329696"],
          ["133293017", "33414519", "7", "14", "1130", "0", "0", "0", "0", "reversedirection=yes highway=secondary estimated_traffic_class=3", "estimated_crossing_class=0", "23759", "2329949"],
          ["133293754", "33415406", "8", "120", "1130", "0", "0", "0", "0", "reversedirection=yes highway=secondary estimated_traffic_class=3", "estimated_crossing_class=2", "23783", "2332422"],
          ["133293870", "33415555", "8", "20", "1130", "0", "0", "0", "0", "reversedirection=yes highway=secondary estimated_traffic_class=3", "estimated_crossing_class=0", "23787", "2332815"],
          ["133293938", "33415628", "8", "10", "1130", "0", "0", "0", "0", "reversedirection=yes highway=secondary estimated_traffic_class=3", "estimated_crossing_class=0", "23789", "2333021"],
          ["133294013", "33415708", "9", "11", "1130", "0", "0", "20", "0", "reversedirection=yes highway=secondary estimated_traffic_class=3", "highway=traffic_signals", "23792", "2333274"],
          ["133294131", "33415849", "9", "19", "1100", "0", "0", "0", "0", "highway=secondary estimated_traffic_class=1", "estimated_crossing_class=0", "23797", "2333750"],
          ["133294380", "33416293", "12", "54", "1100", "0", "0", "0", "0", "highway=secondary estimated_traffic_class=1", "estimated_crossing_class=1", "23811", "2335139"],
          ["133294399", "33416412", "13", "13", "1100", "0", "1", "0", "0", "highway=secondary estimated_traffic_class=1", "estimated_crossing_class=1", "23813", "2335424"],
          ["133294417", "33416689", "15", "31", "1100", "0", "0", "0", "0", "highway=secondary estimated_traffic_class=1", "estimated_crossing_class=1", "23823", "2336391"],
          ["133294429", "33417846", "25", "129", "1100", "0", "1", "0", "0", "highway=secondary estimated_traffic_class=1", "estimated_crossing_class=1", "23910", "2345127"],
          ["133294038", "33418777", "29", "110", "1100", "0", "0", "0", "0", "highway=secondary estimated_traffic_class=1", "estimated_crossing_class=1", "23964", "2350513"],
          ["133293940", "33419027", "32", "29", "1100", "0", "0", "0", "0", "highway=secondary estimated_traffic_class=1", "estimated_crossing_class=1", "23978", "2351912"],
          ["133294190", "33419864", "33", "99", "1100", "0", "5", "0", "0", "highway=secondary estimated_traffic_class=1", "estimated_crossing_class=1", "24018", "2355889"],
          ["133294252", "33419918", "33", "8", "1100", "0", "0", "0", "0", "highway=secondary estimated_traffic_class=1", "estimated_crossing_class=1", "24021", "2356143"],
          ["133294414", "33420046", "34", "21", "1100", "0", "0", "0", "0", "highway=secondary estimated_traffic_class=1", "estimated_crossing_class=1", "24028", "2356906"],
          ["133294452", "33420074", "34", "5", "1100", "0", "0", "0", "0", "highway=secondary estimated_traffic_class=1", "estimated_crossing_class=1", "24030", "2357083"],
          ["133295417", "33421175", "28", "154", "1100", "0", "1", "0", "0", "highway=secondary estimated_traffic_class=1", "estimated_crossing_class=1", "24060", "2360043"],
          ["133295587", "33421428", "26", "32", "1100", "0", "0", "0", "0", "highway=secondary estimated_traffic_class=1", "estimated_crossing_class=1", "24063", "2360356"],
          ["133295620", "33421477", "25", "6", "1100", "0", "0", "0", "0", "highway=secondary estimated_traffic_class=1", "estimated_crossing_class=1", "24063", "2360415"],
          ["133296192", "33422085", "25", "87", "1100", "0", "0", "0", "0", "highway=secondary estimated_traffic_class=1", "estimated_crossing_class=1", "24073", "2361419"],
          ["133296838", "33422469", "20", "74", "1100", "0", "0", "0", "0", "highway=secondary estimated_traffic_class=1", "estimated_crossing_class=1", "24081", "2362193"],
          ["133297170", "33422662", "20", "38", "1100", "0", "0", "0", "0", "highway=secondary estimated_traffic_class=1", "estimated_crossing_class=1", "24086", "2362649"],
          ["133297465", "33422845", "19", "34", "1100", "0", "1", "0", "0", "highway=secondary estimated_traffic_class=1", "estimated_crossing_class=1", "24089", "2363008"],
          ["133297632", "33423216", "19", "45", "1100", "0", "5", "0", "0", "highway=secondary estimated_traffic_class=1", "estimated_crossing_class=1", "24094", "2363510"],
          ["133297767", "33423889", "18", "78", "1100", "0", "7", "0", "0", "highway=secondary estimated_traffic_class=1", "estimated_crossing_class=1", "24106", "2364651"],
          ["133297927", "33423973", "16", "18", "1100", "5", "2", "0", "0", "highway=secondary estimated_traffic_class=1", "estimated_crossing_class=1", "24107", "2364822"],
          ["133296611", "33427621", "19", "426", "1500", "0", "91", "20", "0", "highway=trunk oneway=yes", "highway=traffic_signals", "24178", "2371852"],
          ["133307757", "33440287", "113", "2131", "1500", "0", "25", "0", "0", "reversedirection=yes highway=trunk", "highway=crossing crossing=marked", "25181", "2472150"],
          ["133336677", "33452033", "41", "3272", "1500", "2707", "6", "0", "0", "reversedirection=yes highway=trunk", "highway=crossing crossing=marked", "25743", "2523739"],
          ["133336787", "33452078", "42", "11", "1500", "0", "0", "20", "0", "reversedirection=yes highway=trunk", "highway=traffic_signals traffic_signals=signal", "25744", "2523858"],
          ["133336871", "33452100", "42", "8", "1500", "0", "1", "0", "0", "reversedirection=yes highway=trunk", "highway=crossing crossing=marked", "25745", "2523951"],
          ["133341310", "33453408", "35", "438", "1500", "35", "1", "20", "0", "reversedirection=yes highway=trunk", "highway=traffic_signals traffic_signals=signal", "25799", "2529341"],
          ["133342008", "33453804", "45", "78", "1500", "0", "1", "20", "0", "reversedirection=yes highway=trunk", "highway=traffic_signals", "25825", "2531974"],
          ["133343375", "33455521", "38", "229", "1500", "0", "1", "0", "0", "reversedirection=yes highway=trunk", "", "25888", "2538267"],
          ["133349270", "33461065", "25", "835", "1200", "273", "68", "0", "0", "highway=residential", "", "25987", "2547740"],
          ["133349309", "33461059", "25", "4", "1100", "0", "73", "0", "0", "reversedirection=yes highway=unclassified", "", "25987", "2547793"],
          ["133350977", "33460718", "25", "165", "1100", "0", "17", "0", "0", "highway=unclassified", "", "26023", "2551329"],
          ["133351620", "33460982", "23", "67", "1100", "0", "3", "0", "0", "reversedirection=yes highway=unclassified", "", "26032", "2552248"],
          ["133353445", "33461261", "28", "189", "1100", "0", "90", "0", "0", "highway=unclassified", "", "26063", "2555384"],
          ["133353536", "33461508", "32", "29", "1100", "0", "0", "0", "0", "reversedirection=yes highway=unclassified", "", "26074", "2556434"],
          ["133353550", "33461544", "32", "4", "1100", "0", "0", "0", "0", "highway=unclassified", "estimated_crossing_class=1", "26075", "2556580"],
          ["133356413", "33462121", "36", "276", "1100", "0", "72", "0", "0", "reversedirection=yes highway=secondary estimated_traffic_class=1", "estimated_crossing_class=1", "26162", "2565253"],
          ["133359441", "33463842", "25", "345", "1100", "0", "0", "0", "0", "reversedirection=yes highway=secondary estimated_traffic_class=1", "estimated_crossing_class=1", "26219", "2570944"],
          ["133359674", "33464246", "24", "50", "1100", "0", "1", "0", "0", "reversedirection=yes highway=secondary estimated_traffic_class=1", "estimated_crossing_class=1", "26224", "2571432"],
          ["133359959", "33464746", "20", "61", "1100", "80", "0", "0", "0", "reversedirection=yes highway=secondary estimated_traffic_class=1", "estimated_crossing_class=1", "26229", "2571603"],
          ["133360578", "33465731", "20", "123", "1100", "0", "0", "0", "0", "reversedirection=yes highway=secondary estimated_traffic_class=1", "estimated_crossing_class=1", "26242", "2572970"],
          ["133361690", "33467538", "18", "226", "1100", "0", "0", "0", "0", "reversedirection=yes highway=secondary estimated_traffic_class=1", "estimated_crossing_class=1", "26272", "2575894"],
          ["133363151", "33469823", "15", "287", "1100", "0", "2", "0", "0", "reversedirection=yes highway=secondary estimated_traffic_class=1", "estimated_crossing_class=1", "26308", "2579545"],
          ["133363446", "33469902", "15", "29", "1100", "0", "8", "0", "0", "reversedirection=yes highway=secondary estimated_traffic_class=1", "estimated_crossing_class=1", "26313", "2579994"],
          ["133363530", "33469901", "15", "8", "1100", "0", "0", "0", "0", "reversedirection=yes highway=secondary estimated_traffic_class=1", "", "26313", "2580073"],
          ["133363956", "33469893", "17", "40", "1100", "0", "0", "0", "0", "highway=secondary estimated_traffic_class=1", "estimated_crossing_class=1", "26319", "2580664"],
          ["133366829", "33470094", "26", "271", "1100", "0", "2", "0", "0", "highway=secondary estimated_traffic_class=1", "estimated_crossing_class=1", "26411", "2589835"],
          ["133369014", "33469318", "19", "222", "1100", "0", "6", "0", "0", "highway=secondary estimated_traffic_class=1", "estimated_crossing_class=1", "26443", "2593073"],
          ["133369366", "33469211", "16", "35", "1100", "0", "0", "0", "0", "highway=secondary estimated_traffic_class=1", "estimated_crossing_class=1", "26446", "2593392"],
          ["133370924", "33468869", "14", "151", "1100", "0", "2", "0", "0", "highway=secondary estimated_traffic_class=1", "estimated_crossing_class=1", "26462", "2594915"],
          ["133371439", "33469018", "14", "51", "1100", "0", "5", "0", "0", "highway=secondary estimated_traffic_class=1", "estimated_crossing_class=1", "26469", "2595628"],
          ["133371617", "33468881", "13", "22", "1100", "0", "69", "0", "0", "reversedirection=yes highway=unclassified", "", "26472", "2595920"],
          ["133372588", "33468963", "11", "91", "1200", "0", "23", "0", "0", "highway=residential", "", "26481", "2596863"],
          ["133373401", "33469092", "12", "77", "1200", "0", "0", "0", "0", "reversedirection=yes highway=residential", "", "26494", "2598155"],
          ["133373903", "33469123", "12", "53", "1200", "0", "51", "0", "0", "highway=residential", "", "26503", "2599045"],
          ["133376237", "33471484", "13", "354", "1200", "0", "7", "0", "0", "reversedirection=yes highway=residential", "estimated_crossing_class=1", "26554", "2604133"],
          ["133376307", "33471493", "13", "7", "1100", "0", "46", "0", "0", "highway=secondary estimated_traffic_class=1", "estimated_crossing_class=1", "26555", "2604243"],
          ["133377086", "33471885", "11", "86", "1100", "0", "7", "0", "0", "highway=secondary estimated_traffic_class=1", "estimated_crossing_class=1", "26566", "2605339"],
          ["133377293", "33472331", "12", "54", "1100", "0", "7", "0", "0", "highway=secondary estimated_traffic_class=1", "estimated_crossing_class=1", "26574", "2606150"],
          ["133377443", "33473618", "11", "143", "1100", "0", "2", "0", "0", "highway=secondary estimated_traffic_class=1", "estimated_crossing_class=1", "26596", "2608300"],
          ["133377450", "33473661", "11", "5", "1100", "0", "0", "0", "0", "highway=secondary estimated_traffic_class=1", "estimated_crossing_class=1", "26596", "2608380"],
          ["133377471", "33473793", "11", "15", "1100", "0", "0", "0", "0", "highway=secondary estimated_traffic_class=1", "estimated_crossing_class=1", "26599", "2608621"],
          ["133377724", "33474461", "12", "78", "1100", "0", "1", "0", "0", "highway=secondary estimated_traffic_class=1", "estimated_crossing_class=1", "26613", "2610026"],
          ["133377779", "33474560", "12", "11", "1100", "0", "0", "0", "0", "highway=secondary estimated_traffic_class=1", "estimated_crossing_class=1", "26615", "2610231"],
          ["133378529", "33475362", "13", "113", "1100", "0", "1", "0", "0", "highway=secondary estimated_traffic_class=1", "estimated_crossing_class=1", "26637", "2612494"],
          ["133380149", "33476847", "13", "223", "1100", "0", "0", "0", "0", "highway=secondary estimated_traffic_class=1", "estimated_crossing_class=1", "26676", "2616301"],
          ["133380771", "33477104", "15", "65", "1100", "0", "3", "0", "0", "highway=secondary estimated_traffic_class=1", "estimated_crossing_class=1", "26693", "2618048"],
          ["133383406", "33477933", "13", "266", "1100", "0", "4", "0", "0", "highway=secondary estimated_traffic_class=1", "estimated_crossing_class=1", "26738", "2622533"],
          ["133383509", "33477986", "13", "11", "1100", "0", "0", "0", "0", "highway=secondary estimated_traffic_class=1", "estimated_crossing_class=1", "26739", "2622700"],
          ["133384699", "33478602", "13", "130", "1100", "0", "0", "0", "0", "highway=secondary estimated_traffic_class=1", "estimated_crossing_class=1", "26760", "2624765"],
          ["133385819", "33478854", "14", "109", "1100", "0", "1", "0", "0", "highway=secondary estimated_traffic_class=1", "estimated_crossing_class=1", "26782", "2626963"],
          ["133387711", "33478915", "9", "176", "1100", "0", "0", "0", "0", "highway=secondary estimated_traffic_class=1", "estimated_crossing_class=1", "26806", "2629350"],
          ["133388407", "33478939", "8", "65", "1100", "0", "0", "0", "0", "highway=secondary estimated_traffic_class=1", "estimated_crossing_class=1", "26815", "2630209"],
          ["133390064", "33478991", "11", "154", "1100", "0", "0", "0", "0", "highway=secondary estimated_traffic_class=1", "estimated_crossing_class=1", "26839", "2632649"],
          ["133393960", "33478354", "16", "373", "1100", "0", "0", "0", "0", "highway=secondary estimated_traffic_class=1", "estimated_crossing_class=1", "26911", "2639886"],
          ["133394864", "33477898", "16", "98", "1100", "0", "0", "0", "0", "highway=secondary estimated_traffic_class=1", "estimated_crossing_class=1", "26933", "2642026"],
          ["133396838", "33477468", "9", "193", "1100", "0", "0", "0", "0", "highway=secondary estimated_traffic_class=1", "estimated_crossing_class=1", "26966", "2645318"],
          ["133398116", "33477375", "8", "119", "1100", "0", "0", "0", "0", "highway=secondary estimated_traffic_class=1", "estimated_crossing_class=1", "26983", "2647016"],
          ["133399378", "33477282", "8", "118", "1100", "0", "0", "0", "0", "highway=secondary estimated_traffic_class=1", "estimated_crossing_class=1", "27000", "2648762"],
          ["133400762", "33477195", "11", "130", "1100", "0", "0", "0", "0", "highway=secondary estimated_traffic_class=1", "estimated_crossing_class=1", "27021", "2650864"],
          ["133401666", "33477138", "17", "84", "1100", "0", "0", "0", "0", "highway=secondary estimated_traffic_class=1", "estimated_crossing_class=1", "27044", "2653196"],
          ["133401899", "33477124", "16", "22", "1100", "0", "0", "0", "0", "highway=secondary estimated_traffic_class=1", "estimated_crossing_class=1", "27049", "2653660"],
          ["133402828", "33477311", "15", "89", "1100", "0", "5", "0", "0", "highway=secondary estimated_traffic_class=1", "estimated_crossing_class=1", "27070", "2655784"],
          ["133405255", "33478357", "13", "261", "1100", "0", "18", "0", "0", "highway=secondary estimated_traffic_class=1", "estimated_crossing_class=1", "27117", "2660467"],
          ["133405658", "33478467", "14", "39", "1100", "0", "5", "0", "0", "highway=secondary estimated_traffic_class=1", "estimated_crossing_class=1", "27123", "2661049"],
          ["133407163", "33479375", "8", "173", "1100", "0", "1", "0", "0", "highway=secondary estimated_traffic_class=1", "estimated_crossing_class=1", "27144", "2663129"],
          ["133407543", "33479599", "9", "43", "1100", "0", "0", "0", "0", "highway=secondary estimated_traffic_class=1", "estimated_crossing_class=1", "27148", "2663563"],
          ["133408635", "33480534", "10", "147", "1100", "0", "3", "0", "0", "highway=secondary estimated_traffic_class=1", "estimated_crossing_class=1", "27171", "2665892"],
          ["133408949", "33481684", "8", "137", "1100", "0", "9", "0", "0", "highway=secondary estimated_traffic_class=1", "estimated_crossing_class=1", "27190", "2667754"],
          ["133408995", "33481817", "8", "15", "1100", "0", "4", "0", "0", "highway=secondary estimated_traffic_class=1", "estimated_crossing_class=1", "27192", "2667950"],
          ["133409110", "33481918", "8", "15", "1100", "0", "11", "0", "0", "highway=secondary estimated_traffic_class=1", "", "27194", "2668159"],
          ["133411822", "33483320", "8", "299", "1100", "0", "3", "0", "0", "highway=secondary estimated_traffic_class=2", "estimated_crossing_class=2", "27241", "2672835"],
          ["133415142", "33484470", "10", "334", "1100", "0", "0", "0", "0", "highway=secondary estimated_traffic_class=2", "estimated_crossing_class=2", "27304", "2679140"],
          ["133415800", "33484690", "12", "66", "1100", "0", "0", "0", "0", "highway=secondary estimated_traffic_class=2", "estimated_crossing_class=2", "27323", "2681061"],
          ["133416505", "33485763", "12", "153", "1100", "0", "16", "0", "0", "highway=secondary estimated_traffic_class=2", "estimated_crossing_class=2", "27359", "2684681"],
          ["133416592", "33486209", "11", "50", "1100", "0", "0", "0", "0", "highway=secondary estimated_traffic_class=2", "estimated_crossing_class=2", "27366", "2685404"],
          ["133416603", "33486242", "11", "4", "1100", "0", "0", "0", "0", "highway=secondary estimated_traffic_class=2", "", "27367", "2685462"],
          ["133416767", "33486909", "10", "76", "1130", "0", "0", "0", "0", "highway=secondary estimated_traffic_class=3", "", "27377", "2686434"],
          ["133416786", "33486955", "10", "5", "1160", "0", "0", "0", "0", "highway=secondary estimated_traffic_class=4", "estimated_crossing_class=4", "27377", "2686504"],
          ["133416830", "33487203", "10", "28", "1160", "0", "1", "0", "0", "highway=secondary estimated_traffic_class=4", "estimated_crossing_class=4", "27381", "2686886"],
          ["133416689", "33488207", "9", "112", "1160", "0", "1", "0", "0", "highway=secondary estimated_traffic_class=4", "estimated_crossing_class=4", "27396", "2688379"],
          ["133416644", "33488446", "9", "27", "1160", "0", "0", "0", "0", "highway=secondary estimated_traffic_class=4", "estimated_crossing_class=4", "27400", "2688748"],
          ["133416454", "33489324", "9", "99", "1160", "0", "0", "0", "0", "highway=secondary estimated_traffic_class=4", "estimated_crossing_class=4", "27416", "2690354"],
          ["133416362", "33489767", "9", "50", "1160", "0", "0", "0", "0", "highway=secondary estimated_traffic_class=4", "estimated_crossing_class=4", "27424", "2691181"],
          ["133416234", "33490338", "9", "64", "1160", "0", "0", "0", "0", "highway=secondary estimated_traffic_class=4", "estimated_crossing_class=4", "27435", "2692301"],
          ["133416237", "33491176", "10", "97", "1160", "0", "8", "0", "0", "highway=secondary estimated_traffic_class=4", "estimated_crossing_class=4", "27454", "2694200"],
          ["133416363", "33491340", "10", "22", "1160", "0", "0", "0", "0", "highway=secondary estimated_traffic_class=4", "estimated_crossing_class=4", "27458", "2694576"],
          ["133416671", "33491741", "10", "53", "1160", "0", "0", "0", "0", "highway=secondary estimated_traffic_class=4", "estimated_crossing_class=4", "27467", "2695478"],
          ["133417137", "33492348", "11", "80", "1160", "0", "0", "0", "0", "highway=secondary estimated_traffic_class=4", "estimated_crossing_class=4", "27484", "2697116"],
          ["133417614", "33493115", "11", "96", "1160", "0", "0", "0", "0", "highway=secondary estimated_traffic_class=4", "estimated_crossing_class=4", "27502", "2698949"],
          ["133417662", "33493199", "11", "10", "1160", "0", "0", "0", "0", "highway=secondary estimated_traffic_class=4", "estimated_crossing_class=4", "27504", "2699141"],
          ["133418066", "33493642", "12", "62", "1160", "0", "1", "0", "0", "highway=secondary estimated_traffic_class=4", "estimated_crossing_class=4", "27516", "2700351"],
          ["133418168", "33493748", "12", "15", "1160", "0", "0", "0", "0", "highway=secondary estimated_traffic_class=4", "estimated_crossing_class=4", "27519", "2700630"],
          ["133418549", "33495442", "11", "198", "1160", "0", "7", "20", "0", "highway=secondary estimated_traffic_class=4", "highway=traffic_signals estimated_crossing_class=0", "27552", "2703995"],
          ["133418517", "33495879", "11", "49", "1060", "0", "0", "0", "0", "highway=tertiary estimated_traffic_class=4", "", "27560", "2704798"],
          ["133419287", "33496157", "12", "78", "1100", "0", "61", "0", "0", "highway=unclassified", "", "27576", "2706346"],
          ["133419860", "33496356", "12", "58", "1100", "0", "0", "0", "0", "reversedirection=yes highway=unclassified", "", "27587", "2707448"],
          ["133425074", "33498423", "13", "606", "1100", "0", "133", "0", "0", "highway=unclassified", "", "27691", "2717849"],
          ["133425796", "33500462", "11", "236", "1100", "0", "76", "0", "0", "reversedirection=yes highway=unclassified", "", "27729", "2721647"],
          ["133425798", "33501410", "10", "106", "1100", "0", "0", "20", "0", "highway=unclassified", "highway=traffic_signals", "27743", "2723049"],
          ["133425799", "33501514", "10", "12", "1100", "0", "0", "20", "0", "reversedirection=yes highway=unclassified", "highway=traffic_signals", "27745", "2723243"],
          ["133425710", "33506277", "11", "531", "1100", "0", "3", "0", "0", "highway=unclassified", "", "27837", "2732458"],
          ["133427177", "33509873", "14", "424", "1100", "0", "13", "0", "0", "reversedirection=yes highway=unclassified", "estimated_crossing_class=4", "27923", "2741057"],
          ["133427161", "33510165", "16", "32", "1260", "0", "33", "0", "0", "highway=primary surface=asphalt estimated_traffic_class=4", "estimated_crossing_class=4", "27933", "2742101"],
          ["133426988", "33512018", "19", "207", "1260", "0", "0", "0", "0", "highway=primary surface=asphalt estimated_traffic_class=4", "estimated_crossing_class=4", "27996", "2748404"],
          ["133426726", "33512606", "15", "70", "1260", "0", "0", "0", "0", "highway=primary surface=asphalt estimated_traffic_class=4", "", "28005", "2749266"],
          ["133426758", "33514058", "16", "161", "1230", "0", "0", "0", "0", "highway=primary surface=asphalt estimated_traffic_class=3", "estimated_crossing_class=3", "28027", "2751425"],
          ["133427378", "33515681", "14", "190", "1230", "0", "0", "0", "0", "highway=primary surface=asphalt estimated_traffic_class=3", "estimated_crossing_class=3", "28055", "2754250"],
          ["133427600", "33516949", "24", "143", "1230", "0", "0", "0", "0", "highway=primary surface=asphalt estimated_traffic_class=3", "estimated_crossing_class=3", "28113", "2760062"],
          ["133427947", "33518310", "18", "154", "1230", "0", "0", "0", "0", "highway=primary surface=asphalt estimated_traffic_class=3", "estimated_crossing_class=3", "28156", "2764388"],
          ["133428421", "33519534", "23", "143", "1230", "0", "0", "0", "0", "highway=primary surface=asphalt estimated_traffic_class=3", "estimated_crossing_class=3", "28189", "2767719"],
          ["133428964", "33520668", "31", "136", "1230", "0", "0", "0", "0", "highway=primary surface=asphalt estimated_traffic_class=3", "estimated_crossing_class=3", "28237", "2772469"],
          ["133428737", "33522238", "17", "178", "1230", "49", "4", "20", "0", "highway=primary surface=asphalt estimated_traffic_class=3", "highway=traffic_signals", "28261", "2774883"],
          ["133428894", "33522265", "13", "15", "1230", "241", "84", "0", "0", "reversedirection=yes highway=primary surface=asphalt estimated_traffic_class=3", "", "28262", "2774883"],
          ["133433335", "33523082", "16", "422", "1230", "0", "0", "0", "0", "highway=primary surface=asphalt estimated_traffic_class=3", "", "28320", "2780694"],
          ["133433894", "33523189", "27", "53", "1230", "0", "0", "20", "0", "reversedirection=yes highway=primary surface=asphalt estimated_traffic_class=3", "highway=traffic_signals", "28343", "2782936"],
          ["133435490", "33523252", "27", "149", "1230", "0", "0", "0", "0", "reversedirection=yes highway=primary surface=asphalt estimated_traffic_class=3", "estimated_crossing_class=3", "28407", "2789347"],
          ["133436873", "33523647", "11", "137", "1230", "558", "1", "0", "0", "reversedirection=yes highway=primary surface=asphalt estimated_traffic_class=3", "estimated_crossing_class=3", "28420", "2790008"],
          ["133437764", "33524665", "10", "140", "1230", "0", "2", "0", "0", "reversedirection=yes highway=primary surface=asphalt estimated_traffic_class=3", "estimated_crossing_class=3", "28432", "2791073"],
          ["133437955", "33524918", "10", "33", "1230", "0", "0", "0", "0", "reversedirection=yes highway=primary surface=asphalt estimated_traffic_class=3", "estimated_crossing_class=3", "28436", "2791442"],
          ["133438568", "33525729", "10", "106", "1230", "0", "0", "0", "0", "reversedirection=yes highway=primary surface=asphalt estimated_traffic_class=3", "estimated_crossing_class=3", "28451", "2792962"],
          ["133438728", "33525939", "11", "28", "1230", "0", "0", "0", "0", "reversedirection=yes highway=primary surface=asphalt estimated_traffic_class=3", "estimated_crossing_class=3", "28454", "2793249"],
          ["133439257", "33526632", "13", "91", "1230", "0", "0", "0", "0", "reversedirection=yes highway=primary surface=asphalt estimated_traffic_class=3", "estimated_crossing_class=3", "28470", "2794859"],
          ["133439503", "33526949", "13", "42", "1230", "0", "0", "0", "0", "reversedirection=yes highway=primary surface=asphalt estimated_traffic_class=3", "estimated_crossing_class=3", "28476", "2795476"],
          ["133440019", "33527649", "13", "91", "1230", "0", "0", "0", "0", "reversedirection=yes highway=primary surface=asphalt estimated_traffic_class=3", "estimated_crossing_class=3", "28492", "2797027"],
          ["133448328", "33534087", "21", "1266", "1000", "0", "119", "0", "0", "reversedirection=yes highway=tertiary estimated_traffic_class=2", "", "28744", "2822316"],
          ["133451157", "33534191", "16", "266", "1100", "0", "30", "0", "0", "reversedirection=yes highway=unclassified", "estimated_crossing_class=3", "28804", "2828283"],
          ["133451354", "33534431", "17", "32", "1230", "0", "44", "0", "0", "reversedirection=yes highway=primary surface=asphalt estimated_traffic_class=3", "", "28808", "2828645"],
          ["133451598", "33534668", "18", "35", "1260", "0", "2", "0", "0", "reversedirection=yes highway=primary surface=asphalt estimated_traffic_class=4", "estimated_crossing_class=4", "28812", "2829069"],
          ["133451822", "33534847", "17", "29", "1260", "0", "0", "0", "0", "reversedirection=yes highway=primary surface=asphalt estimated_traffic_class=4", "estimated_crossing_class=4", "28816", "2829432"],
          ["133452416", "33535167", "18", "66", "1260", "0", "3", "0", "0", "reversedirection=yes highway=primary surface=asphalt estimated_traffic_class=4", "estimated_crossing_class=4", "28825", "2830415"],
          ["133455558", "33536439", "24", "347", "1260", "0", "24", "0", "0", "reversedirection=yes highway=primary surface=asphalt estimated_traffic_class=4", "estimated_crossing_class=4", "28900", "2837845"],
          ["133460278", "33536082", "39", "455", "1260", "0", "20", "0", "0", "reversedirection=yes highway=primary surface=asphalt estimated_traffic_class=4", "estimated_crossing_class=4", "29103", "2858138"],
          ["133462097", "33534041", "46", "323", "1260", "0", "40", "0", "0", "reversedirection=yes highway=primary surface=asphalt estimated_traffic_class=4", "estimated_crossing_class=4", "29176", "2865527"],
          ["133462376", "33534049", "46", "26", "1260", "0", "12", "0", "0", "reversedirection=yes highway=primary surface=asphalt estimated_traffic_class=4", "estimated_crossing_class=4", "29183", "2866233"],
          ["133462952", "33534349", "44", "65", "1260", "0", "13", "0", "0", "reversedirection=yes highway=primary surface=asphalt estimated_traffic_class=4", "estimated_crossing_class=4", "29200", "2867842"],
          ["133463184", "33534605", "43", "36", "1260", "0", "0", "0", "0", "reversedirection=yes highway=primary surface=asphalt estimated_traffic_class=4", "estimated_crossing_class=4", "29207", "2868546"],
          ["133468406", "33536108", "22", "542", "1260", "259", "40", "0", "0", "reversedirection=yes highway=primary surface=asphalt estimated_traffic_class=4", "estimated_crossing_class=4", "29258", "2873693"],
          ["133470256", "33536313", "17", "175", "1260", "126", "1", "0", "0", "reversedirection=yes highway=primary surface=asphalt estimated_traffic_class=4", "estimated_crossing_class=4", "29274", "2875317"],
          ["133471810", "33536247", "15", "145", "1260", "4", "0", "0", "0", "reversedirection=yes highway=primary surface=asphalt estimated_traffic_class=4", "estimated_crossing_class=4", "29289", "2876822"],
          ["133472226", "33536232", "15", "39", "1260", "0", "0", "0", "0", "reversedirection=yes highway=primary surface=asphalt estimated_traffic_class=4", "estimated_crossing_class=4", "29295", "2877357"],
          ["133472776", "33536212", "15", "51", "1260", "0", "0", "0", "0", "reversedirection=yes highway=primary surface=asphalt estimated_traffic_class=4", "estimated_crossing_class=4", "29302", "2878107"],
          ["133473411", "33536167", "15", "60", "1260", "0", "0", "0", "0", "reversedirection=yes highway=primary surface=asphalt estimated_traffic_class=4", "estimated_crossing_class=4", "29312", "2879086"],
          ["133473720", "33536007", "15", "34", "1260", "0", "6", "0", "0", "reversedirection=yes highway=primary surface=asphalt estimated_traffic_class=4", "estimated_crossing_class=4", "29317", "2879603"],
          ["133474193", "33535544", "13", "68", "1260", "0", "1", "0", "0", "reversedirection=yes highway=primary surface=asphalt estimated_traffic_class=4", "estimated_crossing_class=4", "29325", "2880389"],
          ["133474796", "33535206", "12", "68", "1260", "0", "3", "0", "0", "reversedirection=yes highway=primary surface=asphalt estimated_traffic_class=4", "estimated_crossing_class=4", "29333", "2881181"],
          ["133474893", "33535185", "12", "9", "1260", "0", "1", "0", "0", "reversedirection=yes highway=primary surface=asphalt estimated_traffic_class=4", "estimated_crossing_class=4", "29334", "2881292"],
          ["133475518", "33535903", "12", "100", "1100", "0", "64", "0", "0", "highway=unclassified", "estimated_crossing_class=0", "29348", "2882684"],
          ["133475614", "33536081", "12", "22", "1260", "0", "29", "20", "0", "reversedirection=yes highway=primary surface=asphalt estimated_traffic_class=4", "highway=traffic_signals", "29351", "2883037"],
          ["133476627", "33536894", "16", "135", "1260", "0", "4", "0", "0", "reversedirection=yes highway=primary surface=asphalt estimated_traffic_class=4", "estimated_crossing_class=4", "29375", "2885341"],
          ["133477161", "33536959", "15", "50", "1260", "0", "0", "0", "0", "reversedirection=yes highway=primary surface=asphalt estimated_traffic_class=4", "estimated_crossing_class=4", "29383", "2886163"],
          ["133477596", "33537011", "13", "41", "1260", "0", "0", "0", "0", "reversedirection=yes highway=primary surface=asphalt estimated_traffic_class=4", "estimated_crossing_class=4", "29388", "2886648"],
          ["133477950", "33537054", "12", "33", "1260", "0", "0", "0", "0", "reversedirection=yes highway=primary surface=asphalt estimated_traffic_class=4", "estimated_crossing_class=4", "29391", "2887010"],
          ["133478635", "33537143", "11", "64", "1260", "0", "0", "20", "0", "reversedirection=yes highway=primary surface=asphalt estimated_traffic_class=4", "highway=traffic_signals crossing=traffic_signals", "29398", "2887733"],
          ["133479316", "33537227", "12", "64", "1260", "0", "0", "0", "0", "reversedirection=yes highway=primary surface=asphalt estimated_traffic_class=4", "estimated_crossing_class=4", "29407", "2888627"],
          ["133480261", "33537663", "12", "101", "1260", "0", "2", "20", "0", "reversedirection=yes highway=primary surface=asphalt estimated_traffic_class=4", "highway=traffic_signals estimated_crossing_class=0 crossing=traffic_signals", "29423", "2890159"],
          ["133481517", "33539377", "11", "225", "1260", "0", "1", "20", "0", "reversedirection=yes highway=primary surface=asphalt estimated_traffic_class=4", "highway=crossing crossing=traffic_signals", "29460", "2893936"],
          ["133481579", "33539434", "11", "9", "1260", "0", "0", "20", "0", "reversedirection=yes highway=primary surface=asphalt estimated_traffic_class=4", "highway=traffic_signals estimated_crossing_class=0", "29462", "2894065"],
          ["133481631", "33539478", "11", "7", "1260", "0", "0", "20", "0", "reversedirection=yes highway=primary surface=asphalt estimated_traffic_class=4", "highway=crossing crossing=traffic_signals", "29463", "2894166"],
          ["133481784", "33539594", "10", "19", "1260", "0", "0", "0", "0", "reversedirection=yes highway=primary surface=asphalt estimated_traffic_class=4", "estimated_crossing_class=0", "29465", "2894429"],
          ["133482845", "33540414", "10", "134", "1260", "0", "0", "0", "0", "reversedirection=yes highway=primary surface=asphalt estimated_traffic_class=4", "estimated_crossing_class=0", "29485", "2896400"],
          ["133482922", "33540477", "10", "10", "1260", "0", "0", "20", "0", "reversedirection=yes highway=primary surface=asphalt estimated_traffic_class=4", "highway=traffic_signals crossing=traffic_signals", "29487", "2896558"],
          ["133483064", "33540586", "10", "18", "1260", "0", "0", "0", "0", "reversedirection=yes highway=primary surface=asphalt estimated_traffic_class=4", "estimated_crossing_class=0", "29490", "2896863"],
          ["133483381", "33540837", "10", "41", "1260", "0", "0", "0", "0", "reversedirection=yes highway=primary surface=asphalt estimated_traffic_class=4", "estimated_crossing_class=4", "29497", "2897555"],
          ["133483575", "33540989", "10", "25", "1260", "0", "0", "0", "0", "reversedirection=yes highway=primary surface=asphalt estimated_traffic_class=4", "estimated_crossing_class=4", "29501", "2897977"],
          ["133484051", "33541354", "11", "60", "1260", "0", "0", "0", "0", "reversedirection=yes highway=primary surface=asphalt estimated_traffic_class=4", "estimated_crossing_class=4", "29512", "2899098"],
          ["133484342", "33541596", "12", "38", "1260", "0", "0", "20", "0", "reversedirection=yes highway=primary surface=asphalt estimated_traffic_class=4", "highway=crossing crossing=traffic_signals", "29520", "2899909"],
          ["133484438", "33541669", "12", "12", "1260", "0", "0", "20", "0", "reversedirection=yes highway=primary surface=asphalt estimated_traffic_class=4", "highway=traffic_signals estimated_crossing_class=0", "29523", "2900168"],
          ["133484702", "33541869", "12", "33", "1260", "0", "0", "20", "0", "reversedirection=yes highway=primary surface=asphalt estimated_traffic_class=4", "highway=crossing estimated_crossing_class=0 crossing=traffic_signals", "29530", "2900932"],
          ["133484756", "33541909", "13", "7", "1260", "0", "0", "0", "0", "reversedirection=yes highway=primary surface=asphalt estimated_traffic_class=4", "estimated_crossing_class=0", "29532", "2901096"],
          ["133484985", "33542089", "13", "29", "1260", "0", "0", "0", "0", "reversedirection=yes highway=primary surface=asphalt estimated_traffic_class=4", "estimated_crossing_class=4", "29538", "2901738"],
          ["133485016", "33542113", "13", "4", "1260", "0", "0", "0", "0", "reversedirection=yes highway=primary surface=asphalt estimated_traffic_class=4", "estimated_crossing_class=4", "29539", "2901822"],
          ["133485235", "33542303", "13", "29", "1260", "0", "0", "0", "0", "reversedirection=yes highway=primary surface=asphalt estimated_traffic_class=4", "estimated_crossing_class=4", "29545", "2902416"],
          ["133485466", "33542490", "12", "30", "1260", "0", "0", "0", "0", "reversedirection=yes highway=primary surface=asphalt estimated_traffic_class=4", "estimated_crossing_class=4", "29550", "2902904"],
          ["133485587", "33542685", "12", "24", "1260", "0", "3", "20", "0", "reversedirection=yes highway=primary surface=asphalt estimated_traffic_class=4", "highway=crossing estimated_crossing_class=0 crossing=traffic_signals", "29554", "2903285"],
          ["133485602", "33542828", "11", "16", "1260", "0", "3", "20", "0", "reversedirection=yes highway=primary surface=asphalt estimated_traffic_class=4", "highway=traffic_signals estimated_crossing_class=0", "29556", "2903520"],
          ["133486956", "33543100", "11", "129", "1000", "0", "76", "0", "0", "highway=tertiary estimated_traffic_class=2", "", "29576", "2905474"],
          ["133491648", "33544064", "10", "450", "1000", "0", "0", "0", "0", "reversedirection=yes highway=tertiary estimated_traffic_class=2", "", "29651", "2912993"],
          ["133491376", "33545464", "11", "160", "1100", "0", "82", "0", "0", "highway=unclassified", "", "29678", "2915663"],
          ["133492793", "33546995", "12", "217", "1100", "0", "8", "0", "0", "reversedirection=yes highway=unclassified", "", "29720", "2919935"],
          ["133495906", "33548799", "11", "352", "1100", "0", "1", "0", "0", "highway=unclassified", "", "29778", "2925660"],
          ["133496729", "33549254", "10", "92", "1100", "0", "0", "0", "0", "reversedirection=yes highway=unclassified", "", "29792", "2927051"],
          ["133497144", "33549468", "10", "45", "1100", "0", "0", "0", "0", "highway=unclassified", "", "29799", "2927747"],
          ["133499625", "33550955", "11", "286", "1100", "0", "0", "0", "0", "reversedirection=yes highway=unclassified", "", "29848", "2932654"],
          ["133500781", "33551476", "11", "122", "1100", "0", "0", "20", "0", "highway=unclassified", "highway=crossing crossing=traffic_signals", "29868", "2934671"],
          ["133500919", "33551537", "11", "14", "1100", "0", "0", "20", "0", "highway=unclassified", "highway=traffic_signals", "29870", "2934911"],
          ["133501161", "33551637", "11", "25", "1100", "0", "0", "20", "0", "reversedirection=yes highway=unclassified", "highway=crossing crossing=traffic_signals", "29875", "2935411"],
          ["133501316", "33551711", "12", "17", "1100", "0", "0", "20", "0", "reversedirection=yes highway=unclassified", "highway=traffic_signals estimated_crossing_class=0", "29879", "2935762"],
          ["133501424", "33551779", "12", "13", "1100", "0", "0", "20", "0", "reversedirection=yes highway=unclassified", "highway=crossing crossing=traffic_signals", "29881", "2936040"],
          ["133502777", "33552325", "11", "140", "1100", "0", "2", "0", "0", "reversedirection=yes highway=unclassified", "", "29907", "2938630"],
          ["133511736", "33552333", "5", "873", "1100", "0", "29", "0", "0", "highway=unclassified", "", "30031", "2950970"],
          ["133516928", "33554199", "5", "539", "1100", "0", "1", "20", "0", "reversedirection=yes highway=unclassified", "highway=traffic_signals estimated_crossing_class=0", "30120", "2959885"],
          ["133516957", "33554273", "5", "9", "1350", "0", "68", "20", "0", "reversedirection=yes highway=primary surface=asphalt estimated_traffic_class=6", "highway=crossing crossing=traffic_signals", "30121", "2960033"],
          ["133517012", "33555339", "7", "118", "1350", "0", "1", "0", "0", "reversedirection=yes highway=primary surface=asphalt estimated_traffic_class=6", "estimated_crossing_class=5", "30150", "2962863"],
          ["133517013", "33555408", "8", "8", "1350", "0", "0", "0", "0", "reversedirection=yes highway=primary surface=asphalt estimated_traffic_class=6", "highway=crossing", "30152", "2963061"],
          ["133517011", "33555673", "10", "29", "1350", "0", "0", "0", "0", "reversedirection=yes highway=primary surface=asphalt estimated_traffic_class=6", "estimated_crossing_class=0", "30157", "2963590"],
          ["133517010", "33555739", "10", "7", "1350", "0", "0", "0", "0", "reversedirection=yes highway=primary surface=asphalt estimated_traffic_class=6", "estimated_crossing_class=0", "30158", "2963734"],
          ["133517019", "33555847", "11", "12", "1350", "0", "0", "20", "0", "reversedirection=yes highway=primary surface=asphalt estimated_traffic_class=6", "highway=crossing crossing=traffic_signals", "30161", "2964030"],
          ["133517025", "33555936", "11", "10", "1350", "0", "0", "20", "0", "reversedirection=yes highway=primary surface=asphalt estimated_traffic_class=6", "highway=traffic_signals estimated_crossing_class=0", "30164", "2964251"],
          ["133522979", "33555964", "9", "553", "1100", "0", "85", "20", "0", "reversedirection=yes highway=unclassified", "highway=traffic_signals", "30266", "2974505"],
          ["133527290", "33555977", "7", "401", "1100", "0", "0", "0", "0", "reversedirection=yes highway=unclassified", "", "30329", "2980810"],
          ["133529516", "33556538", "8", "218", "1090", "0", "2", "0", "0", "highway=tertiary estimated_traffic_class=5", "highway=crossing crossing=marked", "30371", "2985003"],
          ["133532281", "33557031", "12", "263", "1090", "0", "0", "20", "0", "highway=tertiary estimated_traffic_class=5", "highway=crossing crossing=traffic_signals", "30418", "2989733"],
          ["133532354", "33557044", "12", "7", "1090", "0", "0", "20", "0", "highway=tertiary estimated_traffic_class=5", "highway=traffic_signals traffic_signals=signal", "30420", "2989874"],
          ["133532461", "33557062", "13", "10", "1090", "0", "0", "20", "0", "highway=tertiary estimated_traffic_class=5", "highway=traffic_signals", "30422", "2990116"],
          ["133532444", "33557136", "14", "8", "1060", "0", "89", "20", "0", "highway=tertiary surface=asphalt estimated_traffic_class=4", "highway=crossing crossing=traffic_signals", "30424", "2990330"],
          ["133532254", "33557961", "13", "93", "1060", "0", "0", "20", "0", "highway=tertiary surface=asphalt estimated_traffic_class=4", "highway=crossing crossing=traffic_signals", "30444", "2992331"],
          ["133532235", "33558043", "13", "9", "1060", "0", "0", "20", "0", "highway=tertiary surface=asphalt estimated_traffic_class=4", "highway=traffic_signals", "30446", "2992494"],
          ["133532222", "33558107", "13", "7", "1060", "0", "0", "0", "0", "highway=tertiary surface=asphalt estimated_traffic_class=4", "railway=unknown", "30448", "2992734"],
          ["133532216", "33558135", "13", "3", "1060", "0", "0", "0", "0", "highway=tertiary surface=asphalt estimated_traffic_class=4", "railway=unknown", "30449", "2992834"],
          ["133532206", "33558189", "12", "6", "1060", "0", "0", "20", "0", "highway=tertiary surface=asphalt estimated_traffic_class=4", "highway=traffic_signals", "30451", "2993017"],
          ["133532466", "33558242", "14", "25", "1500", "0", "82", "20", "0", "highway=trunk surface=asphalt oneway=yes", "highway=crossing crossing=traffic_signals", "30457", "2993619"],
          ["133534043", "33558559", "13", "151", "1500", "0", "0", "20", "0", "highway=trunk surface=asphalt oneway=yes", "highway=crossing crossing=traffic_signals", "30491", "2997045"],
          ["133534027", "33558614", "12", "6", "1200", "0", "90", "0", "0", "highway=footway surface=asphalt foot=designated bicycle=designated", "", "30493", "2997152"],
          ["133534041", "33559007", "7", "47", "7000", "0", "53", "0", "0", "reversedirection=yes highway=footway surface=paving_stones", "", "30498", "2997706"]
        ],
        "times": [0,7.392,11.592,15.624,24.137,36.507,43.113,63.411,83.553,97.134,110.035,117.075,121.477,124.075,151.487,154.773,155.998,162.309,175.112,189.831,207.764,229.81,266.539,278.103,283.409,357.489,376.235,410.356,419.145,425.466,428.636,431.295,446.363,449.324,453.135,456.067,457.252,461.63,463.232,464.501,466.493,468.962,472.013,473.174,476.638,478.053,479.579,481.674,490.188,492.773,507.733,525.229,529.509,535.174,554.18,560.973,566.769,580.982,592.978,624.004,666.025,673.586,704.656,705.605,712.225,713.142,714.882,718.12,719.653,722.446,725.343,742.616,752.787,756.074,806.478,827.337,838.866,847.019,855.224,862.671,869.824,876.041,884.013,900.949,953.599,959.748,967.611,978.301,986.073,989.988,994.958,997.535,1010.027,1018.211,1025.224,1048.466,1054.542,1081.492,1101.955,1125.602,1139.112,1146.642,1155.792,1159.63,1164.823,1175.189,1181.092,1186.692,1190.982,1197.338,1211.985,1219.337,1234.377,1239.089,1242.938,1246.743,1264.149,1272.838,1282.065,1285.843,1287.063,1288.547,1289.553,1292.939,1297.887,1329.597,1336.764,1340.214,1343.515,1352.751,1356.066,1360.152,1375.428,1376.418,1379.321,1383.214,1390.125,1396.702,1400.314,1403.676,1404.104,1418.447,1419.198,1422.511,1423.333,1435.113,1439.604,1444.272,1452.372,1463.365,1474.733,1490.383,1518.984,1522.838,1537.422,1543.813,1547.148,1550.971,1572.8,1578.741,1585.134,1612.543,1621.11,1644.046,1657.892,1663.441,1667.388,1670.267,1672.582,1673.583,1674.267,1674.963,1675.584,1676.516,1680.818,1681.504,1692.739,1694.785,1699.107,1709.302,1716.563,1722.957,1725.02,1735.203,1747.723,1797.433,1831.753,1839.281,1847.087,1898.815,1931.55,1934.396,1936.593,1938.276,1942.562,1946.497,1951.152,1962.589,1975.366,1994.684,2014.572,2032.911,2035.92,2042.472,2050.4,2059.831,2068.836,2075.408,2083.961,2094.075,2098.011,2117.255,2137.412,2146.855,2171.398,2180.626,2188.935,2194.684,2198.31,2204.246,2217.283,2219.918,2223.182,2225.19,2231.081,2233.961,2235.452,2238.488,2239.739,2242.746,2243.948,2245.166,2252.126,2255.066,2258.661,2264.503,2271.447,2273.811,2278.422,2311.429,2345.279,2370.259,2372.161,2374.23,2378.126,2383.017,2418.996,2420.339,2426.535,2429.267,2433.223,2442.608,2448.018,2452.372,2455.822,2462.227,2464.357,2467.169,2470.999,2473.5,2479.01,2482.265,2485.807,2491.106,2496.368,2499.086,2510.923,2517.597,2518.588,2529.379,2530.441,2534.854,2535.852,2540.95,2561.245,2563.258,2565.448,2577.736,2594.306,2606.563,2611.929,2623.413,2636.542,2652.889,2661.577,2676.418,2678.562,2682.25,2694.655,2730.297,2732.726,2735.319,2736.692,2751.188,2752.177,2752.837,2753.663,2762.013,2766.197,2769.258,2777.699,2784.482,2798.533,2824.674,2848.974,2860.903,2876.179,2883.512,2890.958,2906.844,2931.037,2938.712,2945.599,2955.297,2971.156,3002.914,3007.739,3010.311,3030.427,3041.152,3048.498,3060.096,3064,3065.861,3069.889,3071.641,3079.466,3083.589,3094.017,3099.594,3105.597,3110.69,3116.709,3124.982,3130.921,3144.568,3153.722,3158.74,3165.866,3170.193,3174.463,3185.812,3211.398,3218.16,3224.955,3232.092,3238.548,3244.205,3253.205,3254.8,3258.841,3263.407,3266.709,3269.228,3271.444,3273.195,3275.691,3279.797,3283.059,3283.757,3291.234,3301.658,3308.999,3313.773,3317.832,3329.392,3333.712,3335.081,3337.402,3340.612,3346.573,3364.548,3386.294,3390.468,3394.158,3401.291,3427.816,3436.616,3469.819,3487.013,3510.336,3520.486,3532.047,3540.538,3551.125,3567.463,3575.453,3578.905,3587.371,3599.282,3605.633,3611.961,3622.62,3627.364,3631.245,3634.561,3637.991,3641.986,3645.797,3649.327,3657.298,3661.355,3667.043,3671.825,3683.391,3710.365,3720.486,3724.828,3738.271,3750.413,3760.879,3770.48,3777.249,3786.98,3793.402,3797.904,3802.3,3807.554,3815.048,3821.969,3828.66,3847.402,3854.187,3856.25,3866.292,3874.528,3901.374,3906.778,3914.97,3965.825,3979.124,3983.558,3987.022,3989.513,3997.599,4002.318,4006.005,4043.727,4047.957,4061.879,4067.313,4070.125,4074.88,4076.975,4078.714,4079.928,4082.142,4084.675,4090.47,4110.993,4113.201,4114.711,4116.617,4120.519,4121.721,4122.833,4123.938,4125.768,4130.521,4136.607,4141.211,4145.367,4150.204,4153.976,4158.013,4171.205,4171.629,4174.311,4174.967,4184.97,4197.329,4206.158,4216.15,4219.863,4224.396,4235.068,4244.856,4251.929,4255.521,4258.642,4259.478,4261.731,4269.396,4270.769,4278.089,4280.542,4281.568,4285.524,4291.305,4316.41,4334.75,4339.518,4345.142,4348.208,4350.921,4355.973,4362.579,4367.426,4370.167,4405.897,4427.978,4459.696,4460.517,4460.868,4472.32,4473.732,4475.592,4486.32,4496.842,4506.765,4520.343,4529.325,4542.046,4544.667,4550.402,4560.628,4561.222,4570.092,4575.066,4581.495,4586.22,4588.25,4594.665,4600.83,4606.422,4607.259,4608.336,4615.655,4630.985,4633.786,4638.848,4642.639,4646.514,4656.562,4658.787,4671.933,4683.997,4696.022,4704.531,4706.808,4711.076,4714.982,4715.664,4716.192,4744.101,4747.248,4751.757,4768.604,4786.42,4818.142,4827.081,4833.118,4840.607,4870.641,4884.387,4903.833,4920.237,4923.06,4932.938,4936.085,4938.065,4942.536,4952.16,4985.879,4989.593,4992.748,5016.936,5032.878,5036.792,5050.924,5051.375,5052.656,5069.984,5075.864,5082.152,5085.641,5088.829,5094.591,5099.601,5104.084,5109.129,5116.947,5119.827,5124.316,5129.911,5156.007,5167.356,5183.085,5199.122,5209.194,5219.556,5237.732,5265.991,5277.352,5284.555,5297.605,5324.735,5328.555,5334.238,5341.904,5346.487,5359.84,5364.729,5373.57,5379.11,5520.795,5546.729,5577.022,5610.58,5618.156,5626.891,5642.377,5647.317,5791.905,5817.326,5828.192,5834.404,5840.541,5846.25,5869.63,5876.906,5878.576,5879.796,5880.756,5881.716,5882.756,5883.716,5884.531,5887.35,5889.686,5894.241,5896.191,5900.912,5901.792,5904.592,5905.952,5906.992,5907.953,5909.405,5913.234,5914.51,5915.55,5917.833,5925.26,5929.318,5931.844,5935.33,5937.813,5940.213,5942.466,5950.226,5951.695,5955.135,5957.865,5959.806,5962.1,5966.793,5968.627,5971.131,5980.904,5984.786,5987.318,5989.899,5992.214,5994.433,5995.553,5996.433,5997.953,6004.195,6005.706,6008.666,6022.668,6031.428,6039.011,6052.692,6058.257,6078.838,6086.546,6088.082,6095.656,6097.393,6101.951,6110.209,6118.479,6130.747,6144.656,6161.355,6174.34,6186.949,6196.812,6204.5,6216.18,6228.616,6240.333,6251.352,6262.035,6270.73,6275.669,6279.674,6283.424,6287.244,6292.521,6296.644,6300.91,6306.682,6316.4,6332.646,6346.508,6389.344,6396.075,6403.598,6406.663,6408.341,6409.063,6409.791,6410.523,6424.872,6426.59,6436.735,6458.716,6469.411,6478.769,6496.966,6499.446,6506.814,6513.066,6514.575,6521.757,6525.174,6532.786,6542.265,6549.039,6553.07,6554.074,6556.55,6557.96,6559.154,6560.211,6561.552,6562.987,6565.983,6567.132,6569.106,6572.738,6579.179,6580.135,6581.187,6582.798,6584.523,6592.579,6607.349,6615.758,6624.714,6631.113,6637.034,6645.521,6653.101,6660.737,6673.001,6675.682,6676.353,6688.231,6692.88,6726.664,6733.417,6737.881,6746.757,6756.472,6758.315,6771.843,6773.19,6781.928,6789.352,6789.814,6790.894,6791.336,6792.164,6792.879,6793.613,6794.61,6796.43,6800.553,6810.18,6819.642,6826.218,6833.948,6835.403,6843.986,6852.058,6858.945,6861.615,6889.543,6921.408,6927.917,6933.996,6936.468,6939.817,6949.949,6956.731,6982.942,6995.785,7004.87,7010.321,7011.738,7012.963,7018.323,7020.449,7021.089,7021.818,7022.765,7024.104,7024.303,7027.547,7029.852,7030.18,7037.275,7045.584,7052.224,7052.604,7061.863,7063.062,7073.515,7103.528,7119.1,7126.684,7138.257,7140.211,7141.881,7152.702,7173.987,7177.223,7186.89,7196.854,7200.563,7204.775,7214.032,7218.238,7222.273,7225.637,7237.066,7242.444,7247.319,7251.031,7258.835,7266.856,7282.376,7325.132,7351.704,7391.161,7397.952,7402.167,7405.132,7408.578,7415.363,7422.239,7427.304,7436.3,7450.8,7455.835,7460.793,7466.376,7472.094,7479.048,7485.601,7493.093,7497.204,7500.948,7504.865,7510.749,7518.983,7530.904,7535.546,7540.104,7544.146,7550.651,7555.086,7558.832,7572.596,7580.995,7581.867,7584.24,7586.136,7587.051,7588.652,7599.086,7600.813,7602.421,7605.102,7606.814,7610.825,7616.368,7621.676,7626.569,7630.521,7638.44,7638.894,7641.118,7643.283,7653.819,7655.742,7661.188,7678.902,7686.901,7698.338,7703.515,7711.65,7716.076,7719.609,7722.124,7724.797,7726.182,7727.846,7733.74,7739.511,7741.799,7757.276,7760.736,7763.911,7770.012,7771.713,7774.938,7777.819,7782.049,7786.237,7791.06,7794.511,7800.705,7803.991,7806.197,7814.295,7819.287,7823.919,7827.362,7852.618,7857.292,7861.925,7865.172,7872.637,7876.127,7883.124,7886.212,7889.799,7891.973,7914.233,7917.095,7918.417,7928.692,7936.854,7970.693,7976.901,7978.732,7981.105,7999.945,8002.267,8003.925,8007.743,8014.691,8015.93,8016.757,8017.887,8018.653,8020.434,8020.677,8021.291,8021.882,8026.138,8028.768,8033.495,8034.988,8036.755,8038.956,8044.867,8048,8049.731,8051.441,8065.342,8079.477,8098.6,8104.45,8112.243,8117.659,8124.338,8133.837,8136.777,8140.977,8147.862,8158.022,8172.122,8182.999,8198.117,8206.488,8210.891,8223.121,8234.812,8260.263,8265.026,8271.627,8277.318,8280.694,8283.463,8286.075,8287.301,8290.368,8294.32,8298.268,8306.73,8313.836,8317.044,8321.43,8322.441,8326.822,8331.2,8341.843,8342.9,8347.287,8352.279,8356.069,8357.047,8358.017,8361.077,8362.959,8366.112,8368.49,8371.203,8372.459,8378.311,8384.074,8388.053,8394.324,8403.664,8413.895,8432.16,8436.277,8441.314,8448.971,8456.497,8458.295,8464.047,8466.803,8470.897,8479.491,8487.07,8490.021,8493.123,8497.785,8499.503,8503.771,8507.171,8509.365,8512.32,8514.74,8518.668,8522.021,8522.764,8525.928,8527.919,8530.712,8534.491,8540.093,8540.738,8543.007,8544.959,8546.487,8549.323,8550.399,8561.585,8567.803,8569.727,8570.801,8574.021,8579.633,8583.126,8586.609,8589.293,8602.5,8607.062,8613.096,8618.252,8621.471,8624.052,8627.977,8629.785,8632.79,8635.107,8636.398,8639.397,8652.416,8655.757,8658.113,8665.342,8667.408,8676.855,8681.719,8685.635,8686.813,8690.867,8700.908,8702.684,8707.363,8711.649,8717.004,8722.988,8725.895,8729.332,8733.48,8736.08,8738.457,8740.351,8741.07,8742.076,8744.848,8752.051,8764.893,8780.375,8791.263,8835.691,8843.66,8852.454,8857.24,8865.289,8884.04,8888.976,8896.549,8915.833,8919.492,8924.228,8930.496,8938.113,8943.496,8945.971,8949.367,8956.693,8959.211,8962.391,8966.15,8977.814,8980.706,8983.93,8988.742,9009.484,9022.197,9048.613,9053.295,9056.08,9059.054,9063.391,9069.23,9071.263,9074.391,9076.891,9088.377,9095.067,9103.18,9129.234,9136.266,9152.93,9165.508,9181.938,9201.796,9213.384,9222.259,9225.949,9228.782,9231.586,9246.67,9252.482,9257.785,9261.304,9265.456,9274.455,9282.269,9288.934,9294.95,9301.133,9309.684,9312.564,9313.852,9318.562,9322.67,9324.514,9331.722,9341.252,9347.336,9354.879,9358.046,9365.076,9372.003,9375.781,9376.754,9380.725,9385.492,9399.551,9403.141,9407.716,9472.682,9485.549,9490.393,9495.861,9518.531,9522.561,9525.861,9536.348,9540.66,9547.991,9554.748,9570.115,9572.051,9574.168,9576.174,9579.531,9582.91,9585.463,9587.756,9590.342,9592.963,9596.865,9603.565,9626.351,9631.1,9634.56,9639.965,9645.158,9659.392,9667.99,9674.467,9682.182,9690.416,9705.321,9709.435,9714.067,9723.62,9730.768,9733.133,9735.135,9738.162,9745.002,9749.62,9759.176,9771.987,9776.748,9780.925,9787.807,9797.104,9810.471,9812.934,9815.367,9818.729,9821.731,9824.793,9847.803,9856.713,9864.941,9867.832,9871.744,9874.421,9877.211,9881.608,9885.826,9888.099,9890.502,9892.361,9895.001,9898.383,9902.525,9904.238,9912.098,9919.617,9976.09,10009.174,10016.453,10026.134,10028.896,10040.291,10045.436,10050.119,10052.584,10058.393,10065.89,10079.166,10177.229,10209.655,10225.004,10232.125,10236.318,10239.725,10246.778,10247.742,10248.691,10249.635,10250.666,10257.893,10260.539,10272.029,10279.787,10281.516,10283.176,10291.719,10298.416,10321.41,10324.898,10325.841,10326.76,10327.658,10330.264,10331.586,10333.5,10334.617,10336.106,10337.387,10338.614,10339.952,10343.255,10346.342,10357.7,10375.951,10390.887,10396.941,10402.995,10408.326,10413.939,10420.042,10427.889,10431.326,10434.056,10440.525,10443.697,10446.438,10450.267,10455.455,10457.138,10459.19,10466.992,10472.828,10495.097,10500.135,10506.84,10538.449,10546.162,10552.302,10555.939,10564.896,10566.99,10568.932,10570.765,10573.982,10576.251,10610.691,10614.429,10619.83,10624.362,10628.865,10631.912,10634.709,10639.08,10641.594,10646.605,10653.282,10659.65,10662.051,10664.467,10666.785,10668.295,10669.942,10671.242,10672.496,10674.568,10676.713,10680.055,10682.355,10689.499,10692.205,10696.457,10702.199,10703.192,10707.088,10710.69,10712.555,10716.413,10721.992,10726.768,10728.345,10731.453,10734.627,10741.029,10747.791,10768.256,10769.777,10776.277,10792.871,10804.107,10814.377,10821.272,10827.164,10831.35,10834.994,10841.727,10848.197,10854.657,10860.383,10864.013,10867.931,10883.326,10886.918,10889.154,10890.434,10892.143,10902.444,10915.664,10922.438,10936.561,10945.783,10962.312,10979.002,10997.401,11001.459,11006.879,11012.217,11017.609,11022.633,11026.57,11039.428,11042.041,11049.429,11098.165,11120.064,11146.496,11166.611,11201.315,11211.881,11218.752,11226.128,11237.329,11276.57,11288.455,11292.416,11295.07,11301.13,11306.719,11308.838,11310.389,11311.93,11313.538,11316.055,11318.982,11322.152,11326.376,11328.545,11337.095,11345.977,11356.053,11366.988,11383.101,11463.864,11470.971,11474.692,11477.404,11480.434,11483.368,11506.42,11509.234,11511.424,11514.822,11517.303,11519.539,11526.062,11530.247,11533.602,11535.967,11538.767,11540.645,11542.484,11543.924,11545.739,11548.049,11550.679,11562.059,11564.458,11570.043,11570.674,11573.996,11576.717,11577.917,11580.006,11583.441,11588.232,11590.773,11591.448,11599.594,11616.479,11641.982,11647.757,11660.1,11673.074,11677.996,11680.928,11685.141,11734.363,11742.418,11771.662,11827.33,11840.959,11855.312,11864.493,11886.123,11896.318,11903.699,11909.85,11919.145,11924.782,11928.564,11935.464,11936.799,11937.977,11939.654,11941.084,11942.406,11944.186,11951.146,11953.306,11954.586,11955.705,11956.826,11957.865,11958.586,11959.546,11960.367,11961.4,11963.028,11969.26,11973.525,11978.861,11984.188,11988.682,11998.604,12008.082,12020.641,12029.472,12042.934,12045.004,12047.957,12049.958,12057.374,12062.785,12069.263,12077.957,12085.653,12101.391,12115.336,12125.236,12140.859,12168.43,12181.08,12191.262,12196.101,12198.846,12202.035,12207.636,12222.163,12223.677,12226.959,12229.158,12237.278,12239.334,12258.75,12263.097,12310.789,12331.433,12348.721,12358.359,12366.238,12379.616,12429.4,12471.272,12487.098,12498.995,12503.514,12511.396,12519.246,12528,12535.615,12543.689,12552.388,12563.307,12618.556,12631.828,12639.634,12646.785,12651.752,12663.752,12675.963,12682.967,12686.52,12689.799,12694.276,12717.676,12804.377,12836.664,12844.105,12855.037,12901.213,12917.514,12922.787,12926.371,12931.234,12973.346,12990.219,13012.168,13022.076,13031.592,13041.559,13046.861,13052.385,13055.223,13058.781,13069.133,13087.529,13106.707,13110.461,13114.592,13122.381,13126.797,13136.492,13139.602,13159.578,13185.988,13201.24,13204.777,13206.488,13208.344,13209.615,13211.369,13213.104,13214.941,13216.178,13219.191,13221.055,13223.797,13231.43,13252.447,13276.936,13283.902,13340.426,13407.783,13469.348,13533.01,13573.258,13643.686,13685.209,13698.174,13713.881,13730.357,13746.807,13816.988,13851.783,13876.963,13923.25,13936.072,14130.553,14150.949,14179.83,14197.422,14228.027,14356.859,14365.699,14381.33,14395.043,14404.627,14414.391,14432.285,14440.025,14447.986,14453.418,14455.018,14456.617,14458.137,14459.926,14461.92,14463.65,14481.152,14485.035,14492.191,14504.562,14535.764,14569.893,14620.945,14644.746,14662.871,14709.471,14716.199,14719.652,14725.156,14727.186,14727.861,14736.041,14753.387,14763.025,14771.57,14776.387,14831.477,14880.449,14888.705,14898.846,14901.473,14909.445,14919.018,14926.367,15013.32,15027.939,15043.947,15062.016,15080.656,15089.33,15102.822,15143.125,15167.26,15190.805,15261.566,15280.303,15283.061,15285.777,15289.219,15290.979,15309.139,15313.758,15315.918,15317.998,15321.199,15322.078,15323.998,15325.439,15327.52,15334.879,15338.24,15340.08,15349.92,15353.078,15356.248,15361.154,15375.975,15378.426,15380.975,15384.039,15415.904,15420.184,15423.453,15427.516,15434.924,15441.059,15443.889,15447.236,15456.01,15463.047,15466.283,15469.455,15473.799,15476.436,15480.25,15493.609,15495.93,15498.408,15500.146,15501.945,15503.818,15505.25,15507.016,15508.777,15522.697,15525.301,15527.059,15528.869,15531.73,15540.1,15542.812,15544.193,15545.477,15549.574,15555.848,15557.846,15559.826,15561.99,15571.459,15573.584,15585.904,15589.535,15594.801,15599.041,15604.355,15607.564,15609.047,15610.32,15611.92,15613.576,15614.617,15619.877,15623.174,15625.715,15626.898,15636.51,15637.162,15638.219,15642.619,15646.428,15648.688,15650.531,15654.178,15669.621,15682.291,15689.789,15692.893,15695.23,15718.596,15719.533,15733.646,15736.021,15738.748,15739.891,15740.924,15741.186,15741.58,15742.334,15742.939,15744.064,15745.98,15746.996,15748.289,15748.928,15749.352,15751.269,15753.396,15756.864,15764.576,15765.403,15768.079,15780.773,15785.226,15796.705,15800.425,15814.3,15864.922,15905.87,15924.15,15949.881,15960.572,15972.893,16009.171,16147.265,16281.892,16287.972,16289.812,16291.652,16293.732,16295.572,16297.492,16300.785,16302.653,16308.404,16313.044,16322.008,16338.104,16342.834,16348.9,16353.257,16353.991,16358.291,16360.226,16361.9,16363.545,16366.344,16368.678,16374.277,16376.956,16379.586,16397.42,16400.049,16405.992,16407.193,16408.215,16410.412,16422.535,16430.191,16436.514,16455.363,16463.166,16468.496,16473.543,16478.762,16484.406,16494.053,16499.863,16504.828,16507.826,16510.023,16513.08,16514.568,16525.08,16526.859,16528.699,16533.42,16535.717,16536.828,16537.908,16539.279,16541.957,16551.225,16560.473,16571.016,16573.988,16576.504,16577.467,16588.895,16615.809,16654.115,16727.158,16731.74,16736.705,16740.697,16745.6,16755.855,16770.547,16819.227,16832.408,16835.709,16841.637,16845.457,16855.268,16859.875,16861.857,16864.105,16871.76,16878.264,16892.871,16913.121,16941.186,16971.205,16990.666,16994.207,16998.674,17004.865,17007.439,17010.885,17014.172,17023.793,17026.594,17035.369,17076.264,17092.547,17138.164,17153.965,17160.945,17163.439,17166.682,17201.309,17210.672,17219.633,17257.061,17270.311,17289.912,17302.936,17310.594,17317.229,17320.18,17343.666,17355.967,17369.346,17372.41,17376.154,17389.205,17405.697,17408.66,17421.324,17435.645,17449.27,17462.361,17468.9,17470.771,17475.867,17477.393,17478.934,17506.09,17509.367,17511.129,17513.643,17518.008,17525.896,17527.9,17529.953,17532.225,17534.592,17539.094,17544.146,17551.021,17570.822,17596.215,17627.621,17632.746,17633.775,17636.418,17647.342,17652.248,17653.934,17656.801,17661.209,17668.652,17670.289,17675.26,17676.918,17680.564,17684.451,17703.713,17708.047,17712.121,17714.447,17717.455,17719.248,17724.297,17731.092,17760.914,17768.002,17772.271,17777.426,17783.432,17790.863,17806.113,17838.887,17853.018,17859.145,17869.918,17883.52,17888.043,17901.137,17927.195,17943.859,17965.518,18004.814,18013.398,18017.5,18042.26,18047.084,18048.496,18051.797,18065.922,18084.766,18100.875,18111.045,18115.516,18118.012,18118.861,18121.734,18125.799,18130.049,18134.016,18148.393,18155.455,18158.896,18162.689,18169.035,18176.826,18187.453,18206.633,18210.363,18215.742,18218.518,18234.549,18237.223,18240.938,18246.115,18252.594,18260.652,18265.076,18271.238,18281.906,18283.967,18286.113,18288.047,18316.834,18323.812,18326.689,18335.787,18339.205,18344.059,18348.582,18352.057,18359.861,18376.625,18385.355,18388.197,18391.164,18393.162,18396.824,18398.695,18403.553,18405.842,18409.26,18412.75,18428.227,18434.965,18438.697,18446.986,18448.912,18455.244,18458.883,18463.42,18469.994,18479.137,18499.119,18513.969,18518.982,18523.117,18530.623,18536.867,18547.225,18579.641,18586.93,18592.602,18607.387,18614.498,18619.85,18636.518,18644.785,18648.297,18651.602,18653.486,18655.76,18657.969,18666.23,18671.174,18677.715,18680.492,18684.039,18688.137,18701.008,18709.801,18712.289,18716.904,18719.014,18724.244,18725.283,18725.803,18726.494,18728.047,18738.195,18747.422,18759.977,18768.838,18770.822,18771.896,18772.695,18773.496,18776.457,18777.496,18780.057,18781.176,18782.137,18782.697,18783.176,18783.496,18786.297,18787.896,18789.018,18792.217,18792.697,18793.496,18794.217,18797.496,18797.896,18798.457,18799.018,18800.537,18805.336,18807.656,18810.617,18811.977,18812.297,18812.537,18812.777,18814.617,18814.857,18815.098,18817.656,18818.457,18818.697,18819.098,18819.736,18822.297,18824.881,18825.439,18825.918,18826.279,18826.994,18828.994,18832.834,18833.953,18834.754,18837.475,18838.514,18839.395,18840.514,18842.434,18844.994,18845.875,18846.434,18847.074,18847.475,18849.395,18849.793,18850.344,18854.676,18857.557,18859.406,18861.945,18863.402,18868.602,18869.721,18871.082,18879.002,18879.881,18883.402,18884.281,18887.16,18887.832,18888.42,18889.383,18890.037,18890.715,18894.404,18895.039,18895.738,18898.518,18899.055,18899.498,18899.949,18903.369,18904.107,18904.797,18907.117,18908.559,18909.758,18910.877,18913.547,18913.971,18914.508,18915.318,18918.6,18919.719,18922.158,18924.713,18926.078,18930.152,18942.389,18950.287,18956.086,18959.301,18962.742,18963.941,18965.381,18966.662,18967.867,18972.268,18975.135,18977.949,18979.92,18984.068,19000.393,19003.051,19010.807,19028.947,19037.557,19042.055,19048.662,19054.104,19055.863,19059.594,19061.254,19064.609,19067.609,19070.42,19070.955,19071.455,19074.898,19076.309,19077.633,19084.16,19086.391,19088.68,19089.557,19093.857,19095.115,19096.48,19109.391,19110.93,19113.166,19114.785,19116.861,19131.441,19135.229,19141.568,19151.42,19153.604,19156.643,19159.719,19162.465,19164.721,19166.375,19170.951,19175.289,19183.395,19188.66,19194.561,19196.133,19197.746,19199.883,19207.99,19215.697,19228.826,19242.857,19258.166,19271.906,19274.918,19277.691,19280.703,19281.734,19282.799,19283.6,19284.719,19287.66,19289.506,19314.527,19318.906,19321.674,19323.293,19325.535,19326.92,19328.129,19329.809,19333.729,19334.609,19335.568,19336.449,19339.328,19339.969,19341.408,19342.928,19347.008,19348.701,19350.061,19351.98,19353.58,19355.666,19361.572,19364.934,19366.588,19372.961,19374.277,19375.918,19378.699,19380.311,19381.773,19384.684,19386.596,19388.256,19390.797,19392.949,19394.729,19395.926,19398.393,19400.24,19401.637,19403.871,19404.947,19406.061,19408.539,19412.309,19414.855,19416.074,19416.508,19420.688,19422.332,19431.938,19439.492,19449.674,19463.854,19479.152,19486.312,19489.973,19492.643,19494.027,19495.746,19498.766,19507.756,19511.836,19515.711,19527.693,19528.998,19538.662,19540.43,19541.986,19543.32,19544.025,19545.684,19547.453,19549.863,19552.361,19561.16,19568.715,19574.176,19576.908,19581.756,19585.271,19587.234,19588.447,19589.26,19590.484,19592.971,19600.129,19607.641,19615.697,19622.691,19625.52,19629.621,19639.617,19642.891,19645.25,19646.791,19648.336,19660.076,19672.291,19679.43,19686.5,19694.518,19697.17,19700.18,19704.707,19707.121,19710.281,19711.969,19714.383,19717.023,19719.457,19732.49,19734.957,19737.057,19742.746,19750.215,19751.398,19755.906,19758.633,19761.242,19767.596,19769.268,19779.57,19782.279,19785.033,19789.85,19795.945,19843.197,19848.527,19872.395,19884.473,19896.902,19908.965,19915.875,19918.887,19921.469,19923.938,19927.59,19929.828,19931.758,19933.865,19944.234,19946.057,19954.777,19960.332,19962.512,19966.461,19967.527,19968.77,19971.939,19975.086,19979.074,19982.18,19985.783,19988.52,19990.227,19992.27,20001.605,20003.973,20006.678,20009.887,20013.598,20018.318,20020.398,20021.518,20022.158,20022.799,20023.383,20024.027,20025.688,20026.365,20027.703,20031.418,20033.574,20035.938,20038.512,20040.709,20042.496,20043.699,20048.805,20050.416,20052.047,20059.904,20061.984,20064.551,20067.068,20069.965,20073.254,20075.281,20082.615,20097.699,20120.65,20203.383,20216.904,20227.262,20230.023,20234.602,20237.309,20239.422,20242.027,20244.719,20248.32,20258.797,20260.717,20262.707,20263.867,20264.59,20265.57,20266.924,20268.773,20269.031,20270.209,20270.293,20271.045,20272.418,20273.604,20275.355,20279.418,20289.412,20299.145,20301.785,20303.156,20304.838,20338.984,20377.154,20383.078,20388.967,20408.43,20427.408,20429.98,20432.27,20437.748,20440.734,20442.492,20443.432,20444.369,20445.32,20446.283,20448.172,20458.109,20465.195,20471.816,20481.123,20495.229,20501.508,20516.025,20521.273,20528.523,20552.34,20556.842,20559.188,20560.979,20562.258,20563.457,20565.311,20568.926,20580.699,20587.117,20588.279,20589.215,20590.654,20597.854,20598.918,20599.418,20600.707,20601.467,20606.381,20616.707,20620.24,20640.492,20648.812,20651.562,20653.789,20661.633,20664.688,20666.723,20668.416,20670.277,20671.969,20673.568,20728.402,20749.605,20776.357,20800.795,20817.26,20831.701,20854.148,20861.506,20866.955,20872.66,20878.098,20880.121,20883.32,20884.842,20886.529,20889.75,20897.605,20907.191,20918.359,20990.342,20993.455,20998.709,21014.725,21019.135,21022.658,21024.984,21026.611,21027.652,21030.375,21031.17,21032.09,21032.951,21040.049,21046.59,21069.236,21077.385,21082.391,21087.064,21088.979,21092.232,21098.871,21102.932,21112.924,21117.068,21118.508,21119.869,21120.828,21125.469,21126.109,21127.449,21130.619,21171.051,21193.621,21216.684,21233.602,21245.918,21247.291,21248.252,21251.531,21252.172,21252.732,21253.211,21253.691,21254.332,21257.291,21259.932,21261.023,21278.475,21285.322,21297.617,21304.172,21314.127,21332.387,21342.092,21349.508,21355.068,21356.48,21357.818,21371.152,21374.072,21375.516,21376.723,21379.93,21383.15,21386.871,21389.676,21394.721,21398.418,21399.973,21401.434,21403.395,21407.99,21416.285,21422.299,21434.039,21468.4,21474.111,21478.111,21479.631,21481.312,21489.07,21491.027,21493.377,21500.172,21503.717,21511.523,21514.688,21519.969,21522.77,21524.061,21525.074,21526.248,21528.928,21530.744,21535.527,21537.207,21540.775,21542.691,21543.541,21547.77,21549.246,21550.514,21551.549,21552.338,21553.406,21554.355,21556.15,21558.951,21559.67,21566.623,21569.42,21570.865,21572.02,21573.211,21575.818,21580.371,21629.352,21636.729,21641.92,21646.283,21679.955,21681.354,21683.402,21689.801,21690.625,21691.191,21695.191,21695.99,21697.191,21697.99,21699.031,21699.67,21700.391,21701.352,21701.99,21702.471,21703.43,21710.594,21711.045,21713.24,21721.057,21722.625,21724.1,21725.549,21728.557,21732.197,21735.127,21742.277,21756.275,21761.125,21784.613,21788.475,21790.117,21793.984,21801.137,21803.596,21811.709,21822.994,21830.535,22032.156,22036.32,22036.627,22039.221,22041,22042.293,22043.727,22044.736,22046.77,22049.271,22053.785,22057.365,22061.877,22067.346,22079.982,22088.07,22091.004,22093.088,22094.191,22094.814,22095.502,22096.883,22097.729,22098.467,22099.305,22100.01,22102.836,22105.482,22146.127,22153.805,22163.916,22170.766,22179.832,22188.221,22193.406,22197.459,22199.033,22200.109,22200.932,22201.785,22202.602,22203.742,22204.633,22210.166,22212.977,22217.033,22221.047,22223.094,22225.625,22228.91,22231.537,22234.385,22267.494,22281.277,22287.473,22305.568,22312.229,22321.504,22342.686,22351.543,22491.295,22494.463,22497.91,22502.23,22504.188,22506.348,22507.461,22508.449,22510.273,22511.875,22527.436,22661.795,22664.242,22666.76,22668.52,22673.879,22681.24,22682.84,22683.719,22684.439,22685.16,22686.68,22687.48,22688.92,22695.48,22698.039,22699.719,22700.52,22701.959,22703.4,22704.359,22707.32,22709,22710.119,22711.32,22712.119,22712.92,22713.766,22714.844,22716.469,22725.631,22730.52,22738.695,22749.072,22756.246,22759.758,22761.361,22762.77,22765.141,22766.797,22767.516,22769.756,22770.557,22775.996,22780.156,22782.715,22807.943,22808.039,22808.639,22810.334,22812.324,22818.936,22821.062,22824.305,22825.711,22829.898,22833.109,22835.375,22854.65,22891.531,22894.924,22919.445,22935.289,22946.203,22956.354,22967.924,22972.465,22975.846,22980.66,22985.947,22993.955,22995.859,22997.461,23003.379,23009.221,23023.602,23025.404,23027.67,23029.23,23051.428,23065.164,23078.238,23079.924,23081.896,23093.078,23098.621,23100.746,23101.729,23102.875,23104.355,23105.836,23107.156,23108.566,23109.445,23110.57,23111.568,23131.312,23136.182,23139.959,23207.799,23227.521,23244.707,23254.602,23257.309,23260.529,23264.258,23270.498,23271.299,23272.498,23278.418,23278.818,23279.859,23280.338,23287.32,23288.701,23292.213,23293.832,23295.119,23298.688,23313.195,23315.99,23318.391,23319.367,23320.277,23322.881,23325.338,23327.256,23330.131,23331.881,23334.559,23354.543,23363.021,23367.064,23369.535,23373.166,23376.828,23380.789,23382.938,23384.328,23387.553,23397.229,23443.096,23449.447,23459.475,23478.666,23500.221,23508.984,23511.582,23514.988,23519.611,23526.092,23526.85,23528.59,23530.68,23538.938,23541.412,23544.184,23544.938,23550.484,23552.328,23558.113,23564.725,23568.734,23573.619,23579.744,23584.207,23585.416,23587.105,23587.502,23589.523,23589.799,23590.35,23597.186,23601.016,23602.916,23604.846,23609.018,23617.867,23619.504,23649.014,23651.615,23657.445,23659.467,23663.873,23677.289,23679.484,23681.834,23703.98,23707.359,23710.311,23712.189,23724.543,23754.762,23756.592,23759.131,23783.85,23787.785,23789.842,23792.375,23797.129,23799.299,23803.938,23807.193,23811.02,23813.869,23823.539,23894.24,23901.279,23910.889,23918.746,23964.746,23972.238,23978.734,23988.617,23992.361,23996.498,24002.904,24009.338,24016.008,24018.498,24021.031,24028.66,24030.43,24041.363,24044.047,24048.125,24054.037,24060.027,24063.16,24063.744,24067.334,24068.605,24070.045,24071.416,24073.779,24081.525,24086.086,24088.926,24089.676,24090.094,24091.016,24092.188,24093.934,24094.691,24103.908,24104.525,24105.105,24106.098,24107.172,24107.809,24110.648,24111.531,24119.201,24122.6,24126.863,24131.73,24137.861,24143.441,24150.348,24158.637,24165.717,24175.383,24178.092,24180.373,24181.207,24182.605,24183.48,24187.826,24191.953,24196.932,24199.787,24231.035,24320.855,24325.295,24334.977,24343.26,24441.672,24464.764,24507.301,24518.309,24532.574,24544.768,24571.004,24594.355,24634.076,24673.484,24685.889,24697.549,24710.951,24730.908,24751.381,24760.93,24764.014,24768.863,24772.361,24774.373,24775.873,24777.984,24779.553,24811.361,24814.822,24830.219,24856.873,24867.299,24876.789,24884.117,24892.156,24904.797,24923.004,24979.734,25001.277,25020.623,25036.734,25051.098,25094.385,25103.459,25111.266,25118.877,25128.209,25135.301,25137.09,25139.105,25141.699,25143.449,25151.145,25166.689,25181.002,25229.238,25290.781,25323.93,25339.869,25361.689,25370.432,25385.771,25398.373,25407.895,25411.725,25419.611,25423.686,25429.836,25449.707,25454.762,25459.375,25465.57,25480.957,25484.539,25486.9,25493.346,25504.234,25506.436,25507.605,25509.205,25511.525,25512.486,25513.125,25513.926,25514.805,25516.965,25527.123,25528.502,25528.859,25530.219,25531.34,25537.5,25544.223,25555.488,25561.307,25562.906,25571.467,25574.281,25576.682,25577.645,25580.086,25581.264,25589.104,25591.184,25592.943,25599.104,25607.104,25617.764,25621.783,25630.375,25636.186,25640.154,25643.93,25645.127,25648.617,25650.273,25651.557,25654.156,25656.877,25658.148,25659.584,25662.084,25664.465,25666.406,25670.248,25674.963,25677.414,25681.492,25683.764,25685.189,25686.646,25688.758,25691.721,25693.025,25695.52,25697.949,25699.838,25705.404,25706.125,25719.404,25736.908,25738.629,25741.314,25743.635,25744.82,25745.754,25746.83,25750.523,25757.814,25773.016,25782.445,25796.709,25799.129,25799.637,25805.902,25810.607,25819.182,25825.957,25841.355,25874.422,25888.877,25889.871,25895.648,25914.074,25921.209,25925.77,25928.115,25928.695,25933.959,25939.055,25945.883,25966.844,25978.129,25981.857,25984.451,25987.355,25987.887,25990.162,25990.773,25992.248,26006.166,26007.859,26017.553,26021.289,26023.242,26026.918,26032.422,26033.547,26036.916,26038.852,26041.117,26041.895,26043.572,26049.221,26052.359,26058.396,26063.1,26063.779,26074.281,26075.742,26085.955,26097.248,26112.258,26162.447,26171.875,26175.717,26188.627,26200.195,26212.596,26215.279,26217.996,26219.336,26224.217,26229.098,26242.768,26272.01,26290.061,26294.83,26305.168,26306.277,26308.51,26310.32,26311.693,26313.004,26313.793,26318.898,26319.695,26369.715,26386.582,26404.742,26411.398,26417.064,26420.746,26432.541,26443.775,26446.961,26455.422,26459.596,26462.188,26464.947,26469.318,26470.443,26472.242,26478.277,26481.668,26494.586,26496.6,26497.271,26500.125,26500.461,26503.482,26504.551,26519.516,26528.645,26531.285,26532.408,26536.105,26554.34,26555.436,26559.375,26563.168,26566.398,26567.508,26574.504,26596.004,26596.803,26599.213,26603.508,26609.664,26613.266,26613.639,26615.129,26615.314,26622.699,26637.936,26669.613,26676.012,26683.539,26693.475,26710.832,26718.486,26722.973,26738.314,26739.98,26760.635,26767.082,26772.238,26776.461,26782.607,26806.484,26815.072,26839.467,26840.168,26842.219,26859.168,26864.314,26868.227,26872.684,26877.188,26888.809,26898.879,26911.828,26933.217,26940.844,26946.322,26949.986,26952.754,26955.029,26957.348,26966.135,26983.105,27000.564,27001.193,27002.613,27021.588,27044.898,27049.537,27065.539,27070.77,27079.467,27094.668,27105.016,27111.787,27115.195,27117.6,27123.414,27125.438,27127.664,27144.207,27148.545,27156.133,27160.703,27171.834,27178.553,27181.395,27183.984,27188.572,27190.455,27192.41,27193.209,27194.498,27207.133,27215.166,27218.668,27241.25,27251.076,27265.043,27282.74,27288.961,27304.291,27314.635,27323.496,27332.918,27338.182,27341.215,27343.844,27353.777,27359.684,27362.432,27366.914,27367.492,27377.217,27377.916,27381.729,27383.996,27386.023,27396.656,27400.352,27416.41,27424.676,27435.877,27446.781,27449.455,27452.086,27454.859,27458.625,27467.643,27484.027,27491.557,27502.348,27504.275,27509.488,27516.373,27519.156,27523.35,27527.566,27532.117,27552.812,27557.52,27560.844,27565.717,27576.322,27587.34,27593.156,27597.475,27599.602,27600.965,27605.551,27608.814,27611.152,27615.275,27616.445,27621.082,27622.668,27623.104,27625.473,27625.898,27643.66,27645.188,27647.051,27653.98,27660.945,27663.758,27670.178,27671.314,27672.066,27676.496,27689.467,27690.633,27691.324,27693.297,27707.924,27718.699,27727.092,27729.305,27732.613,27739.008,27741.969,27743.322,27745.262,27746.559,27750.543,27759.4,27781.404,27792.021,27800.809,27809.838,27814.58,27819.029,27822.957,27825.441,27831.004,27835.688,27836.693,27837.41,27839.191,27860.906,27880.426,27887.109,27895.561,27900.516,27916.383,27921.051,27923.387,27933.822,27971.789,27982.453,27987.346,27991.344,27996.846,28000.615,28003.053,28004.385,28005.453,28007.637,28010.564,28019.125,28024.43,28027.043,28029.99,28033.049,28035.723,28045.43,28050.889,28055.299,28058.805,28113.404,28128.523,28148.086,28153.793,28156.662,28189.961,28237.445,28246.137,28248.34,28249.715,28252.578,28258.156,28259.945,28261.582,28262.783,28320.883,28343.299,28359.521,28391.723,28407.404,28411.453,28414.018,28416.816,28418.576,28420.016,28421.855,28423.551,28427.812,28432.506,28436.191,28451.383,28454.254,28470.35,28476.518,28492.035,28494.436,28496.504,28498.117,28499.027,28500.098,28503.047,28512.07,28513.215,28515.018,28516.42,28517.816,28519.307,28521.52,28525.393,28528.023,28531.18,28536.059,28548.342,28555.121,28558.656,28561.074,28564.941,28571.812,28579.1,28589.402,28598.754,28607.236,28611.232,28612.576,28635.006,28641.141,28649.15,28655.074,28656.83,28658.445,28659.92,28661.615,28668.023,28669.781,28671.168,28672.861,28678.018,28679.873,28681.686,28685.383,28689.457,28689.977,28696.902,28698.691,28700.523,28711.145,28718.885,28725.594,28738.004,28742.578,28744.863,28759.729,28785.57,28796.34,28803.773,28804.52,28805.418,28808.141,28810.146,28812.379,28816.008,28818.898,28825.832,28834.984,28844.074,28858.465,28861.332,28870.02,28875.877,28880.502,28885.596,28900.127,28903.609,28910.912,28921.707,28926.814,28931.496,28935.793,28980.922,29031.184,29072.963,29103.033,29112.928,29116.256,29119.08,29122.496,29127.006,29134.027,29152.891,29162.121,29169.852,29176.91,29183.965,29189.285,29194.781,29200.059,29207.09,29214.104,29217.518,29224.291,29228.654,29236.059,29238.188,29241.275,29246.27,29248.34,29249.848,29252.373,29254.137,29258.562,29264.5,29267.664,29269.662,29274.803,29289.855,29295.199,29297.352,29298.371,29302.693,29308.547,29312.482,29315.432,29317.652,29325.516,29328.258,29330.469,29333.428,29334.547,29334.924,29336.336,29338.996,29341.619,29345.639,29347.41,29348.455,29350.217,29351.988,29364.566,29366.594,29368.143,29370.967,29375.023,29383.25,29388.096,29391.715,29398.938,29407.877,29411.84,29414.607,29416.951,29419.215,29423.197,29427.602,29432.047,29435.711,29450.523,29453.34,29460.969,29462.25,29463.258,29465.896,29485.602,29487.182,29490.229,29497.154,29501.371,29512.578,29520.688,29523.279,29530.92,29532.555,29538.973,29539.82,29545.754,29550.633,29552.434,29554.441,29556.797,29558.441,29559.01,29566.828,29576.336,29586.824,29597.199,29600.662,29611.43,29621.623,29625.014,29631.961,29635.244,29637.004,29638.359,29649.604,29651.51,29652.947,29663.977,29667.756,29669.867,29677,29678.207,29679.758,29681.648,29684.562,29687.297,29691.102,29695.953,29706.598,29712.727,29717.936,29720.928,29728.402,29738.389,29742.453,29749.008,29754.721,29761.516,29763.512,29769.959,29772.73,29774.982,29777.438,29778.172,29787.6,29788.188,29792.078,29799.039,29808.332,29813.125,29822.229,29823.02,29832.16,29836.381,29839.84,29848.105,29848.762,29862.953,29868.277,29869.777,29870.67,29875.672,29879.18,29881.963,29884.633,29896.137,29898.309,29899.389,29901.734,29902.91,29907.861,29911.955,29913.508,29917.59,29921.988,29922.541,29927.537,29939.734,29940.236,29941.02,29941.611,29949.748,29974.055,29979.98,29990.1,29996.701,30000.818,30003.594,30008.504,30018.449,30023.535,30031.252,30036.6,30050.553,30060.129,30064.088,30065.943,30075.934,30080.941,30086.93,30095.234,30101.68,30105.684,30110.867,30114.135,30117.914,30118.902,30120.387,30121.213,30121.875,30122.867,30149.057,30150.16,30152.145,30157.43,30158.871,30161.828,30164.043,30165.773,30193.42,30199.936,30214.096,30229.014,30254.529,30264.504,30266.572,30268.801,30278.998,30301.301,30302.248,30303.516,30326.842,30328.441,30329.619,30330.957,30334.898,30335.719,30337.031,30371.367,30371.547,30372.984,30374.705,30385.422,30390.58,30391.941,30393.379,30418.842,30420.25,30422.672,30424.814,30444.82,30446.449,30448.85,30449.848,30451.678,30455.285,30457.695,30491.951,30493.018,30493.895,30494.309,30495.566,30496.91,30498.559]
      },
      "geometry": {
        "type": "LineString",
        "coordinates": [
          [132.72651, 32.93662, 6.0],
          [132.72670, 32.93626, 6.0],
          [132.72682, 32.93606, 6.0],
          [132.72692, 32.93586, 6.0],
          [132.72712, 32.93547, 6.25],
          [132.72741, 32.93498, 7.0],
          [132.72756, 32.93470, 7.25],
          [132.72891, 32.93513, 6.0],
          [132.73020, 32.93553, 5.75],
          [132.73110, 32.93581, 5.25],
          [132.73176, 32.93601, 6.25],
          [132.73211, 32.93610, 6.75],
          [132.73233, 32.93614, 7.0],
          [132.73246, 32.93617, 6.75],
          [132.73395, 32.93648, 4.25],
          [132.73417, 32.93655, 4.0],
          [132.73429, 32.93661, 4.0],
          [132.73477, 32.93690, 4.5],
          [132.73547, 32.93735, 5.25],
          [132.73618, 32.93780, 5.75],
          [132.73696, 32.93831, 6.5],
          [132.73793, 32.93893, 7.0],
          [132.73900, 32.93962, 13.25],
          [132.73936, 32.93979, 14.75],
          [132.73958, 32.93987, 14.5],
          [132.74097, 32.94030, 22.5],
          [132.74166, 32.94050, 22.75],
          [132.74357, 32.94107, 19.0],
          [132.74402, 32.94124, 19.5],
          [132.74445, 32.94135, 18.5],
          [132.74466, 32.94144, 18.25],
          [132.74485, 32.94154, 17.5],
          [132.74525, 32.94184, 21.25],
          [132.74537, 32.94196, 22.75],
          [132.74548, 32.94209, 23.75],
          [132.74567, 32.94199, 19.0],
          [132.74577, 32.94193, 17.0],
          [132.74610, 32.94176, 14.75],
          [132.74623, 32.94173, 14.5],
          [132.74633, 32.94173, 14.5],
          [132.74650, 32.94174, 14.25],
          [132.74670, 32.94178, 14.25],
          [132.74698, 32.94186, 16.0],
          [132.74700, 32.94195, 16.0],
          [132.74715, 32.94216, 16.25],
          [132.74723, 32.94221, 16.5],
          [132.74733, 32.94222, 16.75],
          [132.74746, 32.94225, 17.25],
          [132.74781, 32.94243, 18.25],
          [132.74793, 32.94245, 18.75],
          [132.74869, 32.94249, 21.75],
          [132.74927, 32.94246, 24.25],
          [132.74939, 32.94245, 25.5],
          [132.74954, 32.94248, 26.5],
          [132.74988, 32.94260, 29.5],
          [132.75001, 32.94259, 30.75],
          [132.75009, 32.94253, 31.5],
          [132.75028, 32.94242, 33.25],
          [132.75046, 32.94236, 34.75],
          [132.75089, 32.94229, 38.0],
          [132.75142, 32.94218, 42.5],
          [132.75153, 32.94218, 43.25],
          [132.75399, 32.94248, 31.5],
          [132.75406, 32.94248, 31.5],
          [132.75413, 32.94304, 29.0],
          [132.75416, 32.94311, 28.75],
          [132.75404, 32.94320, 28.25],
          [132.75381, 32.94339, 27.75],
          [132.75394, 32.94340, 28.25],
          [132.75415, 32.94337, 28.5],
          [132.75434, 32.94338, 28.75],
          [132.75513, 32.94347, 30.75],
          [132.75576, 32.94356, 33.0],
          [132.75592, 32.94359, 34.0],
          [132.75656, 32.94391, 43.0],
          [132.75689, 32.94402, 45.25],
          [132.75712, 32.94405, 45.5],
          [132.75735, 32.94403, 44.75],
          [132.75763, 32.94388, 43.75],
          [132.75791, 32.94381, 44.25],
          [132.75817, 32.94379, 45.0],
          [132.75836, 32.94384, 46.25],
          [132.75853, 32.94396, 47.25],
          [132.75892, 32.94417, 48.5],
          [132.75969, 32.94446, 55.25],
          [132.75985, 32.94448, 54.75],
          [132.76015, 32.94447, 53.5],
          [132.76049, 32.94442, 52.0],
          [132.76082, 32.94443, 51.5],
          [132.76097, 32.94448, 52.25],
          [132.76110, 32.94455, 53.25],
          [132.76124, 32.94463, 54.0],
          [132.76175, 32.94489, 55.25],
          [132.76214, 32.94505, 55.25],
          [132.76249, 32.94517, 55.5],
          [132.76312, 32.94529, 59.25],
          [132.76329, 32.94525, 60.0],
          [132.76381, 32.94555, 62.75],
          [132.76425, 32.94583, 64.0],
          [132.76494, 32.94632, 64.25],
          [132.76531, 32.94661, 62.5],
          [132.76567, 32.94691, 60.75],
          [132.76620, 32.94741, 56.0],
          [132.76654, 32.94770, 52.5],
          [132.76705, 32.94802, 50.75],
          [132.76788, 32.94849, 50.5],
          [132.76846, 32.94883, 47.25],
          [132.76907, 32.94920, 42.0],
          [132.76936, 32.94941, 44.0],
          [132.76973, 32.94978, 43.25],
          [132.77029, 32.95052, 46.75],
          [132.77067, 32.95095, 42.25],
          [132.77207, 32.95217, 33.75],
          [132.77250, 32.95254, 30.0],
          [132.77273, 32.95271, 32.0],
          [132.77307, 32.95287, 33.0],
          [132.77470, 32.95340, 27.75],
          [132.77550, 32.95366, 28.75],
          [132.77619, 32.95387, 25.75],
          [132.77659, 32.95400, 23.0],
          [132.77672, 32.95403, 22.25],
          [132.77688, 32.95407, 21.75],
          [132.77700, 32.95410, 21.25],
          [132.77738, 32.95415, 20.75],
          [132.77783, 32.95417, 21.25],
          [132.78032, 32.95428, 20.25],
          [132.78083, 32.95429, 20.0],
          [132.78106, 32.95427, 20.0],
          [132.78130, 32.95426, 19.75],
          [132.78197, 32.95412, 19.25],
          [132.78220, 32.95407, 19.25],
          [132.78249, 32.95400, 19.0],
          [132.78375, 32.95358, 17.0],
          [132.78382, 32.95356, 17.0],
          [132.78401, 32.95349, 17.25],
          [132.78437, 32.95340, 18.25],
          [132.78480, 32.95334, 20.0],
          [132.78528, 32.95339, 19.25],
          [132.78562, 32.95348, 17.25],
          [132.78592, 32.95361, 16.5],
          [132.78594, 32.95358, 16.25],
          [132.78623, 32.95255, 16.0],
          [132.78624, 32.95251, 16.25],
          [132.78632, 32.95237, 17.25],
          [132.78634, 32.95234, 17.5],
          [132.78706, 32.95263, 16.5],
          [132.78740, 32.95274, 15.5],
          [132.78779, 32.95285, 14.75],
          [132.78841, 32.95310, 14.25],
          [132.78911, 32.95344, 14.25],
          [132.78999, 32.95391, 12.25],
          [132.79089, 32.95462, 11.75],
          [132.79196, 32.95558, 13.25],
          [132.79210, 32.95570, 13.75],
          [132.79263, 32.95604, 14.75],
          [132.79290, 32.95616, 15.0],
          [132.79306, 32.95621, 15.0],
          [132.79324, 32.95628, 15.0],
          [132.79499, 32.95686, 11.75],
          [132.79545, 32.95705, 10.75],
          [132.79592, 32.95726, 10.25],
          [132.79740, 32.95799, 11.25],
          [132.79781, 32.95825, 11.5],
          [132.79867, 32.95890, 12.75],
          [132.79927, 32.95934, 12.75],
          [132.79959, 32.95953, 12.0],
          [132.79991, 32.95969, 10.5],
          [132.80013, 32.95983, 9.75],
          [132.80031, 32.95995, 9.0],
          [132.80040, 32.95998, 9.0],
          [132.80047, 32.95997, 9.0],
          [132.80051, 32.95994, 9.0],
          [132.80053, 32.95989, 9.25],
          [132.80053, 32.95983, 9.5],
          [132.80042, 32.95963, 10.5],
          [132.80046, 32.95961, 10.5],
          [132.80100, 32.95948, 11.5],
          [132.80109, 32.95946, 12.0],
          [132.80115, 32.95967, 11.25],
          [132.80147, 32.96014, 11.0],
          [132.80175, 32.96043, 11.25],
          [132.80217, 32.96032, 10.75],
          [132.80230, 32.96027, 10.75],
          [132.80289, 32.96007, 11.0],
          [132.80382, 32.95992, 10.0],
          [132.80703, 32.95943, 7.0],
          [132.80942, 32.95903, 9.0],
          [132.80985, 32.95896, 9.5],
          [132.81027, 32.95890, 10.0],
          [132.81411, 32.95830, 7.0],
          [132.81442, 32.95977, 8.25],
          [132.81448, 32.95990, 8.5],
          [132.81455, 32.95997, 8.75],
          [132.81463, 32.96001, 9.0],
          [132.81486, 32.96002, 9.0],
          [132.81507, 32.96002, 9.0],
          [132.81535, 32.96004, 8.75],
          [132.81612, 32.96007, 8.25],
          [132.81710, 32.96016, 7.25],
          [132.81850, 32.96029, 6.75],
          [132.81966, 32.96042, 7.5],
          [132.82037, 32.96048, 12.75],
          [132.82048, 32.96051, 13.75],
          [132.82065, 32.96052, 15.5],
          [132.82083, 32.96056, 16.5],
          [132.82139, 32.96065, 13.25],
          [132.82167, 32.96066, 13.0],
          [132.82187, 32.96061, 13.75],
          [132.82220, 32.96048, 16.0],
          [132.82258, 32.96043, 17.0],
          [132.82271, 32.96040, 17.75],
          [132.82311, 32.96026, 21.0],
          [132.82354, 32.96007, 22.25],
          [132.82381, 32.95989, 21.5],
          [132.82427, 32.95950, 24.5],
          [132.82453, 32.95933, 24.25],
          [132.82502, 32.95908, 19.25],
          [132.82526, 32.95890, 20.0],
          [132.82535, 32.95879, 20.75],
          [132.82538, 32.95863, 22.75],
          [132.82563, 32.95827, 22.5],
          [132.82573, 32.95815, 21.0],
          [132.82594, 32.95798, 19.5],
          [132.82610, 32.95789, 18.75],
          [132.82656, 32.95775, 16.0],
          [132.82677, 32.95767, 15.75],
          [132.82689, 32.95765, 15.75],
          [132.82714, 32.95765, 15.25],
          [132.82723, 32.95771, 14.5],
          [132.82752, 32.95790, 12.25],
          [132.82766, 32.95795, 11.25],
          [132.82782, 32.95795, 10.25],
          [132.82872, 32.95777, 7.5],
          [132.82902, 32.95777, 7.75],
          [132.82935, 32.95771, 7.75],
          [132.82989, 32.95779, 7.0],
          [132.83038, 32.95781, 7.75],
          [132.83064, 32.95779, 8.25],
          [132.83103, 32.95784, 9.0],
          [132.83335, 32.95836, 8.75],
          [132.83488, 32.95871, 11.0],
          [132.83607, 32.95914, 11.75],
          [132.83612, 32.95923, 11.5],
          [132.83617, 32.95933, 11.5],
          [132.83636, 32.95942, 12.0],
          [132.83657, 32.95946, 13.0],
          [132.83875, 32.96009, 11.75],
          [132.83884, 32.96011, 11.75],
          [132.83925, 32.96012, 11.5],
          [132.83945, 32.96014, 11.25],
          [132.83973, 32.96021, 11.0],
          [132.84037, 32.96043, 10.75],
          [132.84072, 32.96052, 10.75],
          [132.84099, 32.96054, 11.0],
          [132.84116, 32.96048, 11.75],
          [132.84135, 32.96032, 13.0],
          [132.84143, 32.96031, 13.25],
          [132.84154, 32.96034, 13.25],
          [132.84171, 32.96042, 12.75],
          [132.84185, 32.96042, 12.5],
          [132.84222, 32.96036, 11.75],
          [132.84248, 32.96037, 11.0],
          [132.84272, 32.96029, 11.0],
          [132.84305, 32.96014, 11.25],
          [132.84324, 32.95997, 12.25],
          [132.84337, 32.95993, 12.5],
          [132.84427, 32.95992, 7.75],
          [132.84503, 32.95989, 4.25],
          [132.84510, 32.95995, 4.25],
          [132.84554, 32.96071, 6.5],
          [132.84562, 32.96068, 6.5],
          [132.84594, 32.96056, 6.5],
          [132.84600, 32.96054, 6.5],
          [132.84614, 32.96087, 5.75],
          [132.84679, 32.96207, 5.25],
          [132.84688, 32.96216, 5.25],
          [132.84700, 32.96223, 5.25],
          [132.84755, 32.96243, 6.75],
          [132.84846, 32.96281, 6.25],
          [132.84931, 32.96323, 4.75],
          [132.84966, 32.96341, 4.5],
          [132.85036, 32.96381, 4.25],
          [132.85117, 32.96431, 3.5],
          [132.85193, 32.96483, 4.25],
          [132.85231, 32.96509, 4.75],
          [132.85298, 32.96557, 4.75],
          [132.85307, 32.96566, 4.5],
          [132.85327, 32.96581, 4.0],
          [132.85382, 32.96628, 4.5],
          [132.85518, 32.96743, 5.75],
          [132.85531, 32.96744, 6.25],
          [132.85530, 32.96757, 6.0],
          [132.85527, 32.96764, 5.75],
          [132.85476, 32.96832, 5.5],
          [132.85474, 32.96836, 5.5],
          [132.85473, 32.96840, 5.5],
          [132.85478, 32.96843, 5.5],
          [132.85518, 32.96877, 5.25],
          [132.85539, 32.96892, 5.25],
          [132.85554, 32.96904, 5.0],
          [132.85598, 32.96933, 5.25],
          [132.85635, 32.96955, 5.0],
          [132.85721, 32.96998, 4.5],
          [132.85846, 32.97057, 5.75],
          [132.85976, 32.97111, 6.0],
          [132.86033, 32.97132, 6.75],
          [132.86114, 32.97162, 6.75],
          [132.86151, 32.97174, 7.25],
          [132.86205, 32.97193, 5.75],
          [132.86314, 32.97226, 2.5],
          [132.86499, 32.97275, 3.75],
          [132.86541, 32.97293, 4.25],
          [132.86578, 32.97312, 4.25],
          [132.86621, 32.97341, 4.75],
          [132.86689, 32.97412, 4.0],
          [132.86782, 32.97521, 5.75],
          [132.86796, 32.97544, 5.5],
          [132.86796, 32.97557, 5.5],
          [132.86708, 32.97615, 6.25],
          [132.86668, 32.97653, 6.5],
          [132.86650, 32.97678, 7.5],
          [132.86630, 32.97712, 8.75],
          [132.86624, 32.97724, 9.0],
          [132.86630, 32.97727, 9.25],
          [132.86642, 32.97734, 9.75],
          [132.86647, 32.97736, 10.0],
          [132.86665, 32.97751, 11.0],
          [132.86681, 32.97768, 11.75],
          [132.86708, 32.97805, 12.75],
          [132.86728, 32.97828, 12.25],
          [132.86747, 32.97848, 13.0],
          [132.86766, 32.97858, 14.0],
          [132.86786, 32.97864, 15.0],
          [132.86813, 32.97868, 15.75],
          [132.86839, 32.97866, 15.25],
          [132.86906, 32.97858, 12.25],
          [132.86974, 32.97851, 10.75],
          [132.87009, 32.97851, 10.75],
          [132.87043, 32.97853, 12.25],
          [132.87060, 32.97856, 13.25],
          [132.87082, 32.97861, 15.25],
          [132.87126, 32.97879, 16.5],
          [132.87220, 32.97914, 15.0],
          [132.87247, 32.97926, 15.5],
          [132.87268, 32.97938, 16.5],
          [132.87288, 32.97952, 17.0],
          [132.87308, 32.97969, 16.75],
          [132.87329, 32.97991, 16.0],
          [132.87380, 32.98051, 13.0],
          [132.87390, 32.98062, 12.0],
          [132.87418, 32.98083, 9.0],
          [132.87445, 32.98099, 9.75],
          [132.87468, 32.98107, 9.5],
          [132.87486, 32.98112, 9.0],
          [132.87505, 32.98116, 8.75],
          [132.87519, 32.98118, 8.75],
          [132.87537, 32.98119, 8.75],
          [132.87570, 32.98118, 8.5],
          [132.87595, 32.98113, 8.25],
          [132.87600, 32.98112, 8.25],
          [132.87600, 32.98053, 6.75],
          [132.87605, 32.97981, 6.5],
          [132.87610, 32.97941, 7.0],
          [132.87619, 32.97916, 7.0],
          [132.87630, 32.97895, 6.75],
          [132.87674, 32.97829, 5.75],
          [132.87692, 32.97807, 5.75],
          [132.87700, 32.97802, 5.75],
          [132.87716, 32.97795, 5.5],
          [132.87741, 32.97792, 5.0],
          [132.87785, 32.97789, 5.0],
          [132.87934, 32.97775, 3.5],
          [132.88118, 32.97763, 4.5],
          [132.88151, 32.97758, 3.75],
          [132.88179, 32.97750, 3.5],
          [132.88218, 32.97733, 4.5],
          [132.88371, 32.97665, 4.25],
          [132.88411, 32.97649, 5.25],
          [132.88528, 32.97594, 7.5],
          [132.88625, 32.97553, 6.75],
          [132.88814, 32.97487, 3.75],
          [132.88896, 32.97460, 2.25],
          [132.88976, 32.97434, 2.25],
          [132.89019, 32.97419, 3.25],
          [132.89075, 32.97397, 6.25],
          [132.89122, 32.97376, 9.25],
          [132.89139, 32.97364, 10.75],
          [132.89145, 32.97357, 11.25],
          [132.89154, 32.97341, 12.25],
          [132.89168, 32.97289, 9.75],
          [132.89177, 32.97270, 8.5],
          [132.89195, 32.97252, 8.25],
          [132.89229, 32.97228, 9.0],
          [132.89247, 32.97222, 9.5],
          [132.89265, 32.97218, 9.0],
          [132.89281, 32.97222, 9.0],
          [132.89294, 32.97231, 9.25],
          [132.89303, 32.97244, 9.75],
          [132.89307, 32.97258, 10.0],
          [132.89324, 32.97268, 9.25],
          [132.89385, 32.97312, 6.0],
          [132.89416, 32.97336, 4.75],
          [132.89461, 32.97361, 4.25],
          [132.89496, 32.97376, 4.5],
          [132.89551, 32.97395, 6.25],
          [132.89665, 32.97431, 7.75],
          [132.89753, 32.97456, 4.75],
          [132.89788, 32.97467, 4.25],
          [132.89878, 32.97491, 4.75],
          [132.89945, 32.97505, 5.5],
          [132.90011, 32.97516, 5.25],
          [132.90071, 32.97520, 5.25],
          [132.90112, 32.97520, 5.5],
          [132.90165, 32.97513, 6.0],
          [132.90205, 32.97502, 5.5],
          [132.90237, 32.97490, 4.75],
          [132.90267, 32.97475, 4.25],
          [132.90300, 32.97456, 4.25],
          [132.90336, 32.97430, 4.75],
          [132.90369, 32.97399, 4.25],
          [132.90398, 32.97366, 4.0],
          [132.90454, 32.97288, 5.0],
          [132.90473, 32.97267, 6.0],
          [132.90478, 32.97260, 6.25],
          [132.90531, 32.97276, 5.75],
          [132.90586, 32.97297, 4.75],
          [132.90753, 32.97365, 4.5],
          [132.90784, 32.97380, 4.5],
          [132.90827, 32.97400, 4.75],
          [132.91025, 32.97507, 7.5],
          [132.91081, 32.97533, 8.5],
          [132.91104, 32.97545, 8.0],
          [132.91121, 32.97556, 7.75],
          [132.91132, 32.97568, 7.5],
          [132.91158, 32.97614, 7.0],
          [132.91177, 32.97637, 7.0],
          [132.91193, 32.97650, 7.5],
          [132.91362, 32.97764, 8.25],
          [132.91380, 32.97778, 8.5],
          [132.91453, 32.97825, 8.0],
          [132.91482, 32.97841, 8.0],
          [132.91499, 32.97848, 8.0],
          [132.91525, 32.97857, 8.25],
          [132.91521, 32.97868, 8.25],
          [132.91520, 32.97877, 8.25],
          [132.91524, 32.97883, 8.25],
          [132.91531, 32.97892, 8.5],
          [132.91536, 32.97902, 8.75],
          [132.91544, 32.97926, 9.25],
          [132.91560, 32.97996, 10.75],
          [132.91562, 32.98005, 10.75],
          [132.91567, 32.98010, 10.75],
          [132.91559, 32.98016, 10.75],
          [132.91549, 32.98030, 10.75],
          [132.91548, 32.98035, 10.75],
          [132.91551, 32.98039, 10.5],
          [132.91557, 32.98042, 10.5],
          [132.91567, 32.98042, 10.5],
          [132.91597, 32.98038, 10.25],
          [132.91637, 32.98033, 10.0],
          [132.91669, 32.98031, 9.75],
          [132.91699, 32.98032, 9.5],
          [132.91736, 32.98040, 9.0],
          [132.91762, 32.98047, 9.0],
          [132.91784, 32.98058, 9.5],
          [132.91834, 32.98086, 11.0],
          [132.91836, 32.98087, 11.0],
          [132.91846, 32.98093, 11.25],
          [132.91849, 32.98095, 11.25],
          [132.91887, 32.98116, 11.75],
          [132.91934, 32.98144, 12.25],
          [132.91968, 32.98166, 12.5],
          [132.92005, 32.98196, 12.75],
          [132.92020, 32.98208, 12.75],
          [132.92039, 32.98225, 12.25],
          [132.92088, 32.98284, 11.0],
          [132.92127, 32.98332, 11.0],
          [132.92160, 32.98373, 10.0],
          [132.92177, 32.98393, 9.5],
          [132.92192, 32.98410, 9.5],
          [132.92196, 32.98414, 9.5],
          [132.92205, 32.98425, 9.75],
          [132.92237, 32.98464, 9.5],
          [132.92241, 32.98471, 9.5],
          [132.92273, 32.98511, 8.75],
          [132.92282, 32.98525, 8.75],
          [132.92285, 32.98530, 8.75],
          [132.92295, 32.98552, 9.0],
          [132.92304, 32.98581, 9.25],
          [132.92338, 32.98692, 10.25],
          [132.92359, 32.98760, 11.75],
          [132.92365, 32.98777, 12.5],
          [132.92374, 32.98793, 13.25],
          [132.92379, 32.98801, 13.5],
          [132.92385, 32.98808, 14.0],
          [132.92396, 32.98818, 14.75],
          [132.92429, 32.98838, 15.5],
          [132.92443, 32.98845, 15.0],
          [132.92453, 32.98849, 14.75],
          [132.92623, 32.98925, 14.25],
          [132.92742, 32.98980, 14.0],
          [132.92933, 32.99069, 13.5],
          [132.92937, 32.99072, 13.5],
          [132.92939, 32.99073, 13.75],
          [132.92990, 32.99095, 14.75],
          [132.92997, 32.99097, 14.75],
          [132.93008, 32.99098, 14.5],
          [132.93098, 32.99101, 12.5],
          [132.93190, 32.99105, 11.25],
          [132.93261, 32.99105, 11.5],
          [132.93315, 32.99105, 14.0],
          [132.93346, 32.99105, 15.25],
          [132.93410, 32.99102, 17.5],
          [132.93426, 32.99101, 17.0],
          [132.93466, 32.99099, 13.5],
          [132.93544, 32.99093, 9.75],
          [132.93548, 32.99093, 9.75],
          [132.93618, 32.99086, 9.0],
          [132.93654, 32.99080, 9.0],
          [132.93671, 32.99134, 9.5],
          [132.93681, 32.99166, 9.75],
          [132.93684, 32.99179, 9.75],
          [132.93683, 32.99220, 9.75],
          [132.93683, 32.99259, 9.5],
          [132.93680, 32.99294, 9.25],
          [132.93680, 32.99299, 9.0],
          [132.93680, 32.99294, 9.25],
          [132.93683, 32.99259, 9.5],
          [132.93782, 32.99254, 9.0],
          [132.93802, 32.99253, 8.75],
          [132.93834, 32.99244, 8.75],
          [132.93859, 32.99235, 8.5],
          [132.93882, 32.99223, 8.5],
          [132.93929, 32.99189, 9.0],
          [132.93938, 32.99182, 9.25],
          [132.93983, 32.99145, 10.25],
          [132.94028, 32.99113, 10.75],
          [132.94067, 32.99080, 11.5],
          [132.94107, 32.99037, 9.75],
          [132.94119, 32.99026, 9.25],
          [132.94141, 32.99001, 8.5],
          [132.94161, 32.98974, 7.5],
          [132.94167, 32.98975, 7.25],
          [132.94173, 32.98976, 6.75],
          [132.94329, 32.99003, 9.5],
          [132.94349, 32.99006, 9.5],
          [132.94359, 32.98984, 9.5],
          [132.94394, 32.98929, 11.25],
          [132.94462, 32.98806, 7.5],
          [132.94539, 32.98695, 10.0],
          [132.94561, 32.98666, 11.0],
          [132.94586, 32.98643, 10.25],
          [132.94640, 32.98608, 8.0],
          [132.94809, 32.98501, 8.25],
          [132.94887, 32.98451, 7.75],
          [132.94958, 32.98406, 9.75],
          [132.95011, 32.98373, 11.25],
          [132.95022, 32.98366, 11.0],
          [132.95085, 32.98325, 8.75],
          [132.95109, 32.98329, 8.5],
          [132.95124, 32.98332, 8.5],
          [132.95152, 32.98341, 8.75],
          [132.95239, 32.98364, 6.5],
          [132.95414, 32.98411, 8.75],
          [132.95436, 32.98417, 8.75],
          [132.95454, 32.98421, 8.75],
          [132.95639, 32.98464, 6.75],
          [132.95747, 32.98487, 6.5],
          [132.95771, 32.98491, 6.75],
          [132.95878, 32.98508, 5.5],
          [132.95881, 32.98508, 5.5],
          [132.95890, 32.98510, 5.25],
          [132.95987, 32.98525, 6.5],
          [132.96021, 32.98532, 6.5],
          [132.96059, 32.98542, 6.25],
          [132.96080, 32.98550, 6.25],
          [132.96097, 32.98558, 6.5],
          [132.96126, 32.98572, 6.75],
          [132.96147, 32.98588, 7.0],
          [132.96164, 32.98603, 7.0],
          [132.96181, 32.98622, 7.25],
          [132.96202, 32.98655, 7.25],
          [132.96209, 32.98671, 6.75],
          [132.96219, 32.98697, 6.25],
          [132.96229, 32.98731, 6.0],
          [132.96254, 32.98839, 8.0],
          [132.96266, 32.98896, 10.75],
          [132.96281, 32.98946, 13.0],
          [132.96291, 32.99001, 13.75],
          [132.96300, 32.99040, 14.0],
          [132.96313, 32.99082, 14.25],
          [132.96342, 32.99160, 14.5],
          [132.96376, 32.99247, 14.0],
          [132.96392, 32.99292, 14.25],
          [132.96401, 32.99332, 13.25],
          [132.96407, 32.99381, 15.0],
          [132.96417, 32.99555, 12.5],
          [132.96421, 32.99576, 12.5],
          [132.96430, 32.99599, 13.75],
          [132.96444, 32.99618, 15.25],
          [132.96463, 32.99637, 16.5],
          [132.96530, 32.99681, 16.5],
          [132.96552, 32.99699, 16.5],
          [132.96573, 32.99718, 16.0],
          [132.96596, 32.99739, 17.25],
          [132.96704, 32.99832, 36.25],
          [132.96729, 32.99858, 39.75],
          [132.96774, 32.99909, 39.5],
          [132.96813, 32.99951, 44.0],
          [132.96824, 32.99965, 43.75],
          [132.96843, 32.99991, 42.5],
          [132.96863, 33.00022, 45.25],
          [132.96869, 33.00032, 46.25],
          [132.96952, 33.00144, 51.5],
          [132.96990, 33.00194, 54.0],
          [132.97009, 33.00223, 55.25],
          [132.97020, 33.00244, 56.25],
          [132.97031, 33.00266, 57.25],
          [132.97039, 33.00290, 58.25],
          [132.97047, 33.00317, 59.25],
          [132.97058, 33.00367, 59.5],
          [132.97061, 33.00376, 57.25],
          [132.97065, 33.00387, 54.25],
          [132.97071, 33.00397, 51.5],
          [132.97077, 33.00406, 48.75],
          [132.97086, 33.00415, 46.25],
          [132.97095, 33.00423, 48.0],
          [132.97102, 33.00428, 49.5],
          [132.97122, 33.00440, 51.75],
          [132.97145, 33.00451, 53.0],
          [132.97174, 33.00461, 52.0],
          [132.97195, 33.00467, 49.0],
          [132.97255, 33.00484, 38.75],
          [132.97267, 33.00487, 38.5],
          [132.97302, 33.00495, 37.25],
          [132.97320, 33.00499, 36.25],
          [132.97334, 33.00501, 36.0],
          [132.97347, 33.00502, 36.75],
          [132.97364, 33.00503, 37.75],
          [132.97393, 33.00503, 39.25],
          [132.97402, 33.00502, 39.75],
          [132.97413, 33.00501, 40.0],
          [132.97435, 33.00497, 40.5],
          [132.97481, 33.00488, 42.25],
          [132.97509, 33.00482, 41.75],
          [132.97534, 33.00478, 39.75],
          [132.97566, 33.00479, 37.0],
          [132.97594, 33.00486, 34.5],
          [132.97621, 33.00501, 31.75],
          [132.97643, 33.00518, 31.25],
          [132.97708, 33.00586, 27.5],
          [132.97717, 33.00598, 27.5],
          [132.97746, 33.00628, 24.75],
          [132.97769, 33.00648, 24.25],
          [132.97788, 33.00662, 23.0],
          [132.97808, 33.00674, 23.5],
          [132.97841, 33.00685, 24.75],
          [132.97861, 33.00690, 25.5],
          [132.97885, 33.00690, 25.75],
          [132.97966, 33.00691, 26.0],
          [132.97994, 33.00693, 26.0],
          [132.98015, 33.00699, 25.25],
          [132.98040, 33.00710, 23.5],
          [132.98056, 33.00718, 21.75],
          [132.98078, 33.00732, 18.5],
          [132.98091, 33.00739, 16.75],
          [132.98100, 33.00745, 15.75],
          [132.98117, 33.00754, 15.75],
          [132.98180, 33.00791, 15.0],
          [132.98195, 33.00798, 14.25],
          [132.98232, 33.00809, 12.25],
          [132.98395, 33.00850, 8.75],
          [132.98479, 33.00868, 7.25],
          [132.98544, 33.00881, 6.75],
          [132.98647, 33.00934, 8.5],
          [132.98676, 33.00947, 9.5],
          [132.98752, 33.00972, 11.75],
          [132.98786, 33.00985, 11.75],
          [132.98791, 33.00992, 11.0],
          [132.98812, 33.01031, 10.75],
          [132.98817, 33.01039, 11.0],
          [132.98830, 33.01062, 10.75],
          [132.98854, 33.01091, 11.75],
          [132.98882, 33.01123, 11.75],
          [132.98934, 33.01177, 11.0],
          [132.99006, 33.01257, 9.25],
          [132.99066, 33.01342, 6.25],
          [132.99127, 33.01421, 7.5],
          [132.99191, 33.01500, 5.75],
          [132.99219, 33.01536, 10.5],
          [132.99235, 33.01551, 13.0],
          [132.99255, 33.01564, 15.75],
          [132.99277, 33.01573, 17.25],
          [132.99300, 33.01577, 18.0],
          [132.99328, 33.01577, 18.0],
          [132.99393, 33.01571, 12.0],
          [132.99461, 33.01567, 7.75],
          [132.99507, 33.01568, 6.5],
          [132.99536, 33.01570, 7.0],
          [132.99575, 33.01577, 7.75],
          [132.99608, 33.01585, 8.0],
          [132.99641, 33.01596, 9.0],
          [132.99664, 33.01605, 9.25],
          [132.99691, 33.01616, 8.75],
          [132.99738, 33.01642, 6.75],
          [132.99796, 33.01683, 7.0],
          [132.99864, 33.01734, 8.25],
          [132.99928, 33.01779, 8.25],
          [133.00098, 33.01905, 9.75],
          [133.00122, 33.01927, 10.25],
          [133.00150, 33.01954, 10.25],
          [133.00162, 33.01968, 9.75],
          [133.00171, 33.01961, 9.5],
          [133.00176, 33.01959, 9.25],
          [133.00181, 33.01959, 9.25],
          [133.00186, 33.01960, 9.25],
          [133.00267, 33.02015, 9.0],
          [133.00276, 33.02021, 9.0],
          [133.00343, 33.02067, 7.5],
          [133.00474, 33.02159, 6.75],
          [133.00519, 33.02191, 7.75],
          [133.00551, 33.02212, 9.0],
          [133.00606, 33.02250, 10.25],
          [133.00615, 33.02256, 10.5],
          [133.00644, 33.02274, 10.25],
          [133.00675, 33.02292, 9.75],
          [133.00681, 33.02296, 10.0],
          [133.00716, 33.02315, 10.0],
          [133.00733, 33.02325, 10.0],
          [133.00775, 33.02350, 9.5],
          [133.00835, 33.02382, 8.75],
          [133.00879, 33.02407, 8.25],
          [133.00901, 33.02421, 8.5],
          [133.00905, 33.02426, 8.75],
          [133.00914, 33.02434, 9.25],
          [133.00920, 33.02438, 9.5],
          [133.00923, 33.02443, 9.5],
          [133.00925, 33.02447, 9.75],
          [133.00931, 33.02450, 10.0],
          [133.00938, 33.02451, 9.75],
          [133.00956, 33.02449, 9.25],
          [133.00963, 33.02450, 9.0],
          [133.00974, 33.02456, 9.0],
          [133.00993, 33.02468, 9.0],
          [133.01025, 33.02494, 8.75],
          [133.01030, 33.02496, 8.75],
          [133.01038, 33.02498, 8.5],
          [133.01038, 33.02506, 8.75],
          [133.01041, 33.02515, 9.0],
          [133.01058, 33.02555, 9.0],
          [133.01088, 33.02629, 9.0],
          [133.01100, 33.02666, 9.75],
          [133.01121, 33.02702, 10.0],
          [133.01137, 33.02728, 10.25],
          [133.01154, 33.02754, 10.0],
          [133.01190, 33.02798, 9.0],
          [133.01220, 33.02832, 9.25],
          [133.01254, 33.02872, 8.5],
          [133.01312, 33.02937, 7.75],
          [133.01322, 33.02948, 8.25],
          [133.01325, 33.02951, 8.25],
          [133.01365, 33.02997, 8.75],
          [133.01382, 33.03016, 8.75],
          [133.01514, 33.03166, 8.25],
          [133.01536, 33.03191, 9.0],
          [133.01549, 33.03207, 9.25],
          [133.01575, 33.03237, 9.75],
          [133.01613, 33.03278, 9.0],
          [133.01620, 33.03286, 9.0],
          [133.01677, 33.03349, 8.5],
          [133.01682, 33.03356, 8.25],
          [133.01722, 33.03400, 7.75],
          [133.01766, 33.03451, 5.5],
          [133.01769, 33.03453, 5.25],
          [133.01775, 33.03461, 4.75],
          [133.01778, 33.03464, 4.75],
          [133.01783, 33.03470, 4.25],
          [133.01789, 33.03473, 4.0],
          [133.01796, 33.03473, 4.0],
          [133.01807, 33.03471, 3.5],
          [133.01814, 33.03487, 3.25],
          [133.01832, 33.03517, 3.25],
          [133.01869, 33.03562, 4.5],
          [133.01901, 33.03600, 5.0],
          [133.01925, 33.03621, 5.5],
          [133.01951, 33.03640, 6.5],
          [133.01956, 33.03644, 6.75],
          [133.01981, 33.03656, 8.0],
          [133.02004, 33.03666, 9.0],
          [133.02035, 33.03679, 10.75],
          [133.02045, 33.03683, 11.75],
          [133.02105, 33.03706, 15.5],
          [133.02219, 33.03753, 12.5],
          [133.02246, 33.03762, 13.25],
          [133.02269, 33.03766, 14.0],
          [133.02279, 33.03766, 14.25],
          [133.02291, 33.03765, 14.5],
          [133.02325, 33.03759, 15.5],
          [133.02355, 33.03750, 17.75],
          [133.02407, 33.03733, 22.75],
          [133.02444, 33.03717, 22.25],
          [133.02469, 33.03703, 20.0],
          [133.02502, 33.03680, 13.75],
          [133.02513, 33.03672, 12.0],
          [133.02526, 33.03675, 11.75],
          [133.02597, 33.03666, 7.75],
          [133.02622, 33.03663, 7.25],
          [133.02628, 33.03660, 7.0],
          [133.02634, 33.03655, 6.75],
          [133.02644, 33.03658, 6.75],
          [133.02659, 33.03658, 6.5],
          [133.02661, 33.03659, 6.5],
          [133.02696, 33.03656, 6.0],
          [133.02719, 33.03653, 5.75],
          [133.02723, 33.03653, 5.75],
          [133.02785, 33.03647, 5.75],
          [133.02843, 33.03642, 6.25],
          [133.02885, 33.03636, 6.5],
          [133.02889, 33.03636, 6.75],
          [133.02964, 33.03628, 8.0],
          [133.02972, 33.03628, 8.25],
          [133.03025, 33.03626, 9.75],
          [133.03148, 33.03629, 11.75],
          [133.03219, 33.03631, 12.5],
          [133.03253, 33.03631, 13.25],
          [133.03300, 33.03623, 14.0],
          [133.03309, 33.03619, 13.75],
          [133.03316, 33.03613, 13.5],
          [133.03368, 33.03644, 13.0],
          [133.03475, 33.03709, 12.0],
          [133.03493, 33.03716, 12.0],
          [133.03553, 33.03728, 11.5],
          [133.03615, 33.03735, 11.0],
          [133.03638, 33.03742, 10.75],
          [133.03661, 33.03753, 10.5],
          [133.03708, 33.03784, 10.25],
          [133.03731, 33.03795, 10.0],
          [133.03755, 33.03804, 9.75],
          [133.03775, 33.03809, 9.5],
          [133.03846, 33.03821, 9.0],
          [133.03879, 33.03830, 8.75],
          [133.03924, 33.03848, 8.25],
          [133.03948, 33.03860, 10.75],
          [133.03997, 33.03883, 15.75],
          [133.04038, 33.03897, 20.0],
          [133.04073, 33.03899, 20.0],
          [133.04153, 33.03909, 24.0],
          [133.04211, 33.03915, 26.25],
          [133.04392, 33.03936, 25.25],
          [133.04445, 33.03942, 20.75],
          [133.04482, 33.03945, 16.75],
          [133.04516, 33.03943, 14.5],
          [133.04553, 33.03937, 14.0],
          [133.04624, 33.03924, 13.25],
          [133.04683, 33.03912, 12.75],
          [133.04721, 33.03902, 12.25],
          [133.04781, 33.03881, 11.75],
          [133.04898, 33.03836, 11.25],
          [133.04933, 33.03825, 11.25],
          [133.04968, 33.03818, 11.0],
          [133.05005, 33.03815, 11.0],
          [133.05044, 33.03815, 10.75],
          [133.05090, 33.03821, 10.75],
          [133.05132, 33.03828, 10.5],
          [133.05199, 33.03840, 10.5],
          [133.05238, 33.03849, 10.5],
          [133.05269, 33.03860, 10.5],
          [133.05295, 33.03874, 10.5],
          [133.05327, 33.03899, 10.75],
          [133.05357, 33.03927, 11.75],
          [133.05396, 33.03969, 12.25],
          [133.05418, 33.03990, 11.25],
          [133.05443, 33.04014, 10.25],
          [133.05475, 33.04037, 8.75],
          [133.05516, 33.04066, 9.0],
          [133.05537, 33.04079, 10.25],
          [133.05553, 33.04085, 11.0],
          [133.05605, 33.04033, 10.5],
          [133.05647, 33.03996, 9.75],
          [133.05651, 33.03993, 9.5],
          [133.05663, 33.03981, 9.25],
          [133.05673, 33.03972, 9.0],
          [133.05679, 33.03968, 8.75],
          [133.05692, 33.03966, 8.75],
          [133.05785, 33.03957, 7.5],
          [133.05795, 33.03963, 7.75],
          [133.05806, 33.03966, 7.75],
          [133.05825, 33.03969, 7.75],
          [133.05838, 33.03968, 7.5],
          [133.05862, 33.03963, 8.25],
          [133.05887, 33.03954, 9.25],
          [133.05906, 33.03945, 10.0],
          [133.05928, 33.03930, 12.0],
          [133.05941, 33.03922, 12.5],
          [133.05972, 33.03908, 14.0],
          [133.05974, 33.03907, 14.0],
          [133.05979, 33.03899, 14.5],
          [133.05980, 33.03890, 15.0],
          [133.05977, 33.03843, 17.25],
          [133.05978, 33.03834, 17.75],
          [133.05996, 33.03813, 19.0],
          [133.06003, 33.03793, 20.0],
          [133.06003, 33.03780, 19.25],
          [133.05999, 33.03757, 18.0],
          [133.05994, 33.03746, 17.5],
          [133.05980, 33.03729, 16.25],
          [133.05973, 33.03718, 15.75],
          [133.05973, 33.03707, 15.25],
          [133.05978, 33.03699, 14.75],
          [133.05987, 33.03695, 14.25],
          [133.06002, 33.03697, 13.5],
          [133.06014, 33.03706, 13.75],
          [133.06043, 33.03720, 15.5],
          [133.06066, 33.03725, 17.0],
          [133.06078, 33.03731, 18.75],
          [133.06112, 33.03751, 22.75],
          [133.06123, 33.03752, 22.75],
          [133.06134, 33.03749, 22.25],
          [133.06154, 33.03733, 18.75],
          [133.06163, 33.03730, 18.75],
          [133.06183, 33.03730, 19.0],
          [133.06200, 33.03736, 19.25],
          [133.06222, 33.03748, 19.5],
          [133.06238, 33.03758, 20.0],
          [133.06251, 33.03770, 20.0],
          [133.06268, 33.03775, 19.0],
          [133.06306, 33.03793, 18.0],
          [133.06326, 33.03804, 17.75],
          [133.06333, 33.03813, 18.5],
          [133.06408, 33.03828, 15.75],
          [133.06454, 33.03835, 15.0],
          [133.06499, 33.03837, 14.0],
          [133.06536, 33.03834, 12.5],
          [133.06723, 33.03808, 10.25],
          [133.06757, 33.03805, 10.0],
          [133.06797, 33.03808, 8.75],
          [133.06825, 33.03813, 8.25],
          [133.06893, 33.03828, 7.25],
          [133.06921, 33.03835, 7.0],
          [133.06987, 33.03849, 5.5],
          [133.07017, 33.03853, 4.5],
          [133.07053, 33.03851, 4.0],
          [133.07074, 33.03848, 3.5],
          [133.07222, 33.03814, 4.75],
          [133.07251, 33.03807, 5.25],
          [133.07256, 33.03798, 5.75],
          [133.07301, 33.03761, 7.25],
          [133.07333, 33.03731, 7.5],
          [133.07449, 33.03596, 11.0],
          [133.07472, 33.03571, 11.0],
          [133.07480, 33.03565, 11.25],
          [133.07491, 33.03564, 12.25],
          [133.07563, 33.03548, 13.5],
          [133.07573, 33.03544, 13.5],
          [133.07564, 33.03540, 12.75],
          [133.07585, 33.03536, 12.75],
          [133.07619, 33.03515, 9.75],
          [133.07624, 33.03510, 9.25],
          [133.07626, 33.03505, 8.75],
          [133.07627, 33.03496, 8.25],
          [133.07624, 33.03491, 8.25],
          [133.07614, 33.03481, 7.75],
          [133.07613, 33.03479, 7.75],
          [133.07612, 33.03475, 7.75],
          [133.07614, 33.03471, 7.5],
          [133.07631, 33.03441, 7.0],
          [133.07643, 33.03424, 6.75],
          [133.07666, 33.03399, 7.0],
          [133.07672, 33.03391, 7.25],
          [133.07675, 33.03382, 7.5],
          [133.07678, 33.03371, 8.0],
          [133.07683, 33.03344, 8.0],
          [133.07690, 33.03332, 8.0],
          [133.07698, 33.03326, 8.0],
          [133.07706, 33.03322, 8.0],
          [133.07771, 33.03301, 8.25],
          [133.07861, 33.03274, 8.25],
          [133.07926, 33.03253, 11.25],
          [133.07949, 33.03245, 14.25],
          [133.07970, 33.03234, 16.0],
          [133.07982, 33.03225, 16.5],
          [133.07999, 33.03210, 16.5],
          [133.08023, 33.03184, 16.5],
          [133.08030, 33.03172, 15.75],
          [133.08039, 33.03153, 15.75],
          [133.08043, 33.03124, 16.25],
          [133.08047, 33.03085, 17.0],
          [133.08054, 33.03047, 19.25],
          [133.08055, 33.03018, 20.5],
          [133.08065, 33.02968, 23.0],
          [133.08073, 33.02935, 24.5],
          [133.08083, 33.02918, 25.5],
          [133.08095, 33.02904, 26.5],
          [133.08101, 33.02886, 25.25],
          [133.08102, 33.02830, 22.25],
          [133.08107, 33.02818, 21.5],
          [133.08122, 33.02801, 20.5],
          [133.08130, 33.02782, 19.25],
          [133.08138, 33.02772, 18.75],
          [133.08147, 33.02765, 18.0],
          [133.08170, 33.02754, 19.0],
          [133.08178, 33.02747, 19.25],
          [133.08197, 33.02730, 20.5],
          [133.08222, 33.02711, 21.75],
          [133.08249, 33.02699, 22.75],
          [133.08282, 33.02688, 24.25],
          [133.08324, 33.02673, 24.5],
          [133.08340, 33.02664, 24.5],
          [133.08359, 33.02648, 24.75],
          [133.08362, 33.02643, 25.0],
          [133.08384, 33.02628, 25.0],
          [133.08409, 33.02617, 25.25],
          [133.08448, 33.02604, 25.5],
          [133.08452, 33.02602, 25.75],
          [133.08471, 33.02593, 26.25],
          [133.08489, 33.02578, 26.75],
          [133.08505, 33.02567, 27.25],
          [133.08510, 33.02568, 27.5],
          [133.08516, 33.02569, 27.5],
          [133.08530, 33.02577, 28.0],
          [133.08538, 33.02584, 28.25],
          [133.08553, 33.02592, 28.75],
          [133.08566, 33.02596, 29.0],
          [133.08580, 33.02602, 29.5],
          [133.08586, 33.02606, 29.75],
          [133.08607, 33.02630, 30.5],
          [133.08631, 33.02652, 31.5],
          [133.08649, 33.02666, 32.0],
          [133.08659, 33.02671, 32.5],
          [133.08674, 33.02677, 32.5],
          [133.08693, 33.02681, 33.25],
          [133.08757, 33.02682, 28.25],
          [133.08783, 33.02679, 26.75],
          [133.08824, 33.02670, 25.5],
          [133.08880, 33.02654, 23.75],
          [133.08936, 33.02640, 22.25],
          [133.08948, 33.02638, 22.25],
          [133.09002, 33.02625, 23.0],
          [133.09018, 33.02618, 24.25],
          [133.09043, 33.02600, 23.25],
          [133.09080, 33.02556, 20.25],
          [133.09109, 33.02516, 20.0],
          [133.09121, 33.02491, 17.5],
          [133.09139, 33.02475, 18.25],
          [133.09168, 33.02454, 18.25],
          [133.09180, 33.02446, 17.25],
          [133.09220, 33.02426, 17.0],
          [133.09249, 33.02413, 17.0],
          [133.09267, 33.02408, 17.0],
          [133.09291, 33.02408, 17.0],
          [133.09310, 33.02410, 17.0],
          [133.09340, 33.02410, 17.0],
          [133.09361, 33.02402, 16.75],
          [133.09366, 33.02399, 16.75],
          [133.09385, 33.02390, 16.75],
          [133.09398, 33.02386, 16.75],
          [133.09417, 33.02386, 16.75],
          [133.09442, 33.02391, 16.75],
          [133.09480, 33.02392, 16.75],
          [133.09483, 33.02393, 16.75],
          [133.09494, 33.02402, 16.75],
          [133.09500, 33.02412, 16.75],
          [133.09508, 33.02422, 16.5],
          [133.09532, 33.02432, 16.75],
          [133.09540, 33.02436, 16.75],
          [133.09582, 33.02468, 19.25],
          [133.09626, 33.02494, 17.0],
          [133.09639, 33.02505, 15.75],
          [133.09644, 33.02512, 15.5],
          [133.09656, 33.02534, 15.75],
          [133.09671, 33.02570, 16.5],
          [133.09677, 33.02592, 16.75],
          [133.09677, 33.02614, 17.25],
          [133.09672, 33.02629, 17.5],
          [133.09651, 33.02667, 18.25],
          [133.09644, 33.02684, 18.25],
          [133.09635, 33.02716, 17.25],
          [133.09634, 33.02759, 14.75],
          [133.09636, 33.02780, 15.5],
          [133.09636, 33.02792, 16.5],
          [133.09638, 33.02810, 17.0],
          [133.09641, 33.02817, 17.0],
          [133.09652, 33.02836, 15.25],
          [133.09663, 33.02854, 16.0],
          [133.09667, 33.02865, 16.25],
          [133.09666, 33.02887, 17.25],
          [133.09648, 33.02928, 17.25],
          [133.09641, 33.02939, 17.25],
          [133.09636, 33.02947, 17.0],
          [133.09611, 33.02977, 16.5],
          [133.09606, 33.02992, 14.5],
          [133.09570, 33.03036, 12.75],
          [133.09541, 33.03063, 11.25],
          [133.09510, 33.03089, 9.25],
          [133.09500, 33.03093, 9.75],
          [133.09467, 33.03094, 10.0],
          [133.09390, 33.03097, 12.75],
          [133.09380, 33.03099, 13.5],
          [133.09360, 33.03114, 13.75],
          [133.09343, 33.03128, 14.0],
          [133.09326, 33.03141, 15.0],
          [133.09314, 33.03158, 15.75],
          [133.09315, 33.03172, 14.75],
          [133.09317, 33.03187, 15.0],
          [133.09326, 33.03212, 13.5],
          [133.09333, 33.03231, 12.5],
          [133.09336, 33.03248, 12.5],
          [133.09333, 33.03262, 12.0],
          [133.09330, 33.03266, 12.75],
          [133.09325, 33.03265, 14.0],
          [133.09323, 33.03278, 14.0],
          [133.09314, 33.03300, 15.5],
          [133.09297, 33.03335, 19.5],
          [133.09286, 33.03364, 22.75],
          [133.09284, 33.03386, 23.5],
          [133.09286, 33.03482, 26.0],
          [133.09290, 33.03512, 25.5],
          [133.09298, 33.03543, 23.0],
          [133.09312, 33.03578, 20.0],
          [133.09332, 33.03632, 16.75],
          [133.09363, 33.03750, 19.25],
          [133.09368, 33.03777, 19.5],
          [133.09367, 33.03805, 21.0],
          [133.09354, 33.03883, 21.5],
          [133.09351, 33.03909, 19.5],
          [133.09352, 33.03931, 21.0],
          [133.09359, 33.03951, 22.75],
          [133.09371, 33.03971, 23.5],
          [133.09392, 33.03990, 22.0],
          [133.09412, 33.04002, 19.75],
          [133.09439, 33.04012, 19.75],
          [133.09497, 33.04025, 19.5],
          [133.09517, 33.04034, 19.0],
          [133.09536, 33.04049, 19.0],
          [133.09551, 33.04069, 19.0],
          [133.09584, 33.04134, 16.0],
          [133.09593, 33.04158, 16.75],
          [133.09596, 33.04181, 17.25],
          [133.09592, 33.04209, 18.0],
          [133.09577, 33.04272, 21.0],
          [133.09562, 33.04311, 25.0],
          [133.09526, 33.04384, 26.75],
          [133.09520, 33.04405, 23.0],
          [133.09518, 33.04427, 20.75],
          [133.09522, 33.04449, 20.5],
          [133.09533, 33.04470, 18.75],
          [133.09575, 33.04526, 12.75],
          [133.09584, 33.04545, 12.0],
          [133.09587, 33.04567, 13.75],
          [133.09583, 33.04587, 15.5],
          [133.09555, 33.04657, 16.25],
          [133.09546, 33.04689, 17.0],
          [133.09541, 33.04730, 17.0],
          [133.09537, 33.04817, 19.5],
          [133.09534, 33.04847, 22.5],
          [133.09537, 33.04882, 26.25],
          [133.09551, 33.04915, 26.25],
          [133.09572, 33.04941, 29.0],
          [133.09632, 33.04997, 27.5],
          [133.09670, 33.05024, 25.5],
          [133.09718, 33.05051, 24.25],
          [133.09738, 33.05065, 20.75],
          [133.09755, 33.05086, 18.5],
          [133.09761, 33.05103, 19.75],
          [133.09782, 33.05184, 23.25],
          [133.09790, 33.05220, 22.5],
          [133.09793, 33.05247, 23.25],
          [133.09789, 33.05268, 22.5],
          [133.09780, 33.05293, 22.25],
          [133.09759, 33.05349, 21.75],
          [133.09751, 33.05375, 24.25],
          [133.09749, 33.05396, 25.0],
          [133.09756, 33.05421, 24.25],
          [133.09769, 33.05442, 24.75],
          [133.09813, 33.05491, 19.25],
          [133.09834, 33.05517, 12.5],
          [133.09825, 33.05529, 14.0],
          [133.09800, 33.05562, 17.75],
          [133.09787, 33.05585, 18.75],
          [133.09786, 33.05596, 18.5],
          [133.09797, 33.05649, 14.25],
          [133.09808, 33.05715, 16.75],
          [133.09815, 33.05745, 17.75],
          [133.09821, 33.05776, 21.5],
          [133.09829, 33.05791, 21.25],
          [133.09843, 33.05805, 20.75],
          [133.09876, 33.05832, 18.25],
          [133.09893, 33.05841, 19.25],
          [133.09901, 33.05841, 17.75],
          [133.09911, 33.05851, 20.5],
          [133.09929, 33.05863, 22.75],
          [133.09995, 33.05902, 32.0],
          [133.10010, 33.05914, 34.5],
          [133.10023, 33.05929, 37.25],
          [133.10053, 33.05978, 37.25],
          [133.10066, 33.05991, 36.5],
          [133.10085, 33.06002, 31.75],
          [133.10111, 33.06013, 31.75],
          [133.10232, 33.06057, 31.75],
          [133.10252, 33.06068, 31.75],
          [133.10264, 33.06082, 31.75],
          [133.10285, 33.06120, 32.0],
          [133.10301, 33.06137, 32.0],
          [133.10320, 33.06150, 31.0],
          [133.10342, 33.06157, 30.25],
          [133.10459, 33.06170, 26.25],
          [133.10480, 33.06171, 26.25],
          [133.10502, 33.06170, 26.0],
          [133.10520, 33.06168, 26.5],
          [133.10549, 33.06160, 26.25],
          [133.10575, 33.06155, 26.5],
          [133.10598, 33.06155, 25.5],
          [133.10620, 33.06161, 24.5],
          [133.10640, 33.06172, 24.75],
          [133.10655, 33.06185, 25.0],
          [133.10665, 33.06201, 26.5],
          [133.10673, 33.06221, 28.25],
          [133.10688, 33.06292, 32.25],
          [133.10688, 33.06306, 33.0],
          [133.10688, 33.06316, 33.75],
          [133.10685, 33.06329, 35.0],
          [133.10680, 33.06341, 35.25],
          [133.10664, 33.06372, 36.25],
          [133.10657, 33.06391, 37.25],
          [133.10654, 33.06406, 37.75],
          [133.10655, 33.06427, 37.75],
          [133.10667, 33.06467, 35.75],
          [133.10681, 33.06508, 35.5],
          [133.10692, 33.06527, 36.75],
          [133.10707, 33.06545, 37.25],
          [133.10736, 33.06563, 36.0],
          [133.10777, 33.06591, 33.75],
          [133.10791, 33.06605, 32.25],
          [133.10800, 33.06621, 31.5],
          [133.10801, 33.06640, 32.75],
          [133.10796, 33.06658, 36.0],
          [133.10786, 33.06672, 38.25],
          [133.10765, 33.06694, 39.5],
          [133.10734, 33.06727, 40.0],
          [133.10722, 33.06743, 39.75],
          [133.10716, 33.06756, 40.5],
          [133.10713, 33.06774, 42.0],
          [133.10714, 33.06797, 43.0],
          [133.10726, 33.06849, 38.75],
          [133.10725, 33.06869, 36.0],
          [133.10718, 33.06888, 35.25],
          [133.10705, 33.06905, 37.75],
          [133.10689, 33.06917, 40.0],
          [133.10671, 33.06926, 42.5],
          [133.10631, 33.06943, 47.25],
          [133.10616, 33.06951, 47.25],
          [133.10598, 33.06965, 46.0],
          [133.10588, 33.06976, 43.75],
          [133.10571, 33.06999, 39.5],
          [133.10558, 33.07013, 39.25],
          [133.10543, 33.07025, 39.5],
          [133.10520, 33.07037, 40.0],
          [133.10493, 33.07049, 39.5],
          [133.10475, 33.07059, 38.0],
          [133.10462, 33.07072, 35.25],
          [133.10451, 33.07087, 33.5],
          [133.10444, 33.07102, 35.0],
          [133.10439, 33.07121, 35.5],
          [133.10435, 33.07148, 34.75],
          [133.10434, 33.07161, 35.0],
          [133.10425, 33.07213, 37.0],
          [133.10414, 33.07246, 35.5],
          [133.10300, 33.07519, 22.25],
          [133.10206, 33.07779, 10.0],
          [133.10180, 33.07858, 10.25],
          [133.10147, 33.07964, 8.5],
          [133.10139, 33.07988, 8.5],
          [133.10123, 33.08064, 9.25],
          [133.10118, 33.08109, 10.0],
          [133.10117, 33.08141, 10.5],
          [133.10118, 33.08156, 11.0],
          [133.10121, 33.08187, 11.25],
          [133.10132, 33.08227, 11.25],
          [133.10155, 33.08289, 11.75],
          [133.10214, 33.08436, 25.75],
          [133.10235, 33.08497, 29.5],
          [133.10245, 33.08533, 30.5],
          [133.10248, 33.08555, 30.25],
          [133.10247, 33.08575, 28.75],
          [133.10244, 33.08586, 27.5],
          [133.10224, 33.08649, 19.0],
          [133.10221, 33.08657, 18.0],
          [133.10229, 33.08661, 19.0],
          [133.10234, 33.08666, 19.5],
          [133.10237, 33.08675, 21.0],
          [133.10236, 33.08702, 24.75],
          [133.10234, 33.08711, 25.25],
          [133.10205, 33.08760, 24.25],
          [133.10181, 33.08807, 22.75],
          [133.10172, 33.08822, 20.5],
          [133.10164, 33.08832, 18.75],
          [133.10134, 33.08865, 23.25],
          [133.10082, 33.08914, 15.75],
          [133.09953, 33.09037, 15.25],
          [133.09931, 33.09055, 14.25],
          [133.09925, 33.09061, 13.75],
          [133.09922, 33.09067, 13.5],
          [133.09919, 33.09074, 13.25],
          [133.09915, 33.09096, 12.75],
          [133.09911, 33.09106, 12.5],
          [133.09904, 33.09121, 12.0],
          [133.09901, 33.09130, 12.0],
          [133.09892, 33.09139, 11.5],
          [133.09881, 33.09146, 11.25],
          [133.09870, 33.09151, 10.75],
          [133.09857, 33.09155, 10.5],
          [133.09823, 33.09160, 10.0],
          [133.09795, 33.09168, 10.0],
          [133.09702, 33.09187, 12.75],
          [133.09613, 33.09203, 17.75],
          [133.09533, 33.09218, 18.0],
          [133.09497, 33.09226, 17.75],
          [133.09478, 33.09231, 17.25],
          [133.09457, 33.09239, 16.75],
          [133.09434, 33.09249, 16.75],
          [133.09406, 33.09262, 19.5],
          [133.09375, 33.09277, 20.25],
          [133.09361, 33.09286, 20.25],
          [133.09348, 33.09294, 19.75],
          [133.09332, 33.09308, 18.75],
          [133.09326, 33.09316, 19.0],
          [133.09320, 33.09324, 19.0],
          [133.09314, 33.09334, 19.5],
          [133.09309, 33.09347, 20.5],
          [133.09307, 33.09356, 21.0],
          [133.09306, 33.09365, 21.75],
          [133.09306, 33.09386, 24.0],
          [133.09307, 33.09399, 25.5],
          [133.09312, 33.09441, 27.5],
          [133.09315, 33.09451, 28.0],
          [133.09322, 33.09465, 28.5],
          [133.09347, 33.09508, 32.5],
          [133.09356, 33.09522, 32.25],
          [133.09367, 33.09536, 31.75],
          [133.09377, 33.09546, 30.75],
          [133.09426, 33.09584, 22.75],
          [133.09436, 33.09592, 23.0],
          [133.09444, 33.09601, 23.0],
          [133.09451, 33.09610, 22.75],
          [133.09466, 33.09633, 21.0],
          [133.09478, 33.09654, 18.75],
          [133.09543, 33.09773, 27.0],
          [133.09548, 33.09785, 28.25],
          [133.09553, 33.09799, 29.25],
          [133.09557, 33.09822, 30.25],
          [133.09562, 33.09843, 30.75],
          [133.09567, 33.09856, 30.75],
          [133.09574, 33.09868, 31.0],
          [133.09583, 33.09888, 30.75],
          [133.09586, 33.09900, 30.75],
          [133.09587, 33.09915, 30.0],
          [133.09586, 33.09969, 25.5],
          [133.09582, 33.10013, 22.5],
          [133.09584, 33.10031, 21.75],
          [133.09588, 33.10049, 21.5],
          [133.09595, 33.10066, 21.0],
          [133.09601, 33.10077, 20.75],
          [133.09609, 33.10087, 21.0],
          [133.09617, 33.10097, 22.5],
          [133.09625, 33.10104, 23.0],
          [133.09637, 33.10113, 23.75],
          [133.09651, 33.10122, 24.5],
          [133.09673, 33.10133, 25.75],
          [133.09689, 33.10139, 26.5],
          [133.09719, 33.10148, 28.25],
          [133.09732, 33.10152, 28.25],
          [133.09756, 33.10159, 27.75],
          [133.09779, 33.10169, 26.0],
          [133.09784, 33.10170, 26.0],
          [133.09801, 33.10180, 26.5],
          [133.09817, 33.10191, 27.0],
          [133.09825, 33.10197, 27.5],
          [133.09840, 33.10211, 28.0],
          [133.09858, 33.10235, 28.75],
          [133.09869, 33.10257, 29.5],
          [133.09872, 33.10265, 30.0],
          [133.09875, 33.10275, 30.0],
          [133.09877, 33.10284, 31.0],
          [133.09879, 33.10298, 32.75],
          [133.09880, 33.10311, 34.0],
          [133.09882, 33.10468, 20.75],
          [133.09882, 33.10477, 20.5],
          [133.09882, 33.10518, 20.5],
          [133.09882, 33.10638, 21.75],
          [133.09883, 33.10688, 23.25],
          [133.09883, 33.10719, 25.25],
          [133.09885, 33.10749, 27.25],
          [133.09891, 33.10773, 27.75],
          [133.09899, 33.10789, 28.0],
          [133.09911, 33.10805, 27.25],
          [133.09925, 33.10819, 27.0],
          [133.09943, 33.10832, 26.75],
          [133.09966, 33.10843, 27.0],
          [133.09988, 33.10849, 27.25],
          [133.10004, 33.10853, 27.25],
          [133.10021, 33.10854, 27.5],
          [133.10083, 33.10853, 28.5],
          [133.10105, 33.10853, 27.5],
          [133.10122, 33.10854, 26.5],
          [133.10132, 33.10856, 26.0],
          [133.10148, 33.10859, 25.25],
          [133.10226, 33.10881, 25.5],
          [133.10290, 33.10897, 27.25],
          [133.10336, 33.10911, 26.0],
          [133.10410, 33.10927, 30.25],
          [133.10446, 33.10932, 31.75],
          [133.10500, 33.10937, 33.5],
          [133.10622, 33.10943, 27.75],
          [133.10776, 33.10950, 23.0],
          [133.10804, 33.10953, 23.0],
          [133.10854, 33.10956, 24.5],
          [133.10882, 33.10959, 26.5],
          [133.10903, 33.10964, 27.75],
          [133.10921, 33.10971, 28.0],
          [133.10936, 33.10978, 28.0],
          [133.11010, 33.11025, 26.0],
          [133.11021, 33.11032, 27.0],
          [133.11053, 33.11050, 30.25],
          [133.11107, 33.11076, 41.0],
          [133.11126, 33.11087, 46.0],
          [133.11148, 33.11101, 48.75],
          [133.11168, 33.11119, 48.0],
          [133.11260, 33.11207, 44.5],
          [133.11281, 33.11231, 46.5],
          [133.11295, 33.11251, 46.5],
          [133.11303, 33.11265, 48.75],
          [133.11309, 33.11285, 50.5],
          [133.11324, 33.11360, 52.75],
          [133.11328, 33.11397, 52.5],
          [133.11328, 33.11415, 51.75],
          [133.11327, 33.11428, 51.25],
          [133.11323, 33.11446, 50.25],
          [133.11314, 33.11479, 48.0],
          [133.11310, 33.11494, 47.0],
          [133.11311, 33.11504, 47.0],
          [133.11314, 33.11514, 47.25],
          [133.11319, 33.11522, 47.75],
          [133.11327, 33.11531, 48.75],
          [133.11336, 33.11537, 49.75],
          [133.11347, 33.11542, 50.25],
          [133.11360, 33.11545, 51.0],
          [133.11373, 33.11546, 52.0],
          [133.11399, 33.11545, 54.75],
          [133.11420, 33.11544, 57.0],
          [133.11442, 33.11541, 58.0],
          [133.11464, 33.11536, 59.75],
          [133.11488, 33.11529, 62.5],
          [133.11622, 33.11479, 67.0],
          [133.11640, 33.11475, 68.0],
          [133.11655, 33.11474, 66.75],
          [133.11671, 33.11477, 65.5],
          [133.11683, 33.11481, 66.5],
          [133.11696, 33.11491, 65.75],
          [133.11755, 33.11556, 64.75],
          [133.11762, 33.11568, 64.25],
          [133.11768, 33.11582, 63.0],
          [133.11772, 33.11599, 64.0],
          [133.11772, 33.11612, 64.0],
          [133.11770, 33.11627, 62.75],
          [133.11751, 33.11694, 55.5],
          [133.11737, 33.11732, 54.5],
          [133.11723, 33.11762, 53.25],
          [133.11709, 33.11784, 51.5],
          [133.11692, 33.11812, 49.5],
          [133.11684, 33.11831, 48.75],
          [133.11681, 33.11852, 47.0],
          [133.11683, 33.11869, 46.5],
          [133.11692, 33.11886, 47.0],
          [133.11704, 33.11900, 48.0],
          [133.11726, 33.11916, 49.5],
          [133.11806, 33.11977, 46.0],
          [133.11831, 33.11994, 41.25],
          [133.11880, 33.12030, 41.5],
          [133.11886, 33.12034, 41.5],
          [133.11914, 33.12061, 39.0],
          [133.11935, 33.12086, 35.5],
          [133.11942, 33.12098, 35.75],
          [133.11949, 33.12118, 35.75],
          [133.11959, 33.12149, 35.5],
          [133.11968, 33.12182, 36.5],
          [133.11974, 33.12204, 37.75],
          [133.11975, 33.12209, 38.0],
          [133.11989, 33.12256, 39.25],
          [133.12012, 33.12336, 43.0],
          [133.12023, 33.12380, 48.75],
          [133.12024, 33.12391, 49.75],
          [133.12022, 33.12411, 51.25],
          [133.12014, 33.12443, 50.25],
          [133.12015, 33.12459, 50.0],
          [133.12017, 33.12467, 50.75],
          [133.12021, 33.12476, 51.75],
          [133.12045, 33.12531, 59.0],
          [133.12048, 33.12542, 60.0],
          [133.12055, 33.12583, 62.25],
          [133.12062, 33.12629, 71.5],
          [133.12063, 33.12642, 73.75],
          [133.12062, 33.12655, 75.0],
          [133.12060, 33.12664, 75.75],
          [133.12048, 33.12684, 76.75],
          [133.12038, 33.12693, 76.75],
          [133.12027, 33.12700, 75.75],
          [133.12013, 33.12707, 74.5],
          [133.11989, 33.12719, 74.5],
          [133.11973, 33.12725, 74.75],
          [133.11957, 33.12729, 74.0],
          [133.11908, 33.12739, 69.0],
          [133.11896, 33.12743, 67.5],
          [133.11885, 33.12749, 66.5],
          [133.11876, 33.12756, 65.5],
          [133.11869, 33.12763, 64.75],
          [133.11863, 33.12772, 64.25],
          [133.11858, 33.12785, 64.0],
          [133.11833, 33.12861, 58.25],
          [133.11828, 33.12885, 56.0],
          [133.11826, 33.12899, 54.75],
          [133.11827, 33.12911, 54.25],
          [133.11831, 33.12923, 53.5],
          [133.11836, 33.12933, 52.5],
          [133.11842, 33.12941, 52.25],
          [133.11850, 33.12949, 52.25],
          [133.11858, 33.12955, 52.25],
          [133.11869, 33.12961, 52.25],
          [133.11885, 33.12966, 53.0],
          [133.11954, 33.12986, 51.0],
          [133.11997, 33.12995, 50.25],
          [133.12027, 33.13003, 55.5],
          [133.12049, 33.13011, 59.5],
          [133.12063, 33.13022, 60.25],
          [133.12084, 33.13045, 58.25],
          [133.12109, 33.13078, 57.75],
          [133.12132, 33.13124, 58.25],
          [133.12155, 33.13185, 55.75],
          [133.12178, 33.13278, 51.75],
          [133.12184, 33.13291, 51.25],
          [133.12198, 33.13308, 51.0],
          [133.12209, 33.13321, 50.0],
          [133.12247, 33.13369, 49.5],
          [133.12275, 33.13403, 51.75],
          [133.12297, 33.13421, 54.25],
          [133.12323, 33.13431, 56.0],
          [133.12350, 33.13436, 59.25],
          [133.12379, 33.13440, 63.75],
          [133.12400, 33.13448, 65.75],
          [133.12416, 33.13461, 65.25],
          [133.12438, 33.13486, 66.0],
          [133.12465, 33.13525, 69.0],
          [133.12484, 33.13559, 67.75],
          [133.12504, 33.13601, 64.0],
          [133.12515, 33.13631, 62.5],
          [133.12523, 33.13655, 60.5],
          [133.12527, 33.13677, 58.25],
          [133.12531, 33.13740, 53.5],
          [133.12539, 33.13819, 56.25],
          [133.12539, 33.13832, 56.75],
          [133.12536, 33.13859, 56.75],
          [133.12533, 33.13877, 56.0],
          [133.12510, 33.13939, 52.5],
          [133.12505, 33.13953, 52.5],
          [133.12473, 33.14049, 59.75],
          [133.12466, 33.14067, 60.5],
          [133.12414, 33.14212, 63.75],
          [133.12395, 33.14262, 66.75],
          [133.12383, 33.14301, 68.5],
          [133.12378, 33.14324, 69.5],
          [133.12376, 33.14342, 70.5],
          [133.12377, 33.14368, 72.25],
          [133.12388, 33.14435, 78.0],
          [133.12397, 33.14514, 80.0],
          [133.12400, 33.14552, 81.0],
          [133.12400, 33.14587, 81.25],
          [133.12404, 33.14601, 81.5],
          [133.12414, 33.14619, 82.75],
          [133.12428, 33.14633, 84.0],
          [133.12446, 33.14644, 85.0],
          [133.12464, 33.14650, 85.5],
          [133.12483, 33.14652, 86.75],
          [133.12501, 33.14651, 88.25],
          [133.12527, 33.14645, 88.25],
          [133.12600, 33.14621, 95.5],
          [133.12624, 33.14616, 96.5],
          [133.12646, 33.14616, 95.0],
          [133.12670, 33.14619, 92.0],
          [133.12695, 33.14629, 90.5],
          [133.12827, 33.14705, 79.0],
          [133.12937, 33.14766, 76.5],
          [133.12974, 33.14790, 77.5],
          [133.13005, 33.14817, 73.5],
          [133.13034, 33.14845, 71.0],
          [133.13063, 33.14873, 72.0],
          [133.13164, 33.14975, 73.25],
          [133.13436, 33.15246, 83.25],
          [133.13514, 33.15314, 86.75],
          [133.13534, 33.15334, 87.25],
          [133.13552, 33.15356, 89.5],
          [133.13613, 33.15436, 93.0],
          [133.13649, 33.15487, 89.75],
          [133.13661, 33.15510, 89.25],
          [133.13665, 33.15523, 90.25],
          [133.13667, 33.15536, 92.0],
          [133.13675, 33.15591, 101.5],
          [133.13681, 33.15607, 106.5],
          [133.13692, 33.15624, 109.75],
          [133.13699, 33.15632, 110.25],
          [133.13709, 33.15640, 110.0],
          [133.13728, 33.15652, 106.75],
          [133.13754, 33.15666, 100.75],
          [133.13773, 33.15680, 101.75],
          [133.13780, 33.15688, 102.75],
          [133.13786, 33.15696, 103.5],
          [133.13813, 33.15734, 105.25],
          [133.13841, 33.15771, 108.5],
          [133.13899, 33.15840, 107.25],
          [133.13911, 33.15859, 103.5],
          [133.13920, 33.15884, 103.0],
          [133.13921, 33.15911, 105.5],
          [133.13920, 33.15933, 104.25],
          [133.13907, 33.15965, 106.0],
          [133.13901, 33.15979, 108.25],
          [133.13884, 33.16014, 113.0],
          [133.13860, 33.16069, 114.25],
          [133.13838, 33.16117, 111.0],
          [133.13830, 33.16139, 109.0],
          [133.13827, 33.16153, 107.0],
          [133.13827, 33.16170, 103.75],
          [133.13829, 33.16182, 102.5],
          [133.13837, 33.16200, 101.25],
          [133.13848, 33.16215, 101.25],
          [133.13861, 33.16227, 101.5],
          [133.13870, 33.16234, 101.75],
          [133.13858, 33.16250, 102.5],
          [133.13859, 33.16261, 106.25],
          [133.13853, 33.16267, 108.5],
          [133.13833, 33.16280, 112.25],
          [133.13810, 33.16297, 118.25],
          [133.13791, 33.16317, 122.25],
          [133.13790, 33.16325, 123.75],
          [133.13801, 33.16354, 135.75],
          [133.13818, 33.16379, 148.0],
          [133.13853, 33.16377, 152.25],
          [133.13848, 33.16402, 162.75],
          [133.13852, 33.16417, 170.25],
          [133.13865, 33.16437, 181.5],
          [133.13881, 33.16428, 181.75],
          [133.13888, 33.16426, 183.0],
          [133.13895, 33.16427, 185.5],
          [133.13900, 33.16432, 188.5],
          [133.13897, 33.16439, 190.25],
          [133.13869, 33.16460, 191.25],
          [133.13856, 33.16474, 193.75],
          [133.13848, 33.16486, 196.25],
          [133.13840, 33.16507, 203.0],
          [133.13837, 33.16512, 205.0],
          [133.13792, 33.16562, 228.75],
          [133.13782, 33.16565, 230.5],
          [133.13784, 33.16577, 235.25],
          [133.13790, 33.16582, 237.5],
          [133.13776, 33.16587, 240.0],
          [133.13685, 33.16626, 240.25],
          [133.13674, 33.16630, 239.25],
          [133.13653, 33.16635, 241.0],
          [133.13635, 33.16635, 242.75],
          [133.13621, 33.16631, 242.5],
          [133.13595, 33.16622, 239.75],
          [133.13547, 33.16598, 240.5],
          [133.13530, 33.16588, 242.0],
          [133.13508, 33.16567, 241.0],
          [133.13488, 33.16543, 233.5],
          [133.13472, 33.16530, 228.25],
          [133.13453, 33.16523, 225.75],
          [133.13432, 33.16523, 226.0],
          [133.13414, 33.16527, 227.75],
          [133.13399, 33.16537, 228.0],
          [133.13385, 33.16549, 229.75],
          [133.13319, 33.16623, 235.25],
          [133.13310, 33.16639, 236.0],
          [133.13307, 33.16656, 238.75],
          [133.13309, 33.16673, 242.5],
          [133.13316, 33.16703, 248.5],
          [133.13324, 33.16731, 253.25],
          [133.13332, 33.16775, 257.5],
          [133.13333, 33.16800, 259.0],
          [133.13331, 33.16822, 260.0],
          [133.13317, 33.16910, 260.0],
          [133.13315, 33.16935, 259.0],
          [133.13318, 33.16953, 258.0],
          [133.13325, 33.16972, 256.5],
          [133.13331, 33.16981, 255.25],
          [133.13334, 33.16985, 255.25],
          [133.13355, 33.17005, 257.25],
          [133.13447, 33.17086, 251.5],
          [133.13497, 33.17136, 253.5],
          [133.13525, 33.17165, 255.0],
          [133.13536, 33.17177, 256.75],
          [133.13634, 33.17277, 263.75],
          [133.13715, 33.17363, 268.25],
          [133.13747, 33.17398, 266.5],
          [133.13763, 33.17418, 270.0],
          [133.13765, 33.17424, 270.5],
          [133.13771, 33.17440, 271.5],
          [133.13776, 33.17462, 272.0],
          [133.13777, 33.17484, 271.5],
          [133.13768, 33.17639, 279.25],
          [133.13770, 33.17668, 282.25],
          [133.13780, 33.17692, 285.0],
          [133.13794, 33.17716, 286.75],
          [133.13819, 33.17755, 286.0],
          [133.13828, 33.17774, 287.25],
          [133.13836, 33.17798, 289.5],
          [133.13846, 33.17841, 296.0],
          [133.13855, 33.17866, 299.25],
          [133.13869, 33.17888, 301.75],
          [133.13926, 33.17966, 305.25],
          [133.13962, 33.18016, 301.0],
          [133.13972, 33.18038, 297.0],
          [133.13982, 33.18067, 291.5],
          [133.13990, 33.18105, 288.5],
          [133.13996, 33.18124, 287.75],
          [133.14090, 33.18313, 277.0],
          [133.14113, 33.18358, 273.75],
          [133.14129, 33.18379, 271.25],
          [133.14148, 33.18396, 268.5],
          [133.14180, 33.18420, 264.75],
          [133.14189, 33.18426, 263.5],
          [133.14203, 33.18444, 261.5],
          [133.14212, 33.18458, 260.5],
          [133.14219, 33.18481, 259.75],
          [133.14227, 33.18564, 253.0],
          [133.14224, 33.18602, 250.0],
          [133.14221, 33.18622, 248.5],
          [133.14198, 33.18731, 246.0],
          [133.14190, 33.18753, 246.75],
          [133.14178, 33.18777, 245.75],
          [133.14160, 33.18807, 246.25],
          [133.14138, 33.18847, 252.75],
          [133.14133, 33.18859, 254.25],
          [133.14130, 33.18870, 255.0],
          [133.14127, 33.18881, 255.5],
          [133.14117, 33.18972, 258.0],
          [133.14117, 33.18986, 258.5],
          [133.14117, 33.18998, 258.5],
          [133.14119, 33.19012, 259.0],
          [133.14125, 33.19038, 259.0],
          [133.14132, 33.19056, 257.25],
          [133.14141, 33.19071, 254.75],
          [133.14151, 33.19089, 251.75],
          [133.14188, 33.19154, 252.25],
          [133.14207, 33.19189, 253.5],
          [133.14216, 33.19202, 254.0],
          [133.14225, 33.19216, 254.0],
          [133.14247, 33.19239, 252.5],
          [133.14261, 33.19252, 252.5],
          [133.14278, 33.19265, 253.5],
          [133.14415, 33.19362, 240.75],
          [133.14430, 33.19375, 240.5],
          [133.14443, 33.19391, 240.5],
          [133.14449, 33.19402, 240.5],
          [133.14454, 33.19415, 240.5],
          [133.14457, 33.19430, 239.5],
          [133.14457, 33.19443, 238.75],
          [133.14454, 33.19458, 238.5],
          [133.14449, 33.19472, 238.5],
          [133.14380, 33.19618, 230.75],
          [133.14369, 33.19637, 230.5],
          [133.14360, 33.19649, 230.0],
          [133.14348, 33.19661, 229.5],
          [133.14330, 33.19676, 229.75],
          [133.14284, 33.19712, 230.25],
          [133.14270, 33.19726, 229.75],
          [133.14263, 33.19734, 229.25],
          [133.14257, 33.19743, 228.75],
          [133.14243, 33.19770, 228.75],
          [133.14226, 33.19805, 229.25],
          [133.14223, 33.19816, 229.25],
          [133.14220, 33.19827, 229.5],
          [133.14219, 33.19847, 229.75],
          [133.14223, 33.19915, 230.25],
          [133.14225, 33.19930, 229.75],
          [133.14246, 33.20016, 226.0],
          [133.14250, 33.20041, 225.5],
          [133.14256, 33.20081, 224.5],
          [133.14258, 33.20114, 223.75],
          [133.14261, 33.20159, 222.5],
          [133.14263, 33.20185, 221.75],
          [133.14265, 33.20198, 221.25],
          [133.14269, 33.20208, 221.0],
          [133.14275, 33.20221, 220.75],
          [133.14282, 33.20234, 220.25],
          [133.14287, 33.20242, 220.0],
          [133.14310, 33.20279, 220.0],
          [133.14319, 33.20301, 220.0],
          [133.14321, 33.20319, 219.75],
          [133.14321, 33.20327, 219.75],
          [133.14314, 33.20402, 218.25],
          [133.14314, 33.20407, 218.25],
          [133.14313, 33.20414, 218.25],
          [133.14310, 33.20443, 218.25],
          [133.14306, 33.20465, 218.5],
          [133.14301, 33.20485, 219.0],
          [133.14295, 33.20499, 219.5],
          [133.14286, 33.20522, 220.0],
          [133.14254, 33.20600, 220.75],
          [133.14225, 33.20668, 220.5],
          [133.14202, 33.20711, 219.75],
          [133.14192, 33.20729, 219.5],
          [133.14184, 33.20743, 219.25],
          [133.14109, 33.20880, 215.5],
          [133.14106, 33.20885, 215.5],
          [133.14051, 33.20982, 216.25],
          [133.14044, 33.20995, 216.5],
          [133.14037, 33.21010, 216.75],
          [133.14029, 33.21007, 216.25],
          [133.14026, 33.21000, 215.75],
          [133.14025, 33.20999, 215.75],
          [133.14022, 33.20997, 215.75],
          [133.14015, 33.20995, 215.5],
          [133.14010, 33.20996, 215.25],
          [133.13999, 33.20998, 214.5],
          [133.14010, 33.20996, 215.25],
          [133.14015, 33.20995, 215.5],
          [133.14022, 33.20997, 215.75],
          [133.14025, 33.20999, 215.75],
          [133.14026, 33.21000, 215.75],
          [133.14029, 33.21007, 216.25],
          [133.14037, 33.21010, 216.75],
          [133.14033, 33.21019, 217.25],
          [133.14024, 33.21042, 217.75],
          [133.14024, 33.21045, 217.75],
          [133.14021, 33.21054, 217.75],
          [133.14019, 33.21090, 219.0],
          [133.14019, 33.21111, 220.5],
          [133.14023, 33.21141, 223.25],
          [133.14025, 33.21151, 224.25],
          [133.14032, 33.21172, 227.25],
          [133.14053, 33.21223, 234.0],
          [133.14068, 33.21266, 238.25],
          [133.14074, 33.21289, 239.75],
          [133.14079, 33.21324, 241.25],
          [133.14081, 33.21342, 242.0],
          [133.14081, 33.21364, 242.5],
          [133.14080, 33.21424, 245.25],
          [133.14079, 33.21513, 265.0],
          [133.14073, 33.21766, 269.25],
          [133.14072, 33.21835, 247.0],
          [133.14073, 33.21856, 244.75],
          [133.14075, 33.21878, 242.5],
          [133.14078, 33.21901, 240.25],
          [133.14082, 33.21921, 238.5],
          [133.14088, 33.21942, 238.5],
          [133.14100, 33.21977, 239.5],
          [133.14106, 33.21994, 240.0],
          [133.14134, 33.22053, 236.75],
          [133.14164, 33.22098, 233.5],
          [133.14213, 33.22156, 234.5],
          [133.14300, 33.22248, 236.25],
          [133.14321, 33.22269, 236.75],
          [133.14351, 33.22295, 236.25],
          [133.14381, 33.22320, 234.5],
          [133.14386, 33.22324, 233.75],
          [133.14403, 33.22347, 232.25],
          [133.14408, 33.22356, 232.5],
          [133.14413, 33.22365, 232.25],
          [133.14417, 33.22376, 231.75],
          [133.14422, 33.22400, 230.0],
          [133.14423, 33.22425, 228.0],
          [133.14420, 33.22488, 224.75],
          [133.14422, 33.22513, 224.75],
          [133.14427, 33.22532, 225.5],
          [133.14460, 33.22628, 226.5],
          [133.14465, 33.22641, 226.5],
          [133.14479, 33.22672, 226.5],
          [133.14485, 33.22681, 227.0],
          [133.14490, 33.22688, 227.5],
          [133.14501, 33.22700, 228.25],
          [133.14544, 33.22734, 230.25],
          [133.14570, 33.22752, 231.0],
          [133.14595, 33.22768, 234.0],
          [133.14643, 33.22795, 236.75],
          [133.14665, 33.22809, 237.25],
          [133.14678, 33.22819, 238.0],
          [133.14688, 33.22828, 238.75],
          [133.14697, 33.22839, 239.0],
          [133.14707, 33.22855, 238.75],
          [133.14728, 33.22896, 237.5],
          [133.14737, 33.22910, 237.0],
          [133.14748, 33.22922, 236.75],
          [133.14757, 33.22929, 236.75],
          [133.14764, 33.22935, 236.5],
          [133.14776, 33.22942, 236.5],
          [133.14781, 33.22946, 236.25],
          [133.14844, 33.22978, 232.0],
          [133.14860, 33.22987, 229.5],
          [133.14881, 33.22997, 226.75],
          [133.14935, 33.23024, 224.5],
          [133.14956, 33.23036, 225.25],
          [133.14965, 33.23042, 225.5],
          [133.14971, 33.23048, 225.75],
          [133.14977, 33.23055, 226.25],
          [133.14986, 33.23067, 227.0],
          [133.15012, 33.23118, 226.5],
          [133.15043, 33.23178, 225.25],
          [133.15075, 33.23242, 224.75],
          [133.15083, 33.23257, 225.25],
          [133.15093, 33.23274, 227.0],
          [133.15097, 33.23279, 227.25],
          [133.15119, 33.23322, 229.25],
          [133.15162, 33.23404, 231.25],
          [133.15197, 33.23469, 239.5],
          [133.15283, 33.23634, 243.5],
          [133.15293, 33.23649, 244.0],
          [133.15306, 33.23666, 244.0],
          [133.15314, 33.23674, 245.75],
          [133.15323, 33.23681, 247.5],
          [133.15337, 33.23690, 250.5],
          [133.15353, 33.23698, 253.75],
          [133.15402, 33.23718, 258.75],
          [133.15459, 33.23737, 252.75],
          [133.15476, 33.23744, 249.25],
          [133.15515, 33.23765, 245.0],
          [133.15537, 33.23784, 244.5],
          [133.15623, 33.23859, 239.25],
          [133.15663, 33.23892, 237.0],
          [133.15679, 33.23907, 236.0],
          [133.15698, 33.23923, 235.25],
          [133.15747, 33.23971, 235.25],
          [133.15785, 33.24017, 236.75],
          [133.15829, 33.24066, 239.5],
          [133.15873, 33.24120, 241.5],
          [133.15974, 33.24237, 243.5],
          [133.16073, 33.24355, 241.25],
          [133.16174, 33.24474, 238.25],
          [133.16189, 33.24492, 238.25],
          [133.16205, 33.24516, 238.0],
          [133.16220, 33.24549, 238.25],
          [133.16224, 33.24563, 238.25],
          [133.16228, 33.24581, 238.5],
          [133.16230, 33.24597, 238.75],
          [133.16233, 33.24646, 238.75],
          [133.16233, 33.24660, 238.75],
          [133.16234, 33.24704, 239.0],
          [133.16223, 33.24882, 240.5],
          [133.16219, 33.24946, 244.75],
          [133.16224, 33.25039, 250.25],
          [133.16228, 33.25092, 250.25],
          [133.16235, 33.25118, 247.5],
          [133.16243, 33.25136, 244.5],
          [133.16254, 33.25154, 242.25],
          [133.16382, 33.25339, 241.5],
          [133.16423, 33.25401, 242.5],
          [133.16458, 33.25450, 242.5],
          [133.16576, 33.25625, 243.0],
          [133.16605, 33.25664, 245.0],
          [133.16649, 33.25713, 249.5],
          [133.16689, 33.25753, 249.5],
          [133.16710, 33.25771, 250.75],
          [133.16728, 33.25785, 251.25],
          [133.16727, 33.25794, 252.25],
          [133.16747, 33.25837, 255.0],
          [133.16767, 33.25858, 256.0],
          [133.16828, 33.25903, 250.25],
          [133.16841, 33.25918, 249.75],
          [133.16852, 33.25937, 249.75],
          [133.16881, 33.25999, 250.25],
          [133.16905, 33.26064, 251.5],
          [133.16913, 33.26078, 251.0],
          [133.16942, 33.26119, 252.5],
          [133.16972, 33.26160, 253.75],
          [133.17000, 33.26200, 254.5],
          [133.17026, 33.26247, 254.75],
          [133.17034, 33.26273, 255.0],
          [133.17037, 33.26280, 255.0],
          [133.17047, 33.26304, 254.75],
          [133.17056, 33.26308, 254.0],
          [133.17058, 33.26317, 254.0],
          [133.17086, 33.26462, 251.25],
          [133.17091, 33.26481, 250.75],
          [133.17093, 33.26492, 250.25],
          [133.17099, 33.26509, 250.0],
          [133.17111, 33.26540, 249.25],
          [133.17142, 33.26605, 247.0],
          [133.17147, 33.26622, 246.25],
          [133.17148, 33.26639, 246.0],
          [133.17142, 33.26655, 246.5],
          [133.17130, 33.26673, 247.75],
          [133.17106, 33.26695, 251.75],
          [133.17077, 33.26716, 256.0],
          [133.17059, 33.26732, 259.25],
          [133.17039, 33.26758, 259.25],
          [133.17011, 33.26815, 259.0],
          [133.16937, 33.26969, 257.0],
          [133.16919, 33.27002, 252.5],
          [133.16921, 33.27009, 251.75],
          [133.16914, 33.27030, 251.25],
          [133.16884, 33.27088, 252.5],
          [133.16872, 33.27117, 252.0],
          [133.16866, 33.27127, 251.75],
          [133.16851, 33.27142, 251.5],
          [133.16827, 33.27165, 251.0],
          [133.16802, 33.27187, 256.0],
          [133.16796, 33.27189, 257.0],
          [133.16795, 33.27204, 254.5],
          [133.16796, 33.27213, 253.0],
          [133.16799, 33.27234, 249.25],
          [133.16807, 33.27266, 247.25],
          [133.16839, 33.27376, 251.25],
          [133.16847, 33.27394, 252.25],
          [133.16857, 33.27407, 252.75],
          [133.16864, 33.27414, 253.0],
          [133.16873, 33.27421, 253.75],
          [133.16878, 33.27424, 254.25],
          [133.16891, 33.27431, 255.0],
          [133.16911, 33.27439, 255.5],
          [133.17076, 33.27502, 253.5],
          [133.17112, 33.27517, 254.0],
          [133.17129, 33.27526, 254.75],
          [133.17148, 33.27536, 255.5],
          [133.17165, 33.27548, 256.25],
          [133.17199, 33.27573, 257.75],
          [133.17248, 33.27610, 259.5],
          [133.17356, 33.27694, 260.75],
          [133.17406, 33.27734, 261.5],
          [133.17427, 33.27754, 261.75],
          [133.17450, 33.27784, 263.0],
          [133.17475, 33.27829, 263.5],
          [133.17481, 33.27843, 264.5],
          [133.17493, 33.27874, 266.25],
          [133.17511, 33.27929, 268.5],
          [133.17520, 33.27964, 270.5],
          [133.17524, 33.28004, 273.0],
          [133.17526, 33.28092, 274.75],
          [133.17525, 33.28125, 274.25],
          [133.17524, 33.28143, 274.0],
          [133.17514, 33.28225, 273.0],
          [133.17512, 33.28247, 272.5],
          [133.17512, 33.28254, 272.25],
          [133.17513, 33.28273, 272.0],
          [133.17525, 33.28348, 272.0],
          [133.17538, 33.28424, 276.5],
          [133.17549, 33.28485, 277.5],
          [133.17556, 33.28525, 275.0],
          [133.17559, 33.28556, 273.0],
          [133.17558, 33.28572, 273.0],
          [133.17558, 33.28577, 273.0],
          [133.17553, 33.28596, 272.75],
          [133.17544, 33.28619, 273.0],
          [133.17529, 33.28640, 273.25],
          [133.17512, 33.28659, 272.75],
          [133.17463, 33.28715, 276.75],
          [133.17436, 33.28745, 273.5],
          [133.17418, 33.28760, 273.0],
          [133.17399, 33.28772, 276.5],
          [133.17381, 33.28781, 279.0],
          [133.17363, 33.28788, 281.0],
          [133.17343, 33.28793, 283.0],
          [133.17297, 33.28801, 283.25],
          [133.17282, 33.28806, 282.0],
          [133.17267, 33.28812, 280.25],
          [133.17251, 33.28820, 277.75],
          [133.17151, 33.28879, 276.75],
          [133.17143, 33.28885, 278.5],
          [133.17135, 33.28892, 280.0],
          [133.17122, 33.28906, 282.25],
          [133.17113, 33.28921, 283.75],
          [133.17105, 33.28941, 284.25],
          [133.17103, 33.28958, 283.25],
          [133.17103, 33.28978, 281.25],
          [133.17109, 33.29042, 279.0],
          [133.17112, 33.29055, 278.75],
          [133.17116, 33.29069, 278.25],
          [133.17122, 33.29083, 277.25],
          [133.17205, 33.29252, 274.25],
          [133.17219, 33.29294, 273.75],
          [133.17223, 33.29310, 273.75],
          [133.17232, 33.29365, 273.5],
          [133.17234, 33.29385, 273.5],
          [133.17233, 33.29411, 273.75],
          [133.17230, 33.29435, 273.75],
          [133.17225, 33.29454, 273.5],
          [133.17211, 33.29503, 272.75],
          [133.17180, 33.29601, 275.5],
          [133.17170, 33.29640, 276.5],
          [133.17169, 33.29653, 276.75],
          [133.17169, 33.29667, 276.75],
          [133.17169, 33.29674, 277.25],
          [133.17172, 33.29687, 278.0],
          [133.17175, 33.29693, 278.25],
          [133.17183, 33.29707, 278.5],
          [133.17189, 33.29714, 278.5],
          [133.17199, 33.29724, 278.25],
          [133.17217, 33.29737, 277.0],
          [133.17310, 33.29794, 276.25],
          [133.17348, 33.29816, 276.25],
          [133.17368, 33.29825, 276.5],
          [133.17416, 33.29844, 276.5],
          [133.17426, 33.29849, 277.0],
          [133.17452, 33.29862, 277.75],
          [133.17466, 33.29870, 278.0],
          [133.17482, 33.29883, 278.0],
          [133.17515, 33.29911, 276.75],
          [133.17553, 33.29944, 280.25],
          [133.17597, 33.29980, 283.75],
          [133.17634, 33.30014, 284.25],
          [133.17647, 33.30028, 284.5],
          [133.17657, 33.30041, 284.25],
          [133.17672, 33.30066, 284.75],
          [133.17682, 33.30085, 285.75],
          [133.17688, 33.30104, 288.75],
          [133.17699, 33.30143, 294.0],
          [133.17702, 33.30152, 295.0],
          [133.17706, 33.30159, 295.25],
          [133.17717, 33.30177, 296.75],
          [133.17723, 33.30186, 297.5],
          [133.17729, 33.30192, 297.5],
          [133.17755, 33.30216, 297.0],
          [133.17770, 33.30232, 297.0],
          [133.17776, 33.30240, 296.75],
          [133.17781, 33.30249, 296.75],
          [133.17784, 33.30255, 296.5],
          [133.17787, 33.30263, 296.0],
          [133.17789, 33.30272, 296.0],
          [133.17791, 33.30300, 297.0],
          [133.17791, 33.30315, 297.75],
          [133.17795, 33.30346, 296.5],
          [133.17798, 33.30355, 295.0],
          [133.17803, 33.30380, 291.75],
          [133.17811, 33.30410, 288.25],
          [133.17832, 33.30478, 289.25],
          [133.17849, 33.30535, 291.25],
          [133.17853, 33.30549, 291.5],
          [133.17860, 33.30572, 292.0],
          [133.17863, 33.30582, 292.0],
          [133.17875, 33.30607, 292.0],
          [133.17882, 33.30606, 292.0],
          [133.17885, 33.30607, 292.0],
          [133.17889, 33.30609, 292.0],
          [133.17895, 33.30614, 292.0],
          [133.17925, 33.30643, 293.5],
          [133.17955, 33.30675, 296.25],
          [133.17988, 33.30708, 297.75],
          [133.18051, 33.30749, 291.5],
          [133.18065, 33.30753, 288.75],
          [133.18078, 33.30755, 286.0],
          [133.18089, 33.30755, 284.0],
          [133.18099, 33.30757, 280.75],
          [133.18139, 33.30755, 270.75],
          [133.18151, 33.30751, 269.5],
          [133.18180, 33.30736, 272.75],
          [133.18194, 33.30732, 272.25],
          [133.18208, 33.30731, 270.0],
          [133.18215, 33.30732, 268.25],
          [133.18221, 33.30735, 265.5],
          [133.18224, 33.30737, 263.75],
          [133.18249, 33.30761, 245.0],
          [133.18266, 33.30773, 235.0],
          [133.18279, 33.30779, 229.75],
          [133.18318, 33.30794, 217.75],
          [133.18321, 33.30799, 215.5],
          [133.18320, 33.30807, 211.75],
          [133.18315, 33.30814, 209.25],
          [133.18286, 33.30841, 197.75],
          [133.18286, 33.30846, 196.0],
          [133.18290, 33.30851, 193.75],
          [133.18296, 33.30853, 192.0],
          [133.18316, 33.30860, 186.5],
          [133.18378, 33.30874, 169.75],
          [133.18408, 33.30879, 163.75],
          [133.18448, 33.30882, 155.5],
          [133.18466, 33.30885, 151.0],
          [133.18469, 33.30887, 149.5],
          [133.18470, 33.30890, 148.5],
          [133.18469, 33.30893, 147.75],
          [133.18447, 33.30902, 147.5],
          [133.18445, 33.30904, 146.75],
          [133.18447, 33.30907, 145.5],
          [133.18476, 33.30920, 137.75],
          [133.18486, 33.30926, 135.75],
          [133.18487, 33.30929, 135.25],
          [133.18486, 33.30933, 134.5],
          [133.18478, 33.30936, 135.25],
          [133.18444, 33.30943, 140.25],
          [133.18416, 33.30950, 145.5],
          [133.18411, 33.30953, 146.25],
          [133.18410, 33.30956, 146.5],
          [133.18411, 33.30959, 146.5],
          [133.18416, 33.30964, 145.5],
          [133.18436, 33.30979, 140.25],
          [133.18487, 33.30982, 125.75],
          [133.18502, 33.30984, 121.75],
          [133.18512, 33.30989, 119.5],
          [133.18536, 33.31012, 119.0],
          [133.18547, 33.31019, 120.25],
          [133.18559, 33.31022, 120.25],
          [133.18573, 33.31023, 119.0],
          [133.18599, 33.31022, 115.5],
          [133.18632, 33.31014, 108.5],
          [133.18644, 33.31011, 105.75],
          [133.18651, 33.31010, 104.75],
          [133.18660, 33.31011, 104.25],
          [133.18664, 33.31012, 104.25],
          [133.18681, 33.31029, 109.25],
          [133.18684, 33.31033, 110.25],
          [133.18687, 33.31037, 111.25],
          [133.18718, 33.31065, 111.25],
          [133.18746, 33.31088, 106.75],
          [133.18762, 33.31098, 108.75],
          [133.18786, 33.31104, 108.75],
          [133.18799, 33.31109, 108.5],
          [133.18856, 33.31143, 104.5],
          [133.18869, 33.31149, 101.5],
          [133.18886, 33.31153, 96.0],
          [133.18993, 33.31163, 81.25],
          [133.19004, 33.31166, 80.0],
          [133.19048, 33.31179, 82.25],
          [133.19060, 33.31182, 82.0],
          [133.19097, 33.31188, 81.0],
          [133.19106, 33.31188, 80.75],
          [133.19113, 33.31188, 80.5],
          [133.19126, 33.31185, 79.75],
          [133.19135, 33.31185, 79.5],
          [133.19143, 33.31186, 79.5],
          [133.19180, 33.31196, 80.25],
          [133.19186, 33.31196, 80.0],
          [133.19194, 33.31195, 79.5],
          [133.19229, 33.31185, 77.25],
          [133.19235, 33.31184, 77.25],
          [133.19241, 33.31184, 77.0],
          [133.19247, 33.31184, 77.0],
          [133.19285, 33.31198, 76.25],
          [133.19292, 33.31201, 75.75],
          [133.19297, 33.31207, 75.0],
          [133.19316, 33.31228, 70.5],
          [133.19327, 33.31241, 66.75],
          [133.19333, 33.31253, 64.5],
          [133.19334, 33.31266, 66.0],
          [133.19335, 33.31292, 69.25],
          [133.19338, 33.31295, 69.5],
          [133.19342, 33.31297, 69.5],
          [133.19351, 33.31299, 69.0],
          [133.19394, 33.31307, 66.25],
          [133.19409, 33.31307, 65.0],
          [133.19437, 33.31305, 65.75],
          [133.19459, 33.31305, 67.0],
          [133.19474, 33.31308, 68.25],
          [133.19502, 33.31322, 69.5],
          [133.19574, 33.31364, 69.75],
          [133.19599, 33.31382, 71.75],
          [133.19642, 33.31416, 67.75],
          [133.19670, 33.31431, 64.0],
          [133.19711, 33.31444, 61.25],
          [133.19727, 33.31448, 59.5],
          [133.19745, 33.31451, 57.0],
          [133.19761, 33.31456, 57.25],
          [133.19775, 33.31461, 58.0],
          [133.19823, 33.31491, 55.75],
          [133.19851, 33.31505, 55.5],
          [133.19873, 33.31512, 57.0],
          [133.19890, 33.31519, 58.75],
          [133.19905, 33.31530, 61.5],
          [133.19966, 33.31590, 64.25],
          [133.19975, 33.31599, 64.75],
          [133.20000, 33.31621, 65.5],
          [133.20028, 33.31647, 69.5],
          [133.20067, 33.31673, 63.5],
          [133.20090, 33.31692, 62.75],
          [133.20131, 33.31717, 59.25],
          [133.20194, 33.31747, 49.0],
          [133.20215, 33.31756, 49.25],
          [133.20259, 33.31768, 49.25],
          [133.20278, 33.31770, 48.75],
          [133.20313, 33.31777, 48.5],
          [133.20338, 33.31786, 49.0],
          [133.20363, 33.31800, 50.5],
          [133.20368, 33.31801, 50.5],
          [133.20374, 33.31801, 50.0],
          [133.20407, 33.31800, 47.25],
          [133.20422, 33.31801, 46.25],
          [133.20435, 33.31803, 46.0],
          [133.20493, 33.31818, 46.0],
          [133.20515, 33.31820, 45.25],
          [133.20537, 33.31826, 44.75],
          [133.20545, 33.31827, 44.5],
          [133.20594, 33.31826, 42.75],
          [133.20606, 33.31825, 43.25],
          [133.20617, 33.31821, 43.5],
          [133.20702, 33.31783, 43.75],
          [133.20716, 33.31775, 44.25],
          [133.20726, 33.31765, 43.5],
          [133.20732, 33.31756, 42.75],
          [133.20734, 33.31742, 42.75],
          [133.20736, 33.31695, 48.75],
          [133.20733, 33.31675, 50.5],
          [133.20727, 33.31658, 50.0],
          [133.20694, 33.31599, 46.75],
          [133.20689, 33.31587, 47.0],
          [133.20691, 33.31574, 48.25],
          [133.20698, 33.31565, 49.0],
          [133.20709, 33.31559, 48.75],
          [133.20724, 33.31557, 47.25],
          [133.20741, 33.31559, 45.25],
          [133.20777, 33.31565, 46.25],
          [133.20798, 33.31565, 48.0],
          [133.20825, 33.31559, 49.75],
          [133.20842, 33.31552, 49.75],
          [133.20881, 33.31532, 47.25],
          [133.20894, 33.31531, 46.75],
          [133.20906, 33.31534, 46.75],
          [133.20918, 33.31541, 47.5],
          [133.20942, 33.31570, 51.5],
          [133.20959, 33.31585, 53.75],
          [133.20976, 33.31595, 58.5],
          [133.20994, 33.31601, 61.25],
          [133.21017, 33.31604, 61.75],
          [133.21048, 33.31606, 60.75],
          [133.21059, 33.31604, 58.75],
          [133.21071, 33.31598, 55.0],
          [133.21094, 33.31572, 46.5],
          [133.21105, 33.31567, 46.75],
          [133.21117, 33.31566, 46.0],
          [133.21128, 33.31569, 44.5],
          [133.21137, 33.31579, 41.5],
          [133.21154, 33.31600, 48.0],
          [133.21164, 33.31606, 50.0],
          [133.21298, 33.31649, 53.75],
          [133.21312, 33.31651, 53.0],
          [133.21327, 33.31651, 51.5],
          [133.21342, 33.31647, 49.25],
          [133.21356, 33.31642, 47.25],
          [133.21369, 33.31634, 45.0],
          [133.21379, 33.31624, 43.0],
          [133.21389, 33.31607, 40.5],
          [133.21402, 33.31565, 38.0],
          [133.21410, 33.31557, 37.0],
          [133.21422, 33.31553, 35.75],
          [133.21434, 33.31553, 35.25],
          [133.21470, 33.31565, 32.25],
          [133.21477, 33.31569, 31.25],
          [133.21490, 33.31580, 28.5],
          [133.21500, 33.31595, 27.5],
          [133.21522, 33.31637, 29.25],
          [133.21532, 33.31653, 28.5],
          [133.21543, 33.31665, 27.25],
          [133.21563, 33.31679, 25.75],
          [133.21582, 33.31687, 24.5],
          [133.21606, 33.31693, 25.5],
          [133.21644, 33.31701, 28.0],
          [133.21672, 33.31708, 29.75],
          [133.21683, 33.31713, 30.0],
          [133.21735, 33.31745, 28.0],
          [133.21747, 33.31750, 27.0],
          [133.21764, 33.31755, 26.75],
          [133.21785, 33.31755, 25.25],
          [133.21800, 33.31753, 24.0],
          [133.21816, 33.31749, 22.25],
          [133.21845, 33.31738, 22.0],
          [133.21863, 33.31732, 22.0],
          [133.21879, 33.31727, 21.5],
          [133.21908, 33.31721, 20.0],
          [133.21935, 33.31719, 18.75],
          [133.21956, 33.31721, 18.25],
          [133.21969, 33.31724, 18.0],
          [133.21998, 33.31732, 17.0],
          [133.22013, 33.31743, 17.0],
          [133.22023, 33.31752, 16.75],
          [133.22037, 33.31767, 16.75],
          [133.22045, 33.31773, 16.5],
          [133.22055, 33.31777, 16.5],
          [133.22077, 33.31786, 16.0],
          [133.22109, 33.31798, 16.0],
          [133.22129, 33.31808, 15.5],
          [133.22136, 33.31816, 15.0],
          [133.22138, 33.31819, 14.75],
          [133.22154, 33.31857, 13.25],
          [133.22162, 33.31869, 13.0],
          [133.22208, 33.31908, 14.75],
          [133.22246, 33.31944, 17.0],
          [133.22285, 33.31978, 21.25],
          [133.22333, 33.32009, 22.75],
          [133.22382, 33.32047, 20.5],
          [133.22421, 33.32080, 15.5],
          [133.22442, 33.32099, 14.75],
          [133.22452, 33.32118, 14.25],
          [133.22455, 33.32128, 13.75],
          [133.22457, 33.32142, 13.5],
          [133.22457, 33.32166, 13.0],
          [133.22458, 33.32215, 14.5],
          [133.22461, 33.32247, 15.5],
          [133.22465, 33.32275, 15.5],
          [133.22489, 33.32346, 12.75],
          [133.22493, 33.32353, 12.5],
          [133.22526, 33.32401, 15.75],
          [133.22528, 33.32409, 16.5],
          [133.22529, 33.32415, 17.0],
          [133.22528, 33.32422, 16.5],
          [133.22527, 33.32425, 16.25],
          [133.22521, 33.32434, 15.25],
          [133.22514, 33.32447, 14.0],
          [133.22508, 33.32468, 13.0],
          [133.22530, 33.32469, 13.5],
          [133.22586, 33.32474, 14.75],
          [133.22587, 33.32523, 10.75],
          [133.22622, 33.32538, 10.75],
          [133.22638, 33.32549, 10.5],
          [133.22663, 33.32574, 10.0],
          [133.22685, 33.32589, 9.75],
          [133.22696, 33.32598, 9.75],
          [133.22699, 33.32604, 10.0],
          [133.22699, 33.32608, 10.25],
          [133.22707, 33.32611, 10.0],
          [133.22721, 33.32622, 9.5],
          [133.22740, 33.32670, 8.75],
          [133.22758, 33.32724, 7.75],
          [133.22775, 33.32774, 7.75],
          [133.22790, 33.32817, 7.5],
          [133.22796, 33.32834, 7.25],
          [133.22805, 33.32858, 7.25],
          [133.22826, 33.32917, 7.0],
          [133.22829, 33.32936, 7.25],
          [133.22831, 33.32957, 7.5],
          [133.22830, 33.32969, 7.75],
          [133.22845, 33.32971, 7.5],
          [133.22941, 33.32981, 7.75],
          [133.23026, 33.32993, 7.75],
          [133.23073, 33.33004, 7.75],
          [133.23120, 33.33017, 7.5],
          [133.23174, 33.33029, 7.25],
          [133.23193, 33.33033, 7.0],
          [133.23214, 33.33032, 7.0],
          [133.23248, 33.33035, 6.75],
          [133.23266, 33.33037, 6.5],
          [133.23291, 33.33040, 6.0],
          [133.23305, 33.33042, 6.5],
          [133.23323, 33.33045, 7.5],
          [133.23342, 33.33053, 8.5],
          [133.23355, 33.33062, 9.25],
          [133.23390, 33.33095, 12.0],
          [133.23397, 33.33101, 12.0],
          [133.23398, 33.33095, 12.5],
          [133.23397, 33.33079, 13.0],
          [133.23400, 33.33057, 13.25],
          [133.23403, 33.33054, 13.5],
          [133.23414, 33.33049, 14.75],
          [133.23419, 33.33045, 16.0],
          [133.23420, 33.33040, 16.0],
          [133.23414, 33.33018, 14.0],
          [133.23415, 33.33012, 14.0],
          [133.23426, 33.32974, 14.25],
          [133.23432, 33.32965, 14.75],
          [133.23440, 33.32960, 15.75],
          [133.23450, 33.32954, 17.25],
          [133.23462, 33.32952, 19.0],
          [133.23525, 33.32952, 25.25],
          [133.23535, 33.32953, 25.25],
          [133.23569, 33.32961, 24.25],
          [133.23592, 33.32965, 23.75],
          [133.23619, 33.32965, 23.0],
          [133.23652, 33.32968, 22.25],
          [133.23674, 33.32972, 21.75],
          [133.23684, 33.32974, 21.5],
          [133.23694, 33.32974, 21.25],
          [133.23704, 33.32972, 21.0],
          [133.23718, 33.32968, 20.75],
          [133.23728, 33.32967, 20.5],
          [133.23736, 33.32970, 20.25],
          [133.23744, 33.32975, 20.0],
          [133.23781, 33.33005, 18.75],
          [133.23786, 33.33012, 18.5],
          [133.23800, 33.33051, 17.25],
          [133.23811, 33.33076, 16.5],
          [133.23817, 33.33085, 16.25],
          [133.23830, 33.33102, 15.75],
          [133.23832, 33.33108, 15.5],
          [133.23831, 33.33114, 15.5],
          [133.23820, 33.33128, 15.0],
          [133.23805, 33.33138, 14.5],
          [133.23785, 33.33150, 13.75],
          [133.23772, 33.33162, 13.5],
          [133.23761, 33.33178, 12.75],
          [133.23754, 33.33192, 12.5],
          [133.23751, 33.33201, 12.25],
          [133.23758, 33.33210, 12.0],
          [133.23779, 33.33257, 10.5],
          [133.23785, 33.33268, 10.0],
          [133.23795, 33.33280, 9.75],
          [133.23807, 33.33294, 9.25],
          [133.23825, 33.33308, 8.75],
          [133.23874, 33.33341, 7.0],
          [133.23897, 33.33354, 7.25],
          [133.23911, 33.33360, 6.75],
          [133.23919, 33.33362, 7.0],
          [133.23927, 33.33363, 7.75],
          [133.23935, 33.33363, 8.25],
          [133.23943, 33.33362, 8.75],
          [133.23959, 33.33358, 9.25],
          [133.23965, 33.33356, 9.5],
          [133.23975, 33.33351, 9.25],
          [133.23997, 33.33333, 9.0],
          [133.24012, 33.33327, 9.0],
          [133.24030, 33.33323, 8.75],
          [133.24049, 33.33322, 8.75],
          [133.24065, 33.33325, 8.5],
          [133.24075, 33.33331, 8.5],
          [133.24080, 33.33337, 8.5],
          [133.24101, 33.33371, 8.5],
          [133.24107, 33.33382, 8.25],
          [133.24113, 33.33394, 7.75],
          [133.24142, 33.33451, 7.0],
          [133.24151, 33.33463, 7.0],
          [133.24163, 33.33476, 7.0],
          [133.24178, 33.33486, 7.0],
          [133.24195, 33.33495, 7.25],
          [133.24215, 33.33500, 7.5],
          [133.24236, 33.33505, 8.0],
          [133.24302, 33.33516, 8.0],
          [133.24356, 33.33528, 11.75],
          [133.24397, 33.33539, 13.0],
          [133.24749, 33.33648, 24.5],
          [133.24765, 33.33650, 25.0],
          [133.24791, 33.33651, 25.0],
          [133.24807, 33.33651, 22.5],
          [133.24835, 33.33647, 19.0],
          [133.24852, 33.33642, 18.75],
          [133.24865, 33.33637, 18.5],
          [133.24883, 33.33629, 18.0],
          [133.24900, 33.33619, 17.75],
          [133.24921, 33.33602, 17.5],
          [133.24962, 33.33557, 18.25],
          [133.24974, 33.33546, 16.75],
          [133.24983, 33.33539, 15.0],
          [133.24993, 33.33532, 12.25],
          [133.25001, 33.33527, 10.5],
          [133.25012, 33.33522, 10.25],
          [133.25028, 33.33516, 10.0],
          [133.25051, 33.33510, 9.25],
          [133.25054, 33.33509, 9.0],
          [133.25069, 33.33507, 8.5],
          [133.25070, 33.33507, 8.25],
          [133.25080, 33.33506, 8.0],
          [133.25097, 33.33506, 7.75],
          [133.25111, 33.33508, 7.75],
          [133.25130, 33.33511, 7.75],
          [133.25168, 33.33525, 7.5],
          [133.25250, 33.33575, 6.0],
          [133.25307, 33.33607, 9.75],
          [133.25320, 33.33612, 10.75],
          [133.25327, 33.33614, 11.25],
          [133.25334, 33.33614, 11.5],
          [133.25431, 33.33619, 18.0],
          [133.25497, 33.33622, 24.0],
          [133.25509, 33.33623, 24.5],
          [133.25522, 33.33626, 25.0],
          [133.25569, 33.33639, 25.25],
          [133.25622, 33.33655, 26.25],
          [133.25630, 33.33658, 26.5],
          [133.25637, 33.33661, 26.75],
          [133.25651, 33.33669, 27.25],
          [133.25658, 33.33676, 27.0],
          [133.25662, 33.33681, 26.5],
          [133.25665, 33.33685, 27.0],
          [133.25668, 33.33692, 27.75],
          [133.25669, 33.33698, 28.5],
          [133.25668, 33.33703, 29.25],
          [133.25663, 33.33714, 30.5],
          [133.25643, 33.33756, 30.5],
          [133.25641, 33.33768, 35.0],
          [133.25642, 33.33778, 36.75],
          [133.25645, 33.33790, 38.25],
          [133.25652, 33.33811, 38.5],
          [133.25654, 33.33821, 39.25],
          [133.25656, 33.33838, 43.0],
          [133.25658, 33.33843, 44.75],
          [133.25661, 33.33850, 45.75],
          [133.25685, 33.33873, 45.0],
          [133.25698, 33.33881, 41.5],
          [133.25711, 33.33888, 36.25],
          [133.25727, 33.33900, 30.0],
          [133.25739, 33.33912, 25.25],
          [133.25747, 33.33924, 23.25],
          [133.25754, 33.33942, 26.5],
          [133.25765, 33.33970, 30.75],
          [133.25789, 33.34044, 31.0],
          [133.25806, 33.34088, 27.0],
          [133.25810, 33.34096, 26.25],
          [133.25815, 33.34104, 24.75],
          [133.25828, 33.34116, 20.5],
          [133.25901, 33.34170, 19.5],
          [133.25911, 33.34175, 19.5],
          [133.25917, 33.34176, 19.5],
          [133.25928, 33.34176, 20.25],
          [133.25935, 33.34174, 20.25],
          [133.25972, 33.34163, 20.75],
          [133.26042, 33.34139, 22.0],
          [133.26064, 33.34130, 22.25],
          [133.26172, 33.34084, 28.0],
          [133.26218, 33.34066, 30.5],
          [133.26235, 33.34061, 31.25],
          [133.26248, 33.34060, 32.0],
          [133.26298, 33.34059, 34.5],
          [133.26317, 33.34061, 35.25],
          [133.26329, 33.34066, 36.0],
          [133.26336, 33.34073, 36.5],
          [133.26339, 33.34082, 37.0],
          [133.26338, 33.34091, 37.5],
          [133.26330, 33.34108, 38.75],
          [133.26307, 33.34153, 38.75],
          [133.26303, 33.34166, 47.0],
          [133.26302, 33.34180, 52.5],
          [133.26306, 33.34193, 54.75],
          [133.26314, 33.34201, 54.0],
          [133.26324, 33.34210, 51.75],
          [133.26346, 33.34225, 48.0],
          [133.26352, 33.34232, 46.5],
          [133.26355, 33.34239, 45.25],
          [133.26357, 33.34247, 44.0],
          [133.26355, 33.34261, 41.75],
          [133.26351, 33.34276, 41.75],
          [133.26336, 33.34310, 34.0],
          [133.26325, 33.34324, 35.5],
          [133.26309, 33.34336, 37.0],
          [133.26279, 33.34354, 39.75],
          [133.26243, 33.34382, 43.5],
          [133.26209, 33.34398, 43.5],
          [133.26184, 33.34411, 46.25],
          [133.26051, 33.34535, 50.25],
          [133.26043, 33.34545, 50.5],
          [133.26036, 33.34559, 50.0],
          [133.26012, 33.34607, 48.25],
          [133.26002, 33.34622, 47.75],
          [133.25995, 33.34635, 47.5],
          [133.25991, 33.34650, 47.5],
          [133.25993, 33.34659, 44.5],
          [133.25997, 33.34670, 45.0],
          [133.26017, 33.34696, 47.0],
          [133.26020, 33.34703, 47.5],
          [133.26022, 33.34712, 48.0],
          [133.26018, 33.34720, 48.5],
          [133.25993, 33.34752, 51.0],
          [133.25986, 33.34768, 51.0],
          [133.25977, 33.34794, 57.25],
          [133.25977, 33.34806, 57.25],
          [133.25982, 33.34817, 55.0],
          [133.25992, 33.34827, 51.75],
          [133.26005, 33.34834, 48.5],
          [133.26017, 33.34844, 50.0],
          [133.26030, 33.34861, 54.75],
          [133.26038, 33.34868, 56.0],
          [133.26081, 33.34884, 51.5],
          [133.26107, 33.34894, 47.25],
          [133.26126, 33.34896, 41.0],
          [133.26144, 33.34898, 34.0],
          [133.26156, 33.34902, 30.75],
          [133.26203, 33.34937, 32.75],
          [133.26208, 33.34943, 34.25],
          [133.26211, 33.34953, 39.25],
          [133.26210, 33.34963, 46.0],
          [133.26203, 33.34986, 63.0],
          [133.26203, 33.34997, 70.0],
          [133.26208, 33.35007, 71.25],
          [133.26217, 33.35016, 69.25],
          [133.26259, 33.35041, 54.0],
          [133.26269, 33.35045, 49.5],
          [133.26281, 33.35044, 42.25],
          [133.26321, 33.35028, 18.5],
          [133.26330, 33.35029, 14.25],
          [133.26336, 33.35032, 12.25],
          [133.26340, 33.35036, 11.5],
          [133.26341, 33.35042, 11.5],
          [133.26338, 33.35049, 12.0],
          [133.26323, 33.35079, 20.5],
          [133.26316, 33.35109, 22.25],
          [133.26310, 33.35116, 24.75],
          [133.26282, 33.35132, 38.0],
          [133.26275, 33.35139, 40.0],
          [133.26264, 33.35156, 40.5],
          [133.26257, 33.35164, 41.5],
          [133.26245, 33.35169, 45.0],
          [133.26229, 33.35177, 49.25],
          [133.26223, 33.35183, 49.5],
          [133.26218, 33.35192, 47.75],
          [133.26211, 33.35225, 34.25],
          [133.26205, 33.35234, 33.0],
          [133.26197, 33.35241, 33.0],
          [133.26153, 33.35299, 37.5],
          [133.26147, 33.35314, 37.25],
          [133.26145, 33.35328, 34.5],
          [133.26144, 33.35338, 35.0],
          [133.26145, 33.35354, 40.0],
          [133.26149, 33.35367, 40.75],
          [133.26158, 33.35381, 38.5],
          [133.26167, 33.35391, 36.75],
          [133.26188, 33.35406, 33.5],
          [133.26218, 33.35433, 28.75],
          [133.26230, 33.35447, 28.75],
          [133.26238, 33.35461, 28.5],
          [133.26239, 33.35472, 31.25],
          [133.26233, 33.35487, 39.5],
          [133.26232, 33.35498, 44.5],
          [133.26233, 33.35505, 46.5],
          [133.26241, 33.35517, 47.75],
          [133.26269, 33.35552, 49.75],
          [133.26287, 33.35570, 45.0],
          [133.26324, 33.35603, 40.0],
          [133.26335, 33.35617, 38.0],
          [133.26340, 33.35636, 36.0],
          [133.26367, 33.35689, 29.75],
          [133.26371, 33.35702, 29.75],
          [133.26370, 33.35721, 32.0],
          [133.26377, 33.35764, 32.75],
          [133.26384, 33.35795, 30.5],
          [133.26401, 33.35839, 29.0],
          [133.26413, 33.35860, 28.0],
          [133.26436, 33.35891, 27.0],
          [133.26444, 33.35907, 26.25],
          [133.26447, 33.35915, 26.0],
          [133.26447, 33.35921, 25.75],
          [133.26445, 33.35927, 25.5],
          [133.26435, 33.35942, 25.0],
          [133.26431, 33.35952, 24.75],
          [133.26422, 33.35979, 23.75],
          [133.26415, 33.35997, 22.75],
          [133.26393, 33.36028, 21.25],
          [133.26382, 33.36042, 20.5],
          [133.26379, 33.36049, 20.0],
          [133.26373, 33.36082, 18.5],
          [133.26368, 33.36093, 18.0],
          [133.26361, 33.36099, 17.75],
          [133.26353, 33.36102, 17.5],
          [133.26347, 33.36103, 17.25],
          [133.26339, 33.36102, 16.75],
          [133.26332, 33.36100, 16.5],
          [133.26321, 33.36092, 16.0],
          [133.26295, 33.36070, 14.5],
          [133.26287, 33.36066, 14.75],
          [133.26202, 33.36034, 19.5],
          [133.26175, 33.36025, 21.0],
          [133.26161, 33.36023, 21.75],
          [133.26150, 33.36023, 22.25],
          [133.26140, 33.36024, 22.75],
          [133.26120, 33.36032, 24.0],
          [133.26079, 33.36062, 26.75],
          [133.25995, 33.36132, 26.75],
          [133.25983, 33.36145, 28.75],
          [133.25978, 33.36153, 29.75],
          [133.25974, 33.36161, 29.0],
          [133.25960, 33.36260, 21.5],
          [133.25958, 33.36265, 21.0],
          [133.25953, 33.36271, 20.25],
          [133.25888, 33.36319, 14.75],
          [133.25879, 33.36324, 15.0],
          [133.25872, 33.36325, 14.5],
          [133.25819, 33.36332, 12.25],
          [133.25810, 33.36335, 11.25],
          [133.25796, 33.36342, 10.0],
          [133.25789, 33.36349, 9.25],
          [133.25779, 33.36358, 8.5],
          [133.25774, 33.36363, 8.0],
          [133.25771, 33.36371, 7.5],
          [133.25764, 33.36380, 7.0],
          [133.25759, 33.36386, 6.75],
          [133.25753, 33.36389, 6.5],
          [133.25757, 33.36400, 6.25],
          [133.25783, 33.36463, 7.0],
          [133.25784, 33.36466, 7.0],
          [133.25791, 33.36482, 7.25],
          [133.25816, 33.36544, 8.75],
          [133.25820, 33.36554, 9.0],
          [133.25822, 33.36564, 9.0],
          [133.25823, 33.36572, 9.25],
          [133.25823, 33.36588, 10.0],
          [133.25821, 33.36602, 11.0],
          [133.25818, 33.36611, 11.75],
          [133.25809, 33.36639, 14.5],
          [133.25800, 33.36667, 18.0],
          [133.25797, 33.36678, 18.0],
          [133.25772, 33.36767, 17.0],
          [133.25769, 33.36782, 17.5],
          [133.25769, 33.36789, 17.75],
          [133.25770, 33.36802, 18.25],
          [133.25775, 33.36820, 19.75],
          [133.25778, 33.36826, 20.25],
          [133.25785, 33.36838, 23.0],
          [133.25794, 33.36848, 27.0],
          [133.25800, 33.36854, 29.5],
          [133.25998, 33.37009, 42.25],
          [133.26009, 33.37016, 40.0],
          [133.26009, 33.37016, 40.0],
          [133.26019, 33.37023, 38.75],
          [133.26029, 33.37029, 37.75],
          [133.26037, 33.37033, 37.25],
          [133.26048, 33.37037, 36.75],
          [133.26055, 33.37040, 36.5],
          [133.26073, 33.37044, 35.75],
          [133.26093, 33.37045, 36.5],
          [133.26112, 33.37043, 38.75],
          [133.26134, 33.37039, 40.5],
          [133.26156, 33.37032, 41.25],
          [133.26178, 33.37024, 42.0],
          [133.26221, 33.37009, 43.5],
          [133.26253, 33.37000, 43.5],
          [133.26277, 33.36993, 38.0],
          [133.26292, 33.36992, 35.5],
          [133.26303, 33.36991, 34.0],
          [133.26309, 33.36992, 33.5],
          [133.26316, 33.36993, 33.0],
          [133.26328, 33.36999, 33.25],
          [133.26333, 33.37003, 33.75],
          [133.26337, 33.37007, 33.75],
          [133.26341, 33.37012, 34.25],
          [133.26342, 33.37018, 35.5],
          [133.26342, 33.37030, 38.5],
          [133.26340, 33.37037, 40.5],
          [133.26324, 33.37072, 53.25],
          [133.26322, 33.37079, 55.5],
          [133.26322, 33.37088, 57.0],
          [133.26323, 33.37094, 57.5],
          [133.26326, 33.37103, 57.5],
          [133.26334, 33.37112, 56.0],
          [133.26342, 33.37119, 54.0],
          [133.26376, 33.37137, 44.75],
          [133.26385, 33.37144, 42.25],
          [133.26392, 33.37152, 40.5],
          [133.26396, 33.37159, 39.75],
          [133.26399, 33.37167, 39.75],
          [133.26399, 33.37175, 40.0],
          [133.26398, 33.37182, 41.0],
          [133.26396, 33.37190, 42.5],
          [133.26385, 33.37218, 48.0],
          [133.26382, 33.37227, 49.5],
          [133.26381, 33.37239, 50.5],
          [133.26385, 33.37251, 50.75],
          [133.26389, 33.37257, 50.75],
          [133.26394, 33.37264, 50.75],
          [133.26407, 33.37273, 49.75],
          [133.26422, 33.37280, 49.25],
          [133.26433, 33.37283, 50.75],
          [133.26493, 33.37292, 56.5],
          [133.26520, 33.37295, 58.25],
          [133.26532, 33.37297, 58.75],
          [133.26566, 33.37302, 60.5],
          [133.26579, 33.37305, 61.0],
          [133.26594, 33.37307, 63.5],
          [133.26618, 33.37311, 68.5],
          [133.26627, 33.37312, 70.25],
          [133.26768, 33.37334, 80.25],
          [133.26779, 33.37335, 77.5],
          [133.26794, 33.37338, 73.75],
          [133.26851, 33.37347, 63.5],
          [133.26875, 33.37351, 63.0],
          [133.26896, 33.37358, 64.0],
          [133.26903, 33.37361, 65.0],
          [133.26911, 33.37366, 66.75],
          [133.26917, 33.37372, 69.25],
          [133.26922, 33.37377, 72.75],
          [133.26933, 33.37390, 81.25],
          [133.27163, 33.37696, 83.75],
          [133.27171, 33.37706, 81.0],
          [133.27185, 33.37723, 75.5],
          [133.27199, 33.37739, 68.5],
          [133.27240, 33.37788, 60.5],
          [133.27293, 33.37858, 47.25],
          [133.27303, 33.37874, 43.5],
          [133.27308, 33.37883, 41.75],
          [133.27311, 33.37891, 40.5],
          [133.27313, 33.37899, 40.0],
          [133.27314, 33.37916, 40.5],
          [133.27313, 33.37925, 39.5],
          [133.27310, 33.37941, 38.25],
          [133.27283, 33.38011, 35.75],
          [133.27274, 33.38039, 32.25],
          [133.27272, 33.38058, 29.0],
          [133.27271, 33.38067, 27.0],
          [133.27273, 33.38083, 23.25],
          [133.27276, 33.38099, 24.0],
          [133.27280, 33.38110, 24.25],
          [133.27296, 33.38141, 23.0],
          [133.27304, 33.38159, 22.0],
          [133.27307, 33.38171, 21.5],
          [133.27308, 33.38185, 20.75],
          [133.27308, 33.38194, 20.5],
          [133.27307, 33.38203, 20.5],
          [133.27305, 33.38211, 21.0],
          [133.27301, 33.38221, 21.75],
          [133.27296, 33.38231, 23.25],
          [133.27263, 33.38286, 25.75],
          [133.27243, 33.38315, 25.25],
          [133.27221, 33.38351, 29.5],
          [133.27203, 33.38385, 31.0],
          [133.27195, 33.38402, 29.75],
          [133.27190, 33.38419, 27.75],
          [133.27188, 33.38428, 27.25],
          [133.27188, 33.38438, 26.25],
          [133.27191, 33.38453, 23.5],
          [133.27198, 33.38471, 20.0],
          [133.27202, 33.38478, 18.0],
          [133.27218, 33.38500, 13.0],
          [133.27223, 33.38507, 11.25],
          [133.27263, 33.38559, 3.75],
          [133.27294, 33.38598, 1.75],
          [133.27311, 33.38623, 1.75],
          [133.27397, 33.38740, 6.0],
          [133.27398, 33.38740, 6.25],
          [133.27401, 33.38745, 6.5],
          [133.27410, 33.38757, 7.0],
          [133.27420, 33.38768, 7.25],
          [133.27452, 33.38799, 7.75],
          [133.27463, 33.38808, 7.75],
          [133.27478, 33.38822, 7.75],
          [133.27485, 33.38828, 7.75],
          [133.27503, 33.38846, 8.0],
          [133.27514, 33.38859, 8.25],
          [133.27519, 33.38868, 8.5],
          [133.27556, 33.38938, 12.75],
          [133.27575, 33.38978, 21.5],
          [133.27577, 33.38982, 21.25],
          [133.27596, 33.39019, 20.5],
          [133.27616, 33.39050, 19.75],
          [133.27636, 33.39076, 19.0],
          [133.27659, 33.39104, 18.25],
          [133.27693, 33.39141, 17.25],
          [133.27709, 33.39155, 17.0],
          [133.27722, 33.39166, 16.5],
          [133.27742, 33.39181, 16.0],
          [133.27764, 33.39195, 15.75],
          [133.27811, 33.39220, 15.75],
          [133.27830, 33.39232, 12.25],
          [133.27847, 33.39244, 9.25],
          [133.27905, 33.39290, 6.5],
          [133.27961, 33.39336, 4.25],
          [133.28061, 33.39419, 3.75],
          [133.28070, 33.39429, 3.5],
          [133.28059, 33.39441, 3.5],
          [133.28052, 33.39450, 3.25],
          [133.27942, 33.39545, 3.5],
          [133.27876, 33.39602, 3.25],
          [133.27808, 33.39660, 5.5],
          [133.27799, 33.39667, 5.5],
          [133.27808, 33.39675, 5.75],
          [133.27864, 33.39722, 5.25],
          [133.27892, 33.39747, 5.0],
          [133.27902, 33.39754, 5.25],
          [133.27907, 33.39757, 5.25],
          [133.27914, 33.39760, 5.25],
          [133.27924, 33.39762, 5.25],
          [133.27933, 33.39763, 5.25],
          [133.27942, 33.39764, 5.25],
          [133.27950, 33.39766, 5.5],
          [133.27954, 33.39769, 5.5],
          [133.27957, 33.39774, 5.75],
          [133.27958, 33.39778, 6.0],
          [133.27959, 33.39845, 10.75],
          [133.27960, 33.39859, 12.25],
          [133.27961, 33.39868, 13.25],
          [133.27973, 33.39937, 23.0],
          [133.27978, 33.39961, 25.75],
          [133.27977, 33.39983, 26.75],
          [133.27974, 33.39997, 27.25],
          [133.27977, 33.39983, 26.75],
          [133.27978, 33.39961, 25.75],
          [133.27973, 33.39937, 23.0],
          [133.27961, 33.39868, 13.25],
          [133.27960, 33.39859, 12.25],
          [133.27959, 33.39845, 10.75],
          [133.27958, 33.39778, 6.0],
          [133.27957, 33.39774, 5.75],
          [133.27970, 33.39770, 5.5],
          [133.27976, 33.39767, 5.5],
          [133.28045, 33.39760, 7.0],
          [133.28058, 33.39756, 6.75],
          [133.28090, 33.39752, 6.5],
          [133.28105, 33.39751, 6.5],
          [133.28114, 33.39752, 7.0],
          [133.28141, 33.39760, 9.5],
          [133.28200, 33.39784, 12.0],
          [133.28216, 33.39788, 11.25],
          [133.28240, 33.39791, 9.0],
          [133.28251, 33.39792, 8.0],
          [133.28260, 33.39792, 8.0],
          [133.28287, 33.39786, 7.5],
          [133.28311, 33.39776, 6.75],
          [133.28328, 33.39768, 6.75],
          [133.28348, 33.39755, 7.25],
          [133.28358, 33.39749, 7.75],
          [133.28358, 33.39764, 8.25],
          [133.28355, 33.39826, 11.0],
          [133.28355, 33.39849, 12.25],
          [133.28356, 33.39860, 13.0],
          [133.28359, 33.39873, 13.75],
          [133.28364, 33.39886, 14.75],
          [133.28369, 33.39897, 15.75],
          [133.28357, 33.39905, 15.75],
          [133.28352, 33.39911, 16.0],
          [133.28350, 33.39915, 16.25],
          [133.28348, 33.39923, 17.0],
          [133.28348, 33.39943, 19.0],
          [133.28344, 33.40003, 24.75],
          [133.28344, 33.40014, 25.25],
          [133.28344, 33.40031, 26.0],
          [133.28346, 33.40060, 28.25],
          [133.28354, 33.40102, 28.5],
          [133.28359, 33.40129, 24.5],
          [133.28365, 33.40146, 22.0],
          [133.28376, 33.40166, 19.0],
          [133.28402, 33.40208, 15.25],
          [133.28443, 33.40273, 9.25],
          [133.28447, 33.40280, 9.25],
          [133.28457, 33.40296, 9.0],
          [133.28469, 33.40315, 8.25],
          [133.28513, 33.40384, 7.25],
          [133.28524, 33.40401, 7.0],
          [133.28538, 33.40418, 7.0],
          [133.28542, 33.40423, 7.0],
          [133.28561, 33.40454, 7.25],
          [133.28568, 33.40464, 7.5],
          [133.28584, 33.40493, 7.75],
          [133.28606, 33.40525, 7.5],
          [133.28621, 33.40544, 7.5],
          [133.28649, 33.40580, 7.75],
          [133.28680, 33.40618, 7.75],
          [133.28701, 33.40645, 7.5],
          [133.28705, 33.40652, 7.5],
          [133.28711, 33.40663, 7.25],
          [133.28713, 33.40665, 7.25],
          [133.28721, 33.40677, 7.25],
          [133.28722, 33.40679, 7.25],
          [133.28724, 33.40682, 7.25],
          [133.28750, 33.40723, 6.75],
          [133.28763, 33.40745, 6.75],
          [133.28770, 33.40755, 6.75],
          [133.28776, 33.40766, 6.75],
          [133.28791, 33.40789, 6.5],
          [133.28826, 33.40844, 5.5],
          [133.28832, 33.40855, 5.0],
          [133.28928, 33.41009, 5.25],
          [133.28937, 33.41021, 5.5],
          [133.28954, 33.41044, 6.0],
          [133.28960, 33.41052, 6.25],
          [133.28973, 33.41068, 6.5],
          [133.29011, 33.41114, 7.0],
          [133.29018, 33.41122, 7.0],
          [133.29025, 33.41131, 7.0],
          [133.29091, 33.41208, 7.75],
          [133.29103, 33.41222, 7.75],
          [133.29115, 33.41233, 7.75],
          [133.29122, 33.41241, 7.5],
          [133.29179, 33.41310, 6.0],
          [133.29285, 33.41434, 7.0],
          [133.29292, 33.41441, 7.25],
          [133.29301, 33.41451, 7.25],
          [133.29375, 33.41540, 8.25],
          [133.29387, 33.41555, 8.5],
          [133.29393, 33.41562, 8.75],
          [133.29401, 33.41570, 9.25],
          [133.29413, 33.41584, 9.75],
          [133.29418, 33.41590, 10.25],
          [133.29426, 33.41602, 11.0],
          [133.29430, 33.41610, 11.5],
          [133.29438, 33.41629, 12.5],
          [133.29439, 33.41641, 13.25],
          [133.29441, 33.41668, 15.0],
          [133.29446, 33.41754, 24.5],
          [133.29446, 33.41767, 25.0],
          [133.29442, 33.41784, 25.5],
          [133.29438, 33.41800, 25.75],
          [133.29403, 33.41877, 29.25],
          [133.29397, 33.41891, 31.0],
          [133.29394, 33.41902, 32.0],
          [133.29391, 33.41919, 33.0],
          [133.29391, 33.41926, 33.0],
          [133.29391, 33.41934, 33.25],
          [133.29395, 33.41949, 33.0],
          [133.29401, 33.41964, 33.0],
          [133.29413, 33.41980, 33.0],
          [133.29419, 33.41986, 33.25],
          [133.29425, 33.41991, 33.5],
          [133.29441, 33.42004, 34.5],
          [133.29445, 33.42007, 34.75],
          [133.29477, 33.42029, 34.25],
          [133.29487, 33.42039, 33.25],
          [133.29495, 33.42048, 32.25],
          [133.29514, 33.42076, 30.0],
          [133.29541, 33.42117, 28.0],
          [133.29558, 33.42142, 26.25],
          [133.29562, 33.42147, 25.75],
          [133.29576, 33.42169, 24.0],
          [133.29582, 33.42176, 24.25],
          [133.29592, 33.42186, 25.0],
          [133.29601, 33.42195, 25.25],
          [133.29619, 33.42208, 25.0],
          [133.29683, 33.42246, 20.75],
          [133.29717, 33.42266, 20.5],
          [133.29740, 33.42279, 19.25],
          [133.29746, 33.42284, 19.0],
          [133.29749, 33.42287, 18.75],
          [133.29754, 33.42294, 18.5],
          [133.29759, 33.42303, 18.5],
          [133.29762, 33.42315, 18.75],
          [133.29763, 33.42321, 19.0],
          [133.29767, 33.42377, 19.5],
          [133.29768, 33.42381, 19.5],
          [133.29770, 33.42383, 19.25],
          [133.29776, 33.42388, 18.5],
          [133.29787, 33.42393, 17.0],
          [133.29792, 33.42397, 16.25],
          [133.29780, 33.42413, 18.25],
          [133.29777, 33.42418, 18.5],
          [133.29768, 33.42480, 19.5],
          [133.29764, 33.42501, 20.0],
          [133.29760, 33.42527, 20.0],
          [133.29754, 33.42555, 20.0],
          [133.29747, 33.42585, 20.75],
          [133.29740, 33.42605, 21.75],
          [133.29731, 33.42626, 22.75],
          [133.29719, 33.42651, 23.25],
          [133.29706, 33.42676, 23.25],
          [133.29668, 33.42742, 20.0],
          [133.29661, 33.42762, 19.25],
          [133.29656, 33.42779, 18.75],
          [133.29654, 33.42785, 18.75],
          [133.29649, 33.42795, 18.5],
          [133.29647, 33.42803, 19.0],
          [133.29636, 33.42835, 21.5],
          [133.29630, 33.42863, 23.75],
          [133.29627, 33.42895, 26.5],
          [133.29626, 33.42917, 28.0],
          [133.29624, 33.42966, 30.0],
          [133.29617, 33.43334, 45.25],
          [133.29618, 33.43358, 46.25],
          [133.29626, 33.43409, 48.5],
          [133.29639, 33.43452, 50.25],
          [133.29667, 33.43503, 52.75],
          [133.29677, 33.43518, 52.75],
          [133.29701, 33.43550, 54.25],
          [133.29710, 33.43559, 54.0],
          [133.29730, 33.43576, 52.5],
          [133.29750, 33.43590, 53.0],
          [133.29778, 33.43606, 58.75],
          [133.29807, 33.43619, 60.75],
          [133.29889, 33.43643, 60.5],
          [133.30003, 33.43679, 62.25],
          [133.30025, 33.43685, 67.0],
          [133.30041, 33.43688, 69.75],
          [133.30058, 33.43690, 72.25],
          [133.30081, 33.43691, 75.25],
          [133.30116, 33.43694, 73.5],
          [133.30146, 33.43699, 71.5],
          [133.30160, 33.43702, 70.25],
          [133.30175, 33.43706, 69.25],
          [133.30187, 33.43713, 68.25],
          [133.30195, 33.43719, 67.25],
          [133.30202, 33.43727, 66.5],
          [133.30212, 33.43740, 65.25],
          [133.30218, 33.43751, 64.75],
          [133.30247, 33.43813, 74.75],
          [133.30250, 33.43820, 75.5],
          [133.30259, 33.43838, 80.5],
          [133.30275, 33.43865, 83.5],
          [133.30284, 33.43877, 84.0],
          [133.30294, 33.43888, 84.25],
          [133.30305, 33.43896, 84.25],
          [133.30319, 33.43904, 84.25],
          [133.30342, 33.43912, 85.5],
          [133.30369, 33.43919, 89.0],
          [133.30432, 33.43936, 95.5],
          [133.30462, 33.43944, 97.25],
          [133.30488, 33.43947, 100.0],
          [133.30509, 33.43946, 102.25],
          [133.30526, 33.43942, 103.75],
          [133.30579, 33.43923, 106.5],
          [133.30595, 33.43920, 106.5],
          [133.30609, 33.43918, 106.75],
          [133.30627, 33.43920, 106.5],
          [133.30653, 33.43925, 106.0],
          [133.30676, 33.43930, 106.0],
          [133.30681, 33.43932, 106.0],
          [133.30688, 33.43935, 106.0],
          [133.30696, 33.43941, 105.75],
          [133.30702, 33.43947, 105.25],
          [133.30744, 33.44000, 98.75],
          [133.30762, 33.44018, 109.25],
          [133.30775, 33.44028, 113.75],
          [133.30824, 33.44061, 117.0],
          [133.30878, 33.44098, 124.0],
          [133.30910, 33.44120, 124.5],
          [133.30932, 33.44131, 125.0],
          [133.30973, 33.44148, 125.75],
          [133.30995, 33.44156, 126.25],
          [133.31043, 33.44172, 127.0],
          [133.31094, 33.44186, 128.0],
          [133.31140, 33.44195, 128.75],
          [133.31160, 33.44198, 129.0],
          [133.31204, 33.44202, 129.75],
          [133.31227, 33.44203, 130.25],
          [133.31263, 33.44204, 130.75],
          [133.31295, 33.44203, 131.5],
          [133.31314, 33.44202, 131.5],
          [133.31334, 33.44200, 128.25],
          [133.31354, 33.44197, 129.75],
          [133.31407, 33.44184, 130.25],
          [133.31439, 33.44175, 126.75],
          [133.31458, 33.44169, 123.75],
          [133.31515, 33.44149, 125.5],
          [133.31610, 33.44112, 124.0],
          [133.31625, 33.44107, 121.5],
          [133.31637, 33.44104, 119.25],
          [133.31658, 33.44101, 114.5],
          [133.31689, 33.44101, 112.5],
          [133.31702, 33.44102, 112.25],
          [133.31711, 33.44104, 112.0],
          [133.31721, 33.44106, 111.75],
          [133.31732, 33.44110, 111.25],
          [133.31756, 33.44123, 111.25],
          [133.31859, 33.44194, 108.25],
          [133.31872, 33.44202, 107.0],
          [133.31875, 33.44204, 106.5],
          [133.31892, 33.44212, 104.5],
          [133.31905, 33.44216, 102.75],
          [133.31984, 33.44240, 100.0],
          [133.32046, 33.44258, 101.25],
          [133.32125, 33.44282, 101.75],
          [133.32189, 33.44303, 98.0],
          [133.32208, 33.44312, 94.5],
          [133.32296, 33.44372, 84.5],
          [133.32325, 33.44393, 84.75],
          [133.32350, 33.44411, 83.0],
          [133.32359, 33.44419, 82.5],
          [133.32374, 33.44435, 84.0],
          [133.32380, 33.44442, 84.25],
          [133.32431, 33.44519, 78.25],
          [133.32447, 33.44539, 76.25],
          [133.32461, 33.44555, 74.25],
          [133.32514, 33.44608, 69.5],
          [133.32584, 33.44676, 66.5],
          [133.32642, 33.44734, 67.5],
          [133.32673, 33.44765, 64.5],
          [133.32743, 33.44834, 61.25],
          [133.32772, 33.44862, 62.5],
          [133.32799, 33.44889, 63.25],
          [133.32823, 33.44913, 63.0],
          [133.32831, 33.44919, 62.5],
          [133.32857, 33.44936, 62.5],
          [133.32870, 33.44942, 62.25],
          [133.32881, 33.44947, 62.0],
          [133.32905, 33.44955, 61.0],
          [133.32931, 33.44961, 60.75],
          [133.32942, 33.44963, 60.75],
          [133.32954, 33.44965, 60.75],
          [133.32976, 33.44965, 60.75],
          [133.32998, 33.44964, 60.25],
          [133.33013, 33.44963, 60.75],
          [133.33038, 33.44958, 61.25],
          [133.33078, 33.44945, 59.75],
          [133.33102, 33.44935, 58.0],
          [133.33136, 33.44923, 55.75],
          [133.33156, 33.44919, 55.25],
          [133.33169, 33.44917, 55.0],
          [133.33183, 33.44915, 54.5],
          [133.33206, 33.44916, 53.5],
          [133.33239, 33.44919, 52.5],
          [133.33252, 33.44922, 52.25],
          [133.33277, 33.44930, 51.75],
          [133.33300, 33.44940, 51.25],
          [133.33319, 33.44950, 50.25],
          [133.33371, 33.44989, 48.0],
          [133.33377, 33.44993, 47.25],
          [133.33509, 33.45094, 41.75],
          [133.33620, 33.45177, 41.25],
          [133.33629, 33.45183, 41.5],
          [133.33644, 33.45192, 41.5],
          [133.33667, 33.45203, 41.75],
          [133.33678, 33.45207, 42.0],
          [133.33687, 33.45210, 42.25],
          [133.33696, 33.45212, 42.25],
          [133.33725, 33.45219, 42.5],
          [133.33775, 33.45233, 42.75],
          [133.33879, 33.45265, 39.25],
          [133.33993, 33.45298, 33.5],
          [133.34105, 33.45331, 33.75],
          [133.34127, 33.45338, 35.25],
          [133.34131, 33.45340, 35.75],
          [133.34152, 33.45350, 39.0],
          [133.34168, 33.45357, 42.25],
          [133.34189, 33.45369, 44.0],
          [133.34200, 33.45380, 45.25],
          [133.34229, 33.45407, 45.75],
          [133.34273, 33.45466, 48.5],
          [133.34337, 33.45552, 38.25],
          [133.34347, 33.45553, 39.25],
          [133.34375, 33.45579, 38.0],
          [133.34464, 33.45659, 37.75],
          [133.34508, 33.45726, 32.5],
          [133.34545, 33.45766, 28.5],
          [133.34562, 33.45788, 27.5],
          [133.34566, 33.45794, 27.0],
          [133.34605, 33.45838, 26.25],
          [133.34641, 33.45871, 28.75],
          [133.34684, 33.45902, 29.25],
          [133.34833, 33.45998, 24.0],
          [133.34888, 33.46046, 27.0],
          [133.34904, 33.46069, 26.0],
          [133.34917, 33.46086, 25.0],
          [133.34927, 33.46106, 25.0],
          [133.34930, 33.46105, 25.25],
          [133.34946, 33.46101, 25.75],
          [133.34950, 33.46099, 25.75],
          [133.34959, 33.46096, 26.0],
          [133.35015, 33.46080, 28.0],
          [133.35022, 33.46077, 28.25],
          [133.35055, 33.46065, 29.25],
          [133.35080, 33.46064, 27.5],
          [133.35097, 33.46071, 25.5],
          [133.35120, 33.46084, 23.5],
          [133.35162, 33.46098, 23.0],
          [133.35171, 33.46098, 23.0],
          [133.35205, 33.46090, 23.75],
          [133.35224, 33.46091, 24.0],
          [133.35240, 33.46099, 24.25],
          [133.35245, 33.46103, 24.25],
          [133.35258, 33.46106, 24.5],
          [133.35296, 33.46106, 25.0],
          [133.35314, 33.46108, 25.5],
          [133.35341, 33.46112, 26.5],
          [133.35344, 33.46124, 28.25],
          [133.35344, 33.46126, 28.5],
          [133.35353, 33.46150, 32.25],
          [133.35355, 33.46154, 32.75],
          [133.35380, 33.46152, 34.0],
          [133.35403, 33.46155, 36.0],
          [133.35452, 33.46167, 34.75],
          [133.35641, 33.46212, 36.75],
          [133.35683, 33.46223, 37.5],
          [133.35704, 33.46231, 36.75],
          [133.35752, 33.46255, 35.5],
          [133.35797, 33.46276, 36.0],
          [133.35889, 33.46332, 29.5],
          [133.35915, 33.46353, 25.75],
          [133.35935, 33.46373, 25.5],
          [133.35944, 33.46384, 25.25],
          [133.35967, 33.46424, 24.5],
          [133.35995, 33.46474, 20.25],
          [133.36057, 33.46573, 20.5],
          [133.36169, 33.46753, 18.75],
          [133.36253, 33.46884, 15.25],
          [133.36270, 33.46912, 15.0],
          [133.36300, 33.46967, 15.25],
          [133.36304, 33.46972, 15.25],
          [133.36315, 33.46982, 15.25],
          [133.36326, 33.46987, 15.0],
          [133.36335, 33.46989, 15.0],
          [133.36344, 33.46990, 15.25],
          [133.36353, 33.46990, 15.75],
          [133.36390, 33.46989, 17.5],
          [133.36395, 33.46989, 17.75],
          [133.36510, 33.46984, 27.75],
          [133.36549, 33.46984, 30.25],
          [133.36656, 33.47005, 27.25],
          [133.36682, 33.47009, 26.0],
          [133.36721, 33.47005, 24.25],
          [133.36744, 33.46997, 24.25],
          [133.36810, 33.46968, 27.5],
          [133.36901, 33.46931, 19.25],
          [133.36936, 33.46921, 16.5],
          [133.37030, 33.46895, 14.5],
          [133.37068, 33.46887, 14.25],
          [133.37092, 33.46886, 14.0],
          [133.37114, 33.46890, 14.25],
          [133.37143, 33.46901, 14.5],
          [133.37149, 33.46896, 14.25],
          [133.37161, 33.46888, 13.75],
          [133.37224, 33.46892, 11.75],
          [133.37258, 33.46896, 11.0],
          [133.37340, 33.46909, 12.75],
          [133.37352, 33.46911, 12.75],
          [133.37356, 33.46910, 12.75],
          [133.37372, 33.46904, 12.75],
          [133.37374, 33.46903, 12.75],
          [133.37390, 33.46912, 12.75],
          [133.37398, 33.46919, 13.0],
          [133.37489, 33.46973, 14.5],
          [133.37544, 33.47003, 11.25],
          [133.37557, 33.47015, 11.0],
          [133.37564, 33.47020, 10.75],
          [133.37577, 33.47042, 10.5],
          [133.37623, 33.47148, 13.25],
          [133.37630, 33.47149, 13.25],
          [133.37664, 33.47157, 12.0],
          [133.37691, 33.47171, 11.75],
          [133.37708, 33.47188, 11.75],
          [133.37714, 33.47193, 11.75],
          [133.37729, 33.47233, 12.0],
          [133.37744, 33.47361, 11.5],
          [133.37745, 33.47366, 11.5],
          [133.37747, 33.47379, 11.5],
          [133.37751, 33.47401, 11.75],
          [133.37763, 33.47430, 12.0],
          [133.37772, 33.47446, 12.25],
          [133.37773, 33.47447, 12.25],
          [133.37777, 33.47454, 12.25],
          [133.37777, 33.47456, 12.25],
          [133.37798, 33.47483, 12.75],
          [133.37852, 33.47536, 13.0],
          [133.37989, 33.47664, 12.5],
          [133.38014, 33.47684, 13.25],
          [133.38042, 33.47699, 14.25],
          [133.38077, 33.47710, 15.5],
          [133.38155, 33.47722, 15.5],
          [133.38202, 33.47728, 14.75],
          [133.38239, 33.47740, 13.25],
          [133.38340, 33.47793, 13.0],
          [133.38350, 33.47798, 13.0],
          [133.38469, 33.47860, 13.0],
          [133.38503, 33.47873, 13.5],
          [133.38531, 33.47880, 13.75],
          [133.38552, 33.47883, 14.25],
          [133.38581, 33.47885, 14.75],
          [133.38771, 33.47891, 9.0],
          [133.38840, 33.47893, 8.0],
          [133.39006, 33.47899, 11.25],
          [133.39010, 33.47899, 11.5],
          [133.39022, 33.47899, 11.75],
          [133.39114, 33.47898, 12.25],
          [133.39154, 33.47895, 11.0],
          [133.39187, 33.47891, 10.25],
          [133.39228, 33.47883, 9.25],
          [133.39267, 33.47874, 9.0],
          [133.39319, 33.47861, 11.5],
          [133.39350, 33.47851, 13.5],
          [133.39396, 33.47835, 16.75],
          [133.39486, 33.47789, 16.75],
          [133.39511, 33.47778, 15.5],
          [133.39538, 33.47769, 14.5],
          [133.39561, 33.47762, 13.5],
          [133.39584, 33.47757, 12.5],
          [133.39604, 33.47753, 12.0],
          [133.39626, 33.47751, 11.25],
          [133.39683, 33.47746, 9.75],
          [133.39811, 33.47737, 8.75],
          [133.39937, 33.47728, 8.25],
          [133.39941, 33.47727, 8.25],
          [133.39951, 33.47727, 8.25],
          [133.40076, 33.47719, 11.25],
          [133.40166, 33.47713, 17.0],
          [133.40189, 33.47712, 16.75],
          [133.40261, 33.47723, 14.75],
          [133.40282, 33.47731, 15.25],
          [133.40335, 33.47754, 13.75],
          [133.40423, 33.47777, 17.25],
          [133.40478, 33.47793, 17.75],
          [133.40497, 33.47807, 16.5],
          [133.40509, 33.47825, 14.5],
          [133.40525, 33.47835, 13.5],
          [133.40565, 33.47846, 14.0],
          [133.40579, 33.47851, 13.75],
          [133.40597, 33.47862, 12.0],
          [133.40716, 33.47937, 8.25],
          [133.40754, 33.47959, 9.0],
          [133.40798, 33.47984, 10.5],
          [133.40818, 33.47999, 11.25],
          [133.40863, 33.48053, 10.25],
          [133.40893, 33.48087, 9.75],
          [133.40899, 33.48104, 9.75],
          [133.40899, 33.48121, 9.25],
          [133.40895, 33.48154, 8.5],
          [133.40894, 33.48168, 8.25],
          [133.40899, 33.48181, 8.25],
          [133.40904, 33.48185, 8.25],
          [133.40911, 33.48191, 8.5],
          [133.40986, 33.48237, 8.25],
          [133.41033, 33.48273, 7.5],
          [133.41055, 33.48285, 7.5],
          [133.41182, 33.48332, 8.25],
          [133.41227, 33.48349, 9.25],
          [133.41314, 33.48379, 8.25],
          [133.41424, 33.48420, 8.0],
          [133.41454, 33.48430, 9.0],
          [133.41514, 33.48447, 10.5],
          [133.41550, 33.48460, 11.5],
          [133.41580, 33.48469, 12.5],
          [133.41612, 33.48480, 13.0],
          [133.41630, 33.48488, 13.25],
          [133.41639, 33.48495, 13.5],
          [133.41643, 33.48503, 13.5],
          [133.41647, 33.48545, 13.0],
          [133.41650, 33.48576, 12.5],
          [133.41652, 33.48592, 12.0],
          [133.41659, 33.48620, 11.5],
          [133.41660, 33.48624, 11.5],
          [133.41676, 33.48690, 10.5],
          [133.41678, 33.48695, 10.5],
          [133.41683, 33.48720, 10.25],
          [133.41685, 33.48734, 10.25],
          [133.41684, 33.48747, 10.25],
          [133.41668, 33.48820, 9.25],
          [133.41664, 33.48844, 9.0],
          [133.41645, 33.48932, 9.5],
          [133.41636, 33.48976, 9.5],
          [133.41623, 33.49033, 9.75],
          [133.41611, 33.49081, 10.5],
          [133.41611, 33.49094, 10.5],
          [133.41615, 33.49106, 10.5],
          [133.41623, 33.49117, 10.5],
          [133.41636, 33.49134, 10.25],
          [133.41667, 33.49174, 10.25],
          [133.41713, 33.49234, 11.25],
          [133.41734, 33.49264, 11.5],
          [133.41761, 33.49311, 11.5],
          [133.41766, 33.49319, 11.75],
          [133.41780, 33.49339, 12.0],
          [133.41806, 33.49364, 12.0],
          [133.41816, 33.49374, 12.0],
          [133.41832, 33.49390, 12.0],
          [133.41846, 33.49409, 11.75],
          [133.41853, 33.49433, 11.75],
          [133.41854, 33.49544, 11.75],
          [133.41854, 33.49569, 11.75],
          [133.41851, 33.49587, 11.5],
          [133.41877, 33.49598, 12.0],
          [133.41928, 33.49615, 12.75],
          [133.41986, 33.49635, 12.75],
          [133.42019, 33.49646, 12.5],
          [133.42051, 33.49652, 11.75],
          [133.42068, 33.49654, 11.25],
          [133.42070, 33.49663, 11.25],
          [133.42083, 33.49691, 11.0],
          [133.42093, 33.49710, 11.0],
          [133.42097, 33.49724, 11.0],
          [133.42100, 33.49750, 10.75],
          [133.42105, 33.49755, 10.75],
          [133.42138, 33.49759, 10.75],
          [133.42149, 33.49764, 10.5],
          [133.42151, 33.49765, 10.5],
          [133.42167, 33.49773, 10.25],
          [133.42170, 33.49774, 10.25],
          [133.42254, 33.49835, 11.0],
          [133.42263, 33.49839, 11.0],
          [133.42275, 33.49839, 11.0],
          [133.42319, 33.49837, 11.0],
          [133.42361, 33.49836, 11.25],
          [133.42377, 33.49837, 11.5],
          [133.42411, 33.49846, 11.75],
          [133.42417, 33.49847, 11.75],
          [133.42422, 33.49848, 11.75],
          [133.42444, 33.49846, 12.25],
          [133.42498, 33.49842, 13.5],
          [133.42504, 33.49842, 13.5],
          [133.42507, 33.49842, 13.5],
          [133.42508, 33.49851, 13.0],
          [133.42542, 33.49931, 12.0],
          [133.42563, 33.49982, 12.5],
          [133.42576, 33.50032, 11.75],
          [133.42579, 33.50046, 11.25],
          [133.42581, 33.50071, 10.25],
          [133.42582, 33.50114, 10.25],
          [133.42580, 33.50133, 10.5],
          [133.42579, 33.50141, 10.5],
          [133.42579, 33.50151, 10.75],
          [133.42579, 33.50158, 10.75],
          [133.42579, 33.50178, 11.0],
          [133.42577, 33.50215, 12.0],
          [133.42574, 33.50302, 13.0],
          [133.42572, 33.50354, 12.75],
          [133.42573, 33.50406, 12.0],
          [133.42572, 33.50457, 12.0],
          [133.42569, 33.50485, 11.75],
          [133.42564, 33.50512, 11.5],
          [133.42561, 33.50539, 10.75],
          [133.42562, 33.50556, 10.5],
          [133.42569, 33.50593, 10.25],
          [133.42572, 33.50618, 11.0],
          [133.42571, 33.50624, 11.0],
          [133.42571, 33.50627, 11.25],
          [133.42574, 33.50636, 11.25],
          [133.42602, 33.50718, 12.75],
          [133.42627, 33.50805, 13.0],
          [133.42638, 33.50839, 12.75],
          [133.42658, 33.50885, 12.25],
          [133.42671, 33.50913, 12.0],
          [133.42699, 33.50966, 14.25],
          [133.42709, 33.50981, 14.75],
          [133.42717, 33.50987, 14.75],
          [133.42716, 33.51016, 16.5],
          [133.42712, 33.51100, 22.75],
          [133.42711, 33.51153, 21.0],
          [133.42710, 33.51166, 20.75],
          [133.42707, 33.51178, 20.25],
          [133.42698, 33.51201, 19.25],
          [133.42687, 33.51223, 18.0],
          [133.42679, 33.51240, 16.75],
          [133.42675, 33.51251, 15.75],
          [133.42672, 33.51260, 15.75],
          [133.42668, 33.51279, 15.25],
          [133.42667, 33.51306, 14.5],
          [133.42669, 33.51366, 15.0],
          [133.42672, 33.51393, 16.0],
          [133.42675, 33.51405, 16.25],
          [133.42678, 33.51418, 16.5],
          [133.42683, 33.51433, 16.25],
          [133.42689, 33.51447, 15.75],
          [133.42717, 33.51508, 14.75],
          [133.42729, 33.51540, 14.75],
          [133.42737, 33.51568, 14.25],
          [133.42742, 33.51588, 14.5],
          [133.42760, 33.51694, 24.75],
          [133.42765, 33.51721, 23.0],
          [133.42775, 33.51767, 20.5],
          [133.42788, 33.51813, 18.0],
          [133.42794, 33.51831, 18.0],
          [133.42842, 33.51953, 23.75],
          [133.42896, 33.52066, 31.25],
          [133.42904, 33.52093, 29.25],
          [133.42904, 33.52106, 27.0],
          [133.42904, 33.52118, 25.25],
          [133.42900, 33.52134, 23.75],
          [133.42881, 33.52189, 19.75],
          [133.42876, 33.52206, 19.0],
          [133.42873, 33.52223, 17.75],
          [133.42889, 33.52226, 13.5],
          [133.43333, 33.52308, 16.5],
          [133.43389, 33.52318, 27.25],
          [133.43414, 33.52322, 32.25],
          [133.43467, 33.52325, 34.0],
          [133.43549, 33.52325, 27.25],
          [133.43581, 33.52328, 22.75],
          [133.43614, 33.52334, 18.75],
          [133.43649, 33.52346, 14.0],
          [133.43671, 33.52355, 11.75],
          [133.43687, 33.52364, 11.5],
          [133.43704, 33.52380, 11.5],
          [133.43718, 33.52394, 11.5],
          [133.43748, 33.52429, 11.25],
          [133.43776, 33.52466, 10.25],
          [133.43795, 33.52491, 10.25],
          [133.43856, 33.52572, 10.75],
          [133.43872, 33.52593, 11.5],
          [133.43925, 33.52663, 13.75],
          [133.43950, 33.52694, 13.0],
          [133.44001, 33.52764, 13.5],
          [133.43994, 33.52777, 13.0],
          [133.43985, 33.52790, 12.25],
          [133.43978, 33.52801, 11.5],
          [133.43976, 33.52808, 11.25],
          [133.43974, 33.52817, 10.75],
          [133.43977, 33.52841, 10.5],
          [133.43990, 33.52895, 11.5],
          [133.43993, 33.52901, 11.75],
          [133.43998, 33.52910, 11.75],
          [133.44003, 33.52917, 12.0],
          [133.44008, 33.52923, 12.0],
          [133.44014, 33.52927, 12.25],
          [133.44026, 33.52932, 12.25],
          [133.44047, 33.52937, 12.5],
          [133.44060, 33.52938, 12.75],
          [133.44077, 33.52937, 12.75],
          [133.44099, 33.52935, 13.5],
          [133.44140, 33.52925, 15.25],
          [133.44161, 33.52921, 16.25],
          [133.44181, 33.52921, 17.5],
          [133.44193, 33.52922, 18.0],
          [133.44209, 33.52926, 18.5],
          [133.44235, 33.52935, 19.0],
          [133.44269, 33.52951, 18.5],
          [133.44300, 33.52965, 17.75],
          [133.44339, 33.52978, 17.25],
          [133.44372, 33.52986, 18.0],
          [133.44388, 33.52992, 18.25],
          [133.44394, 33.52995, 18.0],
          [133.44468, 33.53045, 19.25],
          [133.44495, 33.53064, 18.75],
          [133.44524, 33.53084, 19.75],
          [133.44547, 33.53103, 22.5],
          [133.44552, 33.53109, 23.0],
          [133.44555, 33.53115, 23.25],
          [133.44555, 33.53122, 23.0],
          [133.44553, 33.53131, 22.25],
          [133.44537, 33.53164, 19.0],
          [133.44530, 33.53176, 17.5],
          [133.44529, 33.53188, 16.75],
          [133.44529, 33.53204, 16.0],
          [133.44533, 33.53235, 14.5],
          [133.44536, 33.53248, 14.0],
          [133.44541, 33.53260, 13.75],
          [133.44557, 33.53284, 13.25],
          [133.44583, 33.53307, 12.5],
          [133.44587, 33.53309, 12.75],
          [133.44638, 33.53345, 14.25],
          [133.44651, 33.53351, 14.75],
          [133.44662, 33.53357, 14.75],
          [133.44705, 33.53373, 17.0],
          [133.44736, 33.53383, 17.75],
          [133.44761, 33.53388, 18.5],
          [133.44810, 33.53394, 22.0],
          [133.44827, 33.53399, 22.5],
          [133.44832, 33.53408, 21.75],
          [133.44885, 33.53424, 23.5],
          [133.44976, 33.53427, 25.25],
          [133.45054, 33.53424, 20.25],
          [133.45109, 33.53419, 16.75],
          [133.45115, 33.53419, 16.75],
          [133.45119, 33.53423, 16.75],
          [133.45135, 33.53443, 17.75],
          [133.45145, 33.53455, 18.0],
          [133.45159, 33.53466, 18.0],
          [133.45182, 33.53484, 17.75],
          [133.45207, 33.53496, 16.5],
          [133.45241, 33.53516, 18.5],
          [133.45285, 33.53538, 22.0],
          [133.45327, 33.53555, 22.5],
          [133.45385, 33.53574, 20.75],
          [133.45399, 33.53585, 19.5],
          [133.45421, 33.53620, 23.5],
          [133.45435, 33.53634, 25.0],
          [133.45448, 33.53642, 25.75],
          [133.45467, 33.53647, 25.75],
          [133.45555, 33.53643, 24.25],
          [133.45576, 33.53642, 24.5],
          [133.45607, 33.53648, 25.75],
          [133.45640, 33.53663, 24.25],
          [133.45659, 33.53669, 24.25],
          [133.45687, 33.53671, 26.0],
          [133.45708, 33.53668, 26.75],
          [133.45767, 33.53643, 35.75],
          [133.45829, 33.53635, 42.0],
          [133.45900, 33.53628, 43.75],
          [133.46027, 33.53608, 39.0],
          [133.46090, 33.53598, 38.25],
          [133.46115, 33.53589, 37.0],
          [133.46135, 33.53579, 36.75],
          [133.46147, 33.53564, 38.0],
          [133.46157, 33.53548, 38.75],
          [133.46166, 33.53525, 39.75],
          [133.46176, 33.53462, 43.75],
          [133.46177, 33.53434, 45.0],
          [133.46188, 33.53413, 45.75],
          [133.46209, 33.53404, 46.25],
          [133.46237, 33.53404, 46.25],
          [133.46267, 33.53411, 45.25],
          [133.46282, 33.53420, 44.25],
          [133.46295, 33.53434, 44.25],
          [133.46318, 33.53460, 43.25],
          [133.46366, 33.53502, 40.25],
          [133.46401, 33.53508, 39.0],
          [133.46472, 33.53496, 34.5],
          [133.46528, 33.53501, 31.5],
          [133.46615, 33.53516, 29.75],
          [133.46634, 33.53524, 29.5],
          [133.46657, 33.53543, 28.75],
          [133.46699, 33.53579, 26.5],
          [133.46719, 33.53590, 25.75],
          [133.46737, 33.53594, 24.75],
          [133.46769, 33.53596, 23.5],
          [133.46790, 33.53599, 23.0],
          [133.46840, 33.53610, 22.25],
          [133.46911, 33.53627, 19.75],
          [133.46947, 33.53633, 18.75],
          [133.46969, 33.53633, 18.5],
          [133.47025, 33.53631, 17.5],
          [133.47181, 33.53624, 15.25],
          [133.47222, 33.53623, 15.25],
          [133.47239, 33.53622, 15.25],
          [133.47246, 33.53622, 15.25],
          [133.47277, 33.53621, 15.25],
          [133.47315, 33.53619, 15.5],
          [133.47341, 33.53616, 15.5],
          [133.47359, 33.53609, 15.25],
          [133.47372, 33.53600, 15.0],
          [133.47419, 33.53554, 13.25],
          [133.47438, 33.53540, 12.5],
          [133.47454, 33.53530, 12.25],
          [133.47479, 33.53520, 12.0],
          [133.47489, 33.53518, 12.0],
          [133.47491, 33.53521, 12.0],
          [133.47498, 33.53528, 12.0],
          [133.47509, 33.53543, 12.0],
          [133.47518, 33.53559, 12.0],
          [133.47535, 33.53579, 12.0],
          [133.47545, 33.53587, 12.0],
          [133.47551, 33.53590, 12.0],
          [133.47555, 33.53599, 12.25],
          [133.47561, 33.53608, 12.25],
          [133.47609, 33.53664, 12.25],
          [133.47622, 33.53675, 13.75],
          [133.47631, 33.53680, 14.75],
          [133.47644, 33.53685, 15.75],
          [133.47662, 33.53689, 16.5],
          [133.47716, 33.53695, 15.25],
          [133.47759, 33.53701, 13.5],
          [133.47795, 33.53705, 12.5],
          [133.47863, 33.53714, 11.75],
          [133.47931, 33.53722, 12.0],
          [133.47961, 33.53729, 11.75],
          [133.47981, 33.53737, 11.25],
          [133.47998, 33.53745, 11.0],
          [133.48011, 33.53753, 11.5],
          [133.48026, 33.53766, 12.75],
          [133.48038, 33.53778, 13.5],
          [133.48047, 33.53791, 14.0],
          [133.48054, 33.53802, 14.25],
          [133.48100, 33.53884, 12.0],
          [133.48111, 33.53899, 11.75],
          [133.48151, 33.53937, 11.0],
          [133.48157, 33.53943, 11.0],
          [133.48163, 33.53947, 11.0],
          [133.48178, 33.53959, 10.75],
          [133.48284, 33.54041, 10.5],
          [133.48292, 33.54047, 10.5],
          [133.48306, 33.54058, 10.75],
          [133.48338, 33.54083, 10.75],
          [133.48357, 33.54098, 10.75],
          [133.48405, 33.54135, 11.25],
          [133.48434, 33.54159, 12.0],
          [133.48443, 33.54166, 12.25],
          [133.48470, 33.54186, 12.75],
          [133.48475, 33.54190, 13.0],
          [133.48498, 33.54208, 13.0],
          [133.48501, 33.54211, 13.0],
          [133.48523, 33.54230, 13.0],
          [133.48546, 33.54249, 12.25],
          [133.48553, 33.54257, 12.25],
          [133.48558, 33.54268, 12.0],
          [133.48560, 33.54282, 11.75],
          [133.48571, 33.54283, 11.75],
          [133.48576, 33.54283, 11.5],
          [133.48631, 33.54295, 11.5],
          [133.48695, 33.54310, 11.5],
          [133.48763, 33.54324, 11.5],
          [133.48804, 33.54333, 13.5],
          [133.48818, 33.54336, 14.0],
          [133.48867, 33.54347, 13.75],
          [133.48946, 33.54365, 11.75],
          [133.48970, 33.54370, 11.75],
          [133.49022, 33.54381, 11.25],
          [133.49048, 33.54387, 10.5],
          [133.49063, 33.54390, 10.25],
          [133.49075, 33.54392, 10.0],
          [133.49151, 33.54404, 10.75],
          [133.49164, 33.54406, 10.75],
          [133.49164, 33.54414, 10.75],
          [133.49161, 33.54475, 10.75],
          [133.49156, 33.54495, 10.75],
          [133.49152, 33.54505, 11.0],
          [133.49138, 33.54540, 11.0],
          [133.49137, 33.54546, 11.0],
          [133.49140, 33.54554, 11.0],
          [133.49143, 33.54563, 11.0],
          [133.49152, 33.54576, 11.0],
          [133.49162, 33.54588, 11.0],
          [133.49178, 33.54602, 11.25],
          [133.49194, 33.54619, 11.75],
          [133.49225, 33.54653, 12.5],
          [133.49245, 33.54672, 12.75],
          [133.49267, 33.54688, 12.5],
          [133.49279, 33.54699, 12.25],
          [133.49326, 33.54729, 11.0],
          [133.49373, 33.54763, 11.75],
          [133.49392, 33.54773, 12.25],
          [133.49422, 33.54790, 12.5],
          [133.49451, 33.54805, 12.25],
          [133.49489, 33.54824, 12.0],
          [133.49500, 33.54830, 12.0],
          [133.49538, 33.54852, 11.5],
          [133.49556, 33.54861, 11.25],
          [133.49571, 33.54868, 11.0],
          [133.49586, 33.54877, 11.0],
          [133.49590, 33.54879, 11.0],
          [133.49646, 33.54910, 11.0],
          [133.49649, 33.54912, 10.75],
          [133.49672, 33.54925, 10.75],
          [133.49714, 33.54946, 10.75],
          [133.49769, 33.54976, 10.5],
          [133.49792, 33.54990, 11.0],
          [133.49827, 33.55017, 11.75],
          [133.49830, 33.55019, 11.75],
          [133.49869, 33.55047, 11.75],
          [133.49892, 33.55061, 11.25],
          [133.49914, 33.55072, 10.5],
          [133.49962, 33.55095, 11.0],
          [133.49966, 33.55097, 11.0],
          [133.50048, 33.55134, 11.0],
          [133.50078, 33.55147, 11.0],
          [133.50087, 33.55151, 11.0],
          [133.50091, 33.55153, 11.25],
          [133.50116, 33.55163, 11.75],
          [133.50131, 33.55171, 12.0],
          [133.50142, 33.55177, 12.25],
          [133.50154, 33.55183, 12.5],
          [133.50206, 33.55209, 12.5],
          [133.50217, 33.55215, 12.25],
          [133.50223, 33.55216, 12.25],
          [133.50237, 33.55220, 12.0],
          [133.50244, 33.55222, 12.0],
          [133.50277, 33.55232, 11.5],
          [133.50304, 33.55222, 11.25],
          [133.50315, 33.55218, 11.0],
          [133.50346, 33.55207, 10.5],
          [133.50379, 33.55197, 10.25],
          [133.50383, 33.55196, 10.25],
          [133.50420, 33.55190, 10.25],
          [133.50499, 33.55182, 10.75],
          [133.50502, 33.55182, 10.75],
          [133.50506, 33.55180, 10.5],
          [133.50511, 33.55179, 10.25],
          [133.50575, 33.55167, 6.5],
          [133.50771, 33.55137, 8.0],
          [133.50810, 33.55134, 8.25],
          [133.50875, 33.55134, 8.25],
          [133.50921, 33.55139, 7.75],
          [133.50954, 33.55145, 7.0],
          [133.50977, 33.55149, 6.5],
          [133.51021, 33.55161, 5.5],
          [133.51091, 33.55188, 5.75],
          [133.51123, 33.55203, 5.75],
          [133.51173, 33.55233, 5.0],
          [133.51199, 33.55251, 5.75],
          [133.51251, 33.55288, 7.0],
          [133.51310, 33.55325, 5.25],
          [133.51335, 33.55340, 5.0],
          [133.51346, 33.55345, 5.25],
          [133.51401, 33.55369, 5.75],
          [133.51429, 33.55380, 5.75],
          [133.51468, 33.55394, 5.25],
          [133.51525, 33.55407, 5.0],
          [133.51569, 33.55414, 5.0],
          [133.51595, 33.55418, 5.0],
          [133.51630, 33.55421, 5.0],
          [133.51652, 33.55422, 5.0],
          [133.51676, 33.55421, 5.0],
          [133.51683, 33.55420, 5.0],
          [133.51692, 33.55419, 5.0],
          [133.51694, 33.55424, 5.0],
          [133.51695, 33.55427, 5.0],
          [133.51696, 33.55433, 5.25],
          [133.51701, 33.55529, 7.5],
          [133.51701, 33.55533, 7.5],
          [133.51701, 33.55540, 8.0],
          [133.51701, 33.55567, 10.0],
          [133.51701, 33.55573, 10.5],
          [133.51701, 33.55584, 11.25],
          [133.51702, 33.55593, 11.0],
          [133.51710, 33.55593, 11.0],
          [133.51867, 33.55595, 11.0],
          [133.51888, 33.55595, 10.5],
          [133.51976, 33.55596, 8.5],
          [133.52082, 33.55594, 7.75],
          [133.52234, 33.55596, 8.5],
          [133.52287, 33.55596, 9.25],
          [133.52297, 33.55596, 9.5],
          [133.52309, 33.55595, 9.5],
          [133.52362, 33.55595, 9.75],
          [133.52504, 33.55597, 9.25],
          [133.52511, 33.55597, 9.0],
          [133.52519, 33.55597, 9.0],
          [133.52708, 33.55597, 7.25],
          [133.52720, 33.55597, 7.0],
          [133.52729, 33.55597, 7.0],
          [133.52738, 33.55597, 7.0],
          [133.52766, 33.55598, 7.0],
          [133.52771, 33.55599, 7.25],
          [133.52779, 33.55601, 7.25],
          [133.52951, 33.55653, 8.75],
          [133.52951, 33.55653, 8.75],
          [133.52960, 33.55655, 8.75],
          [133.52969, 33.55656, 9.0],
          [133.53027, 33.55666, 9.25],
          [133.53064, 33.55673, 8.25],
          [133.53073, 33.55674, 8.25],
          [133.53084, 33.55676, 8.0],
          [133.53228, 33.55703, 12.25],
          [133.53235, 33.55704, 12.75],
          [133.53246, 33.55706, 13.5],
          [133.53244, 33.55713, 14.0],
          [133.53225, 33.55796, 13.75],
          [133.53223, 33.55804, 13.5],
          [133.53222, 33.55810, 13.0],
          [133.53221, 33.55813, 13.0],
          [133.53220, 33.55818, 12.75],
          [133.53232, 33.55821, 13.25],
          [133.53246, 33.55824, 14.0],
          [133.53404, 33.55855, 13.0],
          [133.53402, 33.55861, 12.75],
          [133.53407, 33.55865, 12.0],
          [133.53408, 33.55867, 11.75],
          [133.53409, 33.55876, 11.25],
          [133.53407, 33.55887, 10.5],
          [133.53404, 33.55900, 7.75]
        ]
      }
    }
  ]
}
