{
  "type": "FeatureCollection",
  "features": [
    {
      "type": "Feature",
      "properties": {
        "creator": "BRouter-1.7.10",
        "name": "brouter_fastbike-asia-pacific_0",
        "track-length": "218353",
        "filtered ascend": "1021",
        "plain-ascend": "-1",
        "total-time": "42483",
        "total-energy": "4203574",
        "cost": "328147",
        "messages": [
          ["Longitude", "Latitude", "Elevation", "Distance", "CostPerKm", "ElevCost", "TurnCost", "NodeCost", "InitialCost", "WayTags", "NodeTags", "Time", "Energy"],
          ["133533920", "33559482", "7", "54", "7000", "0", "0", "0", "0", "reversedirection=yes highway=footway surface=paving_stones", "", "6", "630"],
          ["133533912", "33559513", "7", "4", "7000", "0", "0", "0", "0", "reversedirection=yes highway=footway surface=asphalt", "", "6", "679"],
          ["133533957", "33559522", "7", "4", "7000", "0", "88", "20", "0", "highway=footway surface=asphalt", "highway=crossing crossing=traffic_signals", "7", "727"],
          ["133533936", "33559624", "7", "11", "1060", "0", "84", "20", "0", "highway=tertiary surface=asphalt estimated_traffic_class=4", "highway=traffic_signals", "8", "852"],
          ["133533909", "33559734", "6", "12", "1060", "0", "0", "20", "0", "highway=tertiary surface=asphalt estimated_traffic_class=4", "highway=crossing crossing=traffic_signals", "9", "986"],
          ["133533730", "33560386", "6", "74", "1060", "0", "0", "20", "0", "highway=tertiary surface=asphalt estimated_traffic_class=4", "highway=crossing crossing=traffic_signals", "19", "1920"],
          ["133533713", "33560444", "7", "7", "1060", "0", "0", "0", "0", "highway=tertiary surface=asphalt estimated_traffic_class=4", "", "20", "2023"],
          ["133534331", "33560777", "7", "80", "1060", "0", "31", "20", "0", "highway=tertiary surface=asphalt estimated_traffic_class=4 oneway=yes", "highway=crossing crossing=traffic_signals", "33", "3358"],
          ["133534418", "33560800", "8", "8", "1060", "0", "0", "20", "0", "highway=tertiary surface=asphalt estimated_traffic_class=4 oneway=yes", "highway=traffic_signals traffic_signals=signal", "35", "3512"],
          ["133534525", "33560829", "8", "10", "1060", "0", "0", "20", "0", "highway=tertiary surface=asphalt estimated_traffic_class=4 oneway=yes", "highway=crossing crossing=traffic_signals", "37", "3730"],
          ["133535836", "33561109", "8", "126", "1060", "0", "0", "20", "0", "highway=tertiary surface=asphalt estimated_traffic_class=4 oneway=yes", "highway=traffic_signals traffic_signals=signal", "60", "6058"],
          ["133537496", "33561499", "9", "160", "1060", "0", "0", "20", "0", "highway=tertiary surface=asphalt estimated_traffic_class=4 oneway=yes", "highway=crossing crossing=traffic_signals", "91", "9114"],
          ["133537632", "33561530", "9", "13", "1060", "0", "0", "20", "0", "highway=tertiary surface=asphalt estimated_traffic_class=4 oneway=yes", "highway=traffic_signals estimated_crossing_class=0", "93", "9345"],
          ["133537788", "33561561", "8", "15", "1060", "0", "0", "20", "0", "highway=tertiary surface=asphalt estimated_traffic_class=4 oneway=yes", "highway=crossing crossing=traffic_signals", "95", "9593"],
          ["133538905", "33561792", "9", "107", "1060", "0", "0", "20", "0", "highway=tertiary surface=asphalt estimated_traffic_class=4 oneway=yes", "highway=crossing crossing=traffic_signals", "114", "11491"],
          ["133539011", "33561812", "9", "10", "1060", "0", "0", "20", "0", "highway=tertiary surface=asphalt estimated_traffic_class=4 oneway=yes", "highway=traffic_signals", "116", "11684"],
          ["133539112", "33561831", "9", "10", "1060", "0", "0", "20", "0", "highway=tertiary surface=asphalt estimated_traffic_class=4 oneway=yes", "highway=crossing crossing=traffic_signals", "118", "11874"],
          ["133540112", "33562021", "11", "95", "1060", "0", "0", "20", "0", "highway=tertiary surface=asphalt estimated_traffic_class=4 oneway=yes", "highway=crossing crossing=traffic_signals", "141", "14131"],
          ["133540221", "33562039", "11", "10", "1060", "0", "0", "20", "0", "highway=tertiary surface=asphalt estimated_traffic_class=4 oneway=yes", "highway=traffic_signals traffic_signals=signal", "143", "14336"],
          ["133540331", "33562059", "11", "10", "1060", "0", "0", "20", "0", "highway=tertiary surface=asphalt estimated_traffic_class=4 oneway=yes", "highway=traffic_signals traffic_signals=signal", "145", "14537"],
          ["133540426", "33562080", "11", "9", "1060", "0", "0", "20", "0", "highway=tertiary surface=asphalt estimated_traffic_class=4 oneway=yes", "highway=crossing crossing=traffic_signals", "147", "14727"],
          ["133541147", "33562217", "11", "69", "1060", "0", "0", "20", "0", "highway=tertiary surface=asphalt estimated_traffic_class=4 oneway=yes", "highway=crossing crossing=traffic_signals", "161", "16154"],
          ["133541250", "33562226", "11", "10", "1060", "0", "0", "20", "0", "highway=tertiary surface=asphalt estimated_traffic_class=4 oneway=yes", "highway=traffic_signals traffic_signals=signal", "163", "16346"],
          ["133541333", "33562227", "11", "8", "1060", "0", "0", "20", "0", "highway=tertiary surface=asphalt estimated_traffic_class=4 oneway=yes", "highway=crossing crossing=traffic_signals", "164", "16489"],
          ["133542426", "33562233", "9", "102", "1060", "0", "0", "20", "0", "highway=tertiary surface=asphalt estimated_traffic_class=4 oneway=yes", "highway=crossing crossing=traffic_signals bicycle=yes", "178", "17866"],
          ["133542532", "33562231", "9", "10", "1060", "0", "0", "20", "0", "highway=tertiary surface=asphalt estimated_traffic_class=4 oneway=yes", "highway=traffic_signals traffic_signals=signal", "179", "18001"],
          ["133543029", "33562224", "8", "46", "1060", "0", "0", "20", "0", "highway=tertiary surface=asphalt estimated_traffic_class=4 oneway=yes", "highway=crossing crossing=traffic_signals", "185", "18548"],
          ["133543152", "33562196", "8", "12", "1060", "0", "2", "20", "0", "highway=tertiary surface=asphalt estimated_traffic_class=4 oneway=yes", "highway=traffic_signals traffic_signals=signal", "186", "18695"],
          ["133543213", "33562203", "7", "6", "1030", "0", "7", "0", "0", "highway=tertiary surface=asphalt estimated_traffic_class=3", "railway=unknown", "187", "18766"],
          ["133543230", "33562205", "7", "2", "1030", "0", "0", "20", "0", "highway=tertiary surface=asphalt estimated_traffic_class=3", "highway=traffic_signals", "187", "18791"],
          ["133543248", "33562207", "7", "2", "1030", "0", "0", "0", "0", "highway=tertiary surface=asphalt estimated_traffic_class=3", "railway=unknown", "188", "18815"],
          ["133543317", "33562214", "7", "6", "1030", "0", "0", "20", "0", "highway=tertiary surface=asphalt estimated_traffic_class=3", "highway=traffic_signals traffic_signals=signal", "188", "18885"],
          ["133543436", "33562227", "7", "11", "1030", "0", "0", "20", "0", "highway=tertiary surface=asphalt estimated_traffic_class=3", "highway=crossing crossing=traffic_signals", "190", "19016"],
          ["133545961", "33562077", "6", "236", "1030", "0", "1", "20", "0", "highway=tertiary surface=asphalt estimated_traffic_class=3", "highway=traffic_signals", "222", "22263"],
          ["133547285", "33561971", "4", "124", "1030", "0", "0", "20", "0", "highway=tertiary surface=asphalt estimated_traffic_class=3", "highway=traffic_signals estimated_crossing_class=0", "237", "23726"],
          ["133549044", "33561846", "4", "164", "1060", "0", "0", "20", "0", "highway=tertiary estimated_traffic_class=4", "highway=traffic_signals", "261", "26141"],
          ["133551721", "33561646", "4", "251", "1060", "0", "0", "0", "0", "highway=tertiary estimated_traffic_class=4", "highway=crossing crossing=marked", "302", "30258"],
          ["133554013", "33561496", "3", "215", "1060", "0", "0", "0", "0", "highway=tertiary estimated_traffic_class=4", "", "343", "34307"],
          ["133554240", "33562759", "3", "153", "1100", "0", "188", "0", "0", "highway=unclassified oneway=yes", "", "365", "36559"],
          ["133555190", "33562615", "4", "90", "1100", "0", "0", "20", "0", "highway=unclassified", "highway=crossing crossing=traffic_signals", "381", "38165"],
          ["133555266", "33562599", "4", "7", "1100", "0", "0", "20", "0", "highway=unclassified", "highway=traffic_signals", "382", "38290"],
          ["133555371", "33562576", "4", "10", "1100", "0", "0", "20", "0", "highway=unclassified", "highway=traffic_signals", "384", "38479"],
          ["133555440", "33562566", "4", "7", "1100", "0", "0", "20", "0", "highway=unclassified", "highway=crossing crossing=traffic_signals", "386", "38610"],
          ["133560464", "33562601", "3", "472", "1100", "0", "0", "0", "0", "highway=unclassified", "", "467", "46712"],
          ["133564346", "33562275", "6", "365", "1100", "0", "13", "0", "0", "reversedirection=yes highway=unclassified", "", "538", "53846"],
          ["133565760", "33562128", "4", "132", "1060", "0", "0", "0", "0", "highway=tertiary estimated_traffic_class=4", "", "556", "55694"],
          ["133565764", "33562173", "4", "5", "1060", "0", "91", "0", "0", "highway=tertiary surface=asphalt estimated_traffic_class=4 oneway=yes", "", "557", "55762"],
          ["133565946", "33565191", "3", "335", "1060", "0", "0", "20", "0", "highway=tertiary estimated_traffic_class=4 oneway=yes", "highway=crossing crossing=traffic_signals", "612", "61223"],
          ["133565999", "33565328", "3", "16", "1060", "0", "3", "20", "0", "highway=tertiary estimated_traffic_class=4 oneway=yes", "highway=traffic_signals estimated_crossing_class=0", "614", "61478"],
          ["133566174", "33565325", "3", "16", "1160", "0", "64", "20", "0", "reversedirection=yes highway=secondary estimated_traffic_class=4", "highway=crossing estimated_crossing_class=0 crossing=traffic_signals", "617", "61751"],
          ["133566951", "33565312", "4", "72", "1160", "0", "0", "0", "0", "reversedirection=yes highway=secondary estimated_traffic_class=4", "estimated_crossing_class=4", "630", "63099"],
          ["133568538", "33565268", "3", "147", "1160", "0", "0", "20", "0", "reversedirection=yes highway=secondary estimated_traffic_class=4", "highway=crossing crossing=traffic_signals", "655", "65575"],
          ["133568600", "33565264", "3", "6", "1160", "0", "0", "0", "0", "reversedirection=yes highway=secondary estimated_traffic_class=4", "", "656", "65676"],
          ["133568659", "33565261", "3", "5", "1160", "0", "0", "20", "0", "reversedirection=yes highway=secondary surface=asphalt estimated_traffic_class=4", "highway=traffic_signals estimated_crossing_class=0", "657", "65760"],
          ["133568709", "33565258", "3", "5", "1160", "0", "0", "0", "0", "reversedirection=yes highway=secondary surface=asphalt estimated_traffic_class=4", "", "658", "65844"],
          ["133568786", "33565257", "3", "7", "1160", "0", "0", "20", "0", "reversedirection=yes highway=secondary estimated_traffic_class=4", "highway=crossing crossing=traffic_signals", "659", "65962"],
          ["133570489", "33565221", "3", "158", "1160", "0", "0", "20", "0", "reversedirection=yes highway=secondary estimated_traffic_class=4", "highway=crossing crossing=traffic_signals", "686", "68618"],
          ["133570641", "33565216", "3", "14", "1160", "0", "0", "20", "0", "reversedirection=yes highway=secondary estimated_traffic_class=4", "highway=traffic_signals estimated_crossing_class=0", "688", "68853"],
          ["133570839", "33565195", "3", "19", "1160", "0", "0", "20", "0", "reversedirection=yes highway=secondary estimated_traffic_class=4", "highway=crossing estimated_crossing_class=0 crossing=traffic_signals", "692", "69239"],
          ["133572313", "33565169", "3", "137", "1160", "0", "0", "0", "0", "reversedirection=yes highway=secondary estimated_traffic_class=4", "estimated_crossing_class=4", "711", "71204"],
          ["133572686", "33565166", "3", "35", "1160", "0", "0", "20", "0", "reversedirection=yes highway=secondary estimated_traffic_class=4", "highway=traffic_signals traffic_signals=signal", "717", "71756"],
          ["133573111", "33565156", "4", "39", "1160", "0", "0", "0", "0", "reversedirection=yes highway=secondary estimated_traffic_class=4", "estimated_crossing_class=4", "725", "72543"],
          ["133574481", "33565126", "1", "127", "1160", "0", "0", "20", "0", "reversedirection=yes highway=secondary estimated_traffic_class=4", "highway=crossing estimated_crossing_class=0 crossing=traffic_signals", "741", "74119"],
          ["133574649", "33565123", "1", "16", "1160", "0", "0", "20", "0", "reversedirection=yes highway=secondary estimated_traffic_class=4", "highway=traffic_signals", "743", "74351"],
          ["133574896", "33565118", "1", "23", "1160", "0", "0", "20", "0", "reversedirection=yes highway=secondary estimated_traffic_class=4", "highway=traffic_signals", "747", "74713"],
          ["133575061", "33565113", "1", "15", "1160", "0", "0", "20", "0", "reversedirection=yes highway=secondary estimated_traffic_class=4", "highway=crossing estimated_crossing_class=0 crossing=traffic_signals", "749", "74951"],
          ["133575402", "33565104", "2", "32", "1160", "0", "0", "0", "0", "reversedirection=yes highway=secondary estimated_traffic_class=4", "estimated_crossing_class=4", "755", "75565"],
          ["133575448", "33565103", "2", "4", "1160", "0", "0", "0", "0", "reversedirection=yes highway=secondary estimated_traffic_class=4", "estimated_crossing_class=4", "756", "75640"],
          ["133575853", "33565089", "3", "38", "1160", "0", "0", "0", "0", "reversedirection=yes highway=secondary estimated_traffic_class=4", "estimated_crossing_class=4", "764", "76472"],
          ["133576262", "33565085", "3", "38", "1160", "0", "0", "0", "0", "reversedirection=yes highway=secondary estimated_traffic_class=4", "estimated_crossing_class=4", "772", "77236"],
          ["133576544", "33565086", "3", "26", "1160", "0", "0", "0", "0", "reversedirection=yes highway=secondary estimated_traffic_class=4", "estimated_crossing_class=4", "777", "77734"],
          ["133577372", "33565190", "2", "79", "1160", "0", "0", "0", "0", "reversedirection=yes highway=secondary estimated_traffic_class=4", "estimated_crossing_class=4", "789", "79011"],
          ["133578064", "33565394", "0", "69", "1160", "0", "0", "0", "0", "reversedirection=yes highway=secondary estimated_traffic_class=4", "estimated_crossing_class=4", "798", "79830"],
          ["133578466", "33565560", "0", "41", "1160", "0", "0", "0", "0", "reversedirection=yes highway=secondary estimated_traffic_class=4", "estimated_crossing_class=4", "803", "80314"],
          ["133579362", "33565922", "0", "92", "1160", "0", "0", "20", "0", "reversedirection=yes highway=secondary estimated_traffic_class=4", "highway=crossing estimated_crossing_class=0 crossing=traffic_signals", "815", "81606"],
          ["133579536", "33565992", "0", "18", "1160", "0", "0", "20", "0", "reversedirection=yes highway=secondary estimated_traffic_class=4", "highway=traffic_signals estimated_crossing_class=0", "818", "81896"],
          ["133579689", "33566055", "0", "16", "1160", "0", "0", "20", "0", "reversedirection=yes highway=secondary estimated_traffic_class=4", "highway=crossing estimated_crossing_class=0 crossing=traffic_signals", "821", "82171"],
          ["133581511", "33566794", "0", "188", "1160", "0", "0", "0", "0", "reversedirection=yes highway=secondary estimated_traffic_class=4", "estimated_crossing_class=4", "854", "85463"],
          ["133583641", "33567658", "1", "220", "1160", "0", "0", "0", "0", "reversedirection=yes highway=secondary estimated_traffic_class=4", "estimated_crossing_class=0", "893", "89391"],
          ["133583685", "33567672", "1", "4", "1160", "0", "0", "20", "0", "reversedirection=yes highway=secondary estimated_traffic_class=4", "highway=crossing estimated_crossing_class=0 crossing=traffic_signals", "894", "89464"],
          ["133583822", "33567724", "1", "14", "1160", "0", "0", "20", "0", "reversedirection=yes highway=secondary estimated_traffic_class=4", "highway=traffic_signals estimated_crossing_class=0", "897", "89735"],
          ["133583956", "33567779", "1", "14", "1160", "0", "0", "20", "0", "reversedirection=yes highway=secondary estimated_traffic_class=4", "highway=crossing estimated_crossing_class=0 crossing=traffic_signals", "900", "90019"],
          ["133585726", "33568504", "2", "183", "1160", "0", "0", "0", "0", "reversedirection=yes highway=secondary estimated_traffic_class=4", "estimated_crossing_class=4", "934", "93456"],
          ["133585842", "33568553", "2", "12", "1160", "0", "0", "0", "0", "reversedirection=yes highway=secondary estimated_traffic_class=4", "estimated_crossing_class=4", "936", "93665"],
          ["133586013", "33568622", "2", "18", "1160", "0", "0", "0", "0", "reversedirection=yes highway=secondary estimated_traffic_class=4", "estimated_crossing_class=4", "939", "93977"],
          ["133586718", "33568910", "2", "73", "1160", "0", "0", "0", "0", "reversedirection=yes highway=secondary estimated_traffic_class=4", "estimated_crossing_class=4", "952", "95228"],
          ["133588747", "33569719", "1", "209", "1160", "0", "0", "0", "0", "reversedirection=yes highway=secondary estimated_traffic_class=4", "estimated_crossing_class=4", "983", "98392"],
          ["133589908", "33570188", "3", "120", "1160", "0", "0", "0", "0", "reversedirection=yes highway=secondary estimated_traffic_class=4", "estimated_crossing_class=4", "1013", "101362"],
          ["133589942", "33570203", "3", "4", "1160", "0", "0", "0", "0", "reversedirection=yes highway=secondary estimated_traffic_class=4", "", "1014", "101450"],
          ["133590098", "33570267", "4", "16", "1130", "0", "0", "0", "0", "reversedirection=yes highway=secondary estimated_traffic_class=3", "", "1018", "101814"],
          ["133590359", "33570380", "4", "27", "1160", "0", "0", "0", "0", "reversedirection=yes highway=secondary surface=asphalt estimated_traffic_class=4", "estimated_crossing_class=4", "1023", "102394"],
          ["133590651", "33570494", "4", "30", "1160", "0", "0", "0", "0", "reversedirection=yes highway=secondary surface=asphalt estimated_traffic_class=4", "estimated_crossing_class=4", "1030", "103039"],
          ["133590915", "33570597", "4", "27", "1160", "0", "0", "0", "0", "reversedirection=yes highway=secondary surface=asphalt estimated_traffic_class=4", "estimated_crossing_class=4", "1035", "103584"],
          ["133592476", "33571224", "5", "161", "1160", "0", "0", "0", "0", "reversedirection=yes highway=secondary surface=asphalt estimated_traffic_class=4", "estimated_crossing_class=4", "1070", "107068"],
          ["133593851", "33571770", "4", "141", "1160", "0", "0", "0", "0", "reversedirection=yes highway=secondary surface=asphalt estimated_traffic_class=4", "estimated_crossing_class=0", "1091", "109162"],
          ["133596276", "33572770", "4", "251", "1160", "0", "0", "0", "0", "reversedirection=yes highway=secondary surface=asphalt estimated_traffic_class=4", "estimated_crossing_class=0", "1134", "113465"],
          ["133596357", "33572812", "4", "9", "1160", "0", "0", "20", "0", "reversedirection=yes highway=secondary surface=asphalt estimated_traffic_class=4", "highway=traffic_signals", "1135", "113610"],
          ["133598971", "33573868", "6", "270", "1160", "0", "0", "0", "0", "reversedirection=yes highway=secondary surface=asphalt estimated_traffic_class=4", "estimated_crossing_class=4", "1187", "118777"],
          ["133598993", "33573877", "6", "2", "1160", "0", "0", "20", "0", "reversedirection=yes highway=secondary surface=asphalt estimated_traffic_class=4", "highway=crossing estimated_crossing_class=0 crossing=traffic_signals", "1187", "118812"],
          ["133599020", "33573886", "6", "3", "1160", "0", "0", "0", "0", "reversedirection=yes highway=secondary surface=asphalt estimated_traffic_class=4", "estimated_crossing_class=4", "1188", "118863"],
          ["133600320", "33574401", "5", "133", "1160", "0", "0", "20", "0", "reversedirection=yes highway=secondary surface=asphalt estimated_traffic_class=4", "highway=crossing estimated_crossing_class=0 crossing=traffic_signals", "1208", "120915"],
          ["133600408", "33574431", "5", "9", "1160", "0", "0", "0", "0", "reversedirection=yes highway=secondary surface=asphalt estimated_traffic_class=4", "estimated_crossing_class=4", "1210", "121078"],
          ["133600960", "33574595", "6", "54", "1160", "0", "0", "0", "0", "reversedirection=yes highway=secondary surface=asphalt estimated_traffic_class=4", "estimated_crossing_class=4", "1221", "122150"],
          ["133602769", "33574851", "6", "171", "1160", "0", "0", "0", "0", "reversedirection=yes highway=secondary surface=asphalt estimated_traffic_class=4", "estimated_crossing_class=4", "1253", "125391"],
          ["133603677", "33574930", "5", "85", "1160", "0", "0", "20", "0", "reversedirection=yes highway=secondary surface=asphalt estimated_traffic_class=4", "highway=traffic_signals estimated_crossing_class=0", "1264", "126502"],
          ["133608615", "33575303", "4", "460", "1160", "0", "0", "20", "0", "reversedirection=yes highway=secondary surface=asphalt estimated_traffic_class=4", "highway=traffic_signals", "1335", "133608"],
          ["133610879", "33575728", "6", "216", "1160", "0", "0", "0", "0", "reversedirection=yes highway=secondary surface=asphalt estimated_traffic_class=4", "estimated_crossing_class=4", "1383", "138355"],
          ["133611509", "33576011", "6", "66", "1160", "0", "0", "20", "0", "reversedirection=yes highway=secondary surface=asphalt estimated_traffic_class=4", "highway=crossing estimated_crossing_class=0 crossing=traffic_signals", "1395", "139563"],
          ["133613131", "33576707", "4", "169", "1160", "0", "0", "0", "0", "reversedirection=yes highway=secondary surface=asphalt estimated_traffic_class=4", "estimated_crossing_class=4", "1419", "141994"],
          ["133613717", "33576881", "4", "58", "1160", "0", "0", "0", "0", "reversedirection=yes highway=secondary surface=asphalt estimated_traffic_class=4", "highway=crossing estimated_crossing_class=2", "1427", "142763"],
          ["133613781", "33576894", "4", "6", "1160", "0", "0", "0", "0", "reversedirection=yes highway=secondary surface=asphalt estimated_traffic_class=4", "estimated_crossing_class=2", "1428", "142848"],
          ["133614009", "33576939", "3", "22", "1160", "0", "0", "0", "0", "reversedirection=yes highway=secondary surface=asphalt estimated_traffic_class=4", "estimated_crossing_class=4", "1431", "143134"],
          ["133615070", "33577072", "5", "100", "1160", "0", "0", "0", "0", "reversedirection=yes highway=secondary surface=asphalt estimated_traffic_class=4", "", "1448", "144870"],
          ["133615678", "33577123", "9", "57", "1130", "0", "0", "0", "0", "reversedirection=yes highway=secondary estimated_traffic_class=3", "", "1461", "146194"],
          ["133616229", "33577171", "10", "51", "1130", "0", "0", "0", "0", "reversedirection=yes highway=secondary surface=asphalt estimated_traffic_class=3", "estimated_crossing_class=3", "1474", "147480"],
          ["133618060", "33577332", "8", "171", "1130", "0", "0", "0", "0", "reversedirection=yes highway=secondary surface=asphalt estimated_traffic_class=3", "estimated_crossing_class=3", "1515", "151558"],
          ["133620040", "33577412", "9", "185", "1130", "0", "0", "0", "0", "reversedirection=yes highway=secondary surface=asphalt estimated_traffic_class=3", "estimated_crossing_class=0", "1553", "155358"],
          ["133620089", "33577413", "9", "5", "1130", "0", "0", "20", "0", "reversedirection=yes highway=secondary surface=asphalt estimated_traffic_class=3", "highway=traffic_signals", "1554", "155441"],
          ["133621236", "33577345", "6", "107", "1130", "0", "0", "0", "0", "reversedirection=yes highway=secondary surface=asphalt estimated_traffic_class=3", "estimated_crossing_class=3", "1571", "157149"],
          ["133622432", "33577265", "6", "111", "1130", "0", "0", "20", "0", "reversedirection=yes highway=secondary surface=asphalt estimated_traffic_class=3", "highway=traffic_signals", "1583", "158401"],
          ["133622673", "33577240", "6", "23", "1130", "0", "0", "20", "0", "reversedirection=yes highway=secondary surface=asphalt estimated_traffic_class=3", "highway=traffic_signals", "1586", "158698"],
          ["133623558", "33577140", "5", "83", "1130", "0", "0", "0", "0", "reversedirection=yes highway=secondary surface=asphalt estimated_traffic_class=3", "estimated_crossing_class=3", "1596", "159690"],
          ["133624668", "33577036", "6", "103", "1130", "0", "0", "0", "0", "reversedirection=yes highway=secondary surface=asphalt estimated_traffic_class=3", "estimated_crossing_class=3", "1616", "161656"],
          ["133625530", "33576956", "7", "80", "1130", "0", "0", "0", "0", "reversedirection=yes highway=secondary surface=asphalt estimated_traffic_class=3", "estimated_crossing_class=3", "1633", "163404"],
          ["133625632", "33576945", "7", "10", "1130", "0", "0", "0", "0", "reversedirection=yes highway=secondary surface=asphalt estimated_traffic_class=3", "estimated_crossing_class=0", "1635", "163612"],
          ["133625794", "33576926", "7", "15", "1130", "0", "0", "20", "0", "reversedirection=yes highway=secondary surface=asphalt estimated_traffic_class=3", "highway=traffic_signals estimated_crossing_class=0", "1638", "163916"],
          ["133626461", "33576532", "7", "78", "1130", "0", "7", "20", "0", "reversedirection=yes highway=secondary surface=asphalt estimated_traffic_class=3", "highway=traffic_signals", "1652", "165276"],
          ["133630148", "33577250", "9", "353", "1500", "0", "59", "0", "0", "highway=trunk surface=asphalt cycleway:both=no", "", "1722", "172303"],
          ["133634644", "33577117", "10", "426", "1100", "0", "7", "0", "0", "highway=unclassified", "", "1799", "180009"],
          ["133637290", "33576769", "11", "249", "1100", "0", "1", "0", "0", "reversedirection=yes highway=unclassified", "highway=crossing", "1846", "184716"],
          ["133637349", "33576757", "11", "6", "1100", "0", "0", "0", "0", "reversedirection=yes highway=unclassified", "estimated_crossing_class=0", "1847", "184812"],
          ["133637414", "33576746", "11", "6", "1100", "0", "0", "0", "0", "reversedirection=yes highway=unclassified", "highway=crossing", "1848", "184901"],
          ["133642641", "33577463", "15", "506", "1100", "0", "14", "0", "0", "reversedirection=yes highway=unclassified", "", "1948", "194904"],
          ["133644444", "33576892", "15", "180", "1100", "0", "0", "20", "0", "highway=unclassified", "highway=traffic_signals", "1983", "198390"],
          ["133647747", "33574591", "16", "434", "1100", "0", "15", "0", "0", "highway=unclassified", "highway=crossing", "2060", "206046"],
          ["133647744", "33574568", "16", "3", "1100", "0", "0", "0", "0", "highway=unclassified", "railway=unknown", "2060", "206099"],
          ["133647740", "33574542", "16", "3", "1100", "0", "0", "0", "0", "highway=unclassified", "railway=unknown", "2061", "206152"],
          ["133647755", "33574342", "16", "22", "1100", "0", "2", "20", "0", "highway=unclassified", "highway=traffic_signals estimated_crossing_class=0", "2065", "206564"],
          ["133649201", "33574157", "15", "136", "1130", "0", "67", "0", "0", "highway=secondary estimated_traffic_class=3", "estimated_crossing_class=2", "2085", "208575"],
          ["133650333", "33574028", "16", "106", "1130", "0", "0", "0", "0", "highway=secondary estimated_traffic_class=3", "estimated_crossing_class=3", "2105", "210612"],
          ["133650382", "33574026", "16", "5", "1130", "0", "0", "0", "0", "highway=secondary estimated_traffic_class=3", "estimated_crossing_class=3", "2106", "210709"],
          ["133650468", "33574021", "16", "8", "1130", "0", "0", "0", "0", "highway=secondary estimated_traffic_class=3", "estimated_crossing_class=3", "2108", "210861"],
          ["133650714", "33574007", "16", "23", "1130", "0", "0", "0", "0", "highway=secondary estimated_traffic_class=3", "estimated_crossing_class=3", "2112", "211320"],
          ["133651496", "33573931", "16", "73", "1130", "0", "0", "0", "0", "highway=secondary estimated_traffic_class=3", "estimated_crossing_class=3", "2127", "212756"],
          ["133651512", "33573929", "16", "2", "1130", "0", "0", "0", "0", "highway=secondary estimated_traffic_class=3", "estimated_crossing_class=3", "2127", "212793"],
          ["133652617", "33573712", "15", "105", "1130", "0", "0", "0", "0", "highway=secondary estimated_traffic_class=3", "estimated_crossing_class=3", "2143", "214373"],
          ["133652658", "33573691", "15", "4", "1130", "0", "1", "0", "0", "highway=secondary estimated_traffic_class=3", "estimated_crossing_class=3", "2144", "214437"],
          ["133653412", "33573326", "16", "80", "1130", "0", "0", "0", "0", "highway=secondary estimated_traffic_class=3", "estimated_crossing_class=3", "2159", "216013"],
          ["133653759", "33573233", "16", "34", "1130", "0", "0", "0", "0", "highway=secondary estimated_traffic_class=3", "estimated_crossing_class=3", "2165", "216601"],
          ["133653796", "33573223", "16", "4", "1130", "0", "0", "0", "0", "highway=secondary estimated_traffic_class=3", "estimated_crossing_class=3", "2166", "216670"],
          ["133654312", "33573122", "16", "49", "1130", "0", "0", "0", "0", "highway=secondary estimated_traffic_class=3", "estimated_crossing_class=3", "2174", "217465"],
          ["133654853", "33573016", "16", "52", "1130", "0", "0", "0", "0", "highway=secondary estimated_traffic_class=3", "estimated_crossing_class=3", "2182", "218320"],
          ["133655112", "33572956", "16", "25", "1130", "0", "0", "0", "0", "highway=secondary estimated_traffic_class=3", "estimated_crossing_class=3", "2187", "218734"],
          ["133655536", "33572859", "16", "41", "1130", "0", "0", "0", "0", "highway=secondary estimated_traffic_class=3", "estimated_crossing_class=3", "2193", "219380"],
          ["133655713", "33572823", "15", "17", "1130", "0", "0", "0", "0", "highway=secondary estimated_traffic_class=3", "estimated_crossing_class=3", "2196", "219636"],
          ["133655940", "33572793", "15", "21", "1130", "0", "0", "0", "0", "highway=secondary estimated_traffic_class=3", "estimated_crossing_class=3", "2199", "219941"],
          ["133655986", "33572787", "15", "4", "1130", "0", "0", "0", "0", "highway=secondary estimated_traffic_class=3", "estimated_crossing_class=3", "2199", "220000"],
          ["133656428", "33572722", "15", "42", "1130", "0", "0", "0", "0", "highway=secondary estimated_traffic_class=3", "estimated_crossing_class=3", "2206", "220636"],
          ["133656581", "33572709", "15", "14", "1130", "0", "0", "0", "0", "highway=secondary estimated_traffic_class=3", "estimated_crossing_class=3", "2208", "220853"],
          ["133657485", "33572576", "15", "85", "1130", "0", "0", "0", "0", "highway=secondary estimated_traffic_class=3", "estimated_crossing_class=3", "2222", "222274"],
          ["133658980", "33572304", "17", "142", "1130", "0", "0", "0", "0", "highway=secondary estimated_traffic_class=3", "estimated_crossing_class=3", "2251", "225213"],
          ["133660026", "33572153", "18", "99", "1130", "0", "0", "0", "0", "highway=secondary estimated_traffic_class=3", "estimated_crossing_class=3", "2271", "227200"],
          ["133660903", "33571991", "17", "83", "1130", "0", "0", "20", "0", "highway=secondary estimated_traffic_class=3", "highway=traffic_signals estimated_crossing_class=0", "2285", "228605"],
          ["133663293", "33571518", "15", "228", "1130", "0", "0", "0", "0", "highway=secondary estimated_traffic_class=3", "estimated_crossing_class=3", "2316", "231678"],
          ["133664390", "33571374", "16", "103", "1130", "0", "0", "0", "0", "highway=secondary estimated_traffic_class=3", "estimated_crossing_class=3", "2335", "233571"],
          ["133664491", "33571350", "16", "10", "1130", "0", "0", "0", "0", "highway=secondary estimated_traffic_class=3", "estimated_crossing_class=3", "2337", "233747"],
          ["133665454", "33571172", "16", "92", "1130", "0", "0", "0", "0", "highway=secondary estimated_traffic_class=3", "estimated_crossing_class=3", "2355", "235573"],
          ["133669211", "33570448", "18", "358", "1130", "0", "0", "0", "0", "highway=secondary estimated_traffic_class=3", "estimated_crossing_class=3", "2424", "242492"],
          ["133669238", "33570444", "18", "3", "1130", "0", "0", "0", "0", "highway=secondary estimated_traffic_class=3", "estimated_crossing_class=3", "2425", "242543"],
          ["133669656", "33570356", "18", "40", "1130", "0", "0", "20", "0", "highway=secondary estimated_traffic_class=3", "highway=traffic_signals", "2431", "243186"],
          ["133670060", "33570281", "18", "38", "1290", "0", "0", "0", "0", "highway=primary surface=asphalt estimated_traffic_class=5", "estimated_crossing_class=5", "2437", "243806"],
          ["133670381", "33570214", "18", "31", "1290", "0", "0", "0", "0", "highway=primary surface=asphalt estimated_traffic_class=5", "estimated_crossing_class=5", "2443", "244346"],
          ["133671061", "33570058", "18", "65", "1290", "0", "0", "0", "0", "highway=primary surface=asphalt estimated_traffic_class=5", "estimated_crossing_class=5", "2455", "245539"],
          ["133671367", "33569923", "17", "32", "1290", "0", "0", "20", "0", "highway=primary surface=asphalt estimated_traffic_class=5", "highway=traffic_signals", "2459", "245998"],
          ["133671508", "33569827", "17", "17", "1190", "0", "1", "0", "0", "highway=secondary estimated_traffic_class=5", "estimated_crossing_class=0", "2461", "246231"],
          ["133671639", "33569729", "17", "17", "1190", "0", "1", "0", "0", "highway=secondary estimated_traffic_class=5", "estimated_crossing_class=4", "2464", "246470"],
          ["133672026", "33569293", "17", "61", "1190", "0", "0", "0", "0", "highway=secondary estimated_traffic_class=5", "estimated_crossing_class=4", "2473", "247424"],
          ["133672169", "33569153", "17", "20", "1190", "0", "0", "0", "0", "highway=secondary estimated_traffic_class=5", "estimated_crossing_class=4", "2477", "247763"],
          ["133672697", "33568664", "17", "73", "1190", "0", "0", "0", "0", "highway=secondary estimated_traffic_class=5", "estimated_crossing_class=4", "2489", "248940"],
          ["133672804", "33568567", "17", "15", "1190", "0", "0", "0", "0", "highway=secondary estimated_traffic_class=5", "estimated_crossing_class=4", "2491", "249171"],
          ["133673935", "33567542", "17", "155", "1190", "0", "0", "0", "0", "highway=secondary estimated_traffic_class=5", "estimated_crossing_class=4", "2517", "251756"],
          ["133674349", "33567152", "16", "58", "1190", "0", "0", "0", "0", "highway=secondary estimated_traffic_class=5", "estimated_crossing_class=4", "2525", "252558"],
          ["133676671", "33566202", "16", "248", "1190", "0", "3", "0", "0", "highway=secondary estimated_traffic_class=5", "estimated_crossing_class=4", "2562", "256317"],
          ["133677613", "33566069", "17", "89", "1190", "0", "0", "20", "0", "highway=secondary estimated_traffic_class=5", "highway=traffic_signals estimated_crossing_class=0", "2581", "258194"],
          ["133678377", "33566131", "17", "74", "1190", "0", "23", "0", "0", "highway=secondary estimated_traffic_class=5", "estimated_crossing_class=4", "2595", "259610"],
          ["133678589", "33566074", "16", "21", "1190", "0", "0", "0", "0", "highway=secondary estimated_traffic_class=5", "estimated_crossing_class=4", "2599", "259955"],
          ["133680727", "33566051", "17", "199", "1190", "0", "3", "0", "0", "highway=secondary estimated_traffic_class=5", "estimated_crossing_class=4", "2634", "263436"],
          ["133680823", "33566039", "17", "9", "1190", "0", "0", "0", "0", "highway=secondary estimated_traffic_class=5", "", "2635", "263604"],
          ["133684780", "33565174", "18", "380", "1160", "0", "0", "0", "0", "highway=secondary estimated_traffic_class=4", "", "2707", "270769"],
          ["133684847", "33565162", "19", "6", "1190", "0", "0", "0", "0", "highway=secondary surface=asphalt estimated_traffic_class=5", "estimated_crossing_class=5", "2708", "270894"],
          ["133684978", "33565137", "20", "12", "1190", "0", "0", "0", "0", "highway=secondary surface=asphalt estimated_traffic_class=5", "estimated_crossing_class=5", "2711", "271212"],
          ["133686057", "33565001", "23", "102", "1190", "0", "1", "0", "0", "highway=secondary surface=asphalt estimated_traffic_class=5", "estimated_crossing_class=5", "2733", "273337"],
          ["133686708", "33565059", "22", "60", "1190", "0", "0", "0", "0", "highway=secondary surface=asphalt estimated_traffic_class=5", "estimated_crossing_class=5", "2751", "275154"],
          ["133686766", "33565062", "22", "5", "1190", "0", "0", "0", "0", "highway=secondary surface=asphalt estimated_traffic_class=5", "estimated_crossing_class=5", "2752", "275289"],
          ["133686930", "33565064", "22", "15", "1190", "0", "0", "0", "0", "highway=secondary surface=asphalt estimated_traffic_class=5", "estimated_crossing_class=5", "2756", "275653"],
          ["133687539", "33564981", "21", "57", "1190", "0", "0", "0", "0", "highway=secondary surface=asphalt estimated_traffic_class=5", "highway=crossing crossing=uncontrolled", "2767", "276748"],
          ["133687607", "33564968", "21", "6", "1190", "0", "0", "20", "0", "highway=secondary surface=asphalt estimated_traffic_class=5", "highway=traffic_signals estimated_crossing_class=0", "2768", "276854"],
          ["133687621", "33565020", "22", "6", "1100", "0", "90", "0", "0", "highway=unclassified surface=asphalt", "highway=crossing crossing=uncontrolled", "2769", "276968"],
          ["133689601", "33569879", "26", "576", "1100", "0", "1", "0", "0", "highway=unclassified surface=asphalt", "", "2885", "288572"],
          ["133693108", "33569337", "24", "332", "1100", "0", "48", "0", "0", "reversedirection=yes highway=unclassified", "", "2943", "294348"],
          ["133696785", "33569418", "25", "381", "1200", "0", "137", "0", "0", "reversedirection=yes highway=residential", "estimated_crossing_class=3", "3011", "301144"],
          ["133696869", "33570308", "27", "99", "1130", "0", "95", "0", "0", "reversedirection=yes highway=secondary estimated_traffic_class=3", "estimated_crossing_class=3", "3031", "303237"],
          ["133699766", "33570401", "23", "285", "1200", "0", "299", "0", "0", "highway=residential", "", "3072", "307311"],
          ["133701581", "33569818", "29", "196", "1200", "0", "164", "0", "0", "reversedirection=yes highway=residential", "estimated_crossing_class=4", "3116", "311720"],
          ["133701224", "33568818", "31", "116", "1260", "0", "102", "0", "0", "reversedirection=yes highway=primary surface=asphalt estimated_traffic_class=4", "estimated_crossing_class=4", "3146", "314669"],
          ["133700606", "33567520", "31", "155", "1260", "0", "0", "0", "0", "reversedirection=yes highway=primary surface=asphalt estimated_traffic_class=4", "estimated_crossing_class=4", "3176", "317672"],
          ["133700545", "33567413", "32", "13", "1260", "0", "0", "0", "0", "reversedirection=yes highway=primary surface=asphalt estimated_traffic_class=4", "", "3178", "317935"],
          ["133700425", "33567188", "32", "27", "1290", "0", "1", "0", "0", "reversedirection=yes highway=primary surface=asphalt estimated_traffic_class=5", "estimated_crossing_class=5", "3185", "318571"],
          ["133700194", "33566142", "30", "118", "1290", "0", "1", "20", "0", "reversedirection=yes highway=primary surface=asphalt estimated_traffic_class=5", "highway=traffic_signals estimated_crossing_class=0", "3214", "321451"],
          ["133700119", "33565319", "26", "92", "1290", "0", "1", "0", "0", "reversedirection=yes highway=primary surface=asphalt estimated_traffic_class=5", "estimated_crossing_class=5", "3227", "322811"],
          ["133699162", "33562290", "21", "350", "1100", "0", "49", "0", "0", "highway=unclassified", "estimated_crossing_class=5", "3270", "327058"],
          ["133699539", "33562173", "22", "37", "1190", "0", "79", "0", "0", "highway=secondary surface=asphalt estimated_traffic_class=5", "estimated_crossing_class=5", "3273", "327427"],
          ["133700278", "33561940", "22", "73", "1190", "0", "0", "0", "0", "highway=secondary surface=asphalt estimated_traffic_class=5", "estimated_crossing_class=5", "3283", "328404"],
          ["133701844", "33561549", "20", "153", "1290", "0", "0", "0", "0", "reversedirection=yes highway=primary surface=asphalt estimated_traffic_class=5", "", "3301", "330190"],
          ["133702134", "33561491", "20", "28", "1260", "0", "1", "0", "0", "reversedirection=yes highway=primary surface=asphalt estimated_traffic_class=4", "estimated_crossing_class=3", "3305", "330591"],
          ["133702662", "33561139", "19", "63", "1260", "0", "5", "20", "0", "reversedirection=yes highway=primary surface=asphalt estimated_traffic_class=4", "highway=traffic_signals estimated_crossing_class=0", "3314", "331476"],
          ["133702775", "33561043", "19", "15", "1260", "0", "0", "0", "0", "reversedirection=yes highway=primary surface=asphalt estimated_traffic_class=4", "estimated_crossing_class=0", "3316", "331672"],
          ["133703599", "33560356", "18", "108", "1260", "0", "0", "0", "0", "reversedirection=yes highway=primary surface=asphalt estimated_traffic_class=4", "estimated_crossing_class=3", "3330", "333125"],
          ["133704350", "33559693", "18", "101", "1260", "0", "0", "0", "0", "reversedirection=yes highway=primary surface=asphalt estimated_traffic_class=4", "estimated_crossing_class=3", "3344", "334517"],
          ["133704893", "33559258", "17", "70", "1260", "0", "1", "0", "0", "reversedirection=yes highway=primary surface=asphalt estimated_traffic_class=4", "estimated_crossing_class=3", "3355", "335549"],
          ["133705282", "33558903", "18", "54", "1260", "0", "0", "0", "0", "reversedirection=yes highway=primary surface=asphalt estimated_traffic_class=4", "estimated_crossing_class=3", "3363", "336438"],
          ["133706159", "33558154", "17", "117", "1260", "0", "0", "20", "0", "reversedirection=yes highway=primary surface=asphalt estimated_traffic_class=4", "highway=traffic_signals", "3383", "338388"],
          ["133706191", "33558123", "17", "5", "1260", "0", "0", "0", "0", "reversedirection=yes highway=primary surface=asphalt estimated_traffic_class=4", "", "3384", "338454"],
          ["133706873", "33557600", "15", "86", "1260", "0", "6", "0", "0", "highway=primary_link surface=asphalt estimated_traffic_class=4 oneway=yes", "", "3393", "339439"],
          ["133709372", "33555642", "15", "319", "1500", "0", "2", "20", "0", "highway=trunk oneway=yes", "highway=traffic_signals traffic_signals=signal", "3441", "344231"],
          ["133709465", "33555575", "15", "11", "1500", "0", "0", "20", "0", "highway=trunk oneway=yes", "highway=traffic_signals traffic_signals=signal", "3443", "344438"],
          ["133719955", "33546979", "7", "1397", "1500", "0", "19", "0", "0", "highway=trunk oneway=yes", "", "3674", "367459"],
          ["133720387", "33546531", "8", "64", "1500", "0", "1", "20", "0", "reversedirection=yes highway=trunk", "highway=traffic_signals", "3680", "368141"],
          ["133720757", "33546037", "9", "64", "1500", "0", "0", "0", "0", "reversedirection=yes highway=trunk", "", "3690", "369052"],
          ["133722501", "33543508", "6", "336", "1100", "0", "53", "0", "0", "reversedirection=yes highway=unclassified", "estimated_crossing_class=4", "3742", "374296"],
          ["133723045", "33541389", "11", "240", "1100", "0", "0", "0", "0", "reversedirection=yes highway=unclassified", "", "3790", "379066"],
          ["133731195", "33541644", "8", "763", "1100", "0", "68", "20", "0", "highway=unclassified", "highway=traffic_signals estimated_crossing_class=0", "3915", "391646"],
          ["133741961", "33540099", "10", "1050", "1100", "0", "55", "0", "0", "highway=unclassified", "", "4102", "410349"],
          ["133742578", "33539961", "14", "59", "1200", "0", "1", "0", "0", "reversedirection=yes highway=residential", "estimated_crossing_class=1", "4116", "411755"],
          ["133742616", "33539335", "15", "70", "1100", "0", "59", "0", "0", "highway=secondary estimated_traffic_class=1", "estimated_crossing_class=1", "4135", "413596"],
          ["133742596", "33539091", "15", "27", "1100", "0", "0", "0", "0", "highway=secondary estimated_traffic_class=1", "estimated_crossing_class=1", "4140", "414156"],
          ["133742482", "33538652", "10", "50", "1100", "0", "0", "0", "0", "highway=secondary estimated_traffic_class=1", "estimated_crossing_class=1", "4147", "414777"],
          ["133742461", "33538544", "10", "12", "1100", "0", "0", "0", "0", "highway=secondary estimated_traffic_class=1", "estimated_crossing_class=1", "4148", "414922"],
          ["133742402", "33538312", "11", "26", "1100", "0", "0", "20", "0", "highway=secondary estimated_traffic_class=1", "highway=traffic_signals estimated_crossing_class=0", "4151", "415252"],
          ["133743268", "33538114", "15", "83", "1500", "0", "85", "0", "0", "reversedirection=yes highway=trunk", "", "4166", "416713"],
          ["133754502", "33535873", "8", "1094", "1100", "0", "53", "0", "0", "highway=unclassified", "estimated_crossing_class=2", "4363", "436385"],
          ["133756008", "33533641", "7", "359", "1100", "0", "47", "0", "0", "highway=unclassified", "", "4414", "441466"],
          ["133757525", "33531573", "9", "274", "1500", "0", "33", "20", "0", "reversedirection=yes highway=trunk", "highway=crossing crossing=traffic_signals", "4474", "447520"],
          ["133757534", "33531285", "12", "32", "1500", "0", "0", "20", "0", "reversedirection=yes highway=trunk", "highway=traffic_signals estimated_crossing_class=0", "4480", "448130"],
          ["133757357", "33531138", "12", "23", "1100", "0", "28", "20", "0", "highway=secondary estimated_traffic_class=2", "highway=crossing estimated_crossing_class=0 crossing=traffic_signals", "4484", "448555"],
          ["133757373", "33531066", "12", "8", "1200", "0", "39", "0", "0", "highway=footway foot=designated bicycle=designated route_bicycle_rcn=yes", "", "4486", "448722"],
          ["133757990", "33528779", "10", "266", "1300", "0", "3", "0", "0", "highway=cycleway foot=designated bicycle=designated route_bicycle_rcn=yes", "nodeaccessgranted=yes railway=unknown", "4538", "453908"],
          ["133760906", "33524146", "28", "585", "1300", "0", "2", "0", "0", "highway=cycleway foot=designated bicycle=designated route_bicycle_rcn=yes", "nodeaccessgranted=yes railway=unknown", "4817", "481829"],
          ["133771007", "33516860", "20", "1258", "1300", "467", "54", "0", "0", "highway=cycleway foot=designated bicycle=designated route_bicycle_rcn=yes", "", "5022", "501354"],
          ["133771061", "33516926", "20", "9", "1100", "0", "85", "0", "0", "highway=unclassified", "", "5024", "501547"],
          ["133779879", "33518027", "19", "850", "1500", "0", "87", "0", "0", "reversedirection=yes highway=trunk", "", "5182", "517359"],
          ["133818217", "33517479", "11", "3635", "1100", "0", "104", "0", "0", "reversedirection=yes highway=unclassified", "", "5780", "577138"],
          ["133825106", "33516335", "9", "655", "1500", "0", "1", "20", "0", "reversedirection=yes highway=trunk", "highway=traffic_signals", "5885", "587605"],
          ["133825226", "33516332", "9", "11", "1500", "0", "0", "20", "0", "reversedirection=yes highway=trunk", "highway=crossing crossing=traffic_signals", "5886", "587755"],
          ["133825490", "33516335", "9", "24", "1500", "0", "0", "0", "0", "reversedirection=yes highway=trunk", "", "5890", "588092"],
          ["133829817", "33516380", "8", "412", "1100", "0", "11", "0", "0", "highway=unclassified", "", "5953", "594383"],
          ["133830016", "33516325", "8", "19", "5000", "0", "14", "0", "0", "highway=path", "", "5956", "594690"],
          ["133839141", "33508671", "30", "1312", "1300", "0", "20", "0", "0", "highway=cycleway foot=designated bicycle=designated route_bicycle_rcn=yes", "nodeaccessgranted=yes railway=unknown", "6334", "632531"],
          ["133880753", "33502732", "13", "4024", "1300", "95", "105", "0", "0", "highway=cycleway foot=designated bicycle=designated route_bicycle_rcn=yes", "", "6992", "697881"],
          ["133890263", "33501664", "10", "926", "1000", "0", "105", "0", "0", "reversedirection=yes highway=tertiary estimated_traffic_class=1", "", "7130", "711682"],
          ["133890815", "33501572", "10", "52", "1200", "0", "81", "0", "0", "highway=residential", "highway=crossing", "7142", "712928"],
          ["133890949", "33501551", "10", "12", "1200", "0", "0", "0", "0", "highway=residential", "", "7145", "713188"],
          ["133890993", "33501702", "11", "17", "7100", "0", "86", "0", "0", "reversedirection=yes highway=unclassified oneway=yes", "", "7149", "713593"],
          ["133891068", "33501692", "11", "7", "1100", "0", "82", "0", "0", "highway=unclassified", "highway=crossing", "7151", "713764"],
          ["133907317", "33499487", "11", "1652", "1100", "0", "108", "0", "0", "highway=unclassified", "", "7439", "742631"],
          ["133908709", "33500627", "10", "239", "1100", "0", "78", "0", "0", "reversedirection=yes highway=unclassified", "highway=crossing crossing=uncontrolled", "7475", "746265"],
          ["133908844", "33500633", "9", "12", "1100", "0", "2", "0", "0", "reversedirection=yes highway=unclassified", "highway=crossing crossing=uncontrolled", "7477", "746445"],
          ["133912754", "33499209", "4", "402", "1100", "0", "6", "20", "0", "reversedirection=yes highway=unclassified", "highway=crossing crossing=traffic_signals", "7529", "751665"],
          ["133912872", "33499249", "4", "13", "1100", "0", "26", "20", "0", "reversedirection=yes highway=unclassified", "highway=crossing crossing=traffic_signals", "7531", "751852"],
          ["133913098", "33499289", "4", "21", "1100", "0", "10", "20", "0", "reversedirection=yes highway=unclassified", "highway=traffic_signals estimated_crossing_class=0", "7534", "752145"],
          ["133913265", "33499213", "4", "18", "1500", "0", "22", "20", "0", "reversedirection=yes highway=trunk", "highway=crossing crossing=traffic_signals", "7537", "752419"],
          ["133915661", "33498542", "4", "235", "1500", "0", "1", "20", "0", "reversedirection=yes highway=trunk", "highway=crossing crossing=traffic_signals", "7572", "755924"],
          ["133915781", "33498490", "4", "13", "1500", "0", "0", "20", "0", "reversedirection=yes highway=trunk", "highway=traffic_signals estimated_crossing_class=0", "7575", "756177"],
          ["133915850", "33498457", "4", "7", "1500", "0", "0", "20", "0", "reversedirection=yes highway=trunk", "highway=crossing crossing=traffic_signals", "7576", "756320"],
          ["133917573", "33497825", "3", "175", "1500", "0", "0", "20", "0", "reversedirection=yes highway=trunk", "highway=crossing crossing=traffic_signals", "7605", "759244"],
          ["133921028", "33496814", "2", "340", "1500", "0", "0", "20", "0", "reversedirection=yes highway=trunk", "highway=crossing crossing=traffic_signals", "7659", "764591"],
          ["133921197", "33496750", "2", "17", "1500", "0", "0", "20", "0", "reversedirection=yes highway=trunk", "highway=traffic_signals", "7661", "764828"],
          ["133923287", "33495036", "3", "272", "1500", "0", "1", "0", "0", "reversedirection=yes highway=trunk", "", "7712", "769890"],
          ["133925471", "33494086", "5", "243", "1100", "0", "35", "0", "0", "highway=unclassified", "", "7760", "774749"],
          ["133928668", "33492550", "7", "347", "1100", "0", "10", "0", "0", "reversedirection=yes highway=unclassified", "estimated_crossing_class=1", "7826", "781318"],
          ["133934331", "33489899", "4", "619", "1100", "0", "5", "0", "0", "highway=unclassified", "", "7943", "793053"],
          ["133940779", "33482130", "14", "1062", "1500", "0", "5", "0", "0", "reversedirection=yes highway=trunk", "", "8135", "812260"],
          ["133942041", "33480554", "21", "213", "1500", "0", "0", "0", "0", "highway=trunk oneway=yes", "", "8226", "821305"],
          ["133943788", "33477797", "22", "347", "1500", "0", "0", "0", "0", "reversedirection=yes highway=trunk", "highway=crossing", "8296", "828340"],
          ["133944378", "33476488", "15", "156", "1500", "0", "1", "0", "0", "reversedirection=yes highway=trunk", "", "8319", "830589"],
          ["133944689", "33476107", "16", "56", "1100", "0", "106", "0", "0", "reversedirection=yes highway=unclassified", "", "8330", "831686"],
          ["133942155", "33467066", "20", "1111", "1000", "0", "77", "0", "0", "reversedirection=yes highway=tertiary estimated_traffic_class=1", "", "8559", "854642"],
          ["133942858", "33463131", "15", "492", "1100", "45", "38", "0", "0", "highway=unclassified", "", "8632", "861913"],
          ["133944832", "33460696", "8", "331", "1000", "0", "36", "20", "0", "reversedirection=yes highway=tertiary estimated_traffic_class=1", "highway=crossing crossing=traffic_signals", "8674", "866158"],
          ["133944993", "33460666", "9", "15", "1000", "0", "0", "20", "0", "reversedirection=yes highway=tertiary estimated_traffic_class=1", "highway=traffic_signals", "8676", "866319"],
          ["133944978", "33460524", "9", "16", "1500", "0", "78", "20", "0", "reversedirection=yes highway=trunk", "highway=crossing crossing=traffic_signals", "8678", "866493"],
          ["133946120", "33458523", "8", "250", "1500", "0", "1", "0", "0", "reversedirection=yes highway=trunk", "highway=crossing crossing=uncontrolled", "8711", "869840"],
          ["133960098", "33447195", "16", "1892", "1500", "0", "1", "20", "0", "reversedirection=yes highway=trunk", "highway=crossing crossing=traffic_signals", "9104", "909168"],
          ["133960146", "33447143", "15", "7", "1500", "0", "0", "0", "0", "reversedirection=yes highway=trunk", "", "9105", "909248"],
          ["133965214", "33447084", "22", "481", "1100", "0", "88", "0", "0", "highway=unclassified", "", "9193", "918057"],
          ["133970049", "33444616", "10", "636", "1100", "0", "75", "0", "0", "reversedirection=yes highway=unclassified", "", "9292", "927909"],
          ["133981832", "33437181", "10", "1560", "1100", "0", "94", "20", "0", "highway=unclassified", "highway=traffic_signals estimated_crossing_class=0", "9582", "956987"],
          ["133989754", "33430434", "13", "1126", "1100", "90", "127", "20", "0", "highway=unclassified", "highway=crossing crossing=traffic_signals", "9792", "977954"],
          ["133990255", "33430117", "12", "58", "1100", "0", "0", "20", "0", "highway=unclassified", "highway=traffic_signals", "9801", "978850"],
          ["133990640", "33429889", "12", "44", "1100", "0", "0", "20", "0", "reversedirection=yes highway=unclassified", "highway=crossing crossing=traffic_signals", "9807", "979484"],
          ["133993313", "33428881", "17", "273", "1100", "0", "0", "0", "0", "reversedirection=yes highway=unclassified", "", "9858", "984593"],
          ["134006054", "33426471", "10", "1212", "1000", "0", "0", "0", "0", "reversedirection=yes highway=tertiary estimated_traffic_class=1", "", "10041", "1002848"],
          ["134010750", "33426179", "6", "485", "1100", "0", "11", "0", "0", "highway=unclassified", "", "10111", "1009813"],
          ["134013145", "33427721", "7", "281", "1100", "0", "0", "0", "0", "reversedirection=yes highway=unclassified", "", "10159", "1014688"],
          ["134014953", "33428368", "6", "192", "1100", "0", "29", "20", "0", "reversedirection=yes highway=unclassified surface=asphalt", "highway=crossing crossing=traffic_signals", "10188", "1017574"],
          ["134015025", "33428387", "5", "7", "1100", "0", "0", "20", "0", "reversedirection=yes highway=unclassified surface=asphalt", "highway=traffic_signals", "10189", "1017669"],
          ["134015172", "33428326", "5", "15", "1500", "0", "25", "20", "0", "reversedirection=yes highway=trunk", "highway=crossing crossing=traffic_signals", "10191", "1017848"],
          ["134017358", "33427366", "7", "229", "1500", "0", "0", "0", "0", "reversedirection=yes highway=trunk", "", "10232", "1021927"],
          ["134020193", "33426290", "9", "297", "1100", "0", "77", "0", "0", "reversedirection=yes highway=unclassified", "", "10297", "1028480"],
          ["134021714", "33424985", "8", "277", "1100", "0", "87", "20", "0", "highway=unclassified", "highway=crossing crossing=traffic_signals", "10341", "1032880"],
          ["134021686", "33424912", "8", "9", "1100", "0", "0", "20", "0", "highway=unclassified", "highway=traffic_signals", "10343", "1033026"],
          ["134021668", "33424867", "8", "5", "1100", "0", "0", "20", "0", "highway=unclassified", "highway=crossing crossing=traffic_signals", "10343", "1033108"],
          ["134021266", "33423793", "7", "125", "1100", "0", "0", "0", "0", "highway=unclassified", "", "10362", "1034916"],
          ["134021295", "33423176", "6", "76", "1100", "0", "23", "0", "0", "reversedirection=yes highway=unclassified", "", "10371", "1035891"],
          ["134028031", "33416774", "13", "995", "1100", "0", "28", "0", "0", "highway=unclassified", "", "10569", "1055705"],
          ["134037130", "33389415", "19", "3364", "1500", "0", "88", "0", "0", "reversedirection=yes highway=trunk", "", "11194", "1118154"],
          ["134036346", "33386927", "17", "287", "1100", "0", "19", "0", "0", "reversedirection=yes highway=unclassified", "", "11250", "1123792"],
          ["134036796", "33385557", "13", "158", "1500", "0", "47", "0", "0", "reversedirection=yes highway=trunk", "", "11274", "1126140"],
          ["134036302", "33381250", "16", "526", "1100", "0", "11", "0", "0", "highway=unclassified", "", "11346", "1133341"],
          ["134040913", "33372403", "28", "1602", "1500", "275", "40", "0", "0", "reversedirection=yes highway=trunk", "", "11712", "1169584"],
          ["134041134", "33372782", "31", "48", "1100", "0", "24", "0", "0", "highway=unclassified", "", "11729", "1171316"],
          ["134049957", "33373387", "8", "857", "1100", "317", "14", "0", "0", "reversedirection=yes highway=unclassified", "", "11835", "1181285"],
          ["134050140", "33373330", "8", "18", "1100", "0", "0", "0", "0", "highway=unclassified", "", "11837", "1181508"],
          ["134056541", "33369242", "10", "782", "1100", "0", "31", "0", "0", "reversedirection=yes highway=unclassified surface=asphalt", "", "11974", "1195172"],
          ["134062166", "33363598", "8", "832", "1500", "0", "9", "0", "0", "reversedirection=yes highway=trunk", "", "12109", "1208698"],
          ["134064580", "33360691", "10", "395", "1100", "0", "3", "0", "0", "highway=unclassified", "", "12190", "1216824"],
          ["134079347", "33340156", "16", "2690", "1500", "0", "3", "0", "0", "reversedirection=yes highway=trunk", "", "12677", "1265492"],
          ["134088564", "33335690", "7", "998", "1000", "0", "13", "0", "0", "highway=tertiary estimated_traffic_class=1", "", "12851", "1282877"],
          ["134091415", "33334978", "10", "278", "1000", "0", "2", "0", "0", "reversedirection=yes highway=tertiary estimated_traffic_class=1", "", "12906", "1288411"],
          ["134092712", "33334495", "8", "133", "1000", "0", "10", "0", "0", "highway=tertiary estimated_traffic_class=1", "estimated_crossing_class=1", "12928", "1290620"],
          ["134092791", "33334447", "8", "9", "1000", "0", "0", "0", "0", "reversedirection=yes highway=tertiary estimated_traffic_class=1", "", "12929", "1290724"],
          ["134092858", "33334406", "8", "8", "1000", "0", "0", "0", "0", "reversedirection=yes highway=tertiary access=no estimated_traffic_class=1 foot=yes bicycle=yes", "barrier=bollard", "12930", "1290818"],
          ["134094359", "33333464", "8", "174", "1000", "0", "0", "0", "0", "reversedirection=yes highway=tertiary access=no estimated_traffic_class=1 foot=yes bicycle=yes", "barrier=bollard", "12955", "1293279"],
          ["134094432", "33333418", "9", "8", "1000", "0", "0", "0", "0", "reversedirection=yes highway=tertiary access=no estimated_traffic_class=1 foot=yes bicycle=yes", "", "12956", "1293433"],
          ["134096791", "33332321", "10", "252", "1100", "0", "0", "0", "0", "reversedirection=yes highway=unclassified", "", "13008", "1298574"],
          ["134101554", "33329530", "7", "546", "1100", "0", "5", "0", "0", "highway=unclassified", "", "13093", "1307112"],
          ["134101360", "33329242", "7", "42", "1100", "0", "52", "0", "0", "reversedirection=yes highway=unclassified", "", "13099", "1307726"],
          ["134103685", "33326998", "9", "331", "1500", "0", "85", "0", "0", "reversedirection=yes highway=trunk", "", "13161", "1313913"],
          ["134105243", "33324578", "13", "319", "1100", "0", "26", "0", "0", "highway=unclassified", "", "13222", "1320034"],
          ["134105902", "33323486", "12", "137", "1500", "0", "29", "0", "0", "reversedirection=yes highway=trunk", "", "13257", "1323541"],
          ["134107469", "33317431", "8", "696", "1100", "0", "5", "0", "0", "highway=unclassified", "", "13368", "1334576"],
          ["134107629", "33315422", "5", "223", "1500", "0", "1", "0", "0", "reversedirection=yes highway=trunk", "", "13401", "1337906"],
          ["134109698", "33301496", "14", "1612", "1100", "0", "20", "0", "0", "reversedirection=yes highway=unclassified", "", "13711", "1368963"],
          ["134108900", "33299249", "15", "260", "1500", "0", "31", "0", "0", "reversedirection=yes highway=trunk", "", "13761", "1373892"],
          ["134113813", "33296280", "26", "649", "1100", "0", "48", "0", "0", "reversedirection=yes highway=unclassified", "", "13931", "1390960"],
          ["134116161", "33296844", "27", "227", "1100", "0", "0", "0", "0", "highway=unclassified", "", "13982", "1395981"],
          ["134119000", "33298024", "20", "301", "1100", "0", "5", "0", "0", "reversedirection=yes highway=unclassified", "", "14021", "1399900"],
          ["134120283", "33299324", "15", "190", "1500", "0", "12", "0", "0", "reversedirection=yes highway=trunk", "", "14055", "1403302"],
          ["134127269", "33300381", "9", "685", "1100", "0", "23", "0", "0", "highway=unclassified", "", "14142", "1412064"],
          ["134128410", "33300286", "7", "110", "1000", "0", "4", "0", "0", "reversedirection=yes highway=tertiary estimated_traffic_class=1", "", "14155", "1413356"],
          ["134135099", "33298248", "10", "666", "1000", "0", "1", "0", "0", "reversedirection=yes highway=tertiary surface=asphalt estimated_traffic_class=1", "", "14269", "1424718"],
          ["134141947", "33295103", "8", "746", "1100", "0", "34", "20", "0", "reversedirection=yes highway=unclassified", "highway=crossing crossing=traffic_signals", "14383", "1436166"],
          ["134141894", "33295009", "8", "12", "1100", "0", "5", "20", "0", "reversedirection=yes highway=unclassified", "highway=traffic_signals", "14385", "1436364"],
          ["134142006", "33294968", "8", "11", "1500", "0", "93", "20", "0", "reversedirection=yes highway=trunk", "highway=crossing crossing=traffic_signals", "14387", "1436572"],
          ["134142367", "33294798", "9", "38", "1500", "0", "0", "20", "0", "reversedirection=yes highway=trunk", "highway=traffic_signals", "14396", "1437443"],
          ["134142344", "33294731", "9", "8", "1100", "0", "65", "20", "0", "reversedirection=yes highway=unclassified", "highway=crossing crossing=traffic_signals", "14398", "1437618"],
          ["134142931", "33293540", "9", "142", "1100", "0", "8", "0", "0", "reversedirection=yes highway=unclassified", "", "14425", "1440357"],
          ["134143030", "33293513", "9", "10", "1100", "0", "29", "0", "0", "highway=unclassified", "highway=stop direction=backward", "14427", "1440546"],
          ["134147894", "33287246", "12", "912", "1100", "0", "137", "0", "0", "highway=unclassified", "", "14596", "1457424"],
          ["134149798", "33286240", "11", "210", "1000", "0", "6", "0", "0", "highway=tertiary estimated_traffic_class=2", "", "14631", "1460901"],
          ["134149826", "33286206", "11", "5", "1100", "0", "0", "0", "0", "highway=unclassified", "highway=crossing crossing=uncontrolled", "14631", "1460984"],
          ["134150560", "33285215", "17", "130", "1100", "0", "4", "20", "0", "highway=unclassified", "highway=crossing crossing=traffic_signals", "14660", "1463860"],
          ["134150736", "33285125", "17", "19", "1100", "0", "2", "20", "0", "highway=unclassified", "highway=traffic_signals", "14665", "1464316"],
          ["134151203", "33284860", "17", "53", "1500", "0", "4", "0", "0", "reversedirection=yes highway=trunk surface=asphalt", "", "14676", "1465423"],
          ["134152068", "33284662", "19", "84", "1100", "0", "2", "20", "0", "highway=unclassified oneway=yes", "highway=traffic_signals", "14699", "1467740"],
          ["134152159", "33284649", "19", "9", "1100", "0", "0", "20", "0", "reversedirection=yes highway=unclassified", "highway=crossing crossing=traffic_signals", "14701", "1467959"],
          ["134157093", "33276864", "16", "1015", "1100", "0", "11", "20", "0", "reversedirection=yes highway=unclassified", "highway=crossing crossing=traffic_signals", "14891", "1486912"],
          ["134157084", "33276671", "13", "22", "1100", "0", "4", "20", "0", "reversedirection=yes highway=unclassified", "highway=traffic_signals", "14893", "1487150"],
          ["134157366", "33276379", "15", "42", "1500", "0", "37", "20", "0", "reversedirection=yes highway=trunk surface=asphalt", "highway=crossing crossing=traffic_signals", "14899", "1487744"],
          ["134159243", "33273681", "14", "346", "1500", "0", "0", "0", "0", "reversedirection=yes highway=trunk surface=asphalt", "highway=crossing crossing=uncontrolled", "14953", "1493150"],
          ["134160524", "33271790", "12", "242", "1500", "0", "0", "20", "0", "reversedirection=yes highway=trunk surface=asphalt", "highway=traffic_signals", "14987", "1496539"],
          ["134160879", "33271566", "12", "41", "1100", "0", "6", "20", "0", "reversedirection=yes highway=unclassified surface=asphalt", "highway=traffic_signals", "14993", "1497155"],
          ["134160939", "33271527", "12", "7", "1100", "0", "0", "20", "0", "reversedirection=yes highway=unclassified surface=asphalt", "highway=crossing crossing=traffic_signals", "14994", "1497263"],
          ["134169177", "33258228", "10", "1698", "1100", "0", "45", "0", "0", "reversedirection=yes highway=unclassified surface=asphalt", "highway=crossing crossing=zebra", "15287", "1526571"],
          ["134172523", "33249860", "13", "994", "1100", "0", "6", "0", "0", "reversedirection=yes highway=unclassified surface=asphalt", "estimated_crossing_class=1", "15445", "1542380"],
          ["134172329", "33249752", "13", "22", "1100", "0", "49", "0", "0", "highway=secondary surface=asphalt estimated_traffic_class=1", "", "15449", "1542713"],
          ["134176342", "33245658", "19", "676", "1500", "0", "109", "0", "0", "reversedirection=yes highway=trunk surface=asphalt", "", "15611", "1558971"],
          ["134176682", "33245008", "7", "94", "10000", "127", "177", "0", "0", "highway=footway", "", "15623", "1560144"],
          ["134176806", "33245015", "6", "12", "5000", "0", "32", "0", "0", "reversedirection=yes highway=path", "", "15624", "1560265"],
          ["134177560", "33245316", "6", "79", "10000", "24", "4", "0", "0", "reversedirection=yes highway=footway", "", "15632", "1561020"],
          ["134176806", "33245015", "6", "79", "10000", "0", "6", "0", "0", "highway=footway", "", "15645", "1562382"],
          ["134176682", "33245008", "7", "12", "5000", "0", "8", "0", "0", "highway=path", "", "15648", "1562628"],
          ["134176342", "33245658", "19", "94", "10000", "0", "115", "0", "0", "reversedirection=yes highway=footway", "", "15695", "1567389"],
          ["134185840", "33283828", "5", "4498", "1500", "0", "135", "0", "0", "reversedirection=yes highway=trunk surface=asphalt", "", "16506", "1648454"],
          ["134186095", "33294537", "5", "1234", "1100", "0", "26", "0", "0", "highway=unclassified", "", "16703", "1668122"],
          ["134186235", "33295057", "6", "60", "1500", "0", "7", "20", "0", "reversedirection=yes highway=trunk surface=asphalt", "highway=traffic_signals", "16713", "1669185"],
          ["134192911", "33318949", "18", "2830", "1500", "0", "29", "0", "0", "reversedirection=yes highway=trunk surface=asphalt", "", "17265", "1724342"],
          ["134191891", "33319799", "12", "136", "1100", "0", "15", "0", "0", "reversedirection=yes highway=unclassified", "", "17291", "1726974"],
          ["134191943", "33320108", "9", "35", "1100", "0", "5", "0", "0", "highway=unclassified", "", "17294", "1727306"],
          ["134191995", "33320237", "9", "15", "1100", "0", "0", "0", "0", "reversedirection=yes highway=unclassified", "", "17296", "1727450"],
          ["134195411", "33322580", "17", "425", "1100", "0", "25", "0", "0", "highway=unclassified", "", "17384", "1736314"],
          ["134195426", "33323213", "16", "70", "1500", "0", "49", "0", "0", "reversedirection=yes highway=trunk surface=asphalt", "", "17396", "1737481"],
          ["134197451", "33329856", "9", "773", "1100", "0", "17", "0", "0", "reversedirection=yes highway=unclassified", "", "17500", "1747908"],
          ["134197419", "33334610", "11", "531", "1100", "0", "10", "0", "0", "highway=unclassified", "", "17591", "1756978"],
          ["134204818", "33368462", "13", "3993", "1500", "0", "39", "0", "0", "reversedirection=yes highway=trunk surface=asphalt", "", "18345", "1832424"],
          ["134203717", "33369714", "14", "173", "1100", "0", "13", "0", "0", "reversedirection=yes highway=unclassified", "", "18382", "1836083"],
          ["134203815", "33369941", "9", "27", "1100", "0", "37", "0", "0", "highway=unclassified", "", "18385", "1836411"],
          ["134208098", "33372641", "10", "502", "1100", "0", "20", "0", "0", "reversedirection=yes highway=unclassified", "", "18476", "1845458"],
          ["134212462", "33382762", "11", "1216", "1500", "0", "14", "0", "0", "reversedirection=yes highway=trunk surface=asphalt", "", "18688", "1866697"],
          ["134211454", "33391218", "11", "989", "1100", "0", "18", "0", "0", "highway=unclassified", "", "18867", "1884586"],
          ["134210040", "33391955", "17", "155", "1500", "0", "16", "0", "0", "reversedirection=yes highway=trunk surface=asphalt", "", "18900", "1887900"],
          ["134208809", "33393606", "0", "220", "1100", "250", "54", "0", "0", "highway=unclassified", "", "18922", "1889511"],
          ["134208754", "33393816", "0", "24", "1100", "0", "2", "0", "0", "reversedirection=yes highway=unclassified", "", "18925", "1889745"],
          ["134208035", "33395226", "1", "171", "1100", "0", "2", "0", "0", "highway=unclassified", "", "18945", "1891757"],
          ["134208069", "33396182", "2", "106", "1100", "0", "3", "0", "0", "reversedirection=yes highway=unclassified", "", "18961", "1893364"],
          ["134208249", "33396589", "2", "48", "1100", "0", "3", "0", "0", "highway=unclassified", "barrier=bollard", "18969", "1894139"],
          ["134208270", "33396636", "2", "6", "1100", "0", "0", "0", "0", "reversedirection=yes highway=unclassified access=no foot=yes bicycle=yes", "", "18970", "1894237"],
          ["134208755", "33397826", "5", "139", "1100", "0", "0", "0", "0", "highway=unclassified access=no foot=yes bicycle=yes", "", "18994", "1896710"],
          ["134208760", "33397838", "5", "1", "1100", "0", "0", "0", "0", "reversedirection=yes highway=unclassified access=no foot=yes bicycle=yes", "barrier=bollard", "18995", "1896729"],
          ["134214032", "33405828", "15", "1047", "1100", "0", "49", "0", "0", "reversedirection=yes highway=unclassified", "", "19224", "1919693"],
          ["134220878", "33419358", "15", "1662", "1500", "0", "44", "0", "0", "reversedirection=yes highway=trunk surface=asphalt", "", "19567", "1953930"],
          ["134222960", "33425400", "4", "713", "1100", "236", "55", "0", "0", "reversedirection=yes highway=unclassified surface=asphalt", "", "19682", "1965088"],
          ["134225419", "33426961", "18", "288", "1100", "0", "3", "0", "0", "highway=unclassified", "", "19795", "1976416"],
          ["134268035", "33501621", "6", "9631", "1500", "2026", "125", "20", "0", "reversedirection=yes highway=trunk surface=asphalt", "highway=traffic_signals", "21729", "2167662"],
          ["134269117", "33503053", "7", "188", "1500", "0", "0", "20", "0", "reversedirection=yes highway=trunk surface=asphalt", "highway=traffic_signals", "21754", "2170157"],
          ["134276098", "33511400", "23", "1262", "1100", "0", "245", "0", "0", "highway=unclassified", "", "22029", "2197687"],
          ["134280879", "33516096", "17", "778", "1500", "339", "32", "0", "0", "reversedirection=yes highway=trunk surface=asphalt", "", "22179", "2212257"],
          ["134281864", "33518603", "20", "293", "1500", "0", "0", "0", "0", "reversedirection=yes highway=trunk surface=paved", "", "22248", "2219229"],
          ["134281715", "33523877", "9", "592", "1500", "50", "1", "0", "0", "reversedirection=yes highway=trunk surface=asphalt", "highway=crossing", "22321", "2226507"],
          ["134281436", "33527267", "5", "376", "1500", "0", "1", "20", "0", "reversedirection=yes highway=trunk surface=asphalt", "highway=traffic_signals traffic_signals=signal", "22376", "2232006"],
          ["134282443", "33529166", "7", "250", "1500", "0", "3", "0", "0", "reversedirection=yes highway=trunk surface=asphalt", "highway=crossing", "22415", "2235865"],
          ["134287234", "33532783", "48", "683", "1500", "0", "9", "0", "0", "reversedirection=yes highway=trunk surface=asphalt", "", "22780", "2272393"],
          ["134288237", "33533939", "45", "158", "1500", "0", "0", "0", "0", "reversedirection=yes highway=trunk surface=paved", "", "22817", "2276136"],
          ["134288822", "33534599", "36", "91", "1500", "0", "0", "0", "0", "reversedirection=yes highway=trunk surface=asphalt", "", "22828", "2277214"],
          ["134288474", "33532823", "41", "321", "1100", "0", "269", "0", "0", "highway=unclassified", "", "22916", "2286013"],
          ["134288822", "33534599", "36", "321", "1100", "63", "183", "0", "0", "reversedirection=yes highway=unclassified", "", "22996", "2293878"],
          ["134291506", "33541767", "4", "1019", "1500", "1139", "118", "0", "0", "reversedirection=yes highway=trunk surface=asphalt", "", "23115", "2303121"],
          ["134291388", "33541810", "6", "12", "1000", "0", "97", "0", "0", "highway=tertiary estimated_traffic_class=1", "highway=crossing crossing=uncontrolled", "23116", "2303235"],
          ["134290264", "33543178", "2", "211", "1000", "0", "6", "0", "0", "highway=tertiary estimated_traffic_class=1", "", "23140", "2305583"],
          ["134305385", "33550840", "22", "2003", "1100", "0", "304", "0", "0", "highway=unclassified", "", "23565", "2348068"],
          ["134305580", "33551330", "37", "57", "1500", "0", "9", "0", "0", "reversedirection=yes highway=trunk surface=asphalt", "", "23632", "2354820"],
          ["134307706", "33556788", "33", "637", "1500", "0", "0", "0", "0", "reversedirection=yes highway=trunk surface=paved", "", "23781", "2369672"],
          ["134307730", "33565208", "3", "949", "1500", "854", "0", "0", "0", "reversedirection=yes highway=trunk surface=asphalt", "highway=crossing crossing=uncontrolled", "23905", "2380371"],
          ["134307714", "33568862", "5", "409", "1500", "0", "0", "0", "0", "reversedirection=yes highway=trunk surface=asphalt", "highway=crossing crossing=uncontrolled", "23974", "2387271"],
          ["134308162", "33571521", "5", "302", "1500", "0", "2", "20", "0", "reversedirection=yes highway=trunk surface=asphalt", "highway=crossing crossing=traffic_signals", "24030", "2392842"],
          ["134308164", "33571663", "4", "16", "1500", "0", "0", "20", "0", "reversedirection=yes highway=trunk surface=asphalt", "highway=traffic_signals", "24031", "2393026"],
          ["134308214", "33571862", "5", "23", "1500", "0", "1", "20", "0", "reversedirection=yes highway=trunk surface=asphalt", "highway=crossing crossing=traffic_signals", "24034", "2393320"],
          ["134322287", "33582738", "14", "2112", "1500", "768", "21", "0", "0", "reversedirection=yes highway=trunk surface=asphalt", "highway=crossing", "24536", "2441861"],
          ["134325189", "33582275", "0", "298", "1500", "90", "4", "0", "0", "reversedirection=yes highway=trunk surface=asphalt", "highway=crossing", "24565", "2444752"],
          ["134351346", "33588384", "29", "2747", "1500", "0", "27", "0", "0", "reversedirection=yes highway=trunk surface=asphalt", "highway=crossing crossing=uncontrolled", "25209", "2509105"],
          ["134352801", "33593224", "4", "553", "1500", "593", "0", "20", "0", "reversedirection=yes highway=trunk surface=asphalt", "highway=crossing crossing=traffic_signals", "25299", "2516721"],
          ["134352836", "33593310", "3", "10", "1500", "51", "0", "20", "0", "reversedirection=yes highway=trunk surface=asphalt", "highway=traffic_signals", "25300", "2516721"],
          ["134352874", "33593425", "2", "13", "1500", "3", "0", "20", "0", "reversedirection=yes highway=trunk surface=asphalt", "highway=traffic_signals", "25301", "2516721"],
          ["134352899", "33593527", "2", "12", "1500", "0", "0", "20", "0", "reversedirection=yes highway=trunk surface=asphalt", "highway=crossing crossing=traffic_signals", "25302", "2516721"],
          ["134352931", "33594257", "3", "80", "1500", "0", "0", "20", "0", "reversedirection=yes highway=trunk surface=asphalt", "highway=crossing crossing=traffic_signals", "25309", "2517414"],
          ["134352925", "33594344", "3", "10", "1500", "0", "0", "20", "0", "reversedirection=yes highway=trunk surface=asphalt", "highway=traffic_signals estimated_crossing_class=0", "25311", "2517537"],
          ["134352792", "33595053", "6", "79", "1500", "0", "0", "0", "0", "reversedirection=yes highway=trunk surface=asphalt", "highway=crossing", "25321", "2518572"],
          ["134352520", "33596273", "1", "138", "1500", "0", "0", "20", "0", "reversedirection=yes highway=trunk surface=asphalt", "highway=crossing crossing=traffic_signals", "25338", "2520331"],
          ["134352490", "33596411", "1", "16", "1500", "0", "0", "20", "0", "reversedirection=yes highway=trunk surface=asphalt", "highway=traffic_signals", "25341", "2520540"],
          ["134351723", "33600005", "3", "404", "1500", "0", "0", "0", "0", "reversedirection=yes highway=trunk surface=asphalt", "", "25402", "2526672"],
          ["134349989", "33599977", "1", "167", "1100", "0", "101", "0", "0", "reversedirection=yes highway=unclassified", "", "25429", "2529432"],
          ["134351723", "33600005", "3", "167", "1100", "0", "10", "0", "0", "highway=unclassified", "", "25465", "2532974"],
          ["134351501", "33601500", "5", "167", "1500", "0", "85", "20", "0", "reversedirection=yes highway=trunk surface=asphalt", "highway=crossing crossing=traffic_signals", "25498", "2536270"],
          ["134351470", "33601726", "5", "25", "1500", "0", "0", "20", "0", "reversedirection=yes highway=trunk surface=asphalt", "highway=traffic_signals", "25503", "2536801"],
          ["134351603", "33601648", "5", "15", "1000", "0", "149", "20", "0", "highway=tertiary estimated_traffic_class=1", "highway=crossing crossing=traffic_signals", "25506", "2537128"],
          ["134353856", "33600539", "3", "272", "1000", "0", "17", "20", "0", "highway=tertiary estimated_traffic_class=1", "highway=traffic_signals traffic_signals:direction=forward", "25546", "2541142"],
          ["134353889", "33600560", "3", "4", "1000", "0", "0", "0", "0", "highway=tertiary estimated_traffic_class=1", "highway=crossing crossing=uncontrolled", "25547", "2541211"],
          ["134353968", "33600601", "3", "9", "1000", "0", "0", "0", "0", "highway=tertiary estimated_traffic_class=1", "estimated_crossing_class=0", "25549", "2541356"],
          ["134354116", "33600673", "3", "16", "1000", "0", "0", "0", "0", "highway=tertiary estimated_traffic_class=1", "highway=crossing crossing=uncontrolled", "25551", "2541615"],
          ["134354154", "33600693", "3", "4", "1000", "0", "0", "20", "0", "highway=tertiary estimated_traffic_class=1", "highway=traffic_signals traffic_signals:direction=backward", "25552", "2541676"],
          ["134358229", "33602474", "6", "427", "1000", "0", "0", "0", "0", "highway=tertiary estimated_traffic_class=1", "highway=crossing crossing=uncontrolled", "25624", "2548929"],
          ["134364371", "33620657", "34", "2408", "1000", "0", "45", "0", "0", "highway=tertiary estimated_traffic_class=1", "", "26215", "2607972"],
          ["134364024", "33622067", "14", "164", "1000", "465", "2", "0", "0", "highway=tertiary estimated_traffic_class=1 oneway=yes", "", "26240", "2609993"],
          ["134363898", "33622203", "12", "19", "1000", "102", "1", "0", "0", "highway=tertiary estimated_traffic_class=1", "highway=crossing crossing=uncontrolled", "26242", "2609993"],
          ["134362532", "33624796", "1", "323", "1000", "436", "2", "0", "0", "highway=tertiary estimated_traffic_class=1", "estimated_crossing_class=1", "26269", "2611582"],
          ["134362459", "33624966", "1", "20", "1100", "0", "0", "0", "0", "highway=secondary estimated_traffic_class=1", "estimated_crossing_class=1", "26271", "2611831"],
          ["134362217", "33625626", "0", "76", "1100", "0", "0", "0", "0", "highway=secondary estimated_traffic_class=1", "estimated_crossing_class=1", "26280", "2612644"],
          ["134362079", "33626619", "-1", "111", "1100", "0", "2", "0", "0", "highway=secondary estimated_traffic_class=1", "estimated_crossing_class=1", "26293", "2613948"],
          ["134362123", "33627158", "0", "60", "1100", "0", "0", "0", "0", "highway=secondary estimated_traffic_class=1", "estimated_crossing_class=1", "26300", "2614705"],
          ["134362119", "33628019", "3", "96", "1100", "0", "2", "0", "0", "highway=secondary estimated_traffic_class=1", "estimated_crossing_class=1", "26319", "2616622"],
          ["134362793", "33628963", "4", "123", "1100", "0", "11", "0", "0", "highway=secondary estimated_traffic_class=1", "estimated_crossing_class=1", "26346", "2619317"],
          ["134362880", "33629072", "4", "15", "1100", "0", "0", "0", "0", "highway=secondary estimated_traffic_class=1", "estimated_crossing_class=1", "26350", "2619662"],
          ["134363639", "33629719", "7", "101", "1100", "0", "0", "0", "0", "highway=secondary estimated_traffic_class=1", "estimated_crossing_class=1", "26378", "2622467"],
          ["134363936", "33629834", "5", "30", "1100", "0", "0", "0", "0", "highway=secondary estimated_traffic_class=1", "estimated_crossing_class=1", "26383", "2623020"],
          ["134364219", "33629955", "3", "29", "1100", "0", "0", "0", "0", "highway=secondary estimated_traffic_class=1", "estimated_crossing_class=1", "26386", "2623328"],
          ["134364387", "33630053", "2", "19", "1100", "0", "1", "0", "0", "highway=secondary estimated_traffic_class=1", "estimated_crossing_class=1", "26388", "2623533"],
          ["134364439", "33630148", "2", "12", "1100", "0", "11", "0", "0", "highway=secondary estimated_traffic_class=1", "estimated_crossing_class=1", "26390", "2623658"],
          ["134364405", "33630678", "1", "59", "1100", "0", "3", "0", "0", "highway=secondary estimated_traffic_class=1", "estimated_crossing_class=1", "26396", "2624271"],
          ["134364404", "33631182", "1", "56", "1100", "0", "0", "0", "0", "highway=secondary estimated_traffic_class=1", "estimated_crossing_class=1", "26403", "2624998"],
          ["134364964", "33632095", "2", "121", "1100", "0", "4", "0", "0", "highway=secondary estimated_traffic_class=1", "estimated_crossing_class=1", "26423", "2627008"],
          ["134365332", "33632314", "2", "42", "1100", "0", "0", "0", "0", "highway=secondary estimated_traffic_class=1", "estimated_crossing_class=0", "26430", "2627718"],
          ["134365372", "33632334", "2", "4", "1100", "0", "0", "0", "0", "highway=secondary estimated_traffic_class=1", "estimated_crossing_class=0", "26431", "2627786"],
          ["134365355", "33632413", "2", "9", "1100", "0", "58", "20", "0", "highway=unclassified", "highway=crossing crossing=traffic_signals", "26433", "2627948"],
          ["134365284", "33632479", "2", "10", "1100", "0", "13", "20", "0", "highway=unclassified", "highway=traffic_signals", "26434", "2628127"],
          ["134365447", "33632505", "2", "15", "1500", "0", "136", "20", "0", "reversedirection=yes highway=trunk", "highway=crossing crossing=traffic_signals", "26437", "2628393"],
          ["134365499", "33632512", "2", "5", "1500", "0", "0", "20", "0", "reversedirection=yes highway=trunk", "highway=traffic_signals traffic_signals:direction=forward", "26438", "2628481"],
          ["134365967", "33632501", "2", "43", "1500", "0", "0", "0", "0", "reversedirection=yes highway=trunk", "estimated_crossing_class=1", "26445", "2629224"],
          ["134367991", "33632590", "3", "200", "1100", "0", "24", "0", "0", "reversedirection=yes highway=unclassified", "", "26483", "2633032"],
          ["134385696", "33646017", "7", "2373", "1500", "313", "44", "0", "0", "reversedirection=yes highway=trunk", "highway=crossing", "27020", "2686151"],
          ["134385673", "33646237", "6", "25", "1500", "0", "0", "0", "0", "reversedirection=yes highway=trunk", "", "27023", "2686452"],
          ["134385773", "33646478", "4", "28", "1100", "0", "6", "0", "0", "highway=unclassified", "highway=crossing crossing=uncontrolled", "27026", "2686720"],
          ["134388155", "33649533", "14", "517", "1100", "116", "58", "0", "0", "highway=unclassified", "", "27194", "2703559"],
          ["134404079", "33660597", "8", "1979", "1500", "1110", "92", "20", "0", "reversedirection=yes highway=trunk", "highway=traffic_signals traffic_signals:direction=backward", "27633", "2745620"],
          ["134404255", "33660599", "8", "16", "1500", "0", "0", "20", "0", "reversedirection=yes highway=trunk", "highway=traffic_signals", "27634", "2745779"],
          ["134404321", "33660593", "9", "6", "1500", "0", "0", "20", "0", "reversedirection=yes highway=trunk", "highway=crossing crossing=traffic_signals", "27635", "2745857"],
          ["134404381", "33660581", "10", "6", "1500", "0", "0", "20", "0", "reversedirection=yes highway=trunk", "highway=traffic_signals traffic_signals:direction=forward", "27636", "2745958"],
          ["134413611", "33663960", "14", "964", "1500", "1673", "1", "0", "0", "reversedirection=yes highway=trunk", "", "28079", "2786889"],
          ["134416116", "33665453", "11", "287", "1100", "13", "3", "0", "0", "highway=unclassified", "highway=stop direction=forward", "28115", "2790542"],
          ["134416225", "33665526", "9", "13", "1100", "16", "0", "0", "0", "highway=unclassified", "", "28117", "2790681"],
          ["134416312", "33665582", "8", "11", "1100", "37", "0", "0", "0", "reversedirection=yes highway=unclassified", "highway=stop direction=forward", "28118", "2790790"],
          ["134417366", "33666068", "4", "112", "1100", "195", "0", "0", "0", "reversedirection=yes highway=unclassified", "", "28127", "2791496"],
          ["134418865", "33666712", "4", "157", "1100", "0", "0", "0", "0", "highway=unclassified", "highway=stop direction=forward", "28148", "2793545"],
          ["134418906", "33666729", "4", "4", "1100", "0", "0", "0", "0", "highway=unclassified", "highway=crossing crossing=uncontrolled", "28148", "2793599"],
          ["134419000", "33666767", "4", "10", "1100", "0", "0", "0", "0", "highway=unclassified", "highway=crossing crossing=uncontrolled", "28150", "2793733"],
          ["134419034", "33666782", "4", "4", "1100", "0", "0", "0", "0", "highway=unclassified", "highway=stop direction=backward", "28150", "2793785"],
          ["134420008", "33667198", "2", "102", "1100", "0", "4", "0", "0", "highway=unclassified", "", "28163", "2795017"],
          ["134420239", "33667849", "1", "101", "1100", "0", "151", "0", "0", "reversedirection=yes highway=unclassified", "", "28175", "2796292"],
          ["134421172", "33667983", "1", "88", "1100", "0", "0", "0", "0", "highway=unclassified", "estimated_crossing_class=1", "28188", "2797525"],
          ["134421265", "33667992", "1", "9", "1100", "0", "0", "0", "0", "highway=secondary estimated_traffic_class=1", "highway=crossing estimated_crossing_class=0 crossing=uncontrolled", "28189", "2797652"],
          ["134422330", "33668141", "5", "100", "1100", "0", "0", "0", "0", "highway=secondary estimated_traffic_class=1", "estimated_crossing_class=1", "28207", "2799424"],
          ["134422315", "33668194", "5", "6", "1100", "0", "93", "0", "0", "highway=unclassified", "highway=crossing crossing=uncontrolled", "28208", "2799545"],
          ["134422371", "33671162", "1", "332", "1100", "0", "8", "0", "0", "highway=unclassified", "estimated_crossing_class=1", "28256", "2804397"],
          ["134421479", "33686155", "15", "1729", "1100", "0", "20", "0", "0", "highway=unclassified", "", "28646", "2843395"],
          ["134422001", "33687010", "20", "109", "1000", "0", "7", "0", "0", "reversedirection=yes highway=tertiary estimated_traffic_class=1", "highway=stop direction=backward", "28686", "2847375"],
          ["134421965", "33687114", "17", "12", "1000", "0", "1", "0", "0", "reversedirection=yes highway=tertiary estimated_traffic_class=1", "", "28687", "2847511"],
          ["134426204", "33688675", "12", "455", "1500", "352", "99", "0", "0", "highway=trunk", "highway=crossing", "28805", "2858544"],
          ["134433839", "33691608", "21", "824", "1500", "44", "8", "0", "0", "highway=trunk", "highway=crossing", "28995", "2877539"],
          ["134434099", "33691662", "17", "24", "1500", "0", "0", "0", "0", "highway=trunk", "", "28998", "2877832"],
          ["134437472", "33694311", "22", "469", "1500", "0", "1", "0", "0", "reversedirection=yes highway=trunk", "", "29087", "2886698"],
          ["134437545", "33694531", "24", "26", "1500", "0", "1", "0", "0", "highway=trunk", "highway=crossing crossing=uncontrolled", "29092", "2887198"],
          ["134458067", "33707631", "134", "3104", "1500", "0", "29", "0", "0", "highway=trunk", "", "30424", "3020354"],
          ["134458898", "33707734", "134", "81", "1200", "0", "17", "0", "0", "reversedirection=yes highway=service", "", "30444", "3022376"],
          ["134459595", "33707751", "129", "65", "1500", "0", "9", "0", "0", "highway=trunk", "highway=crossing crossing=uncontrolled", "30453", "3023256"],
          ["134465251", "33708127", "100", "550", "1500", "1025", "1", "0", "0", "highway=trunk", "", "30504", "3026446"],
          ["134470426", "33709835", "91", "539", "1500", "128", "1", "0", "0", "reversedirection=yes highway=trunk", "", "30569", "3032909"],
          ["134476871", "33712608", "78", "710", "1100", "145", "154", "0", "0", "highway=unclassified", "", "30651", "3040968"],
          ["134482575", "33715349", "80", "707", "1500", "0", "54", "0", "0", "reversedirection=yes highway=trunk", "highway=crossing crossing=uncontrolled", "30761", "3051813"],
          ["134484544", "33716423", "77", "217", "1500", "0", "0", "0", "0", "reversedirection=yes highway=trunk", "highway=crossing crossing=unmarked", "30809", "3056536"],
          ["134525991", "33722604", "2", "4204", "1500", "4509", "10", "0", "0", "reversedirection=yes highway=trunk", "highway=crossing", "31599", "3128445"],
          ["134530171", "33724048", "1", "433", "1500", "0", "0", "20", "0", "reversedirection=yes highway=trunk", "highway=crossing crossing=traffic_signals", "31669", "3135419"],
          ["134530295", "33724146", "1", "16", "1500", "0", "0", "20", "0", "reversedirection=yes highway=trunk", "highway=traffic_signals", "31671", "3135656"],
          ["134530535", "33724190", "1", "23", "1000", "0", "13", "20", "0", "highway=tertiary estimated_traffic_class=1", "highway=crossing crossing=traffic_signals", "31675", "3136025"],
          ["134531425", "33728960", "3", "615", "1000", "0", "24", "0", "0", "highway=tertiary estimated_traffic_class=1", "highway=crossing crossing=uncontrolled", "31788", "3147317"],
          ["134531449", "33729333", "3", "48", "1000", "0", "88", "0", "0", "highway=tertiary estimated_traffic_class=1", "highway=crossing crossing=uncontrolled", "31796", "3148160"],
          ["134532866", "33729474", "3", "132", "1000", "0", "0", "0", "0", "highway=tertiary estimated_traffic_class=1", "highway=crossing crossing=uncontrolled", "31818", "3150289"],
          ["134533059", "33729701", "2", "34", "1000", "0", "14", "0", "0", "highway=tertiary estimated_traffic_class=1", "highway=crossing crossing=uncontrolled", "31823", "3150801"],
          ["134533387", "33730888", "3", "135", "1000", "0", "0", "0", "0", "highway=tertiary estimated_traffic_class=1", "estimated_crossing_class=3", "31847", "3153223"],
          ["134533394", "33731015", "3", "14", "1230", "0", "1", "0", "0", "highway=primary estimated_traffic_class=3", "highway=crossing estimated_crossing_class=0 crossing=uncontrolled", "31849", "3153464"],
          ["134533400", "33731137", "3", "14", "1230", "0", "0", "0", "0", "highway=primary estimated_traffic_class=3", "estimated_crossing_class=3", "31852", "3153705"],
          ["134533407", "33731397", "3", "29", "1230", "0", "0", "0", "0", "highway=primary estimated_traffic_class=3", "estimated_crossing_class=3", "31856", "3154173"],
          ["134533429", "33731919", "3", "58", "1230", "0", "0", "0", "0", "highway=primary estimated_traffic_class=3", "estimated_crossing_class=3", "31865", "3155075"],
          ["134533577", "33732237", "3", "38", "1260", "0", "5", "0", "0", "highway=primary estimated_traffic_class=4", "estimated_crossing_class=3", "31872", "3155684"],
          ["134533872", "33732893", "3", "78", "1260", "0", "0", "0", "0", "highway=primary estimated_traffic_class=4", "estimated_crossing_class=4", "31886", "3157092"],
          ["134533898", "33732958", "4", "8", "1260", "0", "0", "0", "0", "highway=primary estimated_traffic_class=4", "estimated_crossing_class=4", "31887", "3157252"],
          ["134533900", "33733298", "4", "39", "1260", "0", "3", "0", "0", "highway=primary estimated_traffic_class=4", "estimated_crossing_class=4", "31896", "3158096"],
          ["134533691", "33734021", "4", "82", "1260", "0", "0", "0", "0", "highway=primary estimated_traffic_class=4", "estimated_crossing_class=4", "31911", "3159683"],
          ["134533666", "33734106", "4", "10", "1260", "0", "0", "0", "0", "highway=primary estimated_traffic_class=4", "", "31913", "3159855"],
          ["134533653", "33734146", "4", "5", "1260", "0", "0", "0", "0", "highway=primary surface=asphalt estimated_traffic_class=4", "estimated_crossing_class=4", "31914", "3159940"],
          ["134533635", "33734206", "4", "7", "1260", "0", "0", "0", "0", "highway=primary surface=asphalt estimated_traffic_class=4", "estimated_crossing_class=4", "31915", "3160068"],
          ["134533586", "33734360", "5", "18", "1260", "0", "0", "0", "0", "highway=primary surface=asphalt estimated_traffic_class=4", "estimated_crossing_class=4", "31920", "3160517"],
          ["134533297", "33735511", "10", "130", "1260", "0", "0", "0", "0", "highway=primary surface=asphalt estimated_traffic_class=4", "estimated_crossing_class=4", "31951", "3163636"],
          ["134533145", "33736278", "15", "86", "1260", "0", "0", "0", "0", "highway=primary surface=asphalt estimated_traffic_class=4", "estimated_crossing_class=4", "31990", "3167511"],
          ["134533025", "33737239", "17", "107", "1260", "0", "0", "0", "0", "highway=primary surface=asphalt estimated_traffic_class=4", "estimated_crossing_class=4", "32029", "3171424"],
          ["134533008", "33737767", "14", "58", "1260", "0", "0", "0", "0", "highway=primary surface=asphalt estimated_traffic_class=4", "estimated_crossing_class=4", "32043", "3172787"],
          ["134533213", "33738223", "9", "54", "1260", "0", "3", "0", "0", "highway=primary surface=asphalt estimated_traffic_class=4", "estimated_crossing_class=4", "32051", "3173614"],
          ["134533236", "33738287", "9", "7", "1260", "0", "1", "0", "0", "highway=primary surface=asphalt estimated_traffic_class=4", "", "32052", "3173696"],
          ["134533310", "33738864", "5", "64", "1230", "0", "0", "0", "0", "highway=primary surface=asphalt estimated_traffic_class=3", "", "32058", "3174304"],
          ["134533357", "33738991", "5", "15", "1200", "0", "1", "0", "0", "highway=primary surface=asphalt estimated_traffic_class=2", "estimated_crossing_class=2", "32059", "3174453"],
          ["134533614", "33739138", "4", "29", "1200", "0", "9", "0", "0", "highway=primary surface=asphalt estimated_traffic_class=2", "estimated_crossing_class=2", "32062", "3174743"],
          ["134534298", "33739395", "4", "70", "1200", "0", "0", "0", "0", "highway=primary surface=asphalt estimated_traffic_class=2", "estimated_crossing_class=2", "32069", "3175467"],
          ["134535401", "33740187", "3", "135", "1200", "0", "0", "0", "0", "highway=primary surface=asphalt estimated_traffic_class=2", "estimated_crossing_class=2", "32086", "3177101"],
          ["134535949", "33741826", "4", "194", "1200", "0", "4", "0", "0", "highway=primary surface=asphalt estimated_traffic_class=2", "estimated_crossing_class=2", "32112", "3179746"],
          ["134536414", "33742936", "4", "132", "1200", "0", "0", "0", "0", "highway=primary surface=asphalt estimated_traffic_class=2", "estimated_crossing_class=2", "32132", "3181765"],
          ["134536869", "33743463", "5", "72", "1200", "0", "1", "0", "0", "highway=primary surface=asphalt estimated_traffic_class=2", "estimated_crossing_class=2", "32145", "3183082"],
          ["134537059", "33743684", "5", "30", "1200", "0", "0", "0", "0", "highway=primary surface=asphalt estimated_traffic_class=2", "estimated_crossing_class=2", "32152", "3183717"],
          ["134537238", "33743892", "6", "28", "1200", "0", "0", "0", "0", "highway=primary surface=asphalt estimated_traffic_class=2", "estimated_crossing_class=2", "32158", "3184350"],
          ["134537608", "33744527", "8", "80", "1200", "0", "0", "0", "0", "highway=primary surface=asphalt estimated_traffic_class=2", "estimated_crossing_class=2", "32176", "3186187"],
          ["134537672", "33744975", "8", "50", "1200", "0", "0", "0", "0", "highway=primary surface=asphalt estimated_traffic_class=2", "", "32189", "3187480"],
          ["134537589", "33745468", "7", "56", "1100", "0", "2", "0", "0", "highway=secondary surface=asphalt estimated_traffic_class=1", "estimated_crossing_class=1", "32199", "3188469"],
          ["134536837", "33746188", "7", "106", "1100", "0", "2", "0", "0", "highway=secondary surface=asphalt estimated_traffic_class=1", "estimated_crossing_class=1", "32218", "3190290"],
          ["134535991", "33746874", "9", "109", "1100", "0", "0", "0", "0", "highway=secondary surface=asphalt estimated_traffic_class=1", "estimated_crossing_class=1", "32246", "3193109"],
          ["134535231", "33747331", "9", "87", "1100", "0", "0", "0", "0", "highway=secondary surface=asphalt estimated_traffic_class=1", "estimated_crossing_class=1", "32262", "3194724"],
          ["134534269", "33747976", "11", "115", "1100", "0", "3", "0", "0", "highway=secondary surface=asphalt estimated_traffic_class=1", "estimated_crossing_class=1", "32288", "3197357"],
          ["134534057", "33748084", "12", "23", "1100", "0", "0", "20", "0", "highway=secondary surface=asphalt estimated_traffic_class=1", "highway=traffic_signals", "32295", "3198047"],
          ["134534034", "33748121", "12", "5", "1500", "0", "13", "20", "0", "reversedirection=yes highway=trunk", "highway=crossing crossing=traffic_signals", "32296", "3198187"],
          ["134531416", "33752121", "39", "549", "1500", "0", "11", "20", "0", "reversedirection=yes highway=trunk", "highway=traffic_signals", "32553", "3223841"],
          ["134559524", "33783588", "94", "6427", "1500", "2844", "323", "0", "0", "reversedirection=yes highway=trunk", "", "34478", "3413383"],
          ["134559251", "33788067", "100", "560", "1100", "0", "157", "0", "0", "reversedirection=yes highway=unclassified", "", "34597", "3425262"],
          ["134566182", "33790427", "131", "746", "1100", "0", "130", "0", "0", "highway=unclassified", "", "34872", "3452780"],
          ["134592109", "33802572", "79", "2893", "1500", "2882", "86", "20", "0", "reversedirection=yes highway=trunk", "highway=traffic_signals", "35548", "3515143"],
          ["134591305", "33805791", "72", "384", "1500", "0", "0", "0", "0", "reversedirection=yes highway=trunk", "highway=crossing crossing=uncontrolled", "35605", "3520790"],
          ["134591256", "33805855", "72", "8", "1500", "0", "0", "0", "0", "reversedirection=yes highway=trunk", "highway=crossing", "35605", "3520864"],
          ["134598697", "33817753", "39", "1818", "1500", "1609", "8", "0", "0", "reversedirection=yes highway=trunk", "highway=crossing crossing=uncontrolled", "35866", "3544257"],
          ["134603707", "33822394", "17", "711", "1500", "510", "2", "20", "0", "reversedirection=yes highway=trunk", "highway=crossing crossing=traffic_signals", "35937", "3550589"],
          ["134606407", "33826594", "17", "542", "1500", "0", "1", "20", "0", "reversedirection=yes highway=trunk", "highway=traffic_signals", "36018", "3558653"],
          ["134607492", "33828457", "19", "233", "1500", "0", "2", "0", "0", "reversedirection=yes highway=trunk", "highway=crossing crossing=uncontrolled", "36059", "3562791"],
          ["134608559", "33829738", "18", "175", "1500", "0", "0", "20", "0", "reversedirection=yes highway=trunk", "highway=traffic_signals", "36094", "3566295"],
          ["134608719", "33829880", "17", "22", "1500", "0", "0", "20", "0", "reversedirection=yes highway=trunk", "highway=crossing crossing=traffic_signals", "36097", "3566544"],
          ["134609554", "33830672", "21", "117", "1500", "0", "0", "0", "0", "reversedirection=yes highway=trunk", "", "36114", "3568275"],
          ["134622009", "33836410", "7", "1858", "1100", "0", "180", "0", "0", "reversedirection=yes highway=unclassified", "", "36417", "3598616"],
          ["134623738", "33841484", "4", "608", "1100", "0", "11", "0", "0", "highway=unclassified", "estimated_crossing_class=2", "36498", "3606695"],
          ["134625341", "33849372", "3", "1148", "1100", "0", "70", "0", "0", "highway=unclassified", "", "36716", "3628476"],
          ["134625739", "33850101", "3", "92", "1100", "0", "10", "0", "0", "reversedirection=yes highway=unclassified", "", "36729", "3629747"],
          ["134626672", "33857944", "0", "939", "1100", "0", "76", "0", "0", "highway=unclassified", "", "36898", "3646681"],
          ["134627221", "33859924", "0", "226", "1500", "0", "25", "20", "0", "reversedirection=yes highway=trunk", "highway=crossing crossing=traffic_signals", "36930", "3649849"],
          ["134627343", "33860126", "0", "25", "1500", "0", "1", "20", "0", "reversedirection=yes highway=trunk", "highway=traffic_signals", "36934", "3650251"],
          ["134634208", "33870562", "9", "1389", "1500", "0", "5", "0", "0", "reversedirection=yes highway=trunk", "", "37202", "3677086"],
          ["134637158", "33873111", "2", "407", "1100", "0", "80", "0", "0", "reversedirection=yes highway=unclassified", "", "37260", "3682854"],
          ["134637284", "33873204", "3", "16", "1500", "0", "19", "20", "0", "reversedirection=yes highway=trunk", "highway=crossing crossing=traffic_signals", "37261", "3683023"],
          ["134637408", "33873292", "3", "15", "1500", "0", "0", "20", "0", "reversedirection=yes highway=trunk", "highway=traffic_signals", "37263", "3683189"],
          ["134637514", "33873348", "3", "11", "1100", "0", "2", "20", "0", "reversedirection=yes highway=unclassified", "highway=crossing crossing=traffic_signals", "37264", "3683317"],
          ["134641489", "33873296", "3", "394", "1100", "0", "86", "0", "0", "reversedirection=yes highway=unclassified", "highway=crossing", "37334", "3690238"],
          ["134641541", "33873323", "3", "6", "1100", "0", "0", "0", "0", "reversedirection=yes highway=unclassified", "", "37334", "3690314"],
          ["134646478", "33876509", "4", "643", "1100", "0", "127", "0", "0", "highway=unclassified", "", "37451", "3701979"],
          ["134649281", "33878080", "5", "313", "1500", "0", "32", "0", "0", "reversedirection=yes highway=trunk", "", "37504", "3707287"],
          ["134652580", "33880921", "3", "450", "1100", "0", "43", "0", "0", "highway=unclassified", "", "37599", "3716840"],
          ["134652530", "33882426", "1", "242", "1030", "0", "52", "0", "0", "reversedirection=yes highway=tertiary estimated_traffic_class=3", "", "37627", "3719631"],
          ["134652893", "33886441", "2", "448", "1500", "0", "7", "20", "0", "reversedirection=yes highway=trunk", "highway=crossing crossing=traffic_signals", "37700", "3726912"],
          ["134652892", "33886492", "2", "6", "1500", "0", "0", "20", "0", "reversedirection=yes highway=trunk", "highway=traffic_signals", "37701", "3727022"],
          ["134652879", "33886721", "2", "25", "1500", "0", "0", "20", "0", "reversedirection=yes highway=trunk", "highway=crossing crossing=traffic_signals", "37706", "3727476"],
          ["134652774", "33887808", "2", "121", "1500", "0", "0", "20", "0", "reversedirection=yes highway=trunk", "highway=traffic_signals", "37729", "3729809"],
          ["134652759", "33887904", "2", "11", "1500", "0", "0", "20", "0", "highway=trunk", "highway=traffic_signals", "37731", "3730001"],
          ["134652734", "33888011", "2", "12", "1130", "0", "0", "20", "0", "reversedirection=yes highway=secondary surface=asphalt estimated_traffic_class=3", "highway=crossing estimated_crossing_class=0 crossing=traffic_signals", "37733", "3730209"],
          ["134652680", "33888332", "2", "37", "1130", "0", "1", "20", "0", "reversedirection=yes highway=secondary surface=asphalt estimated_traffic_class=3", "highway=crossing crossing=traffic_signals", "37740", "3730848"],
          ["134652685", "33888470", "2", "15", "1130", "0", "0", "20", "0", "reversedirection=yes highway=secondary surface=asphalt estimated_traffic_class=3", "highway=traffic_signals estimated_crossing_class=0", "37742", "3731106"],
          ["134652703", "33888569", "2", "11", "1130", "0", "0", "20", "0", "reversedirection=yes highway=secondary surface=asphalt estimated_traffic_class=3", "highway=crossing crossing=traffic_signals", "37744", "3731294"],
          ["134652879", "33889002", "2", "51", "1130", "0", "0", "20", "0", "reversedirection=yes highway=secondary surface=asphalt estimated_traffic_class=3", "highway=traffic_signals estimated_crossing_class=0", "37752", "3732141"],
          ["134652950", "33889101", "2", "13", "1130", "0", "1", "20", "0", "reversedirection=yes highway=secondary surface=asphalt estimated_traffic_class=3", "highway=crossing crossing=traffic_signals", "37755", "3732350"],
          ["134653996", "33889797", "2", "125", "1130", "0", "1", "0", "0", "reversedirection=yes highway=secondary surface=asphalt estimated_traffic_class=3", "estimated_crossing_class=2", "37774", "3734305"],
          ["134654110", "33889858", "2", "13", "1130", "0", "0", "0", "0", "reversedirection=yes highway=secondary surface=asphalt estimated_traffic_class=3", "highway=crossing estimated_crossing_class=0 crossing=uncontrolled", "37776", "3734536"],
          ["134655240", "33890478", "1", "125", "1130", "0", "0", "0", "0", "reversedirection=yes highway=secondary surface=asphalt estimated_traffic_class=3", "estimated_crossing_class=2", "37796", "3736469"],
          ["134656537", "33891181", "1", "143", "1130", "0", "0", "0", "0", "reversedirection=yes highway=secondary surface=asphalt estimated_traffic_class=3", "estimated_crossing_class=2", "37818", "3738649"],
          ["134656830", "33891340", "1", "32", "1130", "0", "0", "20", "0", "reversedirection=yes highway=secondary surface=asphalt estimated_traffic_class=3", "highway=traffic_signals", "37823", "3739173"],
          ["134657805", "33891872", "1", "108", "1130", "0", "0", "0", "0", "reversedirection=yes highway=secondary surface=asphalt estimated_traffic_class=3", "estimated_crossing_class=2", "37840", "3740893"],
          ["134659422", "33892754", "0", "179", "1130", "0", "0", "0", "0", "reversedirection=yes highway=secondary surface=asphalt estimated_traffic_class=3", "estimated_crossing_class=2", "37867", "3743600"],
          ["134661546", "33893906", "0", "234", "1130", "0", "0", "0", "0", "reversedirection=yes highway=secondary surface=asphalt estimated_traffic_class=3", "estimated_crossing_class=2", "37904", "3747280"],
          ["134661605", "33893936", "0", "6", "1130", "0", "0", "0", "0", "reversedirection=yes highway=secondary surface=asphalt estimated_traffic_class=3", "estimated_crossing_class=2", "37905", "3747379"],
          ["134662615", "33894485", "0", "112", "1130", "0", "0", "0", "0", "reversedirection=yes highway=secondary surface=asphalt estimated_traffic_class=3", "estimated_crossing_class=2", "37927", "3749581"],
          ["134663632", "33895118", "0", "117", "1130", "0", "0", "0", "0", "reversedirection=yes highway=secondary surface=asphalt estimated_traffic_class=3", "estimated_crossing_class=2", "37948", "3751710"],
          ["134664243", "33895723", "0", "87", "1130", "0", "0", "0", "0", "reversedirection=yes highway=secondary surface=asphalt estimated_traffic_class=3", "estimated_crossing_class=2", "37961", "3752967"],
          ["134664256", "33895743", "0", "3", "1130", "0", "1", "0", "0", "reversedirection=yes highway=secondary surface=asphalt estimated_traffic_class=3", "estimated_crossing_class=2", "37961", "3753009"],
          ["134664951", "33896781", "0", "132", "1130", "0", "0", "0", "0", "reversedirection=yes highway=secondary surface=asphalt estimated_traffic_class=3", "estimated_crossing_class=2", "37984", "3755293"],
          ["134665558", "33897721", "0", "118", "1130", "0", "0", "0", "0", "reversedirection=yes highway=secondary surface=asphalt estimated_traffic_class=3", "estimated_crossing_class=2", "38004", "3757247"],
          ["134665590", "33897770", "0", "6", "1130", "0", "0", "0", "0", "reversedirection=yes highway=secondary surface=asphalt estimated_traffic_class=3", "estimated_crossing_class=2", "38013", "3757400"],
          ["134665722", "33897974", "0", "26", "1130", "0", "0", "0", "0", "reversedirection=yes highway=secondary surface=asphalt estimated_traffic_class=3", "estimated_crossing_class=2", "38018", "3757861"],
          ["134666151", "33898600", "1", "80", "1130", "0", "0", "0", "0", "reversedirection=yes highway=secondary surface=asphalt estimated_traffic_class=3", "estimated_crossing_class=3", "38034", "3759447"],
          ["134666701", "33899286", "1", "92", "1130", "0", "0", "0", "0", "reversedirection=yes highway=secondary surface=asphalt estimated_traffic_class=3", "estimated_crossing_class=3", "38052", "3761282"],
          ["134666851", "33899476", "1", "25", "1130", "0", "0", "0", "0", "reversedirection=yes highway=secondary surface=asphalt estimated_traffic_class=3", "estimated_crossing_class=3", "38057", "3761715"],
          ["134667479", "33900239", "1", "103", "1130", "0", "0", "0", "0", "reversedirection=yes highway=secondary surface=asphalt estimated_traffic_class=3", "estimated_crossing_class=3", "38075", "3763552"],
          ["134667645", "33900457", "2", "29", "1130", "0", "0", "0", "0", "reversedirection=yes highway=secondary surface=asphalt estimated_traffic_class=3", "estimated_crossing_class=3", "38080", "3764084"],
          ["134667839", "33900701", "2", "32", "1130", "0", "0", "0", "0", "reversedirection=yes highway=secondary surface=asphalt estimated_traffic_class=3", "estimated_crossing_class=3", "38086", "3764694"],
          ["134668084", "33901004", "2", "41", "1130", "0", "0", "0", "0", "reversedirection=yes highway=secondary surface=asphalt estimated_traffic_class=3", "estimated_crossing_class=3", "38094", "3765489"],
          ["134668185", "33901135", "2", "17", "1130", "0", "0", "0", "0", "reversedirection=yes highway=secondary surface=asphalt estimated_traffic_class=3", "estimated_crossing_class=3", "38097", "3765807"],
          ["134668483", "33901681", "2", "67", "1130", "0", "1", "0", "0", "reversedirection=yes highway=secondary surface=asphalt estimated_traffic_class=3", "estimated_crossing_class=3", "38109", "3766937"],
          ["134668566", "33901956", "2", "31", "1130", "0", "0", "0", "0", "reversedirection=yes highway=secondary surface=asphalt estimated_traffic_class=3", "estimated_crossing_class=3", "38114", "3767503"],
          ["134668646", "33902395", "3", "49", "1130", "0", "0", "0", "0", "reversedirection=yes highway=secondary surface=asphalt estimated_traffic_class=3", "estimated_crossing_class=3", "38124", "3768448"],
          ["134668659", "33902500", "3", "12", "1130", "0", "0", "0", "0", "reversedirection=yes highway=secondary surface=asphalt estimated_traffic_class=3", "estimated_crossing_class=3", "38126", "3768694"],
          ["134668753", "33903174", "3", "75", "1130", "0", "0", "20", "0", "reversedirection=yes highway=secondary surface=asphalt estimated_traffic_class=3", "highway=crossing estimated_crossing_class=0 crossing=traffic_signals", "38140", "3770061"],
          ["134668778", "33903335", "2", "18", "1130", "0", "0", "20", "0", "reversedirection=yes highway=secondary surface=asphalt estimated_traffic_class=3", "highway=traffic_signals", "38143", "3770360"],
          ["134668794", "33903484", "2", "17", "1130", "0", "0", "20", "0", "reversedirection=yes highway=secondary surface=asphalt estimated_traffic_class=3", "highway=crossing estimated_crossing_class=0 crossing=traffic_signals", "38146", "3770643"],
          ["134668875", "33904170", "2", "76", "1130", "0", "0", "0", "0", "reversedirection=yes highway=secondary surface=asphalt estimated_traffic_class=3", "estimated_crossing_class=3", "38158", "3771854"],
          ["134668883", "33904243", "2", "8", "1130", "0", "0", "0", "0", "reversedirection=yes highway=secondary surface=asphalt estimated_traffic_class=3", "estimated_crossing_class=3", "38159", "3771983"],
          ["134668907", "33904466", "2", "25", "1130", "0", "0", "0", "0", "reversedirection=yes highway=secondary surface=asphalt estimated_traffic_class=3", "estimated_crossing_class=3", "38164", "3772416"],
          ["134668906", "33904709", "2", "27", "1130", "0", "0", "0", "0", "reversedirection=yes highway=secondary surface=asphalt estimated_traffic_class=3", "estimated_crossing_class=3", "38168", "3772881"],
          ["134668840", "33905559", "3", "94", "1130", "0", "0", "0", "0", "reversedirection=yes highway=secondary surface=asphalt estimated_traffic_class=3", "estimated_crossing_class=3", "38185", "3774554"],
          ["134668819", "33905880", "3", "36", "1130", "0", "0", "20", "0", "reversedirection=yes highway=secondary surface=asphalt estimated_traffic_class=3", "highway=crossing estimated_crossing_class=0 crossing=traffic_signals", "38191", "3775176"],
          ["134668813", "33905987", "3", "12", "1130", "0", "0", "20", "0", "reversedirection=yes highway=secondary surface=asphalt estimated_traffic_class=3", "highway=traffic_signals estimated_crossing_class=0", "38193", "3775383"],
          ["134668806", "33906068", "3", "9", "1130", "0", "0", "20", "0", "reversedirection=yes highway=secondary surface=asphalt estimated_traffic_class=3", "highway=traffic_signals estimated_crossing_class=0", "38195", "3775537"],
          ["134668803", "33906138", "3", "8", "1130", "0", "0", "20", "0", "reversedirection=yes highway=secondary surface=asphalt estimated_traffic_class=3", "highway=crossing estimated_crossing_class=0 crossing=traffic_signals", "38196", "3775674"],
          ["134668760", "33906636", "3", "55", "1130", "0", "0", "0", "0", "reversedirection=yes highway=secondary surface=asphalt estimated_traffic_class=3", "estimated_crossing_class=3", "38206", "3776662"],
          ["134668743", "33906850", "3", "24", "1130", "0", "0", "0", "0", "reversedirection=yes highway=secondary surface=asphalt estimated_traffic_class=3", "estimated_crossing_class=3", "38210", "3777083"],
          ["134668564", "33909066", "14", "246", "1130", "0", "0", "0", "0", "reversedirection=yes highway=secondary surface=asphalt estimated_traffic_class=3", "estimated_crossing_class=3", "38300", "3786046"],
          ["134668445", "33910028", "8", "107", "1130", "0", "0", "0", "0", "reversedirection=yes highway=secondary surface=asphalt estimated_traffic_class=3", "estimated_crossing_class=3", "38316", "3787624"],
          ["134668330", "33910307", "6", "33", "1130", "0", "0", "0", "0", "reversedirection=yes highway=secondary surface=asphalt estimated_traffic_class=3", "estimated_crossing_class=0", "38319", "3787968"],
          ["134668293", "33910385", "6", "9", "1130", "0", "0", "20", "0", "reversedirection=yes highway=secondary surface=asphalt estimated_traffic_class=3", "highway=crossing estimated_crossing_class=0 crossing=traffic_signals", "38320", "3788056"],
          ["134668265", "33910445", "5", "7", "1130", "0", "0", "20", "0", "reversedirection=yes highway=secondary surface=asphalt estimated_traffic_class=3", "highway=traffic_signals estimated_crossing_class=0", "38321", "3788122"],
          ["134668256", "33910461", "5", "2", "1130", "0", "0", "0", "0", "reversedirection=yes highway=secondary surface=asphalt estimated_traffic_class=3", "estimated_crossing_class=0", "38321", "3788141"],
          ["134668107", "33910697", "4", "30", "1130", "0", "0", "0", "0", "reversedirection=yes highway=secondary surface=asphalt estimated_traffic_class=3", "estimated_crossing_class=3", "38325", "3788532"],
          ["134667813", "33911164", "3", "58", "1130", "0", "0", "0", "0", "reversedirection=yes highway=secondary surface=asphalt estimated_traffic_class=3", "estimated_crossing_class=3", "38332", "3789227"],
          ["134667279", "33912056", "4", "111", "1130", "0", "0", "0", "0", "reversedirection=yes highway=secondary surface=asphalt estimated_traffic_class=3", "estimated_crossing_class=3", "38345", "3790525"],
          ["134666923", "33912643", "5", "73", "1130", "0", "0", "0", "0", "reversedirection=yes highway=secondary surface=asphalt estimated_traffic_class=3", "estimated_crossing_class=3", "38357", "3791730"],
          ["134666813", "33912823", "5", "22", "1130", "0", "0", "0", "0", "reversedirection=yes highway=secondary surface=asphalt estimated_traffic_class=3", "estimated_crossing_class=3", "38360", "3792056"],
          ["134666493", "33913298", "5", "61", "1130", "0", "0", "0", "0", "reversedirection=yes highway=secondary surface=asphalt estimated_traffic_class=3", "estimated_crossing_class=3", "38369", "3792996"],
          ["134665934", "33914004", "5", "94", "1130", "0", "0", "0", "0", "reversedirection=yes highway=secondary surface=asphalt estimated_traffic_class=3", "estimated_crossing_class=3", "38387", "3794726"],
          ["134665831", "33914138", "5", "18", "1130", "0", "0", "0", "0", "reversedirection=yes highway=secondary surface=asphalt estimated_traffic_class=3", "estimated_crossing_class=3", "38390", "3795044"],
          ["134665681", "33914333", "5", "26", "1130", "0", "0", "0", "0", "reversedirection=yes highway=secondary surface=asphalt estimated_traffic_class=3", "estimated_crossing_class=3", "38394", "3795473"],
          ["134665296", "33914833", "5", "66", "1130", "0", "0", "0", "0", "reversedirection=yes highway=secondary surface=asphalt estimated_traffic_class=3", "estimated_crossing_class=3", "38404", "3796468"],
          ["134665191", "33914968", "5", "18", "1130", "0", "0", "0", "0", "reversedirection=yes highway=secondary surface=asphalt estimated_traffic_class=3", "estimated_crossing_class=3", "38407", "3796750"],
          ["134664970", "33915250", "5", "37", "1130", "0", "0", "20", "0", "reversedirection=yes highway=secondary surface=asphalt estimated_traffic_class=3", "highway=crossing estimated_crossing_class=0 crossing=traffic_signals", "38414", "3797448"],
          ["134664860", "33915390", "6", "19", "1130", "0", "0", "20", "0", "reversedirection=yes highway=secondary surface=asphalt estimated_traffic_class=3", "highway=traffic_signals estimated_crossing_class=0", "38418", "3797871"],
          ["134664583", "33915718", "7", "44", "1130", "0", "0", "0", "0", "reversedirection=yes highway=secondary surface=asphalt estimated_traffic_class=3", "estimated_crossing_class=3", "38429", "3798946"],
          ["134664238", "33916166", "6", "59", "1130", "0", "0", "0", "0", "reversedirection=yes highway=secondary surface=asphalt estimated_traffic_class=3", "estimated_crossing_class=3", "38440", "3800029"],
          ["134663750", "33916624", "6", "68", "1130", "0", "0", "0", "0", "reversedirection=yes highway=secondary surface=asphalt estimated_traffic_class=3", "estimated_crossing_class=3", "38451", "3801129"],
          ["134663141", "33916961", "6", "68", "1130", "0", "1", "0", "0", "reversedirection=yes highway=secondary surface=asphalt estimated_traffic_class=3", "railway=level_crossing", "38462", "3802243"],
          ["134663047", "33916997", "6", "10", "1130", "0", "0", "0", "0", "reversedirection=yes highway=secondary surface=asphalt estimated_traffic_class=3", "estimated_crossing_class=2", "38463", "3802413"],
          ["134662692", "33917206", "6", "40", "1160", "0", "1", "0", "0", "reversedirection=yes highway=secondary estimated_traffic_class=4", "estimated_crossing_class=3", "38471", "3803131"],
          ["134662017", "33917875", "6", "97", "1160", "0", "1", "0", "0", "reversedirection=yes highway=secondary estimated_traffic_class=4", "estimated_crossing_class=0", "38487", "3804727"],
          ["134661961", "33917935", "6", "8", "1160", "0", "0", "20", "0", "reversedirection=yes highway=secondary estimated_traffic_class=4", "highway=crossing crossing=traffic_signals", "38488", "3804854"],
          ["134661918", "33917981", "6", "6", "1160", "0", "0", "20", "0", "reversedirection=yes highway=secondary estimated_traffic_class=4", "highway=traffic_signals estimated_crossing_class=0", "38489", "3804950"],
          ["134661857", "33918043", "6", "9", "1160", "0", "0", "20", "0", "reversedirection=yes highway=secondary estimated_traffic_class=4", "highway=crossing crossing=traffic_signals", "38490", "3805095"],
          ["134661129", "33918798", "6", "107", "1160", "0", "0", "0", "0", "reversedirection=yes highway=secondary estimated_traffic_class=4", "estimated_crossing_class=3", "38510", "3807079"],
          ["134660751", "33919201", "8", "57", "1160", "0", "0", "0", "0", "reversedirection=yes highway=secondary estimated_traffic_class=4", "highway=crossing crossing=uncontrolled", "38523", "3808384"],
          ["134660677", "33919279", "7", "11", "1160", "0", "0", "0", "0", "reversedirection=yes highway=secondary estimated_traffic_class=4", "estimated_crossing_class=3", "38525", "3808599"],
          ["134660599", "33919361", "7", "12", "1100", "0", "0", "0", "0", "highway=unclassified", "highway=crossing crossing=uncontrolled", "38528", "3808829"],
          ["134659012", "33920996", "8", "234", "1100", "0", "0", "20", "0", "highway=unclassified", "highway=crossing crossing=traffic_signals", "38570", "3813044"],
          ["134658896", "33921095", "8", "15", "1100", "0", "0", "20", "0", "highway=unclassified", "highway=traffic_signals estimated_crossing_class=0", "38573", "3813363"],
          ["134658795", "33921088", "9", "9", "1100", "0", "32", "20", "0", "highway=unclassified", "highway=crossing crossing=traffic_signals", "38575", "3813562"],
          ["134651822", "33922281", "7", "662", "1100", "0", "4", "20", "0", "highway=unclassified", "highway=traffic_signals estimated_crossing_class=0", "38685", "3824588"],
          ["134651803", "33923288", "7", "112", "1290", "0", "105", "0", "0", "highway=primary estimated_traffic_class=5", "estimated_crossing_class=4", "38705", "3826527"],
          ["134651773", "33924667", "4", "153", "1290", "0", "0", "0", "0", "highway=primary estimated_traffic_class=5", "", "38729", "3828950"],
          ["134651771", "33924723", "4", "6", "1260", "0", "0", "0", "0", "highway=primary estimated_traffic_class=4", "estimated_crossing_class=4", "38730", "3829049"],
          ["134651767", "33924773", "4", "6", "1260", "0", "0", "0", "0", "highway=primary estimated_traffic_class=4", "estimated_crossing_class=4", "38731", "3829147"],
          ["134651735", "33925280", "4", "56", "1260", "0", "0", "0", "0", "highway=primary estimated_traffic_class=4", "estimated_crossing_class=4", "38737", "3829730"],
          ["134651703", "33925546", "4", "30", "1260", "0", "0", "0", "0", "highway=primary estimated_traffic_class=4", "estimated_crossing_class=4", "38740", "3830107"],
          ["134651572", "33926649", "7", "123", "1260", "0", "0", "0", "0", "highway=primary estimated_traffic_class=4", "estimated_crossing_class=4", "38767", "3832729"],
          ["134651512", "33927115", "7", "52", "1260", "0", "0", "0", "0", "highway=primary estimated_traffic_class=4", "estimated_crossing_class=4", "38778", "3833860"],
          ["134651274", "33927755", "7", "75", "1260", "0", "2", "0", "0", "highway=primary estimated_traffic_class=4", "estimated_crossing_class=4", "38793", "3835364"],
          ["134650721", "33928443", "6", "92", "1260", "0", "0", "0", "0", "highway=primary estimated_traffic_class=4", "estimated_crossing_class=4", "38807", "3836724"],
          ["134650643", "33928540", "6", "13", "1260", "0", "0", "0", "0", "highway=primary estimated_traffic_class=4", "estimated_crossing_class=4", "38809", "3836926"],
          ["134650222", "33928934", "6", "59", "1260", "0", "1", "0", "0", "highway=primary estimated_traffic_class=4", "estimated_crossing_class=4", "38818", "3837866"],
          ["134649593", "33929490", "6", "85", "1260", "0", "0", "0", "0", "highway=primary estimated_traffic_class=4", "estimated_crossing_class=4", "38831", "3839197"],
          ["134648966", "33930067", "6", "86", "1260", "0", "0", "0", "0", "highway=primary estimated_traffic_class=4", "estimated_crossing_class=4", "38844", "3840482"],
          ["134648883", "33930156", "6", "13", "1260", "0", "0", "0", "0", "highway=primary estimated_traffic_class=4", "estimated_crossing_class=4", "38846", "3840699"],
          ["134648728", "33930325", "6", "24", "1260", "0", "0", "0", "0", "highway=primary estimated_traffic_class=4", "estimated_crossing_class=4", "38850", "3841099"],
          ["134647679", "33932036", "6", "213", "1260", "0", "0", "0", "0", "highway=primary estimated_traffic_class=4", "estimated_crossing_class=4", "38886", "3844662"],
          ["134647530", "33932304", "6", "33", "1260", "0", "0", "0", "0", "highway=primary estimated_traffic_class=4", "estimated_crossing_class=4", "38892", "3845252"],
          ["134647244", "33932866", "5", "68", "1260", "0", "0", "0", "0", "highway=primary estimated_traffic_class=4", "estimated_crossing_class=4", "38903", "3846329"],
          ["134646707", "33934882", "5", "229", "1260", "0", "0", "0", "0", "highway=primary estimated_traffic_class=4", "estimated_crossing_class=4", "38940", "3850060"],
          ["134646500", "33935669", "5", "89", "1260", "0", "0", "0", "0", "highway=primary estimated_traffic_class=4", "estimated_crossing_class=4", "38955", "3851558"],
          ["134646445", "33935914", "5", "28", "1260", "0", "0", "0", "0", "highway=primary estimated_traffic_class=4", "estimated_crossing_class=4", "38960", "3852029"],
          ["134646274", "33937101", "6", "133", "1260", "0", "0", "0", "0", "highway=primary estimated_traffic_class=4", "estimated_crossing_class=4", "38984", "3854424"],
          ["134646231", "33937273", "7", "19", "1260", "0", "0", "0", "0", "highway=primary estimated_traffic_class=4", "estimated_crossing_class=4", "38988", "3854856"],
          ["134646062", "33937869", "8", "68", "1260", "0", "0", "0", "0", "highway=primary estimated_traffic_class=4", "estimated_crossing_class=4", "39005", "3856561"],
          ["134646026", "33938051", "8", "20", "1260", "0", "0", "0", "0", "highway=primary estimated_traffic_class=4", "estimated_crossing_class=4", "39009", "3857022"],
          ["134646051", "33938589", "7", "63", "1260", "0", "20", "0", "0", "highway=primary estimated_traffic_class=4", "estimated_crossing_class=4", "39022", "3858233"],
          ["134646368", "33938616", "7", "30", "1260", "0", "14", "0", "0", "highway=primary estimated_traffic_class=4", "estimated_crossing_class=4", "39026", "3858674"],
          ["134646861", "33938616", "6", "46", "1260", "0", "0", "0", "0", "highway=primary estimated_traffic_class=4", "", "39032", "3859239"],
          ["134647135", "33938610", "6", "25", "1230", "0", "0", "20", "0", "highway=primary estimated_traffic_class=3", "highway=traffic_signals", "39035", "3859574"],
          ["134647100", "33942292", "8", "408", "1230", "0", "94", "20", "0", "highway=primary estimated_traffic_class=3", "highway=traffic_signals", "39111", "3867140"],
          ["134647082", "33943687", "7", "156", "1230", "0", "0", "0", "0", "highway=primary estimated_traffic_class=3", "estimated_crossing_class=3", "39135", "3869624"],
          ["134646965", "33944269", "7", "65", "1230", "0", "0", "0", "0", "highway=primary estimated_traffic_class=3", "estimated_crossing_class=3", "39145", "3870561"],
          ["134646925", "33944477", "6", "23", "1230", "0", "0", "0", "0", "highway=primary estimated_traffic_class=3", "estimated_crossing_class=3", "39148", "3870886"],
          ["134646687", "33945372", "5", "102", "1230", "0", "0", "0", "0", "highway=primary estimated_traffic_class=3", "estimated_crossing_class=3", "39160", "3872118"],
          ["134646376", "33946084", "4", "84", "1230", "0", "0", "0", "0", "highway=primary estimated_traffic_class=3", "estimated_crossing_class=3", "39172", "3873272"],
          ["134644425", "33949633", "5", "433", "1230", "0", "0", "20", "0", "highway=primary estimated_traffic_class=3", "highway=traffic_signals estimated_crossing_class=0", "39251", "3881162"],
          ["134642654", "33951394", "4", "255", "1100", "0", "0", "0", "0", "highway=secondary estimated_traffic_class=2", "estimated_crossing_class=2", "39288", "3884842"],
          ["134641701", "33952052", "4", "114", "1100", "0", "0", "0", "0", "highway=secondary estimated_traffic_class=2", "estimated_crossing_class=2", "39308", "3886828"],
          ["134640637", "33952788", "5", "128", "1100", "0", "0", "0", "0", "highway=secondary estimated_traffic_class=2", "estimated_crossing_class=2", "39331", "3889177"],
          ["134640113", "33953149", "6", "63", "1100", "0", "0", "0", "0", "highway=secondary estimated_traffic_class=2", "estimated_crossing_class=2", "39344", "3890522"],
          ["134639872", "33953311", "5", "29", "1100", "0", "0", "0", "0", "highway=secondary estimated_traffic_class=2", "estimated_crossing_class=2", "39350", "3891054"],
          ["134638775", "33954067", "5", "132", "1100", "0", "0", "0", "0", "highway=secondary estimated_traffic_class=2", "estimated_crossing_class=2", "39372", "3893280"],
          ["134637177", "33955162", "3", "191", "1100", "0", "0", "0", "0", "highway=secondary estimated_traffic_class=2", "estimated_crossing_class=2", "39398", "3895906"],
          ["134636164", "33955975", "5", "130", "1100", "0", "0", "0", "0", "highway=secondary estimated_traffic_class=2", "estimated_crossing_class=2", "39423", "3898385"],
          ["134636019", "33956117", "5", "21", "1100", "0", "0", "0", "0", "highway=secondary estimated_traffic_class=2", "estimated_crossing_class=2", "39428", "3898838"],
          ["134634593", "33957699", "4", "219", "1100", "0", "0", "0", "0", "highway=secondary estimated_traffic_class=2", "estimated_crossing_class=2", "39466", "3902680"],
          ["134634508", "33957798", "4", "14", "1100", "0", "0", "0", "0", "highway=secondary estimated_traffic_class=2", "estimated_crossing_class=2", "39468", "3902899"],
          ["134634426", "33957893", "4", "13", "1100", "0", "1", "0", "0", "highway=secondary estimated_traffic_class=2", "estimated_crossing_class=2", "39470", "3903118"],
          ["134632197", "33959437", "5", "271", "1100", "0", "0", "20", "0", "highway=secondary estimated_traffic_class=2", "highway=traffic_signals", "39517", "3907757"],
          ["134630932", "33959524", "5", "119", "1100", "0", "3", "0", "0", "highway=secondary estimated_traffic_class=2", "estimated_crossing_class=0", "39540", "3910110"],
          ["134630806", "33959476", "5", "13", "1100", "0", "4", "20", "0", "highway=secondary estimated_traffic_class=2", "highway=traffic_signals", "39542", "3910327"],
          ["134630724", "33959568", "5", "13", "1100", "0", "71", "0", "0", "highway=secondary estimated_traffic_class=2", "estimated_crossing_class=0", "39545", "3910545"],
          ["134628834", "33961257", "5", "257", "1100", "0", "0", "0", "0", "highway=secondary estimated_traffic_class=2", "estimated_crossing_class=2", "39586", "3914671"],
          ["134627953", "33961923", "4", "110", "1100", "0", "0", "20", "0", "highway=secondary estimated_traffic_class=2", "highway=traffic_signals", "39602", "3916294"],
          ["134626534", "33962742", "4", "160", "1100", "0", "0", "0", "0", "highway=secondary estimated_traffic_class=2", "estimated_crossing_class=2", "39627", "3918804"],
          ["134626472", "33962776", "4", "7", "1100", "0", "0", "0", "0", "highway=secondary estimated_traffic_class=2", "estimated_crossing_class=2", "39628", "3918919"],
          ["134625751", "33963167", "3", "80", "1100", "0", "0", "0", "0", "highway=secondary estimated_traffic_class=2", "estimated_crossing_class=2", "39641", "3920180"],
          ["134622507", "33964397", "5", "336", "1100", "0", "0", "0", "0", "highway=secondary estimated_traffic_class=2", "estimated_crossing_class=2", "39704", "3926436"],
          ["134621915", "33964388", "5", "55", "1100", "0", "0", "0", "0", "highway=secondary estimated_traffic_class=2", "estimated_crossing_class=2", "39714", "3927497"],
          ["134620980", "33964437", "5", "86", "1100", "0", "0", "0", "0", "highway=secondary estimated_traffic_class=2", "estimated_crossing_class=2", "39729", "3929007"],
          ["134620622", "33964491", "5", "34", "1100", "0", "0", "0", "0", "highway=secondary estimated_traffic_class=2", "estimated_crossing_class=2", "39735", "3929577"],
          ["134619965", "33964548", "6", "61", "1100", "0", "0", "20", "0", "highway=secondary estimated_traffic_class=2", "highway=traffic_signals", "39746", "3930678"],
          ["134618878", "33967572", "2", "350", "1100", "0", "62", "0", "0", "reversedirection=yes highway=secondary estimated_traffic_class=2", "estimated_crossing_class=1", "39802", "3936275"],
          ["134618814", "33967742", "2", "20", "1100", "0", "0", "0", "0", "reversedirection=yes highway=secondary estimated_traffic_class=2", "estimated_crossing_class=1", "39805", "3936610"],
          ["134618776", "33967833", "2", "11", "1100", "0", "0", "0", "0", "reversedirection=yes highway=secondary estimated_traffic_class=2", "estimated_crossing_class=1", "39807", "3936794"],
          ["134618540", "33968264", "2", "53", "1100", "0", "0", "0", "0", "reversedirection=yes highway=secondary estimated_traffic_class=2", "estimated_crossing_class=1", "39813", "3937365"],
          ["134615569", "33971321", "2", "437", "1100", "0", "1", "0", "0", "reversedirection=yes highway=secondary estimated_traffic_class=2", "estimated_crossing_class=1", "39879", "3944015"],
          ["134615110", "33971888", "1", "76", "1100", "0", "0", "0", "0", "reversedirection=yes highway=secondary estimated_traffic_class=2", "estimated_crossing_class=1", "39891", "3945175"],
          ["134614499", "33973067", "3", "142", "1100", "0", "0", "0", "0", "reversedirection=yes highway=secondary estimated_traffic_class=2", "estimated_crossing_class=1", "39918", "3947847"],
          ["134614187", "33973886", "3", "95", "1100", "0", "0", "0", "0", "reversedirection=yes highway=secondary estimated_traffic_class=2", "estimated_crossing_class=1", "39936", "3949680"],
          ["134614128", "33974109", "3", "25", "1100", "0", "0", "0", "0", "reversedirection=yes highway=secondary estimated_traffic_class=2", "estimated_crossing_class=1", "39941", "3950178"],
          ["134614062", "33974371", "3", "30", "1100", "0", "0", "20", "0", "reversedirection=yes highway=secondary estimated_traffic_class=2", "highway=traffic_signals estimated_crossing_class=0", "39946", "3950687"],
          ["134613431", "33976599", "1", "254", "1100", "0", "0", "20", "0", "reversedirection=yes highway=secondary estimated_traffic_class=2", "highway=traffic_signals", "39983", "3954421"],
          ["134613337", "33976806", "2", "25", "1100", "0", "0", "20", "0", "reversedirection=yes highway=secondary estimated_traffic_class=2", "highway=traffic_signals", "39988", "3954851"],
          ["134612819", "33977750", "1", "115", "1100", "0", "1", "0", "0", "highway=secondary estimated_traffic_class=2", "estimated_crossing_class=2", "40006", "3956666"],
          ["134612398", "33978444", "2", "86", "1100", "0", "0", "20", "0", "highway=secondary estimated_traffic_class=2", "highway=traffic_signals", "40021", "3958164"],
          ["134611933", "33979061", "3", "81", "1100", "0", "0", "0", "0", "highway=secondary estimated_traffic_class=2", "estimated_crossing_class=2", "40039", "3959973"],
          ["134607551", "33982628", "2", "592", "1100", "0", "131", "0", "0", "highway=unclassified", "estimated_crossing_class=0", "40141", "3970163"],
          ["134607430", "33982661", "2", "12", "1100", "0", "21", "20", "0", "highway=secondary estimated_traffic_class=2 route_bicycle_rcn=yes", "nodeaccessgranted=yes highway=traffic_signals", "40143", "3970347"],
          ["134606019", "33983403", "0", "154", "1100", "0", "2", "20", "0", "highway=secondary estimated_traffic_class=2 route_bicycle_rcn=yes", "nodeaccessgranted=yes highway=traffic_signals estimated_crossing_class=0", "40172", "3973268"],
          ["134604811", "33984776", "0", "189", "1100", "0", "0", "20", "0", "highway=secondary estimated_traffic_class=2 route_bicycle_rcn=yes", "nodeaccessgranted=yes highway=traffic_signals", "40207", "3976758"],
          ["134604897", "33985866", "1", "126", "1100", "0", "15", "0", "0", "highway=secondary estimated_traffic_class=2 route_bicycle_rcn=yes", "nodeaccessgranted=yes estimated_crossing_class=2", "40224", "3978524"],
          ["134604783", "33986075", "1", "25", "1100", "0", "0", "0", "0", "highway=secondary estimated_traffic_class=2 route_bicycle_rcn=yes", "nodeaccessgranted=yes estimated_crossing_class=2", "40228", "3978872"],
          ["134604296", "33987233", "3", "137", "1100", "0", "1", "0", "0", "highway=secondary estimated_traffic_class=2 route_bicycle_rcn=yes", "nodeaccessgranted=yes estimated_crossing_class=2", "40254", "3981501"],
          ["134604293", "33987749", "2", "57", "1100", "0", "0", "0", "0", "highway=secondary estimated_traffic_class=2 route_bicycle_rcn=yes", "nodeaccessgranted=yes estimated_crossing_class=2", "40263", "3982371"],
          ["134604325", "33988172", "2", "47", "1100", "0", "0", "0", "0", "highway=secondary estimated_traffic_class=2", "estimated_crossing_class=2", "40270", "3983036"],
          ["134604376", "33988794", "1", "69", "1100", "0", "0", "0", "0", "highway=secondary estimated_traffic_class=2", "estimated_crossing_class=2", "40279", "3983956"],
          ["134604430", "33989765", "2", "108", "1100", "0", "0", "0", "0", "highway=secondary estimated_traffic_class=2", "estimated_crossing_class=2", "40297", "3985804"],
          ["134604507", "33990643", "1", "98", "1100", "0", "0", "0", "0", "highway=secondary estimated_traffic_class=2", "estimated_crossing_class=2", "40311", "3987211"],
          ["134604552", "33991258", "0", "68", "1100", "0", "0", "0", "0", "highway=secondary estimated_traffic_class=2", "estimated_crossing_class=2", "40321", "3988228"],
          ["134604452", "33992340", "2", "120", "1100", "0", "0", "0", "0", "highway=secondary estimated_traffic_class=2", "estimated_crossing_class=2", "40345", "3990555"],
          ["134604224", "33993035", "3", "80", "1100", "0", "0", "20", "0", "highway=secondary estimated_traffic_class=2", "highway=traffic_signals estimated_crossing_class=0", "40364", "3992480"],
          ["134604018", "33993641", "3", "70", "1100", "0", "0", "0", "0", "highway=secondary estimated_traffic_class=2", "", "40379", "3993943"],
          ["134603740", "33994435", "3", "92", "1130", "0", "0", "0", "0", "highway=secondary estimated_traffic_class=3", "estimated_crossing_class=3", "40395", "3995571"],
          ["134603729", "33994468", "3", "4", "1130", "0", "0", "0", "0", "highway=secondary estimated_traffic_class=3", "estimated_crossing_class=3", "40396", "3995641"],
          ["134603513", "33995021", "3", "65", "1130", "0", "0", "20", "0", "highway=secondary estimated_traffic_class=3", "highway=traffic_signals estimated_crossing_class=0", "40407", "3996815"],
          ["134603280", "33995398", "3", "47", "1130", "0", "0", "0", "0", "highway=secondary estimated_traffic_class=3", "estimated_crossing_class=3", "40415", "3997588"],
          ["134603026", "33995690", "3", "40", "1130", "0", "0", "0", "0", "highway=secondary estimated_traffic_class=3", "estimated_crossing_class=3", "40421", "3998205"],
          ["134602279", "33996239", "2", "93", "1130", "0", "0", "0", "0", "highway=secondary estimated_traffic_class=3", "estimated_crossing_class=3", "40435", "3999634"],
          ["134601664", "33996570", "2", "68", "1130", "0", "0", "0", "0", "highway=secondary estimated_traffic_class=3", "estimated_crossing_class=3", "40445", "4000572"],
          ["134601047", "33996897", "3", "68", "1130", "0", "0", "0", "0", "highway=secondary estimated_traffic_class=3", "estimated_crossing_class=3", "40457", "4001823"],
          ["134600690", "33997083", "3", "39", "1130", "0", "0", "0", "0", "highway=secondary estimated_traffic_class=3", "estimated_crossing_class=3", "40465", "4002554"],
          ["134599988", "33997438", "3", "76", "1130", "0", "0", "0", "0", "highway=secondary estimated_traffic_class=3", "estimated_crossing_class=3", "40479", "4004029"],
          ["134598339", "33998589", "4", "199", "1130", "0", "0", "0", "0", "highway=secondary estimated_traffic_class=3", "estimated_crossing_class=3", "40516", "4007719"],
          ["134598030", "33998841", "4", "40", "1130", "0", "0", "0", "0", "highway=secondary estimated_traffic_class=3", "estimated_crossing_class=3", "40523", "4008425"],
          ["134597600", "33999192", "4", "56", "1130", "0", "0", "0", "0", "highway=secondary estimated_traffic_class=3", "estimated_crossing_class=3", "40533", "4009346"],
          ["134597313", "33999423", "3", "37", "1130", "0", "0", "0", "0", "highway=secondary estimated_traffic_class=3", "estimated_crossing_class=3", "40538", "4009927"],
          ["134596840", "33999803", "2", "61", "1130", "0", "0", "0", "0", "highway=secondary estimated_traffic_class=3", "estimated_crossing_class=3", "40547", "4010743"],
          ["134596442", "34000125", "2", "51", "1130", "0", "0", "0", "0", "highway=secondary estimated_traffic_class=3", "estimated_crossing_class=3", "40553", "4011426"],
          ["134595587", "34000815", "3", "110", "1130", "0", "0", "0", "0", "highway=secondary estimated_traffic_class=3", "estimated_crossing_class=3", "40574", "4013452"],
          ["134594744", "34001495", "4", "108", "1130", "0", "0", "0", "0", "highway=secondary estimated_traffic_class=3", "estimated_crossing_class=3", "40594", "4015488"],
          ["134594227", "34001915", "4", "67", "1130", "0", "0", "0", "0", "highway=secondary estimated_traffic_class=3", "estimated_crossing_class=3", "40606", "4016728"],
          ["134594086", "34002054", "4", "20", "1130", "0", "0", "0", "0", "highway=secondary estimated_traffic_class=3", "estimated_crossing_class=3", "40610", "4017109"],
          ["134592940", "34003407", "4", "184", "1130", "0", "0", "0", "0", "highway=secondary estimated_traffic_class=3", "estimated_crossing_class=3", "40644", "4020441"],
          ["134592918", "34003437", "4", "4", "1130", "0", "0", "0", "0", "highway=secondary estimated_traffic_class=3", "estimated_crossing_class=3", "40644", "4020504"],
          ["134592665", "34003778", "4", "44", "1130", "0", "0", "0", "0", "highway=secondary estimated_traffic_class=3", "estimated_crossing_class=3", "40651", "4021168"],
          ["134591180", "34005500", "3", "238", "1130", "0", "4", "20", "0", "highway=secondary estimated_traffic_class=3", "highway=traffic_signals estimated_crossing_class=0", "40688", "4024868"],
          ["134590872", "34005547", "3", "29", "1130", "0", "3", "0", "0", "highway=secondary estimated_traffic_class=3", "estimated_crossing_class=3", "40692", "4025321"],
          ["134590846", "34005547", "3", "2", "1130", "0", "0", "0", "0", "highway=secondary estimated_traffic_class=3", "", "40693", "4025353"],
          ["134589500", "34005746", "4", "127", "1160", "0", "1", "20", "0", "highway=secondary estimated_traffic_class=4", "highway=traffic_signals", "40718", "4027881"],
          ["134588299", "34005987", "5", "114", "1160", "0", "0", "0", "0", "highway=secondary estimated_traffic_class=4", "estimated_crossing_class=4", "40739", "4030029"],
          ["134587034", "34006255", "4", "121", "1160", "0", "0", "0", "0", "highway=secondary estimated_traffic_class=4", "estimated_crossing_class=4", "40758", "4031851"],
          ["134586985", "34006265", "4", "5", "1160", "0", "0", "0", "0", "highway=secondary estimated_traffic_class=4", "estimated_crossing_class=4", "40758", "4031930"],
          ["134586426", "34006374", "4", "53", "1160", "0", "0", "0", "0", "highway=secondary estimated_traffic_class=4", "estimated_crossing_class=4", "40768", "4032931"],
          ["134585039", "34006659", "5", "132", "1030", "0", "0", "0", "0", "highway=tertiary estimated_traffic_class=3", "", "40793", "4035351"],
          ["134583852", "34008006", "6", "221", "1100", "0", "120", "20", "0", "reversedirection=yes highway=unclassified", "highway=traffic_signals estimated_crossing_class=0", "40834", "4039533"],
          ["134583201", "34008127", "5", "62", "1100", "0", "0", "0", "0", "reversedirection=yes highway=unclassified", "", "40845", "4040566"],
          ["134582008", "34010184", "5", "334", "1100", "0", "78", "0", "0", "highway=unclassified", "estimated_crossing_class=4", "40913", "4046596"],
          ["134580839", "34011420", "5", "176", "1160", "0", "46", "0", "0", "highway=secondary estimated_traffic_class=4", "estimated_crossing_class=4", "40939", "4049133"],
          ["134580670", "34011638", "4", "29", "1160", "0", "3", "0", "0", "highway=secondary estimated_traffic_class=4", "estimated_crossing_class=4", "40943", "4049572"],
          ["134580217", "34011869", "4", "48", "1160", "0", "2", "0", "0", "highway=secondary estimated_traffic_class=4", "estimated_crossing_class=4", "40950", "4050265"],
          ["134578968", "34012402", "3", "130", "1160", "0", "2", "0", "0", "highway=secondary estimated_traffic_class=4", "estimated_crossing_class=4", "40967", "4052008"],
          ["134578841", "34012481", "3", "15", "1160", "0", "0", "0", "0", "highway=secondary estimated_traffic_class=4", "estimated_crossing_class=4", "40970", "4052224"],
          ["134577673", "34013177", "3", "132", "1160", "0", "0", "0", "0", "highway=secondary estimated_traffic_class=4", "highway=crossing estimated_crossing_class=0 crossing=marked", "40990", "4054294"],
          ["134577173", "34013397", "3", "53", "1160", "0", "0", "0", "0", "highway=secondary estimated_traffic_class=4", "estimated_crossing_class=4", "40999", "4055146"],
          ["134576177", "34013613", "5", "95", "1160", "0", "0", "0", "0", "highway=secondary estimated_traffic_class=4", "estimated_crossing_class=4", "41018", "4057073"],
          ["134575752", "34013679", "6", "40", "1160", "0", "0", "0", "0", "highway=secondary estimated_traffic_class=4", "estimated_crossing_class=4", "41030", "4058263"],
          ["134575685", "34013689", "6", "6", "1160", "0", "0", "0", "0", "highway=secondary estimated_traffic_class=4", "estimated_crossing_class=4", "41032", "4058432"],
          ["134575257", "34013749", "6", "40", "1160", "0", "0", "0", "0", "highway=secondary estimated_traffic_class=4", "estimated_crossing_class=4", "41043", "4059514"],
          ["134573768", "34013980", "6", "140", "1160", "0", "0", "0", "0", "highway=secondary estimated_traffic_class=4", "estimated_crossing_class=4", "41068", "4062101"],
          ["134572538", "34014178", "4", "116", "1160", "0", "0", "0", "0", "highway=secondary estimated_traffic_class=4", "estimated_crossing_class=4", "41083", "4063591"],
          ["134572250", "34014224", "4", "27", "1160", "0", "0", "0", "0", "highway=secondary estimated_traffic_class=4", "estimated_crossing_class=4", "41087", "4063989"],
          ["134571811", "34014301", "4", "41", "1160", "0", "0", "0", "0", "highway=secondary estimated_traffic_class=4", "estimated_crossing_class=4", "41094", "4064649"],
          ["134571016", "34014423", "4", "75", "1160", "0", "0", "20", "0", "highway=secondary estimated_traffic_class=4", "highway=traffic_signals estimated_crossing_class=0", "41107", "4065939"],
          ["134570962", "34014437", "4", "5", "1160", "0", "0", "0", "0", "highway=secondary estimated_traffic_class=4", "estimated_crossing_class=0", "41108", "4066025"],
          ["134570652", "34014513", "4", "30", "1160", "0", "0", "20", "0", "highway=secondary estimated_traffic_class=4", "highway=traffic_signals", "41113", "4066566"],
          ["134569939", "34014900", "4", "80", "1160", "0", "2", "0", "0", "highway=secondary estimated_traffic_class=4", "estimated_crossing_class=4", "41128", "4068015"],
          ["134569858", "34014958", "4", "10", "1160", "0", "0", "0", "0", "highway=secondary estimated_traffic_class=4", "estimated_crossing_class=4", "41129", "4068183"],
          ["134569668", "34015154", "4", "28", "1160", "0", "0", "0", "0", "highway=secondary estimated_traffic_class=4", "estimated_crossing_class=4", "41134", "4068615"],
          ["134569274", "34015771", "4", "77", "1160", "0", "0", "0", "0", "highway=secondary estimated_traffic_class=4", "estimated_crossing_class=4", "41145", "4069772"],
          ["134569245", "34015817", "4", "6", "1160", "0", "0", "0", "0", "highway=secondary estimated_traffic_class=4", "estimated_crossing_class=4", "41146", "4069864"],
          ["134568602", "34016869", "5", "132", "1160", "0", "1", "20", "0", "highway=secondary estimated_traffic_class=4", "highway=traffic_signals", "41169", "4072145"],
          ["134568072", "34019083", "6", "251", "1160", "0", "0", "0", "0", "highway=secondary estimated_traffic_class=4", "estimated_crossing_class=4", "41221", "4077410"],
          ["134567962", "34019564", "6", "54", "1160", "0", "0", "20", "0", "highway=secondary estimated_traffic_class=4", "highway=traffic_signals estimated_crossing_class=0", "41231", "4078402"],
          ["134567789", "34020327", "7", "86", "1160", "0", "0", "0", "0", "highway=secondary estimated_traffic_class=4", "estimated_crossing_class=4", "41248", "4080061"],
          ["134567788", "34021352", "9", "115", "1160", "0", "0", "20", "0", "highway=secondary estimated_traffic_class=4", "highway=traffic_signals", "41272", "4082460"],
          ["134567802", "34021456", "9", "12", "1160", "0", "0", "0", "0", "highway=secondary estimated_traffic_class=4", "estimated_crossing_class=0", "41275", "4082755"],
          ["134567842", "34021758", "10", "34", "1160", "0", "0", "0", "0", "highway=secondary estimated_traffic_class=4", "estimated_crossing_class=4", "41284", "4083677"],
          ["134567913", "34022364", "11", "68", "1160", "0", "0", "0", "0", "highway=secondary estimated_traffic_class=4", "estimated_crossing_class=4", "41304", "4085660"],
          ["134567826", "34023348", "8", "109", "1160", "0", "0", "0", "0", "highway=secondary estimated_traffic_class=4", "estimated_crossing_class=4", "41321", "4087411"],
          ["134567609", "34024129", "5", "89", "1160", "0", "0", "20", "0", "highway=secondary estimated_traffic_class=4", "highway=traffic_signals estimated_crossing_class=0", "41333", "4088570"],
          ["134567601", "34024154", "5", "3", "1160", "0", "0", "0", "0", "highway=secondary estimated_traffic_class=4", "estimated_crossing_class=0", "41334", "4088616"],
          ["134567398", "34024807", "4", "75", "1160", "0", "0", "0", "0", "highway=secondary estimated_traffic_class=4", "estimated_crossing_class=4", "41343", "4089611"],
          ["134567222", "34025303", "4", "57", "1160", "0", "0", "0", "0", "highway=secondary estimated_traffic_class=4", "estimated_crossing_class=4", "41352", "4090455"],
          ["134567002", "34025845", "4", "63", "1160", "0", "0", "0", "0", "highway=secondary estimated_traffic_class=4", "estimated_crossing_class=4", "41359", "4091117"],
          ["134566934", "34025994", "4", "18", "1160", "0", "0", "0", "0", "highway=secondary estimated_traffic_class=4", "estimated_crossing_class=4", "41361", "4091324"],
          ["134566549", "34026835", "2", "100", "1160", "0", "0", "0", "0", "highway=secondary estimated_traffic_class=4", "estimated_crossing_class=4", "41376", "4092874"],
          ["134566530", "34026877", "2", "5", "1160", "0", "0", "0", "0", "highway=secondary estimated_traffic_class=4", "estimated_crossing_class=4", "41377", "4092955"],
          ["134566319", "34027346", "3", "56", "1160", "0", "0", "0", "0", "highway=secondary estimated_traffic_class=4", "estimated_crossing_class=4", "41383", "4093572"],
          ["134566148", "34027714", "3", "44", "1160", "0", "0", "0", "0", "highway=secondary estimated_traffic_class=4", "estimated_crossing_class=4", "41389", "4094159"],
          ["134565730", "34028517", "3", "96", "1160", "0", "0", "0", "0", "highway=secondary estimated_traffic_class=4", "estimated_crossing_class=4", "41403", "4095534"],
          ["134565631", "34028676", "3", "20", "1160", "0", "0", "0", "0", "highway=secondary estimated_traffic_class=4", "estimated_crossing_class=4", "41406", "4095880"],
          ["134565277", "34029173", "4", "64", "1160", "0", "0", "20", "0", "highway=secondary estimated_traffic_class=4", "highway=traffic_signals", "41419", "4097192"],
          ["134565224", "34029249", "4", "10", "1160", "0", "0", "0", "0", "highway=secondary estimated_traffic_class=4", "estimated_crossing_class=0", "41421", "4097405"],
          ["134564698", "34030097", "4", "107", "1160", "0", "1", "0", "0", "highway=secondary estimated_traffic_class=4", "estimated_crossing_class=4", "41441", "4099383"],
          ["134564686", "34030142", "4", "5", "1160", "0", "0", "0", "0", "highway=secondary estimated_traffic_class=4", "estimated_crossing_class=4", "41442", "4099466"],
          ["134564654", "34030349", "4", "23", "1160", "0", "0", "0", "0", "highway=secondary estimated_traffic_class=4", "estimated_crossing_class=4", "41446", "4099849"],
          ["134564784", "34031060", "5", "80", "1160", "0", "2", "0", "0", "highway=secondary estimated_traffic_class=4", "estimated_crossing_class=4", "41461", "4101332"],
          ["134565122", "34031690", "4", "77", "1160", "0", "0", "0", "0", "highway=secondary estimated_traffic_class=4", "estimated_crossing_class=4", "41474", "4102672"],
          ["134565185", "34031795", "4", "13", "1160", "0", "0", "0", "0", "highway=secondary estimated_traffic_class=4", "highway=crossing", "41476", "4102895"],
          ["134565990", "34033221", "1", "175", "1160", "0", "0", "0", "0", "highway=secondary estimated_traffic_class=4", "estimated_crossing_class=4", "41497", "4105009"],
          ["134566007", "34033250", "1", "4", "1160", "0", "0", "0", "0", "highway=secondary estimated_traffic_class=4", "estimated_crossing_class=4", "41498", "4105068"],
          ["134566355", "34033858", "2", "75", "1160", "0", "0", "20", "0", "highway=secondary estimated_traffic_class=4", "highway=traffic_signals estimated_crossing_class=0", "41510", "4106273"],
          ["134566920", "34034855", "2", "122", "1160", "0", "0", "0", "0", "highway=secondary estimated_traffic_class=4", "estimated_crossing_class=4", "41531", "4108367"],
          ["134567115", "34035199", "2", "42", "1160", "0", "0", "0", "0", "highway=secondary estimated_traffic_class=4", "estimated_crossing_class=4", "41539", "4109164"],
          ["134568109", "34036942", "4", "214", "1160", "0", "0", "0", "0", "highway=secondary estimated_traffic_class=4", "estimated_crossing_class=4", "41583", "4113613"],
          ["134568143", "34037002", "4", "7", "1160", "0", "0", "0", "0", "highway=secondary estimated_traffic_class=4", "estimated_crossing_class=4", "41585", "4113737"],
          ["134568514", "34037648", "5", "79", "1160", "0", "0", "0", "0", "highway=secondary estimated_traffic_class=4", "estimated_crossing_class=4", "41601", "4115331"],
          ["134568628", "34037853", "5", "25", "1160", "0", "0", "0", "0", "highway=secondary estimated_traffic_class=4", "estimated_crossing_class=4", "41606", "4115828"],
          ["134568802", "34038177", "6", "39", "1160", "0", "0", "0", "0", "highway=secondary estimated_traffic_class=4", "estimated_crossing_class=4", "41614", "4116709"],
          ["134568903", "34038385", "6", "25", "1160", "0", "0", "0", "0", "highway=secondary estimated_traffic_class=4", "estimated_crossing_class=4", "41620", "4117299"],
          ["134568935", "34038477", "6", "11", "1160", "0", "0", "0", "0", "highway=secondary estimated_traffic_class=4", "", "41623", "4117528"],
          ["134569011", "34038777", "5", "34", "1160", "0", "0", "0", "0", "highway=secondary estimated_traffic_class=4 oneway=yes", "estimated_crossing_class=0", "41628", "4118096"],
          ["134569052", "34038937", "5", "18", "1160", "0", "0", "20", "0", "highway=secondary estimated_traffic_class=4 oneway=yes", "highway=traffic_signals estimated_crossing_class=0", "41631", "4118380"],
          ["134570087", "34044316", "6", "609", "1160", "0", "5", "20", "0", "highway=secondary estimated_traffic_class=4 oneway=yes", "highway=traffic_signals", "41740", "4129264"],
          ["134570115", "34044349", "6", "4", "1290", "0", "0", "0", "0", "highway=primary estimated_traffic_class=5", "estimated_crossing_class=0", "41741", "4129324"],
          ["134570388", "34044665", "5", "43", "1290", "0", "0", "0", "0", "highway=primary estimated_traffic_class=5", "estimated_crossing_class=6", "41746", "4129866"],
          ["134570914", "34045055", "5", "65", "1290", "0", "2", "0", "0", "highway=primary estimated_traffic_class=5", "estimated_crossing_class=6", "41755", "4130763"],
          ["134571102", "34045166", "5", "21", "1290", "0", "0", "0", "0", "highway=primary estimated_traffic_class=5", "estimated_crossing_class=0", "41758", "4131102"],
          ["134571169", "34045203", "5", "7", "1290", "0", "0", "20", "0", "highway=primary estimated_traffic_class=5", "highway=traffic_signals traffic_signals=signal", "41760", "4131223"],
          ["134571343", "34045292", "6", "19", "1290", "0", "0", "20", "0", "highway=primary estimated_traffic_class=5", "highway=traffic_signals traffic_signals=signal", "41763", "4131594"],
          ["134572443", "34045886", "7", "121", "1160", "0", "0", "0", "0", "highway=secondary estimated_traffic_class=4", "estimated_crossing_class=4", "41792", "4134441"],
          ["134572839", "34046088", "8", "43", "1160", "0", "0", "0", "0", "highway=secondary estimated_traffic_class=4", "estimated_crossing_class=4", "41802", "4135475"],
          ["134573198", "34046271", "7", "39", "1160", "0", "0", "0", "0", "highway=secondary estimated_traffic_class=4", "estimated_crossing_class=0", "41809", "4136172"],
          ["134573246", "34046296", "7", "5", "1160", "0", "0", "20", "0", "highway=secondary estimated_traffic_class=4", "highway=traffic_signals estimated_crossing_class=0", "41810", "4136250"],
          ["134573478", "34046419", "6", "25", "1160", "0", "0", "0", "0", "highway=secondary estimated_traffic_class=4", "estimated_crossing_class=4", "41813", "4136601"],
          ["134574392", "34046902", "6", "100", "1160", "0", "0", "0", "0", "highway=secondary estimated_traffic_class=4", "estimated_crossing_class=0", "41827", "4138003"],
          ["134574534", "34046978", "5", "16", "1160", "0", "0", "20", "0", "highway=secondary estimated_traffic_class=4", "highway=traffic_signals", "41830", "4138220"],
          ["134575112", "34047329", "4", "66", "1160", "0", "0", "0", "0", "highway=secondary estimated_traffic_class=4", "estimated_crossing_class=4", "41838", "4139050"],
          ["134576320", "34048630", "4", "184", "1160", "0", "2", "0", "0", "highway=secondary estimated_traffic_class=4", "estimated_crossing_class=4", "41863", "4141597"],
          ["134576342", "34048675", "4", "5", "1160", "0", "0", "0", "0", "highway=secondary estimated_traffic_class=4", "estimated_crossing_class=4", "41864", "4141680"],
          ["134576476", "34048967", "4", "35", "1160", "0", "0", "0", "0", "highway=secondary estimated_traffic_class=4", "estimated_crossing_class=4", "41870", "4142296"],
          ["134576557", "34049246", "4", "32", "1160", "0", "0", "0", "0", "highway=secondary estimated_traffic_class=4", "estimated_crossing_class=0", "41876", "4142885"],
          ["134576577", "34049317", "5", "8", "1160", "0", "0", "20", "0", "highway=secondary estimated_traffic_class=4", "highway=crossing estimated_crossing_class=0 crossing=traffic_signals", "41878", "4143040"],
          ["134576595", "34049385", "5", "8", "1160", "0", "0", "20", "0", "highway=secondary estimated_traffic_class=4", "highway=traffic_signals estimated_crossing_class=0", "41879", "4143193"],
          ["134576626", "34049500", "5", "13", "1160", "0", "0", "0", "0", "highway=secondary estimated_traffic_class=4", "estimated_crossing_class=0", "41882", "4143455"],
          ["134576665", "34049644", "5", "16", "1160", "0", "0", "0", "0", "highway=secondary estimated_traffic_class=4", "estimated_crossing_class=4", "41885", "4143792"],
          ["134576768", "34050025", "5", "43", "1160", "0", "0", "0", "0", "highway=secondary estimated_traffic_class=4", "estimated_crossing_class=4", "41894", "4144645"],
          ["134576903", "34050524", "4", "57", "1160", "0", "0", "0", "0", "highway=secondary estimated_traffic_class=4", "estimated_crossing_class=4", "41902", "4145509"],
          ["134576980", "34050808", "4", "32", "1160", "0", "0", "0", "0", "highway=secondary estimated_traffic_class=4", "estimated_crossing_class=4", "41907", "4145961"],
          ["134577089", "34051166", "4", "41", "1160", "0", "0", "0", "0", "highway=secondary estimated_traffic_class=4", "highway=crossing estimated_crossing_class=0 crossing=uncontrolled", "41914", "4146638"],
          ["134577119", "34051264", "4", "11", "1160", "0", "0", "20", "0", "highway=secondary estimated_traffic_class=4", "highway=traffic_signals estimated_crossing_class=0", "41916", "4146820"],
          ["134577232", "34051584", "4", "37", "1160", "0", "0", "0", "0", "highway=secondary estimated_traffic_class=4", "estimated_crossing_class=4", "41922", "4147472"],
          ["134577508", "34052361", "4", "90", "1160", "0", "0", "0", "0", "highway=secondary estimated_traffic_class=4", "estimated_crossing_class=4", "41938", "4149022"],
          ["134577575", "34052537", "4", "20", "1160", "0", "0", "0", "0", "highway=secondary estimated_traffic_class=4", "estimated_crossing_class=0", "41941", "4149363"],
          ["134577588", "34052571", "4", "4", "1160", "0", "0", "20", "0", "highway=secondary estimated_traffic_class=4", "highway=traffic_signals estimated_crossing_class=0", "41942", "4149427"],
          ["134577606", "34052657", "4", "10", "1160", "0", "1", "0", "0", "highway=secondary estimated_traffic_class=4", "estimated_crossing_class=0", "41943", "4149587"],
          ["134577475", "34053002", "4", "42", "1160", "0", "10", "0", "0", "highway=secondary estimated_traffic_class=4", "estimated_crossing_class=4", "41950", "4150233"],
          ["134577426", "34053055", "4", "7", "1160", "0", "0", "0", "0", "highway=secondary estimated_traffic_class=4", "estimated_crossing_class=4", "41951", "4150342"],
          ["134576277", "34053207", "6", "112", "1160", "0", "9", "0", "0", "highway=secondary estimated_traffic_class=4", "estimated_crossing_class=4", "41974", "4152671"],
          ["134574641", "34053128", "5", "151", "1160", "0", "0", "0", "0", "highway=secondary estimated_traffic_class=4", "estimated_crossing_class=4", "41998", "4155097"],
          ["134574123", "34053109", "3", "48", "1160", "0", "0", "0", "0", "highway=secondary estimated_traffic_class=4", "estimated_crossing_class=4", "42004", "4155719"],
          ["134573928", "34053107", "3", "18", "1160", "0", "0", "0", "0", "highway=secondary estimated_traffic_class=4", "", "42007", "4155969"],
          ["134573569", "34053084", "3", "33", "1130", "0", "0", "20", "0", "highway=secondary estimated_traffic_class=3", "highway=traffic_signals estimated_crossing_class=0", "42012", "4156446"],
          ["134572748", "34053225", "1", "84", "1130", "0", "14", "20", "0", "highway=secondary estimated_traffic_class=3", "highway=traffic_signals estimated_crossing_class=0", "42023", "4157537"],
          ["134572532", "34054370", "1", "129", "1130", "0", "3", "0", "0", "highway=secondary estimated_traffic_class=3", "", "42040", "4159272"],
          ["134572528", "34054405", "2", "4", "1160", "0", "0", "0", "0", "highway=secondary estimated_traffic_class=4", "estimated_crossing_class=3", "42041", "4159340"],
          ["134572448", "34054822", "6", "47", "1160", "0", "0", "0", "0", "highway=secondary estimated_traffic_class=4", "estimated_crossing_class=3", "42050", "4160289"],
          ["134572061", "34055628", "5", "97", "1160", "0", "4", "20", "0", "highway=secondary estimated_traffic_class=4", "highway=traffic_signals estimated_crossing_class=0", "42075", "4162799"],
          ["134571053", "34056328", "5", "121", "1160", "0", "0", "20", "0", "highway=secondary estimated_traffic_class=4", "highway=traffic_signals estimated_crossing_class=0", "42100", "4165306"],
          ["134570685", "34056576", "4", "44", "1160", "0", "0", "0", "0", "highway=secondary estimated_traffic_class=4", "estimated_crossing_class=3", "42108", "4166028"],
          ["134570538", "34056675", "4", "17", "1160", "0", "0", "0", "0", "highway=secondary estimated_traffic_class=4", "estimated_crossing_class=3", "42110", "4166292"],
          ["134570151", "34056936", "4", "46", "1160", "0", "0", "0", "0", "highway=secondary estimated_traffic_class=4", "estimated_crossing_class=3", "42117", "4166951"],
          ["134569709", "34057236", "3", "53", "1160", "0", "0", "0", "0", "highway=secondary estimated_traffic_class=4", "estimated_crossing_class=3", "42124", "4167719"],
          ["134569574", "34057325", "3", "16", "1160", "0", "0", "0", "0", "highway=secondary estimated_traffic_class=4", "estimated_crossing_class=3", "42127", "4167961"],
          ["134569284", "34057520", "3", "34", "1160", "0", "0", "0", "0", "highway=secondary estimated_traffic_class=4", "estimated_crossing_class=3", "42131", "4168412"],
          ["134568894", "34057783", "2", "46", "1160", "0", "0", "0", "0", "highway=secondary estimated_traffic_class=4", "estimated_crossing_class=0", "42138", "4169037"],
          ["134568857", "34057808", "3", "4", "1160", "0", "0", "20", "0", "highway=secondary estimated_traffic_class=4", "highway=traffic_signals estimated_crossing_class=0", "42138", "4169098"],
          ["134568774", "34057862", "3", "10", "1160", "0", "0", "0", "0", "highway=secondary estimated_traffic_class=4", "estimated_crossing_class=0", "42140", "4169250"],
          ["134568711", "34057903", "3", "7", "1160", "0", "0", "0", "0", "highway=secondary estimated_traffic_class=4", "estimated_crossing_class=0", "42141", "4169357"],
          ["134568212", "34058231", "3", "59", "1160", "0", "0", "0", "0", "highway=secondary estimated_traffic_class=4", "estimated_crossing_class=3", "42151", "4170332"],
          ["134567957", "34058395", "3", "30", "1160", "0", "0", "0", "0", "highway=secondary estimated_traffic_class=4", "estimated_crossing_class=3", "42156", "4170861"],
          ["134567541", "34058666", "3", "49", "1160", "0", "0", "0", "0", "highway=secondary estimated_traffic_class=4", "estimated_crossing_class=3", "42164", "4171711"],
          ["134567442", "34058730", "3", "12", "1130", "0", "0", "0", "0", "highway=secondary estimated_traffic_class=3", "estimated_crossing_class=0", "42166", "4171918"],
          ["134567311", "34058816", "3", "15", "1130", "0", "0", "20", "0", "highway=secondary estimated_traffic_class=3", "highway=traffic_signals estimated_crossing_class=0", "42169", "4172159"],
          ["134565554", "34059331", "3", "172", "1100", "0", "4", "20", "0", "highway=unclassified", "highway=traffic_signals", "42197", "4174925"],
          ["134558333", "34061031", "4", "694", "1100", "0", "3", "20", "0", "highway=unclassified", "highway=traffic_signals", "42323", "4187578"],
          ["134558352", "34061060", "4", "4", "1030", "0", "102", "20", "0", "reversedirection=yes highway=tertiary estimated_traffic_class=3", "highway=traffic_signals traffic_signals=signal", "42324", "4187635"],
          ["134556049", "34061782", "4", "227", "1030", "0", "102", "20", "0", "highway=tertiary estimated_traffic_class=3", "highway=crossing crossing=traffic_signals", "42361", "4191406"],
          ["134555933", "34061818", "4", "11", "1030", "0", "0", "20", "0", "highway=tertiary estimated_traffic_class=3", "highway=traffic_signals", "42363", "4191581"],
          ["134555812", "34061853", "4", "12", "1030", "0", "0", "20", "0", "highway=tertiary estimated_traffic_class=3", "highway=traffic_signals", "42365", "4191773"],
          ["134555682", "34061892", "4", "13", "1030", "0", "0", "20", "0", "highway=tertiary estimated_traffic_class=3", "highway=crossing crossing=traffic_signals", "42367", "4191982"],
          ["134554626", "34062223", "4", "104", "1030", "0", "0", "0", "0", "highway=tertiary estimated_traffic_class=3", "railway=level_crossing", "42383", "4193618"],
          ["134553767", "34062483", "5", "84", "1030", "0", "0", "20", "0", "highway=tertiary estimated_traffic_class=3", "highway=crossing crossing=traffic_signals", "42400", "4195239"],
          ["134552515", "34062861", "6", "123", "1030", "0", "0", "20", "0", "highway=tertiary estimated_traffic_class=3", "highway=traffic_signals", "42427", "4197964"],
          ["134549997", "34063528", "7", "244", "1030", "0", "0", "0", "0", "highway=tertiary estimated_traffic_class=3", "", "42471", "4202396"],
          ["134549981", "34062999", "7", "59", "1100", "0", "114", "0", "0", "highway=unclassified oneway=yes", "", "42483", "4203574"]
        ],
        "times": [0,6.306,6.789,7.276,8.521,9.865,19.203,20.23,21.805,22.65,24.169,24.96,33.581,35.122,37.301,59.086,60.577,61.979,91.14,93.448,95.931,100.081,114.91,116.833,118.731,141.302,143.347,145.354,147.254,161.526,163.451,164.875,174.146,178.646,179.998,185.464,186.932,187.646,187.887,188.13,188.83,190.145,195.134,203.012,206.121,207.235,208.933,220.901,222.61,224.282,234.088,234.86,237.239,239.698,241.793,244.1,245.018,258.718,261.384,263.72,281.237,282.549,300.775,302.555,305.375,314.475,327.952,329.282,341.61,343.028,343.944,347.965,351.203,353.523,356.331,363.861,365.542,368.016,381.606,382.852,384.745,386.057,392.892,393.492,413.589,416.476,420.087,430.146,433.292,437.428,443.374,451.255,451.702,457.955,461.713,463.954,466.102,467.063,468.037,469.164,471.199,473.717,478.003,480.488,486.835,488.205,489.175,497.643,498.852,501.396,509.514,523.704,538.391,556.102,556.867,557.55,561.903,562.298,570.953,590.76,592.748,604.73,606.361,607.066,612.146,614.691,617.421,630.901,651.458,655.663,656.672,657.513,658.354,659.531,686.088,687.601,688.441,692.3,711.943,717.457,725.328,741.079,743.397,747.014,749.4,755.535,756.285,764.605,772.249,777.221,780.02,782.951,786.613,789.995,794.227,798.18,798.54,800.418,803.021,815.937,818.833,821.59,854.504,893.783,894.514,897.223,900.063,934.432,936.522,939.642,952.156,983.789,1013.485,1014.361,1018.006,1023.806,1030.246,1035.695,1070.535,1091.469,1128.413,1134.499,1135.954,1187.62,1187.965,1188.481,1199.913,1208.987,1210.624,1215.907,1221.342,1225.154,1232.3,1239.256,1247.698,1253.745,1264.86,1292.479,1335.878,1338.838,1348.949,1354.665,1362.292,1374.428,1383.344,1395.421,1396.49,1408.571,1414.816,1419.717,1427.408,1428.255,1431.113,1432.777,1439.41,1448.475,1461.708,1474.567,1515.341,1533.44,1553.332,1554.158,1571.244,1583.764,1586.735,1594.728,1596.651,1604.058,1616.305,1630.791,1633.784,1635.863,1638.904,1642.06,1646.023,1649.031,1652.498,1675.506,1683.587,1698.059,1703.185,1712.138,1714.949,1718.659,1722.76,1725.759,1730.864,1734.61,1736.459,1740.924,1743.221,1749.89,1752.246,1753.684,1760.073,1765.088,1769.534,1773.74,1785.628,1794.417,1799.823,1804.188,1812.83,1816.514,1824.63,1829.061,1838.562,1845.146,1846.887,1847.842,1848.742,1849.496,1852.41,1856.218,1858.458,1886.177,1888.762,1894.346,1899.884,1905.39,1918.068,1922.043,1924.533,1928.027,1930.512,1934.261,1938.561,1948.759,1960.623,1969.418,1974.453,1976.993,1983.613,1992.643,1997.875,2004.712,2005.629,2007.168,2009.647,2016.563,2022.131,2033.157,2036.828,2038.436,2038.89,2041.641,2047.584,2049.491,2052.983,2060.168,2060.7,2061.23,2061.987,2065.348,2085.456,2097.223,2105.83,2106.792,2108.319,2112.908,2127.263,2127.636,2135.729,2141.197,2143.433,2144.075,2157.582,2159.831,2165.708,2166.396,2174.346,2182.899,2187.04,2193.497,2196.062,2199.109,2199.699,2206.055,2208.228,2220.759,2222.099,2222.434,2231.155,2241.556,2251.825,2253.434,2266.295,2271.686,2285.74,2315.525,2316.472,2335.394,2337.157,2355.413,2424.599,2425.11,2431.542,2437.738,2443.143,2451.627,2455.068,2455.89,2459.658,2461.984,2463.81,2464.38,2465.53,2472.894,2473.913,2477.307,2489.079,2491.39,2517.236,2525.253,2530.47,2535.176,2538.992,2541.197,2545.505,2562.843,2581.602,2584.47,2587.658,2590.417,2592.735,2595.769,2599.217,2600.205,2602.846,2612.231,2621.999,2626.689,2634.023,2635.708,2707.351,2708.598,2711.779,2719.49,2724.033,2729.616,2733.025,2734.478,2751.186,2752.537,2756.179,2760.475,2767.126,2768.19,2769.324,2785.163,2811.803,2819.125,2836.193,2840.745,2851.081,2877.117,2884.125,2885.346,2920.137,2934.875,2943.103,2946.588,2950.43,2971.236,2997.829,3005.798,3011.059,3023.884,3031.986,3044.921,3050.946,3055.214,3058.068,3059.82,3064.927,3072.011,3072.718,3074.436,3074.725,3075.891,3079.458,3083.622,3085.49,3088.229,3116.794,3125.764,3146.278,3176.304,3178.935,3184.84,3185.292,3192.157,3210.283,3214.086,3223.158,3224.278,3225.892,3227.683,3229.373,3230.56,3239.214,3250.74,3255.156,3262.654,3265.493,3270.148,3273.829,3283.605,3295.986,3297.642,3300.806,3301.463,3304.017,3305.466,3306.788,3310.189,3313.242,3314.318,3316.274,3330.801,3344.717,3351.545,3355.032,3360.287,3363.92,3380.428,3383.425,3384.085,3385.356,3389.823,3393.935,3397.424,3401.289,3402.045,3431.763,3441.829,3443.898,3452.839,3478.715,3484.28,3494.207,3499.168,3507.219,3512.452,3516.866,3521.073,3523.671,3530.433,3538.369,3542.202,3547.064,3551.482,3556.745,3561.777,3567.986,3573.021,3576.883,3611.118,3614.459,3620.043,3625.06,3630.577,3634.468,3642,3643.18,3646.551,3656.667,3657.984,3666.026,3670.97,3674.083,3680.897,3682.552,3686.766,3690.012,3691.929,3693.575,3717.705,3724.714,3728.165,3731.135,3733.286,3736.768,3741.798,3742.452,3742.642,3746.143,3757.174,3761.301,3764.442,3767.724,3775.653,3790.141,3791.563,3812.437,3820.886,3821.551,3827.23,3837.237,3844.833,3845.196,3851.67,3856.606,3860.943,3865.895,3868.869,3876.209,3879.221,3883.775,3886.671,3891.79,3894.299,3899.119,3904.015,3904.77,3910.631,3911.203,3915.921,3926.634,3935.46,3941.043,3941.504,3946.75,3954.372,3954.769,3961.958,3966.325,3967.173,3974.316,3979.02,3983.085,3992.34,3994.977,4000.107,4004.656,4007.357,4012.119,4015.728,4024.837,4028.038,4032.248,4039.103,4045.09,4045.691,4047.813,4054.723,4058.139,4062.822,4064.937,4066.08,4070.256,4077.493,4082.11,4091.221,4102.93,4105.487,4116.986,4135.393,4139.412,4140.996,4147.201,4148.65,4151.951,4166.556,4169.908,4199.181,4210.376,4217.48,4223.109,4228.904,4231.978,4233.207,4238.017,4244.077,4255.717,4273.044,4283.57,4308.147,4316.958,4328.326,4330.374,4331.582,4334.174,4336.286,4341.003,4347.397,4363.235,4364.008,4373.484,4379.049,4379.906,4382.645,4383.284,4387.537,4388.388,4394.405,4401.581,4406.638,4412.16,4414.033,4423.984,4432.61,4453.688,4458.228,4464.091,4467.407,4470.888,4474.566,4480.666,4484.917,4486.585,4492.304,4514.505,4519.139,4525.282,4525.915,4529.79,4530.967,4533.183,4538.44,4546.219,4555.929,4564.697,4569.938,4619.889,4631.863,4682.118,4729.271,4797.079,4802.572,4806.982,4813.261,4817.617,4820.688,4833.481,4875.711,4897.215,4901.695,4906.175,4909.936,4912.575,4914.979,4917.167,4922.419,4936.257,4944.214,4945.974,4952.236,4959.454,4963.875,4965.103,4966.578,4968.031,4969.95,4974.731,4976.112,4978.443,4981.759,4990.615,5010.491,5015.382,5022.942,5024.876,5026.008,5036.81,5044.604,5053.421,5064.672,5072.667,5083.358,5122.096,5127.757,5132.26,5137.614,5142.531,5144.435,5162.203,5173.335,5176.571,5182.965,5184.451,5185.723,5189.218,5191.907,5203.027,5208.539,5219.708,5222.718,5226.685,5232.251,5238.222,5247.888,5258.909,5266.252,5283.004,5287.726,5297.138,5307.142,5318.339,5322.698,5325.892,5330.548,5354.025,5362.784,5364.152,5403.646,5406.916,5414.61,5421.043,5423.956,5429.45,5431.883,5434.658,5439.604,5443.947,5447.707,5450.316,5460.914,5463.465,5466.377,5467.949,5470.567,5474.702,5476.192,5477.296,5479.381,5480.421,5480.713,5481.752,5482.422,5483.89,5489.868,5501.349,5504.231,5506.24,5510.301,5534.631,5540.151,5556.199,5569.191,5590.396,5606.611,5613.576,5616.955,5622.706,5626.058,5627.832,5632.612,5636.583,5642.694,5647.701,5650.619,5658.995,5663.071,5663.631,5669.463,5670.205,5673.696,5674.475,5675.386,5679.213,5684.742,5687.075,5690.816,5693.269,5696.515,5699.048,5705.732,5707.877,5710.07,5712.005,5718.536,5727.112,5733.049,5735.587,5738.29,5750.097,5756.183,5771.048,5775.237,5780.665,5784.075,5787.556,5788.358,5794.518,5823.453,5826.815,5827.823,5828.328,5834.558,5838.665,5845.417,5850.982,5859.489,5869.472,5872.482,5876.94,5879.017,5881.15,5885.331,5886.828,5887.937,5890.2,5894.677,5901.742,5906.919,5915.176,5924.206,5929.185,5932.147,5936.114,5939.616,5939.884,5941.691,5945.751,5953.1,5956.178,5960.094,5963.811,5966.031,5968.442,5972.593,5975.038,5977.123,5982.021,5982.951,5984.752,5996.83,6008.654,6014.96,6024.048,6032.574,6042.829,6052.692,6150.371,6161.211,6227.668,6235.155,6251.391,6258.014,6274.49,6277.991,6282.467,6299.524,6306.991,6318.033,6323.622,6327.66,6331.515,6334.532,6340.885,6345.698,6350.878,6353.77,6359.703,6368.411,6369.236,6397.161,6413.043,6416.618,6421.895,6439.944,6443.8,6447.079,6452.28,6464.459,6465.955,6467.02,6471.112,6472.87,6474.31,6474.95,6476.79,6477.67,6478.87,6485.863,6491.924,6499.145,6509.26,6519.318,6522.428,6555.374,6557.453,6560.19,6562.433,6565.179,6579.083,6586.562,6588.414,6598.443,6631.24,6634.89,6636.619,6640.063,6647.537,6653.361,6654.382,6670.906,6676.646,6679.229,6690.827,6694.251,6721.375,6727.376,6733.136,6738.893,6746.807,6771.027,6779.762,6785.105,6789.442,6794.088,6806.485,6813.508,6821.538,6831.891,6841.729,6850.191,6853.854,6859.001,6895.014,6904.946,6924.067,6934.312,6951.76,6962.701,6964.523,6982.036,6984.255,6990.58,6992.207,6992.876,6993.451,6993.917,6994.784,7002.291,7032.363,7041.225,7048.831,7055.932,7058.428,7059.621,7063.219,7064.521,7066.214,7081.317,7083.695,7086.251,7089.474,7091.744,7093.861,7095.659,7110.864,7122.044,7125.287,7126.352,7127.479,7127.926,7130.186,7142.639,7143.949,7145.239,7149.287,7151.001,7173.458,7180.894,7181.479,7186.172,7187.87,7192.685,7204.817,7211.077,7214.76,7215.761,7219.986,7222.702,7226.09,7230.825,7231.67,7236.688,7241.976,7246.873,7253.064,7254.959,7267.624,7273.843,7275.103,7280.397,7289.097,7301.334,7303.472,7305.577,7311.552,7317.6,7335.24,7340.448,7348.177,7350.529,7357.461,7363.395,7363.759,7369.127,7379.928,7384.984,7392.286,7398.231,7398.817,7399.554,7405.886,7409.403,7410.593,7412.428,7414.638,7417.225,7422.025,7422.322,7438.599,7439.638,7440.675,7448.49,7453.957,7461.392,7467.994,7475.972,7476.87,7477.773,7486.284,7486.6,7495.541,7500.287,7503.317,7505.149,7505.361,7506.609,7506.822,7507.028,7517.797,7522.635,7527.716,7529.968,7530.827,7531.839,7534.768,7536.591,7537.51,7538.28,7549.337,7568.122,7572.555,7575.077,7576.511,7585.774,7586.985,7590.065,7592.837,7604.035,7605.749,7618.652,7622.173,7642.52,7649.026,7659.223,7661.583,7662.718,7663.867,7665.614,7705.94,7706.815,7712.205,7713.865,7726.619,7731.888,7732.693,7742.204,7743.327,7751.107,7753.971,7759.086,7760.787,7763.673,7766.203,7774.562,7781.557,7782.524,7795.797,7808.027,7808.881,7815.183,7824.532,7826.465,7828.043,7831.088,7840.679,7844.198,7848.478,7852.06,7863.496,7867.43,7876.797,7877.174,7884.098,7895.928,7899.394,7917.801,7918.168,7918.352,7919.38,7919.722,7926.229,7930.009,7932.622,7935.634,7937.665,7940.126,7940.588,7942.249,7943.803,7946.493,7948.268,7963.672,7973.773,7989.822,7993.812,7999.775,8004.354,8011.256,8023.792,8034.587,8045.674,8050.151,8052.832,8056.287,8060.153,8076.231,8122.078,8128.583,8135.326,8135.834,8151.223,8192.142,8203.693,8213.73,8226.272,8239.707,8255.276,8261.735,8265.702,8296.6,8298.237,8303.729,8308.454,8316.688,8319.088,8320.939,8328.89,8330.055,8331.238,8333.012,8336.602,8339.605,8342.599,8344.535,8350.49,8355.939,8367.988,8381.627,8394.595,8421.812,8431.722,8439.94,8447.107,8472.437,8477.483,8479.903,8482.313,8485.916,8489.333,8495.798,8497.834,8501.392,8505.788,8514.563,8519.955,8525.175,8536.999,8539.599,8542.531,8546.066,8550.527,8554.593,8556.913,8559.584,8560.382,8560.854,8561.696,8563.195,8582.061,8588.916,8591.714,8596.667,8598.264,8601.044,8602.431,8603.632,8604.996,8606.18,8608.36,8615.715,8617.748,8618.702,8619.594,8623.58,8625.104,8628.748,8629.539,8631.445,8632.28,8647.169,8652.282,8655.091,8657.037,8661.644,8670.258,8671.425,8672.966,8674.735,8676.344,8678.077,8680.28,8681.499,8682.646,8685.045,8685.994,8690.132,8700.332,8711.527,8714.734,8727.486,8734.77,8741.983,8745.812,8750.378,8758.797,8766.931,8767.865,8772.119,8772.585,8773.328,8794.541,8837.184,8846.283,8847.572,8850.669,8852.357,8861.103,8863.31,8865.176,8874.06,8905.414,8916.289,8924.672,8926.899,8950.058,8960.691,8967.942,8984.149,9039.502,9041.724,9063.815,9077.484,9085.867,9093.141,9100.299,9104.012,9104.75,9105.544,9106.184,9116.582,9120.879,9124.335,9133.104,9136.363,9140.377,9142.619,9145.937,9150.777,9153.143,9158.356,9168.985,9172.733,9174.773,9181.554,9184.802,9193.619,9195.985,9205.591,9207.369,9209.067,9211.742,9212.167,9213.382,9215.572,9219.566,9226.716,9244.341,9255.734,9260.921,9266.968,9269.865,9276.146,9280.776,9281.841,9283.078,9284.518,9289.136,9290.141,9292.119,9296.5,9303.853,9308.284,9314.825,9317.363,9318.684,9321.316,9322.609,9330.438,9338.33,9342.314,9343.241,9343.477,9344.271,9369.914,9374.221,9375.594,9378.148,9380.847,9387.405,9392.406,9396.759,9408.039,9413.629,9416.303,9424.764,9436.081,9441.888,9451.191,9465.806,9467.343,9472.859,9487.955,9496.186,9506.869,9522.846,9540.517,9550.348,9554.442,9558.031,9566.602,9569.635,9571.563,9573.199,9575.525,9582.854,9586.467,9606.393,9608.059,9610.165,9612.072,9614.084,9614.681,9615.527,9616.252,9617.798,9618.871,9619.94,9624.615,9643.631,9646.843,9650.692,9653.317,9657.281,9659.737,9663.407,9684.804,9700.646,9702.745,9712.323,9719.845,9725.062,9740.83,9757.467,9759.156,9762.475,9762.957,9770,9774.291,9779.408,9783.627,9792.48,9801.438,9807.776,9810.48,9813.312,9821.688,9837.734,9844.827,9850.539,9854.86,9858.864,9870.732,9880.408,9891.33,9896.619,9902.862,9926.067,9931.071,9938.684,9945.779,9953.343,9961.594,9965.506,9968.818,9970.727,9979.807,9987.149,9987.483,9987.817,9993.354,9997.3,10003.075,10012.886,10013.197,10021.493,10021.803,10028.795,10030.582,10033.3,10035.35,10040.646,10041.383,10042.082,10048.165,10054.236,10054.832,10058.924,10061.241,10066.729,10078.432,10086.234,10090.258,10091.75,10093,10094.122,10096.959,10099.401,10100.156,10111.004,10114.042,10133.568,10141.154,10147.232,10159.758,10161.021,10164.422,10168.188,10168.504,10174.562,10181.062,10183.465,10187.607,10188.319,10188.605,10189.557,10191.344,10192.352,10221.667,10232.127,10233.463,10234.123,10234.994,10236.604,10245.408,10246.69,10258.367,10276.645,10278.714,10287.813,10291.539,10292.385,10294.413,10295.428,10297.649,10324.453,10325.998,10334.366,10337.909,10341.644,10343.113,10343.931,10354.75,10362.007,10363.098,10367.455,10368.475,10371.754,10374.961,10375.926,10383.086,10384.375,10397.986,10400.7,10410.597,10419.565,10425.379,10437.466,10446.809,10447.45,10449.927,10450.809,10465.222,10465.873,10470.206,10470.671,10474.284,10477.421,10481.083,10485.835,10493.42,10498.028,10503.11,10507.648,10508.547,10510.314,10512.335,10515.235,10525.963,10528.26,10533.535,10544.609,10556.6,10558.723,10565.765,10566.931,10567.895,10569.863,10574.494,10582.794,10612.614,10636.224,10644.393,10649.976,10653.509,10664.842,10670.348,10703.117,10707.99,10733.649,10739.66,10740.781,10744.326,10749.369,10794.256,10802.85,10816.98,10828.108,10831.562,10834.559,10836.424,10837.217,10848.049,10852.42,10856.004,10858.84,10864.47,10890.494,10894.56,10905.734,10911.268,10914.92,10920.192,10927.503,10930.995,10931.773,10933.752,10936.613,10939.877,10949.727,10958.791,10969.473,10982.918,10993.088,11031.957,11038.559,11045.115,11047.975,11050.632,11053.443,11056.411,11063.353,11064.746,11066.967,11070.727,11072.394,11074.084,11077.334,11078.939,11082.227,11085.822,11091.419,11096.145,11102.182,11111.174,11117.705,11125.027,11131.762,11139.804,11143.425,11147.167,11173.489,11179.79,11186.828,11194.262,11196.585,11205.035,11209.736,11221.993,11226.029,11233.436,11249.58,11250.628,11269.876,11274.107,11281.806,11284.963,11286.108,11287.721,11289.624,11301.547,11306.499,11307.986,11309.932,11311.923,11312.211,11315.43,11321.031,11326.339,11339.869,11346.111,11416.877,11434.729,11441.454,11444.84,11449.152,11451.951,11457.965,11464.988,11471.361,11482.227,11486.676,11491.477,11497.441,11505.174,11515.105,11526.636,11540.396,11551.256,11565.051,11580.297,11591.358,11601.612,11645.852,11650.701,11655.299,11660.189,11662.35,11664.27,11666.423,11668.873,11672.24,11675.532,11708.356,11712.557,11719.529,11723.95,11729.877,11735.764,11740.33,11744.299,11749.417,11757.652,11761.732,11762.55,11766.47,11773.797,11776.702,11790.736,11797.625,11807.729,11810.577,11813.029,11816.545,11822.524,11829.368,11835.462,11837.695,11838.077,11847.254,11855.561,11863.191,11867.926,11869.445,11873.583,11878.262,11881.251,11883.048,11886.104,11888.78,11892.213,11894.879,11895.24,11896.528,11932.396,11946.291,11948.492,11958.211,11959.947,11970.713,11974.305,11978.557,11984.67,11999.095,12036.283,12059.745,12067.822,12069.393,12073.871,12078.182,12078.842,12085.227,12102.447,12109.539,12119.031,12135.809,12138.242,12173.785,12184.613,12190.785,12251.075,12261.299,12266.682,12292.355,12302.645,12310.791,12341.967,12368.02,12377.08,12386.585,12395.356,12419.587,12427.377,12442.784,12459.438,12491.652,12504.018,12509.381,12518.145,12525.986,12550.872,12556.143,12568.18,12584.848,12598.361,12617.648,12628.373,12661.609,12677.375,12684.393,12692.487,12708.875,12716.104,12726.064,12738.582,12749.029,12751.675,12756.379,12760.604,12770.43,12774.104,12780.283,12784.75,12791.697,12798.244,12801.021,12803.562,12813.443,12815.264,12824.225,12826.053,12833.373,12844.462,12848.574,12851.182,12853.258,12858.348,12858.74,12859.579,12872.699,12892.277,12906.512,12919.597,12920.145,12922.014,12924.408,12928.602,12929.639,12930.586,12955.186,12956.721,12963.279,12969.806,12976.248,13007.057,13008.129,13024.502,13027.34,13035.346,13048.785,13060.107,13066.291,13092.759,13093.492,13093.934,13094.912,13097.623,13099.637,13103.785,13117.656,13134.402,13142.115,13155.543,13161.494,13173.758,13183.115,13189.117,13193.107,13197.842,13208.495,13214.258,13218.174,13220.064,13222.701,13232.074,13251.178,13257.754,13261.111,13262.748,13274.24,13279.035,13288.654,13289.967,13304.186,13312.802,13318.748,13320.727,13331.953,13337.582,13339.466,13348.873,13359.674,13363.914,13368.073,13401.37,13403.515,13410.439,13417.386,13441.035,13446.334,13467.314,13481.668,13483.818,13492.454,13497.067,13518.546,13523.729,13551.352,13556.302,13561.017,13579.029,13593.897,13606.721,13611.177,13619.951,13630.513,13651.063,13661.656,13678.004,13692.476,13703.811,13709.023,13711.908,13724.485,13760.072,13761.189,13765.37,13773.534,13777.005,13790.225,13796.873,13802.934,13809.207,13811.812,13816.488,13826.326,13830.719,13849.092,13878.27,13887.841,13917.078,13919.832,13922.921,13931.846,13942.309,13967.891,13982.053,13983.598,13988.63,13998.076,14002.043,14004.737,14006.005,14009.621,14015.43,14018.375,14019.831,14021.234,14046.792,14051.207,14053.598,14055.249,14055.855,14058.342,14060.725,14062.316,14071.047,14074.717,14078.625,14083.615,14088.287,14094.385,14098.049,14101.262,14105.053,14109.254,14110.771,14115.596,14120.562,14131.422,14142.84,14147.158,14148.65,14150.326,14155.759,14156.799,14174.002,14183.189,14190.803,14192.149,14193.292,14210.376,14227.408,14244.343,14247.646,14252.283,14264.588,14269.359,14271.207,14301.4,14306.111,14314.957,14323.242,14327.432,14334.299,14338.305,14339.657,14341.359,14345.604,14358.878,14372.346,14381.92,14382.877,14383.826,14385.811,14387.885,14391.687,14396.598,14398.344,14399.418,14400.268,14410.705,14419.123,14420.906,14425.736,14427.623,14431.971,14442.678,14449.938,14453.244,14455.185,14458.74,14459.617,14463.411,14467.854,14473.646,14477.654,14480.688,14482.542,14483.721,14487.482,14494.449,14500.019,14504.815,14511.057,14520.822,14530.316,14532.846,14537.443,14539.527,14540.738,14551.625,14555.087,14557.907,14558.66,14559.568,14565.12,14565.789,14567.674,14570.688,14575.631,14584.947,14592.156,14596.379,14598.73,14601.785,14610.392,14612.895,14617.367,14619.92,14626.662,14628.809,14631.143,14631.977,14634.494,14636.574,14641.415,14643.36,14648.67,14654.565,14658.107,14659.822,14660.729,14662.067,14665.29,14668.77,14673.057,14676.356,14699.52,14701.712,14707.326,14714.582,14718.378,14727.588,14729.576,14731.654,14733.938,14739.544,14747.541,14763.082,14774.42,14788.828,14795.168,14798.483,14799.305,14799.581,14809.958,14819.6,14823.588,14826.451,14827.045,14835.784,14839.985,14840.927,14849.391,14855.389,14855.803,14864.887,14866.506,14869.256,14870.44,14875.107,14886.021,14891.198,14892.087,14892.834,14893.582,14895.668,14899.516,14903.062,14928.102,14953.576,14954.705,14959.867,14965.338,14977.385,14980.895,14987.457,14993.625,14994.703,14998.602,15005.716,15010.984,15014.635,15022.486,15025.775,15026.971,15034.613,15036.088,15038.098,15043.25,15044.249,15045.248,15046.672,15057.74,15062.109,15070.001,15070.9,15080.971,15081.916,15087.365,15091.223,15092.93,15095.382,15103.557,15105.587,15107.299,15109.302,15116.905,15121.779,15125.029,15127.799,15131.273,15139.807,15152.613,15168.912,15176.78,15183.5,15188.785,15196.402,15201.542,15209.934,15214.699,15215.305,15215.674,15229.648,15248.096,15263.08,15284.604,15287.73,15291.094,15299.086,15321,15335.178,15349.367,15387.066,15394.502,15404.041,15411.775,15418.152,15443.139,15445.811,15449.147,15457.118,15472.348,15507.977,15528.106,15530.121,15532.304,15534.15,15563.677,15571.833,15583.061,15590.746,15595.303,15608.649,15611.711,15616.958,15621.454,15623.104,15623.438,15624.138,15624.649,15629.952,15632.202,15634.92,15645.814,15646.725,15648.278,15648.892,15651.714,15681.873,15695.886,15701.026,15705.545,15714.989,15721.329,15723.206,15726.58,15728.405,15729.852,15730.134,15731.582,15732.371,15734.822,15744.196,15753.396,15772.327,15794.397,15803.947,15808.315,15811.19,15814.856,15817.339,15822.589,15827.885,15832.312,15834.63,15837.459,15846.483,15850.907,15854.57,15857.756,15862.916,15866.029,15883.777,15899.491,15901.583,15903.884,15905.545,15913.517,15925.5,15926.905,15930.809,15937.233,15939.129,15941.262,15944.017,15954.7,15959.354,15963.055,15965.402,15972.732,15994.859,15998.951,16002.17,16006.518,16009.415,16026.104,16027.334,16034.8,16040.221,16049.986,16086.783,16093.074,16099.264,16103.487,16107.518,16111.289,16113.77,16116.91,16119.201,16166.342,16175.139,16202.702,16213.696,16236.551,16250.86,16270.437,16281.808,16294.727,16303.764,16323.658,16324.705,16360.599,16361.945,16364.234,16368.772,16377.818,16387.129,16395.727,16403.023,16409.674,16411.457,16423.727,16432.82,16446.732,16474.924,16483,16488.289,16498.65,16500.504,16501.465,16506.402,16508.924,16514.908,16519.08,16535.859,16536.709,16539.084,16552.695,16566.057,16573.16,16576.486,16584.988,16588.445,16593.436,16596.779,16617.096,16619.244,16627.188,16640.574,16645.25,16650.564,16655.844,16666.021,16681.941,16691.551,16701.568,16703.064,16704.994,16713.689,16738.535,16742.602,16760.861,16769.746,16776.221,16782.713,16787.168,16798.109,16803.768,16806.482,16811.066,16816.076,16821.467,16825.189,16828.918,16829.98,16834.549,16838.736,16855.857,16862.955,16869.121,16875.891,16886.338,16897.061,16908.951,16954.582,16969.096,16994.697,17022.113,17043.488,17060.748,17087.322,17093.031,17099.723,17124.203,17130.654,17137.574,17142.584,17149.734,17162.002,17170.26,17204.664,17209.209,17215.479,17219.789,17223.598,17227.924,17231.965,17238.102,17240.977,17242.605,17244.752,17245.746,17248.383,17252.109,17265.148,17273.654,17277.227,17284.307,17286.551,17288.48,17291.463,17292,17293.348,17294.785,17296.221,17297.488,17307.273,17309.234,17310.266,17352.469,17355.158,17360.955,17367.295,17382.523,17384.846,17396.516,17403.512,17406.592,17411.309,17415.494,17420.684,17424.723,17430.65,17434.004,17437.291,17440.965,17451.775,17458.555,17479.148,17486.953,17497.109,17500.762,17513.719,17524.014,17526.252,17528.506,17550.441,17556.449,17572.979,17586.322,17591.457,17598.895,17606.316,17614.6,17620.854,17625.658,17673.131,17678.895,17683.982,17768.537,17780.443,17795.016,17815.965,17909.424,17910.531,17911.441,17917.178,17921.832,17928.949,17976.289,17985.594,17990.156,17994.881,17999.014,18010.68,18015.986,18020.645,18024.342,18028.324,18030.57,18032.289,18034.59,18037.557,18040.457,18056.416,18059.254,18061.381,18063.998,18066.377,18069.422,18072.445,18074.188,18076.328,18109.965,18113.572,18116.131,18121.312,18129.084,18153.752,18158,18162.482,18166.52,18172.736,18183.014,18189.68,18199.871,18250.35,18257.568,18265.9,18275.018,18292.057,18295.518,18298.494,18303.004,18320.449,18323.449,18327.051,18333.564,18345.785,18354.09,18382.367,18385.643,18386.635,18387.762,18400.881,18426.406,18456.559,18474.531,18476.102,18481.475,18485.85,18503.77,18540.992,18550.418,18560.543,18583.17,18589.859,18625.455,18627.434,18629.816,18632.078,18643.266,18645.684,18647.816,18649.684,18652.154,18659.125,18664.807,18688.459,18693.043,18703.135,18715.221,18731.645,18736.715,18740.816,18742.248,18777.486,18783.18,18787.531,18790.951,18794.471,18796.465,18797.951,18800.688,18814.322,18822.381,18827.195,18844.658,18852.885,18857.473,18865.795,18867.32,18870.025,18872.512,18876.557,18900.459,18903.961,18907.904,18909.664,18911.516,18914.043,18915.65,18921.49,18922.928,18925.27,18929.609,18939.008,18945.395,18947.211,18954.828,18961.461,18969.209,18970.188,18994.922,18995.107,18995.291,18997.535,19000.516,19003.561,19006.061,19009.773,19012.031,19014.146,19016.584,19030.527,19042.949,19050.43,19054.287,19064.436,19070.428,19073.105,19096.004,19126.434,19139.604,19140.258,19151.035,19160.879,19185.053,19192.961,19195.41,19198.584,19208.191,19211.215,19219.314,19221.473,19222.477,19223.326,19224.707,19230.52,19243.609,19250.254,19255.725,19262.406,19329.088,19338.152,19348.086,19357.062,19361.959,19364.846,19367.861,19374.203,19382.949,19385.072,19387.018,19389.279,19392.395,19419.955,19429.152,19435.613,19452.594,19472.086,19474.98,19477.193,19494.465,19499.785,19502.928,19505.35,19508.799,19511.955,19516.072,19522.609,19567.025,19581.994,19589.514,19597.842,19599.205,19617.812,19618.381,19621.32,19628.562,19631.188,19634.324,19638.617,19642.297,19646.828,19654.125,19656.426,19657.922,19659.438,19665.07,19667.84,19668.965,19672.025,19675.324,19678.828,19682.174,19687.055,19698.566,19725.656,19771.684,19788.963,19795.441,19863.508,19948.627,19955.402,19963.178,19982.123,19992.797,20001.814,20015.174,20027.531,20061.123,20085.564,20098.457,20104.734,20116.152,20120.41,20123.375,20132.867,20139.705,20143.477,20146.996,20148.916,20151.52,20162.105,20168.297,20186.918,20195.195,20197.949,20200.045,20202.066,20204.268,20211.178,20214.695,20218.877,20223.393,20231.363,20235.746,20238.656,20240.896,20243.783,20248.074,20322.613,20333.18,20339.879,20414.611,20434.277,20441.738,20445.414,20451.893,20460.607,20472.725,20484.182,20487.314,20489.656,20492.508,20500.053,20507.527,20512.047,20520.719,20529.207,20534.068,20537.77,20557.996,20570.816,20573.959,20579.941,20587.109,20588.742,20591.316,20595.512,20602.66,20608.418,20614.543,20651.445,20659.262,20672.027,20681.355,20700.525,20712.695,20725.369,20735.027,20742.029,20774.83,20787.578,20811.201,20814.771,20827.65,20832.531,20846,20848.225,20852.752,20863.016,20871.848,20877.834,20881.68,20885.98,20898.574,20900.352,20906.254,20910.305,20917.172,20921.746,20925.424,20931.846,20944.754,20951.434,20966.078,20971.83,20992.117,21003.02,21012.137,21021.164,21028.125,21033.408,21044.361,21059.539,21061.299,21062.578,21063.457,21065.104,21074.57,21080.684,21088.805,21099.467,21101.996,21108.576,21119.02,21132.799,21137.404,21139.41,21160.594,21169.166,21173.457,21175.934,21177.621,21188.248,21200.344,21243.496,21266.027,21267.965,21269.672,21272.82,21280.332,21283.746,21292.379,21301.645,21306.891,21312.207,21315.719,21321.738,21332.209,21334.863,21336.74,21339.721,21341.891,21343.172,21344.531,21345.73,21347.012,21348.131,21349.41,21350.611,21352.211,21416.18,21433.246,21453.631,21468.412,21482.982,21499.242,21504.191,21523.641,21535.617,21538.795,21544.445,21545.787,21547.023,21549.273,21551.895,21566.682,21570.674,21574.678,21596.035,21603.01,21606.6,21620.352,21624.572,21627.291,21630.928,21633.58,21636.598,21639.879,21647.559,21655.24,21659.348,21684.496,21703.133,21705.746,21706.689,21710.18,21713.262,21716.344,21727.504,21729.293,21742.049,21754.238,21760.836,21761.332,21768.473,21769.252,21781.545,21787.799,21795.992,21797.99,21814.74,21817.041,21838.299,21842.148,21844.799,21851.293,21869.385,21877.543,21880.508,21893.014,21895.299,21911.471,21922.725,21943.828,21945.586,21955.51,21957.416,21959.641,21961.705,21962.629,21964.207,21965.727,21969.861,21974.795,21979.914,21982.453,21996.822,22023.691,22029.498,22033.881,22039.707,22042.9,22046.414,22050.262,22074.367,22076.211,22077.885,22089.482,22092.941,22095.109,22096.947,22104.672,22106.342,22107.84,22109.662,22114.535,22115.896,22117.232,22118.865,22123.521,22125.199,22127.301,22129.832,22143.32,22147.275,22149.453,22152.125,22154.059,22156.699,22157.979,22162.84,22166.393,22176.252,22179.1,22185.773,22203.104,22248.805,22255.822,22259.08,22263.381,22267.26,22271.766,22281.387,22282.676,22287.34,22299.129,22310.172,22321.568,22321.967,22333.885,22344.912,22364.824,22368.797,22372.818,22373.789,22375.9,22376.551,22377.932,22378.857,22381.504,22382.508,22383.346,22388.4,22390.246,22392.281,22394.348,22396.148,22398.273,22400.119,22402.295,22404.65,22415.143,22416.09,22427.693,22430.119,22431.414,22436.574,22444.586,22449.912,22455.809,22463.119,22470.029,22540.115,22548.998,22558.973,22572.818,22581.395,22589.246,22620.41,22623.168,22632.039,22635.57,22638.896,22642.559,22645.807,22650.35,22780.395,22817.82,22828.598,22829.934,22832.299,22835.924,22838.773,22842.568,22845.379,22847.178,22849.959,22852.008,22855.277,22866.215,22870.381,22874.857,22879.82,22883.555,22885.473,22891.031,22905.893,22907.094,22908.867,22910.398,22911.645,22912.898,22914.98,22915.783,22916.568,22917.82,22919.369,22922.588,22924.367,22926.492,22929.424,22932.25,22935.57,22954.963,22959.033,22960.736,22964.893,22968.473,22970.797,22974.076,22980.281,22982.432,22984.023,22986.234,22987.422,22988.963,22990.627,22992.789,22994.096,22995.201,22996.16,23000.16,23001.84,23003.041,23004.561,23006,23011.52,23012.881,23014.16,23015.361,23016.641,23018,23019.68,23022.391,23023.773,23025.514,23041.824,23045,23047.961,23050.602,23052.912,23055.721,23058.732,23060.369,23061.68,23062.855,23064.719,23068.611,23078.447,23079.816,23080.777,23081.656,23082.457,23083.496,23084.537,23085.576,23086.629,23087.902,23089.715,23095.773,23099.57,23102.336,23104.598,23107.041,23108.646,23110.295,23111.498,23112.449,23113.406,23114.16,23115.842,23116.98,23123.445,23125.867,23128.637,23129.848,23130.602,23131.164,23132.004,23132.738,23133.105,23134.947,23138.379,23140.459,23142.27,23144.035,23144.518,23145.816,23146.213,23148.922,23150.547,23151.402,23153.32,23159.73,23165.824,23167.811,23177.871,23184.617,23186.105,23191.576,23198.324,23213.357,23222.859,23223.361,23225.117,23225.596,23225.836,23227.057,23231.361,23233.467,23235.82,23244.168,23252.994,23258.465,23270.645,23275.068,23280.641,23281.258,23286.697,23286.961,23287.225,23288.492,23289.553,23291.994,23295.854,23299.773,23301.695,23306.807,23311.223,23317.602,23328.529,23329.691,23334.764,23335.641,23336.426,23337.23,23337.934,23338.941,23339.709,23340.324,23340.822,23343.129,23344.051,23354.238,23359.721,23362.986,23364.441,23365.176,23366.66,23367.709,23368.463,23369.221,23373.447,23374.176,23374.898,23375.744,23377.686,23378.68,23381.133,23381.838,23382.701,23383.684,23384.719,23395.387,23396.748,23398.303,23405.281,23407.301,23416.934,23418.422,23420.623,23422.744,23424.611,23436.984,23439.248,23441.637,23443.938,23446.051,23451.094,23452.037,23453.283,23454.328,23465.713,23469.584,23476.961,23495.555,23504.75,23514.047,23537.297,23549.152,23550.594,23557.99,23565.236,23586.004,23632.762,23781.25,23787.969,23793.41,23801.197,23807.652,23813.793,23825.314,23831.117,23836.162,23844.135,23850.064,23862.42,23868.557,23874.396,23874.924,23905.336,23917.186,23919.549,23923.238,23928.846,23961.221,23964.771,23967.852,23971.869,23974.324,23984.041,23994.156,23996.312,23998.852,24006.824,24011.971,24013.236,24016.24,24018.029,24020.51,24025.953,24028.92,24030.021,24031.863,24033.764,24034.805,24038.775,24070.16,24075.525,24082.953,24085.652,24088.346,24091.59,24096.158,24103.174,24155.773,24164.76,24171.857,24176.789,24179.635,24184.178,24188.781,24192.865,24197.473,24201.225,24205.41,24211.867,24221.996,24234.186,24290.045,24326.58,24338.797,24346.404,24353.031,24361.084,24369.113,24375.482,24383.178,24387.297,24388.941,24390.621,24392.861,24394.301,24395.264,24396.959,24404.234,24404.953,24407.543,24409.803,24411.771,24413.785,24417.465,24419.785,24421.305,24422.584,24424.584,24426.744,24435.443,24438.912,24442.215,24444.838,24447.113,24460.904,24467.602,24472.785,24489.521,24501.031,24521.955,24524.693,24527.6,24530.404,24533.336,24536.975,24539.678,24545.148,24547.641,24549.238,24550.543,24551.973,24553.287,24554.584,24558.02,24565.875,24567.355,24570.887,24575.861,24581.922,24584.463,24588.445,24604.557,24618.494,24622.906,24624.43,24625.496,24627.566,24629.732,24631.283,24632.938,24635.199,24648.744,24650.65,24653.377,24660.066,24662.879,24669.211,24672.873,24681.271,24716.594,24723.506,24729.15,24737.24,24744.256,24750.58,24790.303,24802.912,24845.148,24848.178,24850.27,24852.512,24854.775,24858.066,24865.648,24870.07,24871.697,24873.641,24875.41,24877.893,24879.871,24885.709,24888.123,24890.836,24893.6,24897.463,24920.559,24925.564,24929.967,24940.848,24961.52,24967.213,24989.41,25008.529,25014.189,25018.785,25024.162,25029.078,25041.535,25159.973,25170.203,25186.5,25199.713,25205.848,25209.283,25214.211,25230.697,25280.734,25285.428,25289.668,25293.027,25294.068,25295.828,25299.588,25300.389,25301.428,25302.389,25303.188,25305.742,25307.441,25309.775,25311.008,25314.84,25321.352,25323.852,25324.322,25330.455,25337.09,25338.939,25341.027,25341.787,25389.572,25390.562,25402.303,25403.639,25415.924,25421.668,25424.395,25429.902,25438.648,25443.24,25452.371,25464.1,25465.322,25483.117,25498.273,25503.592,25506.852,25512.877,25524.82,25525.391,25530.355,25533.354,25535.256,25536.74,25537.188,25538.09,25540.025,25541.807,25546.99,25547.68,25549.129,25551.719,25552.328,25554.635,25563.012,25574.564,25598.045,25598.703,25605.822,25607.262,25611.725,25615.277,25622.523,25624.85,25631.859,25639.186,25643.732,25647.615,25651.605,25655.004,25671.957,25675.551,25679.953,25720.221,25723.975,25751.715,25787.18,25788.715,25808.904,25831.195,25832.93,25835.129,25836.752,25838.008,25839.725,25841.609,25844.783,25849.168,25850.441,25864.938,25868.137,25871.252,25877.143,25884.584,25904.414,25915.439,25920.916,25923.299,25926.615,25937.721,25942.666,25944.385,25948.904,25953.145,25955.209,25959.084,25964.857,25975.787,25981.268,25986.76,25991.172,25995.254,26005.254,26010.246,26014.822,26057.605,26062.668,26067.557,26073.129,26090.766,26097.316,26103.49,26108.723,26119.67,26126.578,26132.662,26140.766,26163.328,26171.74,26179.248,26185.041,26192.008,26197.896,26203.062,26207.807,26215.176,26225.93,26230.57,26233.188,26235.299,26236.74,26237.859,26238.82,26240.5,26242.02,26242.98,26245.779,26247.219,26248.34,26249.219,26250.58,26253.926,26257.846,26261.926,26265.146,26269.463,26271.959,26279.162,26280.082,26287.926,26293.121,26295.303,26300.693,26307.65,26317.527,26319.857,26326.434,26336.619,26346.799,26350.25,26356.779,26362.285,26367.836,26372.469,26378.293,26381.719,26383.824,26386.898,26387.461,26388.949,26389.689,26390.207,26396.328,26403.602,26411.287,26412.793,26414.131,26415.471,26416.57,26418.625,26423.705,26424.551,26430.803,26431.477,26433.098,26434.889,26437.553,26438.436,26439.846,26442.299,26444.391,26445.855,26447.236,26449.428,26454.572,26454.719,26462.662,26464.504,26467.477,26469.375,26473.031,26476.277,26482.811,26483.934,26486.205,26491.846,26498.01,26515.781,26518.994,26527.473,26533.912,26537.33,26539.379,26549.059,26552.254,26555.062,26555.459,26563.77,26570.221,26579.047,26589.926,26599.684,26607.15,26612.877,26622.574,26626.078,26629.422,26631.008,26633.189,26634.324,26649.332,26657.807,26664.748,26670.012,26681.527,26710.934,26717.17,26720.375,26725.475,26732.488,26748.1,26752.381,26760.605,26763.875,26767.719,26769.244,26772.428,26773.785,26775.922,26778.084,26782.402,26786.74,26792.844,26798.768,26921.438,26927.887,26944.795,26950.398,26953.986,26955.557,26957.436,26960.191,26962.607,26963.957,26966.83,26978.24,26980.941,26983.367,26985.984,26987.732,26990.357,26992.439,26996.949,27000.332,27002.643,27004.756,27006.645,27007.686,27008.805,27010.006,27011.125,27013.285,27014.115,27015.811,27020.781,27022.238,27023.791,27026.473,27027.527,27028.938,27030.285,27031.822,27033.531,27035.633,27038.236,27040.203,27041.762,27044.086,27046.402,27048.203,27052.236,27055.762,27056.811,27059.408,27110.723,27148.393,27152.551,27157.752,27162.457,27170.625,27177.674,27182.443,27185.756,27187.26,27190.078,27194.133,27194.848,27203.088,27209.605,27228.215,27234.838,27281.15,27286.545,27288.943,27295.014,27302.156,27305.846,27314.859,27321.617,27324.631,27329.4,27333.461,27337.178,27344.352,27350.359,27355.902,27358.551,27378.17,27507.861,27522.166,27536.447,27581.945,27584.115,27590.596,27593.555,27596.971,27600.4,27602.129,27605.863,27611.143,27622.199,27625.713,27627.73,27633.092,27633.172,27634.717,27635.496,27636.502,27646.863,27650.139,27670.904,27675.688,27684.867,27691.832,27698.307,27704.461,27710.736,27713.514,27832.902,27863.447,28040.92,28041.836,28055.598,28075.438,28079.398,28083.416,28087.342,28100.662,28115.922,28117.312,28118.098,28118.398,28119.352,28120.348,28123.547,28124.643,28127.908,28133.547,28140.959,28148.391,28148.934,28149.619,28150.271,28150.799,28156.889,28158.471,28163.111,28171.336,28172.551,28175.857,28177.229,28179.896,28188.182,28189.451,28192.48,28205.744,28207.174,28208.385,28216.445,28219.309,28222.936,28224.203,28236.361,28241.287,28247.535,28252.863,28256.27,28256.893,28257.521,28260.615,28268.062,28272.287,28272.852,28288.969,28308.52,28311.973,28326.188,28333.895,28338.904,28360.674,28364.623,28365.49,28368.814,28375.113,28379.346,28390.266,28395.701,28401.598,28407.816,28411.82,28415.588,28446.787,28453.25,28459.584,28472.387,28476.543,28479.115,28485.602,28486.135,28487.021,28487.59,28577.459,28585.859,28588.967,28592.438,28610.682,28619.443,28621.92,28624.424,28630.02,28631.609,28633.029,28638.742,28640.875,28646.812,28671.963,28678.91,28681.6,28683.24,28685.9,28686.604,28687.961,28690.74,28695.562,28727.668,28741.723,28757.551,28770.527,28775.4,28782.041,28785.293,28787.648,28790.287,28793.059,28795.348,28798.281,28800.762,28802.682,28805.561,28806.842,28812.5,28817.068,28818.963,28820.906,28822.215,28824.383,28825.9,28827.459,28830.311,28836.801,28839.834,28843.543,28847.68,28851.924,28858.969,28865.135,28919.336,28926.381,28932.254,28936.756,28970.553,28976.648,28979.484,28982.346,28987.381,28995.604,28996.547,28998.529,29005.893,29006.758,29015.689,29025.178,29030.344,29034.359,29038.262,29042.467,29046.082,29049.32,29053.053,29058.373,29067.273,29078.234,29087.188,29088.812,29092.188,29093.072,29095.551,29100.389,29106.008,29108.73,29112,29115.615,29122.697,29126.197,29130.133,29133.648,29142.59,29153.197,29158.156,29165.812,29174.539,29177.627,29180.736,29184.123,29188.039,29193.602,29198.453,29201.334,29205.178,29209.531,29214.049,29219.312,29228.709,29233.506,29239.766,29245.367,29250.199,29266.473,29277.32,29287.26,29543.115,29556.68,29572.262,29576.453,29580.652,29591.789,29597.398,29603.25,29608.242,29614.799,29634.285,29638.826,29642.379,29644.859,29648.699,29657.068,29664.301,29700.619,29711.295,29720.707,29730.791,29741.182,29759.758,29763.793,29769.207,29773.852,29778.225,29783.098,29788.434,29794.199,29800.584,29805.539,29811.336,29824.188,29844.355,29852.143,29858.693,29864.268,29870.232,29892.4,29908.066,29916.768,29928.883,29950.436,30045.535,30066.643,30089.773,30182.66,30193.211,30202.285,30216.713,30221.729,30225.346,30384.459,30391.971,30398.695,30403.699,30412.469,30418.178,30424.113,30426.967,30434.334,30436.875,30440.566,30442.402,30444.332,30453.135,30461.377,30463.191,30465.77,30467.605,30469.525,30471.445,30475.045,30476.406,30478.086,30480.006,30487.125,30488.627,30489.992,30491.754,30493.918,30496.35,30501.16,30502.926,30504.184,30505.928,30507.018,30509.734,30511.494,30513.566,30524.582,30527.564,30530.324,30534.807,30541.615,30544.441,30546.041,30547.57,30550.738,30555.682,30562.992,30565.992,30569.246,30570.387,30571.203,30574.387,30576.344,30579.23,30582.502,30584.705,30586.609,30588.656,30589.848,30591.279,30594.129,30599.656,30610.117,30615.91,30618.426,30622.457,30623.77,30624.969,30625.543,30626.941,30627.744,30628.57,30632.801,30636.088,30637.959,30639.797,30641.789,30646.109,30648.188,30650.357,30651.363,30654.9,30658.475,30662.465,30666.521,30670.102,30673.254,30685.225,30690.768,30695.924,30699.953,30702.688,30704.477,30706.158,30708.396,30710.385,30714.654,30718.982,30721.756,30724.156,30727.902,30740.369,30744.246,30747.105,30749.686,30756.277,30760.43,30761.918,30778.066,30783.816,30805.309,30809.139,30814.578,30821.699,30823.605,30826.854,30829.812,30832.379,30835.785,30838.977,30845.053,30852.93,30857.961,30868.949,30880.314,30889.359,30903.471,30916.576,30943.816,30970.02,30980.922,30992.027,31002.199,31007.975,31018.533,31049.443,31085.793,31100.535,31115.34,31142.938,31155.625,31171.594,31219.891,31239.795,31300.328,31303.049,31305.369,31307.129,31308.729,31310.777,31313.629,31316.803,31320.307,31323.508,31325.586,31328.787,31331.508,31333.668,31335.428,31337.107,31339.215,31341.227,31351.334,31353.551,31355.232,31356.912,31362.912,31364.832,31366.672,31368.551,31370.811,31373.844,31380.648,31389.209,31396.602,31398.777,31401.764,31404.33,31407.225,31417.613,31423.797,31435.471,31443.152,31446.516,31449.125,31450.654,31453.26,31456.695,31459.824,31464.926,31466.207,31475.145,31486.092,31488.766,31490.211,31491.512,31493.555,31500.088,31502.615,31504.648,31506.76,31508.438,31509.795,31512.254,31514.182,31516.58,31517.82,31518.91,31519.613,31521.16,31522.434,31523.877,31529.957,31537.447,31545.031,31547.289,31550.215,31553.912,31558.311,31562.775,31564.779,31567.723,31570.031,31573.457,31582.898,31584.232,31585.594,31587.115,31588.99,31593.93,31598.615,31599.629,31602.926,31618.365,31620.574,31623.127,31627.979,31630.723,31633.275,31636.053,31638.301,31649.164,31668.029,31669.363,31671.734,31675.42,31679.26,31689.553,31698.715,31699.588,31700.174,31702.133,31755.35,31760.318,31770.842,31788.328,31791.471,31795.57,31796.762,31807.453,31818.049,31818.791,31819.688,31820.438,31821.648,31823.176,31826.424,31828.146,31840.402,31842.514,31844.406,31847.391,31849.803,31852.207,31856.887,31865.916,31872.006,31872.977,31884.193,31886.082,31887.68,31891.234,31893.406,31896.119,31911.988,31913.703,31914.561,31915.84,31920.33,31931.652,31951.51,31990.25,32014.342,32029.369,32037.691,32043.004,32043.943,32045.633,32051.275,32052.086,32053.035,32058.168,32058.668,32059.656,32060.166,32060.865,32062.164,32062.562,32064.592,32066.607,32069.799,32071.957,32073.906,32086.133,32089.729,32092.482,32094.188,32096.547,32100.781,32112.582,32114.248,32115.947,32118.865,32121.984,32124.984,32128.5,32132.773,32145.939,32152.291,32158.611,32163.168,32165.695,32167.738,32169.58,32176.98,32181.535,32183.684,32185.504,32189.91,32196.916,32197.979,32199.799,32200.574,32202.787,32218.01,32219.396,32246.193,32253.504,32262.338,32276.256,32287.504,32288.662,32295.564,32296.961,32402.836,32450.158,32466.664,32484.637,32494.906,32504.137,32506.518,32508.316,32510.861,32513.223,32517.189,32524.553,32553.484,32578.631,32584.965,32588.396,32592.549,32606.859,32611.762,32624.936,32644.07,32650.314,32665.006,32686.076,32690.15,32696.16,32704.449,32727.189,32731.758,32748.359,32753.527,32756.051,32756.947,32757.752,32760.27,32763.615,32770.547,32789.652,32795.633,32799.121,32804.547,32815.422,32828.922,32840.973,32855.766,32869.359,32884.16,32904.352,32927.441,33040.996,33046.82,33057.242,33067.059,33075.977,33101.926,33210.488,33212.672,33214.605,33215.965,33219.965,33220.207,33221.328,33223.328,33241.895,33280.422,33291.809,33302,33305.723,33309.957,33315.758,33320.934,33326.57,33332.477,33380.336,33411.637,33435.379,33453.367,33482.473,33488.598,33490.598,33497.207,33499.836,33505.152,33508.074,33527.312,33536.977,33553.668,33566.805,33573.801,33576.715,33578.883,33582.539,33585.781,33589.918,33593.664,33666.074,33695.898,33714.398,33732.562,33743.008,33750.039,33755.773,33760.52,33777.641,33785.164,33793.391,33809.211,33817.926,33923.422,33930.391,33933.895,33935.977,33938.453,33942.055,33944.855,33946.773,33948.133,33949.496,33950.855,33952.387,33953.969,33956.578,34076.965,34086.355,34090.566,34093.266,34094.645,34095.828,34097.516,34099.645,34102.266,34131.75,34140.602,34149.383,34159.398,34167.449,34171.426,34176.109,34179.789,34184.242,34186.805,34190.012,34191.23,34193.035,34194.41,34197.258,34201.203,34204.836,34209.141,34211.34,34212.957,34215.297,34217.195,34219.75,34221.516,34222.891,34226.719,34233.125,34238.68,34245.66,34249.227,34251.066,34253.598,34286.723,34299.961,34316.129,34324.117,34324.699,34325.883,34327.133,34328.098,34330.18,34331.051,34334.234,34350.516,34354.516,34358.516,34361.242,34365.199,34371.73,34379.023,34386.699,34394.32,34401.504,34407.293,34410.77,34411.969,34413.141,34415.734,34425.008,34451.383,34457.574,34461.973,34465.078,34468.086,34471.477,34475.719,34477.051,34478.469,34479.281,34481.445,34482.352,34482.84,34483.617,34507.273,34531.348,34535.941,34540.938,34542.258,34545.895,34554.648,34558.59,34564.199,34567.867,34571.398,34577.172,34581.477,34581.758,34583.664,34584.656,34586.598,34589.578,34590.777,34593.305,34595.523,34597.238,34602.332,34606.57,34608.086,34636.93,34644.711,34649.48,34655.07,34660.242,34669.812,34676.285,34682.883,34758.965,34767.98,34774.984,34783.082,34787.992,34806.445,34813.258,34822.363,34827.086,34844.094,34848.855,34853.059,34858.078,34868.449,34872.371,34891.484,34900.801,34907.586,35231.773,35315.504,35320.703,35324.867,35330.945,35335.906,35340.305,35344.465,35351.508,35364.465,35368.281,35371.914,35376.195,35380.375,35381.262,35388.004,35391.141,35393.941,35397.422,35400.539,35403.695,35408.383,35422.09,35427.609,35434.195,35447.648,35457.242,35459.469,35461.332,35463.273,35475.727,35478.812,35483.633,35487.77,35490.66,35493.676,35504.344,35506.613,35508.473,35510.105,35511.352,35512.812,35514.34,35515.555,35517.117,35523.648,35535.586,35542.383,35544.039,35548.766,35555.137,35560.102,35563.305,35566.891,35574.031,35579.164,35584.57,35586.617,35589.918,35592.148,35594.562,35596.602,35602.09,35605.227,35605.973,35615.719,35628.625,35632.422,35634.754,35636.707,35640.023,35643.492,35651.023,35700.156,35700.918,35706.031,35707.961,35709.539,35711.055,35712.469,35713.672,35714.887,35718.008,35720.328,35723.016,35727.473,35730.629,35734.684,35739.32,35744.078,35749.344,35754.938,35778.875,35783.355,35784.875,35786.234,35787.516,35789.438,35791.117,35792.957,35794.078,35794.957,35796.719,35797.598,35798.559,35799.516,35800.477,35802.309,35802.664,35808.965,35809.598,35811.461,35813.316,35815.008,35816.898,35818.098,35821.102,35823.75,35827.891,35830.895,35834.055,35837.723,35842.793,35847.465,35856.691,35861.582,35866.051,35869.523,35882.418,35884.465,35885.832,35888.117,35890.676,35895.156,35898.438,35900.598,35901.891,35902.484,35902.66,35903.77,35906.469,35911.941,35918.359,35935.156,35936.094,35936.637,35937.746,35944.016,35946.328,35957.289,35962.523,35971.773,35980.918,35991.039,35994.945,35996.789,36001.172,36003.133,36006.414,36008.719,36014.516,36015.25,36018.375,36020.344,36023.281,36026.727,36029.195,36033.059,36037.234,36048.277,36059.742,36062.648,36071.297,36083.125,36087.547,36090.164,36094.785,36097.27,36102.293,36105.52,36114.582,36116.23,36117.082,36126.359,36132.918,36135.859,36138.914,36140.031,36144.918,36146.957,36152.559,36164.055,36167.559,36169.793,36174.742,36177.383,36181.984,36184.93,36190.945,36193.422,36202.391,36206.086,36211.844,36221.84,36224.746,36225.77,36228.609,36231.797,36233.199,36234.938,36238.516,36240.438,36245.094,36247.25,36254.773,36256.988,36260.602,36263.785,36266.461,36270.328,36273.793,36277.234,36285.723,36289.871,36299.32,36302.516,36306.93,36319.656,36321.93,36325.508,36330.82,36342.598,36355.445,36357.227,36360.902,36365.074,36368.301,36373.613,36374.711,36378.844,36381.395,36383.566,36388.438,36417.945,36422.328,36426.086,36436.098,36437.301,36438.523,36442.27,36444.727,36445.891,36447.168,36451.422,36456.793,36458.516,36468.133,36471.84,36477.234,36482.207,36495.379,36497.316,36498.73,36506.773,36512.492,36516.211,36523.062,36525.234,36527.746,36530.465,36549.293,36558.305,36560.156,36562.777,36566.172,36568.062,36571.688,36573.484,36577.277,36580.172,36583.164,36584.918,36589.191,36591.012,36595.234,36596.598,36599.145,36601.879,36606.938,36613.789,36616.098,36618.133,36620.141,36622.613,36625.102,36629.246,36636.008,36648.508,36651.715,36677.02,36680.93,36686.992,36695.941,36701.133,36705.969,36709.348,36712.496,36714.863,36716.484,36718.051,36720.359,36723.164,36729.195,36732.316,36734.375,36736.469,36738.422,36740.07,36741.246,36743.355,36745.473,36747.32,36752.355,36761.5,36764.559,36777.754,36782.16,36785.113,36791.086,36796.891,36805.66,36811.23,36816.828,36827.977,36834.059,36839.867,36845.141,36858.863,36861.32,36862.859,36865.742,36867.742,36871.738,36875.082,36878.898,36882.102,36885.07,36885.281,36888.406,36893.996,36895.969,36896.934,36897.547,36898.5,36900.379,36902.988,36907.375,36928.754,36930.188,36931.785,36934.199,36934.668,36936.234,36937.969,36944.91,36959,36961.652,36964.816,36966.867,36971.008,36982.344,36984.266,36986.18,36988.695,36990.891,36995.297,37016.445,37025.109,37030.047,37046.402,37048.945,37051.438,37052.148,37080.312,37105.781,37116.973,37122.938,37127.785,37130.375,37141.977,37168.547,37174.812,37178.996,37185.441,37189.383,37201.344,37202.512,37204.227,37205.898,37212.953,37214.871,37219.109,37220.434,37258.852,37259.605,37260.188,37261.871,37263.539,37264.578,37264.812,37265.738,37269.117,37271.016,37277.391,37278.383,37279.301,37283.484,37284.637,37286.875,37290.266,37300.117,37302.344,37304.73,37307.266,37309.766,37311.484,37312.43,37316.941,37318.906,37321.363,37322.422,37323.227,37325.57,37327.523,37330.332,37331.938,37334.016,37334.77,37335.922,37337.766,37338.035,37338.438,37341.996,37345.461,37347.035,37349.66,37351.746,37352.047,37357.055,37358.191,37360.801,37364.633,37367.199,37370.715,37379.234,37390.109,37395.262,37395.633,37397.125,37400.047,37401.117,37405.078,37409.094,37409.875,37415.492,37430.297,37433.926,37437.348,37439.484,37441.379,37443.789,37444.656,37446.574,37450.488,37451.391,37467.227,37472.977,37477.469,37486.004,37486.504,37504.469,37506.125,37507.953,37519.551,37526.387,37532.695,37535.188,37550.039,37565.5,37569.582,37581.41,37589.484,37592.238,37594.508,37596.688,37598.168,37599.051,37599.98,37600.523,37601.262,37602.309,37603.391,37610.609,37611.625,37612.355,37613.398,37614.465,37615.488,37617.195,37618.855,37620,37622.293,37625.504,37626.641,37627.133,37627.883,37628.926,37629.914,37630.117,37632.895,37636.977,37639.398,37642.359,37645.867,37647.98,37650.316,37652.879,37655.328,37672.746,37678.762,37700.684,37701.785,37706.324,37707.219,37716.129,37721.531,37725.957,37729.648,37731.57,37733.656,37736.602,37738.844,37740.047,37742.617,37744.5,37747.062,37749.445,37752.969,37755.062,37757.047,37759.672,37762.625,37774.605,37776.922,37796.246,37804.414,37818.047,37823.289,37840.484,37867.555,37904.359,37905.352,37927.363,37939.77,37944.984,37948.652,37950.32,37953.738,37957.051,37961.219,37961.637,37965.629,37984.477,38004.016,38013.883,38018.492,38028.402,38030.398,38034.352,38052.695,38057.027,38075.391,38080.719,38086.812,38094.766,38097.945,38101.906,38106.191,38109.242,38114.898,38120.02,38124.348,38126.809,38140.48,38143.469,38146.297,38158.402,38159.703,38164.031,38168.676,38185.406,38191.629,38193.691,38195.234,38196.605,38206.48,38210.695,38300.297,38312.387,38316.074,38317.801,38319.516,38320.398,38321.055,38321.246,38325.16,38332.102,38345.078,38357.133,38360.391,38365.574,38369.797,38387.098,38390.273,38394.559,38404.512,38407.328,38414.316,38418.539,38429.293,38432.203,38440.121,38442.734,38445.688,38448.32,38451.117,38457.137,38459.871,38462.258,38463.961,38471.141,38476.383,38487.098,38488.375,38489.332,38490.777,38510.621,38523.668,38525.812,38528.117,38543.113,38547.48,38566.992,38570.27,38573.453,38575.445,38577.98,38587.473,38592.98,38596.906,38605.621,38609.824,38620.363,38626.117,38636.414,38646.66,38653,38656.828,38670.137,38673.242,38675.766,38679.254,38685.668,38705.059,38706.496,38729.289,38730.273,38731.258,38737.086,38740.859,38767.078,38778.379,38785.977,38789.891,38793.414,38807.012,38809.039,38818.441,38831.75,38843.047,38844.602,38846.766,38850.77,38855.824,38858.547,38886.402,38892.301,38898.617,38903.07,38906.398,38940.371,38955.359,38960.066,38964.102,38979.234,38984.016,38988.328,39005.371,39009.984,39018.973,39020.766,39022.098,39023.82,39026.504,39032.152,39035.5,39036.547,39110.07,39111.156,39114.023,39133.734,39135.992,39138.129,39145.367,39148.617,39156.465,39160.934,39164.711,39172.473,39177.059,39217.059,39230.18,39236.445,39244.543,39251.359,39255.266,39263.855,39269.078,39274.418,39283.477,39288.152,39308.012,39331.504,39344.953,39350.273,39372.531,39377.617,39379.383,39398.797,39414.453,39423.582,39428.113,39447.047,39466.508,39468.703,39469.211,39470.555,39470.891,39482.328,39488.215,39492.332,39495.758,39501.32,39517.277,39526.043,39532.305,39535.797,39540.809,39542.98,39545.156,39549.844,39555.203,39582.137,39586.41,39602.648,39608.191,39613.617,39627.75,39628.895,39641.508,39662.133,39672.059,39679.332,39685.109,39691.961,39695.93,39700.906,39704.066,39714.672,39723.238,39729.77,39735.465,39738.5,39742.387,39746.48,39802.453,39805.797,39807.637,39809.102,39813.352,39819.012,39879.852,39887.082,39891.445,39906.23,39908.191,39918.168,39930.871,39936.496,39941.48,39946.57,39955.82,39983.898,39988.199,39991.582,39995.414,40006.352,40007.641,40010.074,40014.234,40021.328,40039.422,40051.48,40069.473,40079.832,40097.234,40103.309,40106.859,40108.621,40118.195,40131.078,40138.441,40141.301,40143.137,40145.031,40146.711,40168.293,40172.34,40189.188,40207.234,40208.68,40209.848,40219.738,40221.465,40222.535,40224.887,40228.367,40237.379,40246.379,40251.988,40254.656,40256.316,40263.359,40270.008,40279.211,40297.688,40311.742,40321.918,40330.211,40334.914,40345.184,40364.434,40379.059,40385.883,40395.34,40396.035,40402.066,40407.777,40411.473,40415.504,40418.973,40421.676,40425.516,40429.902,40433.508,40435.961,40445.34,40457.855,40465.168,40471.328,40479.914,40491.711,40504.359,40516.812,40523.871,40533.082,40538.891,40547.051,40553.875,40574.141,40594.5,40606.898,40610.703,40620.715,40633.824,40644.023,40644.652,40651.297,40664.812,40680.176,40684.168,40685.988,40688.289,40690.934,40692.82,40693.137,40695.836,40704.227,40713.492,40718.41,40725.574,40739.891,40758.109,40758.902,40768.91,40773.359,40793.109,40794.68,40802.742,40810.332,40816.777,40818.723,40827.719,40834.926,40845.258,40855.125,40861.48,40869.75,40876.371,40890.883,40892.281,40903.773,40904.465,40904.809,40909.305,40913.879,40916.258,40926.508,40928.875,40939.25,40941.199,40943.633,40945.375,40947.145,40950.562,40955.254,40958.066,40960.172,40967.988,40970.148,40980.914,40990.852,40994.523,40999.371,41002.316,41007.652,41013.133,41018.633,41030.531,41032.227,41043.039,41068.906,41083.809,41087.785,41094.391,41107.293,41108.145,41113.562,41120.129,41124.508,41128.047,41129.73,41131.945,41134.051,41136.184,41145.613,41146.543,41150.543,41157.344,41164.68,41169.348,41183.605,41221.992,41231.91,41248.496,41254.82,41260.812,41268.125,41272.488,41275.438,41284.652,41300.98,41304.477,41311.398,41317.367,41321.98,41325.691,41333.57,41334.031,41343.98,41352.422,41359.039,41361.109,41376.613,41377.414,41383.586,41389.461,41394.801,41400.184,41403.199,41406.664,41409.602,41419.777,41421.914,41432.332,41435.715,41439.359,41441.688,41442.52,41446.348,41451.305,41455.77,41458.305,41461.176,41474.578,41476.809,41497.938,41498.527,41510.578,41531.52,41539.488,41583.973,41585.219,41601.156,41606.121,41614.938,41620.824,41623.117,41628.805,41631.641,41634.344,41703.016,41705.699,41723.113,41731.066,41736.684,41740.469,41741.066,41746.492,41751.762,41755.465,41758.848,41760.055,41763.77,41785.105,41792.23,41802.57,41809.543,41810.32,41813.824,41827.844,41830.016,41835.492,41838.305,41844.879,41854.301,41859.793,41863.781,41864.609,41870.762,41876.656,41878.203,41879.734,41882.359,41885.723,41894.258,41902.891,41907.406,41914.18,41916.008,41922.52,41930.66,41938.027,41941.434,41942.07,41943.672,41944.152,41946.121,41948.27,41950.129,41951.223,41952.73,41954.738,41958.125,41960.949,41974.512,41998.766,42004.988,42007.484,42009.914,42012.258,42017.582,42019.199,42020.375,42021.578,42022.395,42023.16,42024.086,42040.508,42041.191,42050.68,42057.414,42061.719,42068.902,42074.801,42075.773,42100.84,42108.055,42110.695,42117.285,42124.961,42127.383,42131.887,42138.141,42138.746,42140.266,42141.34,42151.086,42156.375,42164.879,42166.941,42169.359,42170.98,42179.48,42182.742,42187.008,42197.012,42200.145,42205.668,42210.945,42214.375,42228.848,42237.57,42244.25,42251.172,42264.359,42267.27,42270.688,42273.891,42275.02,42279.836,42280.008,42291.668,42302.18,42308.305,42317.145,42323.531,42324.102,42332.246,42340.117,42352.652,42361.812,42363.562,42365.48,42367.57,42372.172,42372.637,42383.277,42383.926,42385.383,42387.785,42400.137,42420.449,42427.379,42438.168,42448.434,42458.203,42463.094,42471.699,42483.48]
      },
      "geometry": {
        "type": "LineString",
        "coordinates": [
          [133.53404, 33.55900, 9.75],
          [133.53392, 33.55948, 7.75],
          [133.53391, 33.55951, 7.5],
          [133.53395, 33.55952, 7.5],
          [133.53393, 33.55962, 7.0],
          [133.53390, 33.55973, 6.75],
          [133.53373, 33.56038, 6.75],
          [133.53371, 33.56044, 7.0],
          [133.53368, 33.56053, 7.25],
          [133.53369, 33.56058, 7.5],
          [133.53374, 33.56064, 7.5],
          [133.53379, 33.56066, 7.25],
          [133.53433, 33.56077, 7.5],
          [133.53441, 33.56080, 8.0],
          [133.53452, 33.56082, 8.5],
          [133.53574, 33.56108, 8.25],
          [133.53583, 33.56110, 8.0],
          [133.53593, 33.56113, 7.75],
          [133.53749, 33.56149, 9.0],
          [133.53763, 33.56153, 9.0],
          [133.53778, 33.56156, 8.75],
          [133.53807, 33.56162, 8.25],
          [133.53890, 33.56179, 9.25],
          [133.53901, 33.56181, 9.5],
          [133.53911, 33.56183, 9.5],
          [133.54011, 33.56202, 11.0],
          [133.54022, 33.56203, 11.0],
          [133.54033, 33.56205, 11.0],
          [133.54042, 33.56208, 11.25],
          [133.54114, 33.56221, 11.5],
          [133.54125, 33.56222, 11.5],
          [133.54133, 33.56222, 11.25],
          [133.54205, 33.56223, 10.0],
          [133.54242, 33.56223, 9.25],
          [133.54253, 33.56223, 9.25],
          [133.54302, 33.56222, 8.25],
          [133.54315, 33.56219, 8.0],
          [133.54321, 33.56220, 7.75],
          [133.54323, 33.56220, 7.75],
          [133.54324, 33.56220, 7.75],
          [133.54331, 33.56221, 7.5],
          [133.54343, 33.56222, 7.5],
          [133.54390, 33.56220, 6.75],
          [133.54459, 33.56215, 6.25],
          [133.54484, 33.56214, 6.25],
          [133.54493, 33.56213, 6.25],
          [133.54506, 33.56213, 6.25],
          [133.54584, 33.56208, 6.75],
          [133.54596, 33.56207, 6.5],
          [133.54608, 33.56206, 6.0],
          [133.54703, 33.56197, 4.0],
          [133.54709, 33.56197, 4.0],
          [133.54728, 33.56197, 4.0],
          [133.54747, 33.56196, 4.25],
          [133.54762, 33.56195, 4.0],
          [133.54780, 33.56193, 3.75],
          [133.54788, 33.56193, 3.5],
          [133.54887, 33.56185, 3.75],
          [133.54904, 33.56184, 4.0],
          [133.54919, 33.56183, 4.0],
          [133.55035, 33.56174, 3.75],
          [133.55043, 33.56173, 3.75],
          [133.55161, 33.56165, 3.75],
          [133.55172, 33.56164, 4.0],
          [133.55186, 33.56163, 4.5],
          [133.55224, 33.56161, 5.75],
          [133.55289, 33.56157, 5.75],
          [133.55296, 33.56156, 5.5],
          [133.55391, 33.56150, 4.0],
          [133.55401, 33.56149, 3.75],
          [133.55401, 33.56155, 4.0],
          [133.55403, 33.56178, 4.0],
          [133.55405, 33.56198, 3.5],
          [133.55407, 33.56213, 3.5],
          [133.55408, 33.56231, 3.25],
          [133.55411, 33.56277, 3.25],
          [133.55424, 33.56275, 3.25],
          [133.55440, 33.56274, 3.25],
          [133.55519, 33.56261, 4.0],
          [133.55526, 33.56259, 4.0],
          [133.55537, 33.56257, 4.25],
          [133.55544, 33.56256, 4.25],
          [133.55578, 33.56250, 4.75],
          [133.55581, 33.56249, 4.75],
          [133.55690, 33.56231, 5.0],
          [133.55709, 33.56229, 4.5],
          [133.55736, 33.56228, 4.0],
          [133.55797, 33.56230, 4.75],
          [133.55815, 33.56231, 5.0],
          [133.55836, 33.56233, 5.5],
          [133.55875, 33.56238, 4.75],
          [133.55933, 33.56248, 4.0],
          [133.55937, 33.56248, 4.0],
          [133.55980, 33.56256, 4.0],
          [133.56006, 33.56260, 4.0],
          [133.56021, 33.56261, 3.75],
          [133.56038, 33.56260, 3.5],
          [133.56046, 33.56260, 3.25],
          [133.56053, 33.56259, 3.25],
          [133.56062, 33.56261, 3.25],
          [133.56078, 33.56260, 3.0],
          [133.56097, 33.56259, 3.0],
          [133.56128, 33.56256, 3.25],
          [133.56143, 33.56253, 3.5],
          [133.56177, 33.56243, 4.0],
          [133.56185, 33.56242, 4.25],
          [133.56190, 33.56242, 4.25],
          [133.56233, 33.56249, 4.75],
          [133.56239, 33.56249, 4.75],
          [133.56252, 33.56249, 5.0],
          [133.56293, 33.56245, 5.25],
          [133.56364, 33.56237, 5.75],
          [133.56434, 33.56227, 6.5],
          [133.56570, 33.56213, 4.5],
          [133.56576, 33.56212, 4.5],
          [133.56576, 33.56217, 4.0],
          [133.56578, 33.56250, 0.0],
          [133.56578, 33.56253, 0.25],
          [133.56582, 33.56317, 2.25],
          [133.56586, 33.56393, 5.0],
          [133.56586, 33.56401, 5.25],
          [133.56591, 33.56473, 3.75],
          [133.56592, 33.56483, 3.5],
          [133.56592, 33.56488, 3.25],
          [133.56594, 33.56519, 3.25],
          [133.56599, 33.56532, 3.5],
          [133.56617, 33.56532, 3.75],
          [133.56695, 33.56531, 4.25],
          [133.56826, 33.56528, 3.75],
          [133.56853, 33.56526, 3.5],
          [133.56860, 33.56526, 3.5],
          [133.56865, 33.56526, 3.5],
          [133.56870, 33.56525, 3.5],
          [133.56878, 33.56525, 3.5],
          [133.57048, 33.56522, 3.0],
          [133.57059, 33.56521, 3.0],
          [133.57064, 33.56521, 3.0],
          [133.57083, 33.56519, 3.0],
          [133.57231, 33.56516, 3.0],
          [133.57268, 33.56516, 3.0],
          [133.57311, 33.56515, 4.0],
          [133.57448, 33.56512, 1.25],
          [133.57464, 33.56512, 1.25],
          [133.57489, 33.56511, 1.5],
          [133.57506, 33.56511, 1.5],
          [133.57540, 33.56510, 2.25],
          [133.57544, 33.56510, 2.25],
          [133.57585, 33.56508, 3.0],
          [133.57626, 33.56508, 3.0],
          [133.57654, 33.56508, 3.0],
          [133.57670, 33.56509, 3.0],
          [133.57688, 33.56511, 2.75],
          [133.57713, 33.56514, 2.25],
          [133.57737, 33.56519, 2.0],
          [133.57771, 33.56528, 1.0],
          [133.57806, 33.56539, 0.0],
          [133.57809, 33.56540, 0.0],
          [133.57825, 33.56547, -0.25],
          [133.57846, 33.56556, -0.5],
          [133.57936, 33.56592, -0.25],
          [133.57953, 33.56599, 0.0],
          [133.57968, 33.56605, 0.25],
          [133.58151, 33.56679, 0.5],
          [133.58364, 33.56765, 1.0],
          [133.58368, 33.56767, 1.25],
          [133.58382, 33.56772, 1.5],
          [133.58395, 33.56777, 1.75],
          [133.58572, 33.56850, 2.0],
          [133.58584, 33.56855, 2.0],
          [133.58601, 33.56862, 2.0],
          [133.58671, 33.56891, 2.0],
          [133.58874, 33.56971, 1.0],
          [133.58990, 33.57018, 3.5],
          [133.58994, 33.57020, 3.75],
          [133.59009, 33.57026, 4.0],
          [133.59035, 33.57038, 4.0],
          [133.59065, 33.57049, 4.25],
          [133.59091, 33.57059, 4.25],
          [133.59247, 33.57122, 5.5],
          [133.59385, 33.57177, 4.25],
          [133.59591, 33.57261, 4.75],
          [133.59627, 33.57277, 4.5],
          [133.59635, 33.57281, 4.5],
          [133.59897, 33.57386, 6.0],
          [133.59899, 33.57387, 6.0],
          [133.59902, 33.57388, 6.0],
          [133.59980, 33.57420, 5.0],
          [133.60032, 33.57440, 5.5],
          [133.60040, 33.57443, 5.75],
          [133.60067, 33.57451, 6.25],
          [133.60096, 33.57459, 6.25],
          [133.60115, 33.57465, 6.5],
          [133.60152, 33.57472, 6.75],
          [133.60188, 33.57477, 7.0],
          [133.60235, 33.57482, 7.0],
          [133.60276, 33.57485, 6.25],
          [133.60367, 33.57493, 5.0],
          [133.60542, 33.57504, 5.75],
          [133.60861, 33.57530, 4.0],
          [133.60881, 33.57531, 4.0],
          [133.60939, 33.57537, 4.5],
          [133.60966, 33.57541, 5.5],
          [133.60998, 33.57547, 6.25],
          [133.61045, 33.57559, 7.0],
          [133.61087, 33.57572, 6.75],
          [133.61150, 33.57601, 6.5],
          [133.61156, 33.57603, 6.5],
          [133.61238, 33.57640, 5.25],
          [133.61279, 33.57658, 5.0],
          [133.61313, 33.57670, 4.75],
          [133.61371, 33.57688, 4.0],
          [133.61378, 33.57689, 4.0],
          [133.61400, 33.57693, 3.5],
          [133.61414, 33.57696, 3.25],
          [133.61459, 33.57702, 4.0],
          [133.61507, 33.57707, 5.0],
          [133.61567, 33.57712, 9.0],
          [133.61622, 33.57717, 10.0],
          [133.61806, 33.57733, 8.5],
          [133.61888, 33.57739, 12.75],
          [133.62004, 33.57741, 9.5],
          [133.62008, 33.57741, 9.25],
          [133.62123, 33.57734, 6.0],
          [133.62243, 33.57726, 6.25],
          [133.62267, 33.57724, 6.0],
          [133.62340, 33.57715, 4.75],
          [133.62355, 33.57714, 5.0],
          [133.62403, 33.57710, 5.75],
          [133.62466, 33.57703, 6.75],
          [133.62538, 33.57697, 7.5],
          [133.62553, 33.57695, 7.75],
          [133.62563, 33.57694, 7.75],
          [133.62579, 33.57692, 7.75],
          [133.62595, 33.57688, 7.75],
          [133.62616, 33.57679, 7.5],
          [133.62632, 33.57669, 7.25],
          [133.62646, 33.57653, 7.0],
          [133.62777, 33.57681, 7.75],
          [133.62823, 33.57691, 8.0],
          [133.62888, 33.57705, 9.25],
          [133.62912, 33.57710, 9.75],
          [133.62955, 33.57720, 9.75],
          [133.62969, 33.57723, 9.75],
          [133.62990, 33.57725, 9.75],
          [133.63014, 33.57725, 9.5],
          [133.63032, 33.57730, 9.5],
          [133.63064, 33.57737, 9.25],
          [133.63089, 33.57741, 9.0],
          [133.63101, 33.57742, 9.25],
          [133.63128, 33.57747, 9.5],
          [133.63141, 33.57749, 9.5],
          [133.63179, 33.57755, 9.75],
          [133.63193, 33.57756, 9.75],
          [133.63202, 33.57756, 9.75],
          [133.63241, 33.57750, 9.75],
          [133.63270, 33.57745, 10.0],
          [133.63294, 33.57741, 10.25],
          [133.63316, 33.57737, 10.5],
          [133.63382, 33.57727, 10.5],
          [133.63434, 33.57718, 10.5],
          [133.63464, 33.57711, 10.75],
          [133.63490, 33.57708, 10.75],
          [133.63539, 33.57704, 11.0],
          [133.63559, 33.57701, 11.25],
          [133.63603, 33.57696, 11.5],
          [133.63626, 33.57693, 11.75],
          [133.63677, 33.57688, 12.0],
          [133.63717, 33.57679, 11.5],
          [133.63729, 33.57676, 11.25],
          [133.63734, 33.57675, 11.25],
          [133.63741, 33.57674, 11.0],
          [133.63746, 33.57673, 11.0],
          [133.63766, 33.57673, 11.25],
          [133.63789, 33.57677, 11.5],
          [133.63802, 33.57681, 11.5],
          [133.63921, 33.57714, 13.5],
          [133.63934, 33.57719, 13.5],
          [133.63963, 33.57728, 13.5],
          [133.63992, 33.57735, 13.75],
          [133.64022, 33.57742, 13.75],
          [133.64095, 33.57759, 13.75],
          [133.64121, 33.57763, 13.5],
          [133.64136, 33.57766, 13.5],
          [133.64159, 33.57769, 13.5],
          [133.64174, 33.57769, 13.75],
          [133.64195, 33.57764, 14.0],
          [133.64217, 33.57758, 14.25],
          [133.64264, 33.57746, 15.0],
          [133.64325, 33.57731, 15.0],
          [133.64371, 33.57717, 15.25],
          [133.64398, 33.57708, 15.25],
          [133.64411, 33.57703, 15.5],
          [133.64444, 33.57689, 15.5],
          [133.64489, 33.57669, 15.75],
          [133.64519, 33.57655, 15.25],
          [133.64562, 33.57635, 14.75],
          [133.64568, 33.57632, 14.75],
          [133.64577, 33.57628, 14.75],
          [133.64591, 33.57621, 15.0],
          [133.64626, 33.57608, 15.75],
          [133.64650, 33.57597, 16.25],
          [133.64706, 33.57572, 16.0],
          [133.64728, 33.57563, 15.5],
          [133.64737, 33.57559, 15.5],
          [133.64740, 33.57557, 15.25],
          [133.64754, 33.57545, 15.25],
          [133.64776, 33.57521, 15.75],
          [133.64781, 33.57512, 15.75],
          [133.64780, 33.57495, 16.0],
          [133.64774, 33.57459, 16.0],
          [133.64774, 33.57456, 16.0],
          [133.64774, 33.57454, 16.0],
          [133.64773, 33.57450, 16.25],
          [133.64775, 33.57434, 16.25],
          [133.64920, 33.57415, 15.0],
          [133.64987, 33.57406, 15.75],
          [133.65033, 33.57402, 16.25],
          [133.65038, 33.57402, 16.25],
          [133.65046, 33.57402, 16.25],
          [133.65071, 33.57400, 16.5],
          [133.65149, 33.57393, 16.75],
          [133.65151, 33.57392, 16.75],
          [133.65206, 33.57384, 16.0],
          [133.65246, 33.57376, 15.5],
          [133.65261, 33.57371, 15.5],
          [133.65265, 33.57369, 15.75],
          [133.65329, 33.57337, 16.75],
          [133.65341, 33.57332, 16.75],
          [133.65375, 33.57323, 16.5],
          [133.65379, 33.57322, 16.5],
          [133.65431, 33.57312, 16.25],
          [133.65485, 33.57301, 16.25],
          [133.65511, 33.57295, 16.25],
          [133.65553, 33.57285, 16.0],
          [133.65571, 33.57282, 15.75],
          [133.65594, 33.57279, 15.5],
          [133.65598, 33.57278, 15.5],
          [133.65642, 33.57272, 15.5],
          [133.65658, 33.57270, 15.5],
          [133.65737, 33.57259, 15.75],
          [133.65745, 33.57258, 15.75],
          [133.65748, 33.57257, 15.75],
          [133.65795, 33.57250, 16.5],
          [133.65847, 33.57239, 17.0],
          [133.65898, 33.57230, 17.5],
          [133.65905, 33.57228, 17.5],
          [133.65973, 33.57220, 17.75],
          [133.66002, 33.57215, 18.0],
          [133.66090, 33.57199, 17.5],
          [133.66322, 33.57152, 15.25],
          [133.66329, 33.57151, 15.25],
          [133.66439, 33.57137, 16.0],
          [133.66449, 33.57135, 16.0],
          [133.66545, 33.57117, 16.75],
          [133.66921, 33.57044, 18.25],
          [133.66923, 33.57044, 18.25],
          [133.66965, 33.57035, 18.0],
          [133.67006, 33.57028, 18.0],
          [133.67038, 33.57021, 18.25],
          [133.67084, 33.57011, 18.75],
          [133.67106, 33.57005, 18.25],
          [133.67111, 33.57004, 18.25],
          [133.67136, 33.56992, 17.5],
          [133.67150, 33.56982, 17.25],
          [133.67161, 33.56975, 17.25],
          [133.67163, 33.56972, 17.25],
          [133.67169, 33.56967, 17.25],
          [133.67198, 33.56933, 17.5],
          [133.67202, 33.56929, 17.75],
          [133.67216, 33.56915, 17.75],
          [133.67269, 33.56866, 17.5],
          [133.67280, 33.56856, 17.25],
          [133.67393, 33.56754, 17.5],
          [133.67434, 33.56715, 16.5],
          [133.67467, 33.56686, 15.25],
          [133.67499, 33.56664, 14.75],
          [133.67525, 33.56649, 14.75],
          [133.67540, 33.56642, 14.75],
          [133.67568, 33.56633, 15.25],
          [133.67667, 33.56620, 16.0],
          [133.67761, 33.56606, 17.0],
          [133.67775, 33.56612, 17.0],
          [133.67793, 33.56617, 17.0],
          [133.67808, 33.56618, 17.25],
          [133.67821, 33.56617, 17.25],
          [133.67837, 33.56613, 17.25],
          [133.67858, 33.56607, 16.75],
          [133.67864, 33.56605, 16.75],
          [133.67883, 33.56604, 16.5],
          [133.67946, 33.56605, 16.5],
          [133.68004, 33.56610, 17.0],
          [133.68032, 33.56609, 17.25],
          [133.68072, 33.56605, 17.5],
          [133.68082, 33.56603, 17.5],
          [133.68478, 33.56517, 18.75],
          [133.68484, 33.56516, 19.5],
          [133.68497, 33.56513, 20.5],
          [133.68542, 33.56503, 22.25],
          [133.68563, 33.56500, 23.25],
          [133.68588, 33.56499, 23.75],
          [133.68605, 33.56500, 23.5],
          [133.68613, 33.56500, 23.5],
          [133.68670, 33.56505, 22.75],
          [133.68676, 33.56506, 22.75],
          [133.68693, 33.56506, 22.5],
          [133.68714, 33.56504, 22.25],
          [133.68753, 33.56498, 21.75],
          [133.68760, 33.56496, 21.75],
          [133.68762, 33.56502, 22.0],
          [133.68782, 33.56567, 22.75],
          [133.68823, 33.56714, 21.75],
          [133.68831, 33.56751, 22.0],
          [133.68856, 33.56830, 22.5],
          [133.68866, 33.56850, 22.75],
          [133.68890, 33.56886, 23.75],
          [133.68940, 33.56962, 25.5],
          [133.68957, 33.56984, 26.0],
          [133.68960, 33.56987, 26.25],
          [133.69151, 33.56958, 26.0],
          [133.69241, 33.56946, 26.0],
          [133.69310, 33.56933, 24.25],
          [133.69324, 33.56957, 23.5],
          [133.69335, 33.56982, 23.25],
          [133.69433, 33.56975, 26.0],
          [133.69592, 33.56958, 25.75],
          [133.69644, 33.56945, 25.5],
          [133.69678, 33.56941, 25.5],
          [133.69683, 33.56998, 26.5],
          [133.69686, 33.57030, 27.25],
          [133.69778, 33.57020, 25.75],
          [133.69816, 33.57018, 26.0],
          [133.69844, 33.57026, 25.75],
          [133.69866, 33.57027, 25.25],
          [133.69867, 33.57038, 25.25],
          [133.69916, 33.57035, 23.5],
          [133.69973, 33.57036, 23.75],
          [133.69976, 33.57040, 23.75],
          [133.69989, 33.57040, 23.75],
          [133.69991, 33.57040, 23.75],
          [133.69995, 33.57034, 23.75],
          [133.70010, 33.57017, 23.75],
          [133.70032, 33.57012, 24.25],
          [133.70038, 33.57005, 24.25],
          [133.70045, 33.56995, 24.75],
          [133.70158, 33.56981, 29.75],
          [133.70145, 33.56944, 29.75],
          [133.70122, 33.56881, 31.75],
          [133.70060, 33.56752, 31.5],
          [133.70054, 33.56741, 32.0],
          [133.70043, 33.56720, 32.75],
          [133.70042, 33.56718, 32.75],
          [133.70033, 33.56694, 33.25],
          [133.70023, 33.56635, 31.5],
          [133.70019, 33.56614, 30.0],
          [133.70009, 33.56561, 26.75],
          [133.70008, 33.56553, 26.25],
          [133.70008, 33.56543, 26.0],
          [133.70011, 33.56531, 26.0],
          [133.70001, 33.56523, 25.25],
          [133.69997, 33.56514, 25.0],
          [133.69978, 33.56447, 24.0],
          [133.69953, 33.56361, 22.75],
          [133.69945, 33.56331, 22.25],
          [133.69930, 33.56277, 21.5],
          [133.69924, 33.56258, 21.25],
          [133.69916, 33.56229, 21.25],
          [133.69953, 33.56217, 22.0],
          [133.70027, 33.56194, 22.75],
          [133.70139, 33.56161, 20.5],
          [133.70153, 33.56158, 20.25],
          [133.70179, 33.56155, 20.0],
          [133.70184, 33.56154, 20.0],
          [133.70203, 33.56152, 20.25],
          [133.70213, 33.56149, 20.25],
          [133.70221, 33.56144, 20.25],
          [133.70242, 33.56132, 20.0],
          [133.70259, 33.56119, 19.75],
          [133.70266, 33.56113, 19.5],
          [133.70277, 33.56104, 19.25],
          [133.70359, 33.56035, 18.75],
          [133.70435, 33.55969, 18.0],
          [133.70473, 33.55941, 17.75],
          [133.70489, 33.55925, 17.75],
          [133.70511, 33.55903, 18.0],
          [133.70528, 33.55890, 18.0],
          [133.70600, 33.55830, 18.25],
          [133.70615, 33.55815, 17.25],
          [133.70619, 33.55812, 17.0],
          [133.70628, 33.55807, 16.75],
          [133.70659, 33.55781, 15.5],
          [133.70687, 33.55760, 15.25],
          [133.70710, 33.55746, 15.5],
          [133.70732, 33.55732, 15.75],
          [133.70736, 33.55729, 15.75],
          [133.70894, 33.55598, 14.75],
          [133.70937, 33.55564, 15.25],
          [133.70946, 33.55557, 15.5],
          [133.70978, 33.55531, 16.25],
          [133.71118, 33.55409, 13.75],
          [133.71149, 33.55384, 13.25],
          [133.71206, 33.55337, 12.5],
          [133.71230, 33.55317, 12.75],
          [133.71269, 33.55289, 13.0],
          [133.71300, 33.55274, 12.75],
          [133.71327, 33.55262, 12.5],
          [133.71352, 33.55254, 13.0],
          [133.71366, 33.55251, 13.25],
          [133.71398, 33.55245, 14.0],
          [133.71437, 33.55237, 14.25],
          [133.71456, 33.55233, 14.25],
          [133.71482, 33.55225, 14.25],
          [133.71502, 33.55216, 14.5],
          [133.71528, 33.55201, 14.25],
          [133.71554, 33.55184, 14.0],
          [133.71581, 33.55160, 14.0],
          [133.71599, 33.55138, 14.0],
          [133.71613, 33.55120, 14.0],
          [133.71684, 33.55009, 16.5],
          [133.71695, 33.54996, 16.5],
          [133.71716, 33.54971, 15.75],
          [133.71739, 33.54950, 15.75],
          [133.71763, 33.54932, 16.25],
          [133.71779, 33.54922, 16.75],
          [133.71811, 33.54896, 16.5],
          [133.71818, 33.54893, 16.25],
          [133.71836, 33.54876, 15.25],
          [133.71902, 33.54809, 9.75],
          [133.71909, 33.54800, 9.5],
          [133.71958, 33.54747, 8.0],
          [133.71983, 33.54716, 7.5],
          [133.71995, 33.54697, 7.75],
          [133.72038, 33.54653, 8.75],
          [133.72046, 33.54643, 9.0],
          [133.72064, 33.54620, 9.25],
          [133.72075, 33.54603, 9.5],
          [133.72089, 33.54601, 9.25],
          [133.72098, 33.54594, 9.25],
          [133.72201, 33.54482, 6.0],
          [133.72226, 33.54449, 6.0],
          [133.72234, 33.54431, 6.0],
          [133.72239, 33.54416, 6.0],
          [133.72242, 33.54404, 6.0],
          [133.72245, 33.54386, 6.0],
          [133.72248, 33.54357, 5.75],
          [133.72250, 33.54350, 6.0],
          [133.72250, 33.54348, 6.0],
          [133.72256, 33.54320, 6.5],
          [133.72272, 33.54261, 8.0],
          [133.72278, 33.54242, 8.5],
          [133.72283, 33.54228, 8.75],
          [133.72287, 33.54215, 9.25],
          [133.72294, 33.54187, 10.0],
          [133.72304, 33.54138, 11.0],
          [133.72310, 33.54138, 11.0],
          [133.72408, 33.54132, 11.5],
          [133.72463, 33.54129, 10.75],
          [133.72468, 33.54129, 10.75],
          [133.72508, 33.54128, 10.25],
          [133.72581, 33.54126, 10.0],
          [133.72625, 33.54128, 10.75],
          [133.72627, 33.54128, 10.75],
          [133.72661, 33.54132, 11.25],
          [133.72686, 33.54134, 11.5],
          [133.72710, 33.54135, 11.5],
          [133.72737, 33.54136, 11.5],
          [133.72754, 33.54137, 11.5],
          [133.72808, 33.54139, 10.5],
          [133.72831, 33.54140, 10.0],
          [133.72868, 33.54140, 9.5],
          [133.72890, 33.54141, 9.5],
          [133.72932, 33.54143, 9.0],
          [133.72952, 33.54144, 8.75],
          [133.72993, 33.54149, 8.25],
          [133.73034, 33.54153, 7.75],
          [133.73041, 33.54154, 7.5],
          [133.73090, 33.54161, 7.25],
          [133.73094, 33.54162, 7.5],
          [133.73119, 33.54164, 8.75],
          [133.73160, 33.54166, 10.5],
          [133.73207, 33.54168, 9.75],
          [133.73247, 33.54171, 8.75],
          [133.73251, 33.54171, 8.75],
          [133.73283, 33.54175, 9.25],
          [133.73322, 33.54179, 10.0],
          [133.73324, 33.54180, 10.0],
          [133.73359, 33.54184, 10.5],
          [133.73380, 33.54185, 10.75],
          [133.73384, 33.54186, 10.75],
          [133.73417, 33.54182, 11.25],
          [133.73444, 33.54179, 10.75],
          [133.73470, 33.54175, 10.25],
          [133.73536, 33.54167, 9.75],
          [133.73553, 33.54165, 10.0],
          [133.73586, 33.54161, 10.0],
          [133.73617, 33.54157, 9.75],
          [133.73636, 33.54154, 9.5],
          [133.73667, 33.54143, 9.5],
          [133.73688, 33.54133, 9.5],
          [133.73733, 33.54102, 9.75],
          [133.73746, 33.54090, 9.75],
          [133.73757, 33.54069, 9.75],
          [133.73802, 33.54061, 9.5],
          [133.73845, 33.54053, 9.0],
          [133.73849, 33.54053, 9.0],
          [133.73864, 33.54051, 9.0],
          [133.73916, 33.54044, 8.5],
          [133.73940, 33.54042, 8.5],
          [133.73972, 33.54039, 8.75],
          [133.73986, 33.54037, 8.75],
          [133.73993, 33.54036, 8.75],
          [133.74018, 33.54032, 9.0],
          [133.74064, 33.54026, 9.0],
          [133.74093, 33.54023, 9.0],
          [133.74144, 33.54016, 9.5],
          [133.74196, 33.54009, 10.75],
          [133.74207, 33.54008, 11.0],
          [133.74257, 33.53996, 14.5],
          [133.74261, 33.53933, 15.75],
          [133.74260, 33.53917, 15.75],
          [133.74259, 33.53909, 15.0],
          [133.74248, 33.53865, 10.25],
          [133.74246, 33.53854, 10.5],
          [133.74240, 33.53831, 11.75],
          [133.74326, 33.53811, 15.25],
          [133.74341, 33.53813, 15.25],
          [133.74408, 33.53811, 19.75],
          [133.74462, 33.53811, 18.0],
          [133.74495, 33.53805, 15.5],
          [133.74549, 33.53790, 11.75],
          [133.74609, 33.53790, 10.5],
          [133.74640, 33.53788, 10.0],
          [133.74651, 33.53787, 9.75],
          [133.74699, 33.53778, 8.75],
          [133.74758, 33.53761, 7.75],
          [133.74850, 33.53732, 7.5],
          [133.74950, 33.53705, 8.5],
          [133.75005, 33.53693, 9.25],
          [133.75109, 33.53662, 10.75],
          [133.75146, 33.53653, 11.75],
          [133.75194, 33.53671, 12.0],
          [133.75206, 33.53669, 11.5],
          [133.75212, 33.53667, 11.25],
          [133.75230, 33.53661, 10.5],
          [133.75245, 33.53655, 10.0],
          [133.75288, 33.53641, 8.75],
          [133.75339, 33.53624, 8.5],
          [133.75450, 33.53587, 8.5],
          [133.75455, 33.53585, 8.5],
          [133.75531, 33.53564, 7.25],
          [133.75566, 33.53553, 7.75],
          [133.75571, 33.53552, 8.0],
          [133.75586, 33.53546, 8.0],
          [133.75590, 33.53544, 7.75],
          [133.75619, 33.53531, 7.0],
          [133.75624, 33.53527, 7.0],
          [133.75617, 33.53483, 6.0],
          [133.75606, 33.53424, 4.25],
          [133.75600, 33.53394, 5.25],
          [133.75601, 33.53371, 6.5],
          [133.75600, 33.53364, 7.0],
          [133.75628, 33.53342, 8.0],
          [133.75651, 33.53318, 8.25],
          [133.75708, 33.53246, 8.5],
          [133.75722, 33.53227, 8.25],
          [133.75737, 33.53202, 8.5],
          [133.75745, 33.53187, 8.5],
          [133.75750, 33.53171, 8.75],
          [133.75752, 33.53157, 9.5],
          [133.75753, 33.53128, 12.0],
          [133.75735, 33.53113, 12.0],
          [133.75737, 33.53106, 12.5],
          [133.75736, 33.53086, 13.5],
          [133.75743, 33.52979, 12.75],
          [133.75745, 33.52966, 12.25],
          [133.75754, 33.52942, 11.0],
          [133.75756, 33.52939, 11.0],
          [133.75767, 33.52917, 9.5],
          [133.75771, 33.52910, 9.5],
          [133.75778, 33.52900, 9.75],
          [133.75799, 33.52877, 10.0],
          [133.75829, 33.52845, 10.0],
          [133.75850, 33.52819, 12.25],
          [133.75869, 33.52788, 15.0],
          [133.75877, 33.52774, 16.25],
          [133.75894, 33.52723, 25.75],
          [133.75897, 33.52711, 29.5],
          [133.75909, 33.52682, 30.0],
          [133.75927, 33.52643, 30.75],
          [133.76000, 33.52525, 33.25],
          [133.76018, 33.52494, 33.25],
          [133.76038, 33.52465, 32.0],
          [133.76062, 33.52436, 30.0],
          [133.76090, 33.52414, 28.5],
          [133.76114, 33.52397, 30.25],
          [133.76153, 33.52375, 34.5],
          [133.76250, 33.52323, 41.25],
          [133.76369, 33.52231, 32.25],
          [133.76417, 33.52200, 26.75],
          [133.76467, 33.52171, 21.5],
          [133.76510, 33.52148, 19.0],
          [133.76537, 33.52130, 18.75],
          [133.76560, 33.52113, 18.25],
          [133.76578, 33.52096, 17.5],
          [133.76612, 33.52058, 17.25],
          [133.76659, 33.51989, 21.75],
          [133.76682, 33.51960, 22.75],
          [133.76688, 33.51953, 22.75],
          [133.76710, 33.51932, 23.0],
          [133.76741, 33.51908, 22.75],
          [133.76766, 33.51902, 22.75],
          [133.76774, 33.51901, 22.75],
          [133.76782, 33.51896, 22.5],
          [133.76790, 33.51890, 22.0],
          [133.76804, 33.51887, 22.0],
          [133.76836, 33.51860, 20.25],
          [133.76848, 33.51853, 19.5],
          [133.76869, 33.51842, 18.5],
          [133.76898, 33.51825, 18.0],
          [133.76955, 33.51786, 18.5],
          [133.77041, 33.51719, 19.75],
          [133.77065, 33.51704, 19.75],
          [133.77100, 33.51686, 20.25],
          [133.77106, 33.51692, 20.75],
          [133.77110, 33.51690, 21.0],
          [133.77147, 33.51677, 22.25],
          [133.77174, 33.51670, 23.25],
          [133.77204, 33.51665, 23.75],
          [133.77246, 33.51662, 24.25],
          [133.77293, 33.51664, 26.0],
          [133.77339, 33.51666, 27.5],
          [133.77549, 33.51677, 24.75],
          [133.77589, 33.51681, 24.0],
          [133.77635, 33.51688, 21.75],
          [133.77688, 33.51701, 20.75],
          [133.77730, 33.51713, 20.5],
          [133.77745, 33.51718, 20.5],
          [133.77820, 33.51745, 23.25],
          [133.77916, 33.51778, 20.0],
          [133.77941, 33.51788, 19.75],
          [133.77987, 33.51802, 19.75],
          [133.77999, 33.51797, 19.0],
          [133.78011, 33.51795, 18.5],
          [133.78044, 33.51795, 18.0],
          [133.78068, 33.51799, 17.75],
          [133.78144, 33.51799, 15.75],
          [133.78184, 33.51798, 15.25],
          [133.78276, 33.51797, 14.25],
          [133.78302, 33.51799, 13.75],
          [133.78336, 33.51803, 13.0],
          [133.78384, 33.51808, 12.75],
          [133.78432, 33.51811, 12.5],
          [133.78524, 33.51817, 13.75],
          [133.78588, 33.51820, 15.25],
          [133.78644, 33.51824, 14.25],
          [133.78750, 33.51831, 14.75],
          [133.78780, 33.51831, 14.75],
          [133.78837, 33.51832, 15.0],
          [133.78886, 33.51832, 16.0],
          [133.78945, 33.51827, 16.25],
          [133.78970, 33.51825, 16.0],
          [133.78990, 33.51825, 15.75],
          [133.79024, 33.51827, 15.25],
          [133.79171, 33.51832, 15.75],
          [133.79259, 33.51835, 12.75],
          [133.79271, 33.51835, 12.75],
          [133.79502, 33.51836, 14.75],
          [133.79522, 33.51835, 14.75],
          [133.79570, 33.51836, 14.75],
          [133.79613, 33.51836, 14.5],
          [133.79633, 33.51836, 14.25],
          [133.79673, 33.51836, 14.0],
          [133.79689, 33.51836, 14.25],
          [133.79705, 33.51837, 14.75],
          [133.79732, 33.51838, 15.25],
          [133.79755, 33.51842, 15.25],
          [133.79778, 33.51854, 14.25],
          [133.79793, 33.51865, 13.75],
          [133.79851, 33.51904, 11.0],
          [133.79869, 33.51914, 10.0],
          [133.79893, 33.51923, 9.25],
          [133.79908, 33.51923, 8.75],
          [133.79934, 33.51924, 8.5],
          [133.79968, 33.51923, 8.75],
          [133.79980, 33.51923, 8.75],
          [133.79988, 33.51921, 8.75],
          [133.79999, 33.51913, 9.0],
          [133.80009, 33.51908, 9.5],
          [133.80012, 33.51908, 9.5],
          [133.80023, 33.51909, 9.75],
          [133.80029, 33.51909, 10.0],
          [133.80040, 33.51906, 10.75],
          [133.80064, 33.51893, 12.75],
          [133.80105, 33.51870, 16.75],
          [133.80115, 33.51865, 17.25],
          [133.80122, 33.51863, 17.75],
          [133.80137, 33.51861, 18.0],
          [133.80244, 33.51862, 15.25],
          [133.80275, 33.51861, 15.0],
          [133.80371, 33.51853, 15.0],
          [133.80451, 33.51845, 15.0],
          [133.80554, 33.51839, 16.5],
          [133.80625, 33.51832, 17.75],
          [133.80661, 33.51831, 17.75],
          [133.80679, 33.51831, 17.5],
          [133.80727, 33.51839, 15.75],
          [133.80757, 33.51842, 15.0],
          [133.80772, 33.51842, 15.0],
          [133.80809, 33.51841, 15.25],
          [133.80837, 33.51840, 15.25],
          [133.80879, 33.51839, 15.5],
          [133.80909, 33.51835, 15.75],
          [133.80927, 33.51832, 15.75],
          [133.80988, 33.51824, 15.0],
          [133.81017, 33.51821, 14.75],
          [133.81021, 33.51821, 14.5],
          [133.81073, 33.51823, 13.5],
          [133.81079, 33.51823, 13.25],
          [133.81114, 33.51821, 12.25],
          [133.81122, 33.51820, 12.0],
          [133.81130, 33.51816, 12.0],
          [133.81162, 33.51803, 11.75],
          [133.81206, 33.51793, 11.75],
          [133.81224, 33.51791, 11.75],
          [133.81255, 33.51790, 11.25],
          [133.81275, 33.51788, 11.0],
          [133.81300, 33.51783, 11.0],
          [133.81319, 33.51777, 10.75],
          [133.81363, 33.51762, 11.0],
          [133.81377, 33.51758, 11.0],
          [133.81393, 33.51757, 10.75],
          [133.81407, 33.51757, 10.75],
          [133.81457, 33.51757, 10.25],
          [133.81522, 33.51757, 10.0],
          [133.81560, 33.51757, 10.5],
          [133.81576, 33.51758, 10.5],
          [133.81592, 33.51757, 10.75],
          [133.81653, 33.51753, 11.5],
          [133.81683, 33.51751, 12.0],
          [133.81756, 33.51754, 12.5],
          [133.81782, 33.51752, 12.0],
          [133.81821, 33.51747, 11.25],
          [133.81846, 33.51740, 10.75],
          [133.81874, 33.51733, 10.25],
          [133.81880, 33.51731, 10.25],
          [133.81933, 33.51722, 9.5],
          [133.82117, 33.51705, 10.5],
          [133.82139, 33.51704, 10.5],
          [133.82145, 33.51703, 10.5],
          [133.82148, 33.51703, 10.5],
          [133.82185, 33.51699, 10.75],
          [133.82208, 33.51695, 11.0],
          [133.82245, 33.51688, 11.25],
          [133.82276, 33.51681, 11.25],
          [133.82327, 33.51666, 11.0],
          [133.82394, 33.51647, 10.5],
          [133.82413, 33.51643, 10.5],
          [133.82446, 33.51637, 10.0],
          [133.82462, 33.51635, 10.0],
          [133.82478, 33.51634, 9.75],
          [133.82510, 33.51633, 9.5],
          [133.82522, 33.51633, 9.25],
          [133.82531, 33.51632, 9.25],
          [133.82549, 33.51633, 9.25],
          [133.82577, 33.51622, 9.5],
          [133.82618, 33.51611, 10.0],
          [133.82648, 33.51607, 10.25],
          [133.82698, 33.51605, 10.25],
          [133.82762, 33.51602, 9.5],
          [133.82801, 33.51603, 8.75],
          [133.82825, 33.51606, 8.5],
          [133.82857, 33.51613, 8.0],
          [133.82885, 33.51619, 7.75],
          [133.82887, 33.51619, 7.75],
          [133.82901, 33.51622, 7.5],
          [133.82933, 33.51627, 7.5],
          [133.82981, 33.51638, 8.0],
          [133.83001, 33.51632, 8.0],
          [133.83026, 33.51639, 8.0],
          [133.83051, 33.51643, 7.75],
          [133.83067, 33.51645, 7.5],
          [133.83084, 33.51646, 7.5],
          [133.83117, 33.51647, 7.0],
          [133.83135, 33.51646, 7.0],
          [133.83151, 33.51644, 6.75],
          [133.83192, 33.51636, 6.0],
          [133.83200, 33.51635, 6.0],
          [133.83214, 33.51631, 5.75],
          [133.83287, 33.51609, 6.75],
          [133.83327, 33.51596, 9.25],
          [133.83358, 33.51584, 11.25],
          [133.83392, 33.51568, 12.5],
          [133.83422, 33.51548, 12.75],
          [133.83450, 33.51527, 14.25],
          [133.83469, 33.51511, 16.0],
          [133.83591, 33.51379, 24.0],
          [133.83609, 33.51359, 26.0],
          [133.83693, 33.51269, 31.75],
          [133.83705, 33.51253, 32.5],
          [133.83725, 33.51219, 34.0],
          [133.83733, 33.51200, 33.5],
          [133.83753, 33.51137, 30.25],
          [133.83761, 33.51119, 29.5],
          [133.83773, 33.51094, 29.0],
          [133.83815, 33.51033, 30.75],
          [133.83828, 33.51007, 31.5],
          [133.83854, 33.50948, 30.25],
          [133.83871, 33.50915, 29.5],
          [133.83887, 33.50896, 29.75],
          [133.83902, 33.50879, 30.0],
          [133.83914, 33.50867, 30.0],
          [133.83944, 33.50841, 29.75],
          [133.83982, 33.50819, 27.75],
          [133.84012, 33.50805, 26.0],
          [133.84033, 33.50797, 25.25],
          [133.84077, 33.50785, 25.0],
          [133.84147, 33.50764, 24.0],
          [133.84154, 33.50763, 24.0],
          [133.84355, 33.50707, 26.25],
          [133.84455, 33.50680, 26.25],
          [133.84479, 33.50676, 26.0],
          [133.84518, 33.50670, 25.5],
          [133.84653, 33.50663, 25.0],
          [133.84681, 33.50663, 24.75],
          [133.84707, 33.50665, 24.25],
          [133.84747, 33.50671, 24.0],
          [133.84861, 33.50692, 21.75],
          [133.84875, 33.50693, 21.0],
          [133.84887, 33.50692, 19.75],
          [133.84938, 33.50685, 15.0],
          [133.84959, 33.50684, 14.0],
          [133.84978, 33.50682, 12.5],
          [133.84986, 33.50679, 11.5],
          [133.85006, 33.50667, 9.0],
          [133.85016, 33.50662, 8.5],
          [133.85032, 33.50658, 8.5],
          [133.85120, 33.50651, 7.75],
          [133.85183, 33.50646, 7.25],
          [133.85256, 33.50641, 9.0],
          [133.85340, 33.50622, 8.75],
          [133.85406, 33.50608, 9.25],
          [133.85425, 33.50607, 9.5],
          [133.85626, 33.50627, 9.75],
          [133.85640, 33.50630, 9.5],
          [133.85656, 33.50638, 9.5],
          [133.85666, 33.50646, 9.75],
          [133.85682, 33.50652, 9.5],
          [133.85770, 33.50659, 9.75],
          [133.85795, 33.50658, 12.25],
          [133.85807, 33.50656, 13.25],
          [133.85849, 33.50636, 12.75],
          [133.86012, 33.50554, 11.25],
          [133.86032, 33.50547, 11.0],
          [133.86041, 33.50544, 11.0],
          [133.86062, 33.50539, 10.75],
          [133.86123, 33.50529, 10.5],
          [133.86157, 33.50546, 10.5],
          [133.86163, 33.50548, 10.75],
          [133.86279, 33.50529, 10.0],
          [133.86317, 33.50522, 10.0],
          [133.86335, 33.50520, 9.75],
          [133.86406, 33.50508, 10.25],
          [133.86427, 33.50504, 10.25],
          [133.86561, 33.50482, 11.75],
          [133.86587, 33.50475, 12.75],
          [133.86612, 33.50467, 15.75],
          [133.86631, 33.50459, 17.25],
          [133.86652, 33.50450, 17.5],
          [133.86735, 33.50407, 19.5],
          [133.86758, 33.50397, 20.0],
          [133.86777, 33.50390, 20.0],
          [133.86798, 33.50383, 19.5],
          [133.86823, 33.50378, 19.25],
          [133.86863, 33.50373, 18.75],
          [133.86889, 33.50372, 19.0],
          [133.86917, 33.50373, 19.75],
          [133.86976, 33.50380, 21.25],
          [133.87019, 33.50380, 19.75],
          [133.87074, 33.50383, 18.5],
          [133.87106, 33.50383, 17.0],
          [133.87146, 33.50380, 14.25],
          [133.87434, 33.50352, 12.25],
          [133.87512, 33.50343, 12.25],
          [133.87645, 33.50328, 12.5],
          [133.87711, 33.50318, 12.75],
          [133.87846, 33.50301, 13.0],
          [133.87920, 33.50291, 13.0],
          [133.87931, 33.50291, 13.5],
          [133.88022, 33.50279, 14.25],
          [133.88031, 33.50282, 15.25],
          [133.88064, 33.50278, 14.75],
          [133.88075, 33.50273, 13.25],
          [133.88075, 33.50266, 11.25],
          [133.88078, 33.50263, 10.25],
          [133.88080, 33.50260, 9.25],
          [133.88088, 33.50256, 9.0],
          [133.88159, 33.50242, 8.5],
          [133.88381, 33.50199, 7.0],
          [133.88447, 33.50186, 7.0],
          [133.88512, 33.50173, 7.25],
          [133.88565, 33.50163, 7.5],
          [133.88583, 33.50162, 7.5],
          [133.88591, 33.50164, 7.5],
          [133.88621, 33.50173, 7.75],
          [133.88631, 33.50174, 7.75],
          [133.88644, 33.50174, 7.75],
          [133.88750, 33.50156, 8.0],
          [133.88766, 33.50154, 8.0],
          [133.88783, 33.50154, 8.25],
          [133.88804, 33.50160, 8.25],
          [133.88819, 33.50162, 8.25],
          [133.88834, 33.50163, 8.25],
          [133.88845, 33.50162, 8.25],
          [133.88934, 33.50150, 8.5],
          [133.88999, 33.50144, 8.75],
          [133.89015, 33.50150, 9.25],
          [133.89019, 33.50153, 9.5],
          [133.89022, 33.50157, 9.75],
          [133.89023, 33.50159, 9.75],
          [133.89026, 33.50166, 10.25],
          [133.89081, 33.50157, 10.5],
          [133.89088, 33.50156, 10.5],
          [133.89094, 33.50155, 10.5],
          [133.89099, 33.50170, 11.0],
          [133.89106, 33.50169, 11.25],
          [133.89220, 33.50153, 11.25],
          [133.89260, 33.50142, 11.25],
          [133.89263, 33.50141, 11.5],
          [133.89287, 33.50135, 11.75],
          [133.89295, 33.50132, 12.0],
          [133.89318, 33.50130, 12.25],
          [133.89376, 33.50123, 12.75],
          [133.89407, 33.50120, 13.0],
          [133.89426, 33.50117, 13.0],
          [133.89431, 33.50116, 13.0],
          [133.89456, 33.50112, 12.75],
          [133.89473, 33.50110, 12.5],
          [133.89494, 33.50107, 12.5],
          [133.89524, 33.50102, 12.5],
          [133.89530, 33.50101, 12.5],
          [133.89560, 33.50096, 12.75],
          [133.89591, 33.50091, 12.75],
          [133.89628, 33.50084, 11.75],
          [133.89679, 33.50076, 11.0],
          [133.89693, 33.50074, 11.25],
          [133.89768, 33.50059, 12.0],
          [133.89804, 33.50053, 12.25],
          [133.89812, 33.50052, 12.25],
          [133.89840, 33.50045, 12.5],
          [133.89882, 33.50036, 13.25],
          [133.89944, 33.50022, 13.5],
          [133.89956, 33.50023, 13.5],
          [133.89967, 33.50024, 13.5],
          [133.90005, 33.50016, 13.0],
          [133.90042, 33.50008, 13.0],
          [133.90152, 33.49985, 13.0],
          [133.90184, 33.49977, 13.0],
          [133.90231, 33.49966, 13.0],
          [133.90246, 33.49962, 13.0],
          [133.90286, 33.49952, 13.25],
          [133.90319, 33.49944, 13.5],
          [133.90322, 33.49943, 13.5],
          [133.90351, 33.49937, 13.75],
          [133.90412, 33.49922, 13.75],
          [133.90445, 33.49913, 13.25],
          [133.90501, 33.49894, 12.0],
          [133.90544, 33.49880, 12.0],
          [133.90548, 33.49879, 12.0],
          [133.90553, 33.49877, 12.0],
          [133.90598, 33.49863, 11.75],
          [133.90624, 33.49854, 11.25],
          [133.90633, 33.49851, 11.0],
          [133.90648, 33.49847, 10.5],
          [133.90667, 33.49841, 10.0],
          [133.90689, 33.49834, 10.0],
          [133.90699, 33.49862, 10.5],
          [133.90700, 33.49864, 10.5],
          [133.90729, 33.49943, 11.25],
          [133.90731, 33.49948, 11.25],
          [133.90733, 33.49953, 11.25],
          [133.90746, 33.49995, 11.0],
          [133.90755, 33.50028, 10.5],
          [133.90768, 33.50074, 10.0],
          [133.90816, 33.50071, 10.0],
          [133.90870, 33.50062, 10.0],
          [133.90877, 33.50063, 9.75],
          [133.90884, 33.50063, 9.75],
          [133.90941, 33.50052, 9.75],
          [133.90944, 33.50051, 9.75],
          [133.91011, 33.50038, 9.0],
          [133.91055, 33.50028, 7.25],
          [133.91086, 33.50020, 6.0],
          [133.91104, 33.50015, 5.5],
          [133.91107, 33.50014, 5.5],
          [133.91118, 33.50008, 5.25],
          [133.91120, 33.50008, 5.25],
          [133.91122, 33.50006, 5.0],
          [133.91183, 33.49970, 3.75],
          [133.91226, 33.49945, 4.0],
          [133.91259, 33.49925, 4.75],
          [133.91275, 33.49920, 4.75],
          [133.91281, 33.49921, 4.75],
          [133.91287, 33.49924, 4.75],
          [133.91309, 33.49928, 4.5],
          [133.91320, 33.49923, 4.25],
          [133.91326, 33.49921, 4.25],
          [133.91331, 33.49919, 4.25],
          [133.91402, 33.49899, 4.25],
          [133.91542, 33.49862, 4.25],
          [133.91566, 33.49854, 4.25],
          [133.91578, 33.49849, 4.5],
          [133.91585, 33.49845, 4.75],
          [133.91634, 33.49822, 4.25],
          [133.91640, 33.49819, 4.25],
          [133.91659, 33.49811, 4.0],
          [133.91676, 33.49805, 4.0],
          [133.91746, 33.49785, 4.0],
          [133.91757, 33.49782, 3.75],
          [133.91859, 33.49751, 2.25],
          [133.91882, 33.49744, 2.5],
          [133.91987, 33.49714, 3.75],
          [133.92026, 33.49703, 3.5],
          [133.92102, 33.49681, 2.25],
          [133.92119, 33.49675, 2.0],
          [133.92127, 33.49671, 2.0],
          [133.92134, 33.49667, 2.0],
          [133.92144, 33.49660, 2.0],
          [133.92302, 33.49527, 3.75],
          [133.92306, 33.49524, 3.75],
          [133.92328, 33.49503, 3.75],
          [133.92338, 33.49502, 4.0],
          [133.92389, 33.49495, 5.75],
          [133.92409, 33.49490, 6.25],
          [133.92413, 33.49490, 6.5],
          [133.92461, 33.49473, 5.5],
          [133.92468, 33.49471, 5.5],
          [133.92515, 33.49450, 4.75],
          [133.92531, 33.49441, 4.75],
          [133.92544, 33.49417, 5.0],
          [133.92547, 33.49408, 5.0],
          [133.92554, 33.49395, 5.0],
          [133.92564, 33.49385, 5.25],
          [133.92604, 33.49367, 5.75],
          [133.92638, 33.49353, 6.0],
          [133.92642, 33.49351, 6.0],
          [133.92708, 33.49323, 6.25],
          [133.92776, 33.49295, 6.0],
          [133.92781, 33.49293, 6.0],
          [133.92816, 33.49277, 6.0],
          [133.92857, 33.49259, 7.0],
          [133.92866, 33.49255, 7.25],
          [133.92874, 33.49252, 7.5],
          [133.92886, 33.49247, 7.75],
          [133.92923, 33.49235, 8.5],
          [133.92938, 33.49231, 8.5],
          [133.92956, 33.49225, 8.75],
          [133.92973, 33.49220, 8.5],
          [133.93029, 33.49203, 8.75],
          [133.93048, 33.49197, 9.0],
          [133.93096, 33.49181, 9.0],
          [133.93099, 33.49180, 9.0],
          [133.93139, 33.49164, 8.5],
          [133.93199, 33.49140, 9.25],
          [133.93218, 33.49132, 9.0],
          [133.93309, 33.49095, 9.75],
          [133.93310, 33.49094, 9.75],
          [133.93312, 33.49093, 9.75],
          [133.93318, 33.49091, 9.5],
          [133.93319, 33.49090, 9.5],
          [133.93355, 33.49076, 9.75],
          [133.93373, 33.49067, 10.0],
          [133.93384, 33.49056, 9.5],
          [133.93401, 33.49039, 8.25],
          [133.93412, 33.49025, 6.75],
          [133.93421, 33.49013, 5.75],
          [133.93422, 33.49011, 5.5],
          [133.93428, 33.48999, 4.25],
          [133.93433, 33.48989, 4.5],
          [133.93445, 33.48977, 5.0],
          [133.93453, 33.48970, 5.25],
          [133.93518, 33.48905, 5.25],
          [133.93577, 33.48842, 5.75],
          [133.93639, 33.48782, 7.25],
          [133.93655, 33.48762, 6.5],
          [133.93675, 33.48739, 7.5],
          [133.93685, 33.48724, 8.5],
          [133.93698, 33.48698, 8.5],
          [133.93725, 33.48623, 6.75],
          [133.93750, 33.48565, 6.75],
          [133.93786, 33.48501, 6.0],
          [133.93801, 33.48476, 5.75],
          [133.93811, 33.48462, 5.5],
          [133.93827, 33.48443, 5.25],
          [133.93843, 33.48426, 5.75],
          [133.93915, 33.48361, 5.75],
          [133.94042, 33.48247, 12.25],
          [133.94059, 33.48231, 13.75],
          [133.94076, 33.48214, 14.0],
          [133.94077, 33.48213, 14.0],
          [133.94102, 33.48190, 17.25],
          [133.94146, 33.48147, 22.5],
          [133.94166, 33.48124, 21.25],
          [133.94184, 33.48094, 20.75],
          [133.94204, 33.48055, 21.5],
          [133.94250, 33.47967, 15.25],
          [133.94281, 33.47908, 17.25],
          [133.94297, 33.47879, 17.0],
          [133.94315, 33.47855, 15.25],
          [133.94378, 33.47779, 22.75],
          [133.94383, 33.47773, 22.25],
          [133.94396, 33.47753, 19.5],
          [133.94409, 33.47728, 18.5],
          [133.94433, 33.47667, 16.5],
          [133.94437, 33.47648, 15.75],
          [133.94446, 33.47647, 18.0],
          [133.94470, 33.47618, 18.25],
          [133.94468, 33.47610, 16.5],
          [133.94476, 33.47607, 17.0],
          [133.94487, 33.47596, 15.5],
          [133.94509, 33.47570, 14.5],
          [133.94521, 33.47552, 15.25],
          [133.94530, 33.47533, 15.0],
          [133.94535, 33.47517, 13.75],
          [133.94548, 33.47480, 14.75],
          [133.94556, 33.47455, 18.75],
          [133.94561, 33.47429, 22.5],
          [133.94561, 33.47409, 25.75],
          [133.94557, 33.47393, 28.5],
          [133.94544, 33.47361, 30.5],
          [133.94529, 33.47338, 27.75],
          [133.94514, 33.47310, 24.0],
          [133.94506, 33.47280, 23.75],
          [133.94489, 33.47156, 22.75],
          [133.94486, 33.47130, 22.75],
          [133.94485, 33.47117, 22.5],
          [133.94482, 33.47105, 22.5],
          [133.94477, 33.47087, 22.25],
          [133.94470, 33.47070, 22.25],
          [133.94450, 33.47039, 22.0],
          [133.94443, 33.47030, 22.0],
          [133.94428, 33.47016, 21.75],
          [133.94409, 33.46998, 21.75],
          [133.94371, 33.46965, 21.25],
          [133.94348, 33.46943, 21.25],
          [133.94328, 33.46920, 21.0],
          [133.94273, 33.46850, 20.25],
          [133.94260, 33.46831, 20.25],
          [133.94248, 33.46811, 20.25],
          [133.94238, 33.46787, 20.25],
          [133.94228, 33.46759, 20.25],
          [133.94221, 33.46735, 20.5],
          [133.94217, 33.46722, 20.5],
          [133.94215, 33.46706, 20.75],
          [133.94210, 33.46701, 19.25],
          [133.94207, 33.46697, 18.0],
          [133.94206, 33.46689, 17.75],
          [133.94206, 33.46677, 18.75],
          [133.94212, 33.46613, 25.5],
          [133.94210, 33.46589, 26.25],
          [133.94207, 33.46577, 25.5],
          [133.94199, 33.46556, 22.75],
          [133.94195, 33.46547, 21.5],
          [133.94181, 33.46529, 17.25],
          [133.94176, 33.46516, 16.0],
          [133.94174, 33.46506, 15.75],
          [133.94172, 33.46493, 15.25],
          [133.94172, 33.46482, 15.0],
          [133.94175, 33.46465, 15.25],
          [133.94185, 33.46398, 13.5],
          [133.94189, 33.46379, 12.25],
          [133.94192, 33.46371, 11.75],
          [133.94198, 33.46365, 11.75],
          [133.94224, 33.46340, 12.5],
          [133.94236, 33.46332, 12.75],
          [133.94258, 33.46321, 13.5],
          [133.94266, 33.46318, 13.5],
          [133.94280, 33.46313, 15.0],
          [133.94285, 33.46313, 15.75],
          [133.94363, 33.46232, 14.0],
          [133.94386, 33.46203, 13.5],
          [133.94400, 33.46185, 12.5],
          [133.94410, 33.46170, 11.0],
          [133.94424, 33.46147, 10.25],
          [133.94457, 33.46085, 8.0],
          [133.94462, 33.46078, 8.0],
          [133.94471, 33.46071, 8.25],
          [133.94483, 33.46069, 8.75],
          [133.94499, 33.46066, 9.75],
          [133.94497, 33.46052, 9.5],
          [133.94497, 33.46034, 9.25],
          [133.94498, 33.46023, 9.0],
          [133.94500, 33.46015, 9.0],
          [133.94505, 33.45997, 9.0],
          [133.94508, 33.45990, 8.75],
          [133.94524, 33.45963, 8.75],
          [133.94565, 33.45911, 9.0],
          [133.94612, 33.45852, 8.5],
          [133.94625, 33.45836, 8.5],
          [133.94671, 33.45780, 8.75],
          [133.94696, 33.45751, 9.25],
          [133.94718, 33.45720, 9.25],
          [133.94729, 33.45702, 9.0],
          [133.94742, 33.45678, 8.75],
          [133.94763, 33.45631, 8.5],
          [133.94779, 33.45592, 9.0],
          [133.94782, 33.45588, 9.25],
          [133.94789, 33.45572, 10.0],
          [133.94790, 33.45570, 10.25],
          [133.94791, 33.45568, 10.5],
          [133.94817, 33.45507, 15.0],
          [133.94867, 33.45384, 17.5],
          [133.94884, 33.45346, 17.5],
          [133.94887, 33.45340, 17.25],
          [133.94896, 33.45327, 17.25],
          [133.94901, 33.45320, 17.0],
          [133.94919, 33.45301, 16.75],
          [133.94925, 33.45295, 16.5],
          [133.94931, 33.45290, 16.5],
          [133.94977, 33.45253, 14.25],
          [133.95098, 33.45159, 19.0],
          [133.95127, 33.45138, 21.25],
          [133.95159, 33.45117, 20.75],
          [133.95170, 33.45112, 20.25],
          [133.95295, 33.45048, 17.0],
          [133.95353, 33.45019, 17.0],
          [133.95407, 33.44993, 15.5],
          [133.95460, 33.44971, 22.0],
          [133.95748, 33.44863, 18.75],
          [133.95761, 33.44859, 18.75],
          [133.95850, 33.44826, 20.75],
          [133.95885, 33.44810, 26.5],
          [133.95904, 33.44800, 27.75],
          [133.95933, 33.44781, 25.75],
          [133.95982, 33.44743, 16.75],
          [133.96005, 33.44723, 16.5],
          [133.96009, 33.44719, 16.25],
          [133.96014, 33.44714, 15.75],
          [133.96020, 33.44715, 16.25],
          [133.96115, 33.44713, 18.0],
          [133.96151, 33.44710, 17.75],
          [133.96178, 33.44708, 17.75],
          [133.96251, 33.44696, 16.75],
          [133.96274, 33.44694, 17.25],
          [133.96299, 33.44690, 17.5],
          [133.96311, 33.44691, 18.25],
          [133.96323, 33.44693, 19.5],
          [133.96344, 33.44701, 22.25],
          [133.96353, 33.44702, 22.75],
          [133.96378, 33.44700, 22.25],
          [133.96416, 33.44695, 21.0],
          [133.96438, 33.44688, 19.25],
          [133.96451, 33.44688, 19.25],
          [133.96473, 33.44698, 21.5],
          [133.96492, 33.44704, 22.75],
          [133.96521, 33.44708, 22.5],
          [133.96530, 33.44709, 22.5],
          [133.96603, 33.44696, 19.5],
          [133.96614, 33.44691, 19.5],
          [133.96626, 33.44683, 18.5],
          [133.96638, 33.44670, 16.25],
          [133.96640, 33.44668, 16.0],
          [133.96649, 33.44664, 15.75],
          [133.96664, 33.44659, 16.0],
          [133.96697, 33.44655, 18.25],
          [133.96734, 33.44648, 20.0],
          [133.96813, 33.44626, 24.0],
          [133.96859, 33.44611, 22.0],
          [133.96904, 33.44595, 18.75],
          [133.96948, 33.44589, 19.5],
          [133.96967, 33.44584, 19.5],
          [133.97000, 33.44568, 20.0],
          [133.97035, 33.44557, 18.75],
          [133.97043, 33.44553, 18.0],
          [133.97046, 33.44541, 16.5],
          [133.97042, 33.44532, 15.0],
          [133.97007, 33.44490, 10.75],
          [133.97004, 33.44480, 10.5],
          [133.97004, 33.44461, 10.25],
          [133.97007, 33.44421, 9.75],
          [133.97020, 33.44361, 9.0],
          [133.97032, 33.44328, 8.5],
          [133.97059, 33.44281, 7.5],
          [133.97064, 33.44263, 7.25],
          [133.97066, 33.44253, 7.0],
          [133.97066, 33.44235, 7.25],
          [133.97063, 33.44227, 7.5],
          [133.97040, 33.44166, 8.5],
          [133.97109, 33.44139, 7.25],
          [133.97144, 33.44126, 6.5],
          [133.97153, 33.44124, 6.25],
          [133.97154, 33.44123, 6.25],
          [133.97161, 33.44120, 6.0],
          [133.97308, 33.44063, 7.75],
          [133.97334, 33.44053, 7.5],
          [133.97341, 33.44049, 7.75],
          [133.97354, 33.44041, 8.0],
          [133.97365, 33.44032, 8.25],
          [133.97385, 33.44010, 8.75],
          [133.97397, 33.43993, 9.25],
          [133.97408, 33.43979, 9.5],
          [133.97437, 33.43940, 9.75],
          [133.97454, 33.43921, 10.0],
          [133.97464, 33.43913, 10.0],
          [133.97494, 33.43893, 10.75],
          [133.97524, 33.43876, 12.75],
          [133.97540, 33.43867, 13.25],
          [133.97569, 33.43851, 13.25],
          [133.97611, 33.43828, 14.5],
          [133.97616, 33.43825, 15.0],
          [133.97641, 33.43811, 16.5],
          [133.97683, 33.43787, 19.0],
          [133.97703, 33.43782, 21.0],
          [133.97725, 33.43778, 23.0],
          [133.97752, 33.43775, 25.5],
          [133.97848, 33.43768, 21.25],
          [133.97915, 33.43760, 14.5],
          [133.97946, 33.43757, 13.75],
          [133.97977, 33.43751, 13.0],
          [133.98041, 33.43739, 13.25],
          [133.98061, 33.43737, 13.5],
          [133.98082, 33.43737, 13.75],
          [133.98101, 33.43736, 13.25],
          [133.98125, 33.43731, 12.75],
          [133.98183, 33.43718, 10.75],
          [133.98226, 33.43706, 7.25],
          [133.98361, 33.43667, 12.25],
          [133.98366, 33.43662, 13.75],
          [133.98369, 33.43656, 14.75],
          [133.98368, 33.43650, 14.5],
          [133.98363, 33.43642, 13.5],
          [133.98363, 33.43639, 13.5],
          [133.98364, 33.43636, 13.75],
          [133.98366, 33.43633, 14.25],
          [133.98361, 33.43627, 13.5],
          [133.98360, 33.43622, 13.25],
          [133.98359, 33.43617, 13.25],
          [133.98365, 33.43601, 14.75],
          [133.98412, 33.43489, 12.25],
          [133.98420, 33.43475, 13.0],
          [133.98425, 33.43461, 14.0],
          [133.98428, 33.43453, 14.5],
          [133.98431, 33.43438, 14.25],
          [133.98432, 33.43428, 14.25],
          [133.98439, 33.43417, 15.0],
          [133.98492, 33.43362, 16.0],
          [133.98556, 33.43304, 18.25],
          [133.98565, 33.43295, 18.25],
          [133.98585, 33.43276, 18.0],
          [133.98613, 33.43256, 17.0],
          [133.98636, 33.43241, 16.75],
          [133.98687, 33.43214, 18.75],
          [133.98767, 33.43171, 18.0],
          [133.98777, 33.43165, 17.0],
          [133.98800, 33.43147, 15.75],
          [133.98803, 33.43145, 15.75],
          [133.98837, 33.43119, 14.0],
          [133.98861, 33.43107, 14.0],
          [133.98896, 33.43091, 13.0],
          [133.98927, 33.43074, 12.25],
          [133.98975, 33.43043, 13.0],
          [133.99025, 33.43011, 12.75],
          [133.99064, 33.42988, 12.25],
          [133.99078, 33.42980, 12.5],
          [133.99099, 33.42969, 14.25],
          [133.99139, 33.42952, 16.25],
          [133.99223, 33.42920, 16.25],
          [133.99263, 33.42906, 16.25],
          [133.99292, 33.42897, 16.75],
          [133.99313, 33.42892, 17.25],
          [133.99331, 33.42888, 17.75],
          [133.99393, 33.42874, 17.5],
          [133.99447, 33.42862, 17.5],
          [133.99521, 33.42846, 16.75],
          [133.99557, 33.42837, 16.5],
          [133.99599, 33.42828, 16.5],
          [133.99774, 33.42798, 15.25],
          [133.99805, 33.42793, 15.5],
          [133.99868, 33.42777, 14.0],
          [133.99933, 33.42761, 12.5],
          [134.00001, 33.42743, 11.5],
          [134.00060, 33.42731, 12.0],
          [134.00085, 33.42727, 12.25],
          [134.00105, 33.42723, 12.5],
          [134.00118, 33.42721, 12.5],
          [134.00171, 33.42715, 12.75],
          [134.00219, 33.42711, 12.5],
          [134.00221, 33.42710, 12.5],
          [134.00223, 33.42710, 12.5],
          [134.00260, 33.42706, 12.25],
          [134.00288, 33.42703, 12.0],
          [134.00331, 33.42697, 11.5],
          [134.00400, 33.42685, 11.5],
          [134.00402, 33.42684, 11.5],
          [134.00460, 33.42673, 11.25],
          [134.00462, 33.42673, 11.25],
          [134.00514, 33.42664, 10.75],
          [134.00526, 33.42661, 10.75],
          [134.00546, 33.42658, 10.5],
          [134.00561, 33.42655, 10.5],
          [134.00600, 33.42648, 10.25],
          [134.00605, 33.42647, 10.25],
          [134.00610, 33.42646, 10.0],
          [134.00654, 33.42638, 10.0],
          [134.00698, 33.42631, 9.75],
          [134.00702, 33.42630, 9.75],
          [134.00729, 33.42622, 9.75],
          [134.00745, 33.42617, 9.75],
          [134.00777, 33.42605, 10.0],
          [134.00835, 33.42581, 10.75],
          [134.00888, 33.42559, 9.5],
          [134.00921, 33.42547, 8.25],
          [134.00935, 33.42544, 7.75],
          [134.00947, 33.42546, 7.5],
          [134.00956, 33.42548, 7.25],
          [134.00981, 33.42562, 6.5],
          [134.01002, 33.42575, 5.75],
          [134.01008, 33.42578, 5.75],
          [134.01075, 33.42617, 6.75],
          [134.01092, 33.42628, 6.75],
          [134.01194, 33.42692, 7.0],
          [134.01231, 33.42715, 7.25],
          [134.01258, 33.42733, 7.5],
          [134.01314, 33.42772, 7.75],
          [134.01319, 33.42776, 7.75],
          [134.01336, 33.42786, 7.75],
          [134.01357, 33.42797, 7.25],
          [134.01359, 33.42798, 7.25],
          [134.01399, 33.42817, 6.75],
          [134.01440, 33.42837, 6.5],
          [134.01456, 33.42843, 6.5],
          [134.01487, 33.42836, 6.0],
          [134.01492, 33.42836, 6.0],
          [134.01495, 33.42836, 6.0],
          [134.01502, 33.42838, 5.75],
          [134.01517, 33.42832, 5.0],
          [134.01525, 33.42829, 4.5],
          [134.01690, 33.42756, 6.25],
          [134.01735, 33.42736, 7.5],
          [134.01740, 33.42740, 7.75],
          [134.01742, 33.42741, 7.75],
          [134.01746, 33.42742, 7.75],
          [134.01754, 33.42742, 8.0],
          [134.01787, 33.42730, 8.75],
          [134.01792, 33.42728, 9.0],
          [134.01831, 33.42710, 9.75],
          [134.01906, 33.42676, 10.0],
          [134.01915, 33.42672, 10.0],
          [134.01963, 33.42653, 9.75],
          [134.01984, 33.42645, 9.5],
          [134.01989, 33.42643, 9.5],
          [134.02001, 33.42638, 9.5],
          [134.02006, 33.42635, 9.5],
          [134.02019, 33.42629, 9.25],
          [134.02193, 33.42586, 9.0],
          [134.02203, 33.42583, 8.75],
          [134.02186, 33.42537, 8.75],
          [134.02179, 33.42518, 8.75],
          [134.02171, 33.42498, 8.75],
          [134.02168, 33.42491, 8.75],
          [134.02166, 33.42486, 8.75],
          [134.02143, 33.42424, 8.25],
          [134.02126, 33.42379, 7.5],
          [134.02123, 33.42372, 7.25],
          [134.02110, 33.42343, 6.75],
          [134.02113, 33.42337, 6.5],
          [134.02129, 33.42317, 6.25],
          [134.02144, 33.42300, 6.25],
          [134.02148, 33.42294, 6.25],
          [134.02178, 33.42262, 6.75],
          [134.02183, 33.42256, 6.75],
          [134.02231, 33.42205, 7.5],
          [134.02241, 33.42195, 7.5],
          [134.02274, 33.42160, 8.0],
          [134.02302, 33.42128, 8.5],
          [134.02320, 33.42109, 8.75],
          [134.02355, 33.42071, 9.5],
          [134.02382, 33.42042, 10.0],
          [134.02384, 33.42040, 10.0],
          [134.02387, 33.42030, 10.25],
          [134.02389, 33.42027, 10.25],
          [134.02407, 33.41976, 11.0],
          [134.02408, 33.41973, 11.0],
          [134.02411, 33.41957, 11.5],
          [134.02411, 33.41955, 11.5],
          [134.02414, 33.41943, 12.0],
          [134.02417, 33.41933, 12.25],
          [134.02423, 33.41922, 12.75],
          [134.02434, 33.41910, 13.0],
          [134.02455, 33.41887, 12.75],
          [134.02467, 33.41868, 12.25],
          [134.02482, 33.41844, 12.0],
          [134.02496, 33.41819, 11.25],
          [134.02499, 33.41814, 11.25],
          [134.02506, 33.41807, 11.5],
          [134.02515, 33.41801, 12.0],
          [134.02527, 33.41793, 12.5],
          [134.02575, 33.41763, 12.5],
          [134.02587, 33.41756, 12.0],
          [134.02616, 33.41741, 12.0],
          [134.02671, 33.41718, 12.75],
          [134.02734, 33.41691, 12.75],
          [134.02746, 33.41686, 12.75],
          [134.02783, 33.41671, 13.0],
          [134.02789, 33.41672, 13.25],
          [134.02794, 33.41674, 13.25],
          [134.02803, 33.41677, 13.75],
          [134.02821, 33.41660, 13.25],
          [134.02861, 33.41626, 12.5],
          [134.02966, 33.41540, 14.5],
          [134.03052, 33.41472, 15.5],
          [134.03091, 33.41436, 14.5],
          [134.03117, 33.41402, 13.25],
          [134.03130, 33.41377, 12.75],
          [134.03162, 33.41307, 11.75],
          [134.03176, 33.41276, 11.25],
          [134.03257, 33.41085, 9.5],
          [134.03260, 33.41058, 9.5],
          [134.03248, 33.40919, 8.5],
          [134.03250, 33.40884, 8.0],
          [134.03251, 33.40878, 8.25],
          [134.03254, 33.40858, 8.75],
          [134.03261, 33.40830, 9.75],
          [134.03341, 33.40608, 17.25],
          [134.03353, 33.40585, 17.25],
          [134.03375, 33.40547, 18.0],
          [134.03389, 33.40518, 16.5],
          [134.03394, 33.40508, 16.0],
          [134.03396, 33.40499, 15.5],
          [134.03397, 33.40490, 15.0],
          [134.03398, 33.40486, 15.25],
          [134.03398, 33.40435, 15.75],
          [134.03400, 33.40413, 16.0],
          [134.03404, 33.40395, 16.25],
          [134.03410, 33.40381, 16.5],
          [134.03419, 33.40363, 16.5],
          [134.03480, 33.40263, 17.25],
          [134.03490, 33.40245, 17.25],
          [134.03511, 33.40197, 17.75],
          [134.03524, 33.40176, 17.0],
          [134.03536, 33.40163, 16.5],
          [134.03558, 33.40148, 15.75],
          [134.03611, 33.40117, 14.0],
          [134.03639, 33.40100, 14.25],
          [134.03645, 33.40096, 14.0],
          [134.03660, 33.40083, 13.0],
          [134.03670, 33.40071, 15.25],
          [134.03680, 33.40058, 19.0],
          [134.03688, 33.40040, 22.75],
          [134.03693, 33.40026, 25.0],
          [134.03695, 33.40009, 26.25],
          [134.03694, 33.39986, 26.75],
          [134.03692, 33.39964, 26.25],
          [134.03671, 33.39818, 23.25],
          [134.03664, 33.39787, 22.75],
          [134.03654, 33.39755, 22.0],
          [134.03650, 33.39741, 21.75],
          [134.03651, 33.39727, 21.5],
          [134.03654, 33.39713, 21.25],
          [134.03662, 33.39699, 21.0],
          [134.03689, 33.39664, 20.25],
          [134.03695, 33.39654, 20.25],
          [134.03704, 33.39635, 19.5],
          [134.03715, 33.39594, 17.75],
          [134.03722, 33.39579, 17.0],
          [134.03730, 33.39566, 16.5],
          [134.03749, 33.39545, 15.5],
          [134.03761, 33.39535, 14.75],
          [134.03783, 33.39512, 15.0],
          [134.03799, 33.39492, 16.0],
          [134.03815, 33.39468, 17.25],
          [134.03826, 33.39447, 17.25],
          [134.03837, 33.39421, 17.75],
          [134.03845, 33.39394, 19.5],
          [134.03848, 33.39377, 20.75],
          [134.03848, 33.39351, 20.0],
          [134.03846, 33.39315, 18.75],
          [134.03836, 33.39251, 16.25],
          [134.03831, 33.39226, 16.25],
          [134.03821, 33.39201, 16.5],
          [134.03748, 33.39052, 18.5],
          [134.03736, 33.39018, 18.75],
          [134.03725, 33.38981, 19.25],
          [134.03713, 33.38941, 19.75],
          [134.03714, 33.38929, 20.0],
          [134.03707, 33.38895, 20.5],
          [134.03701, 33.38877, 20.5],
          [134.03687, 33.38827, 20.5],
          [134.03679, 33.38808, 20.25],
          [134.03668, 33.38774, 19.25],
          [134.03639, 33.38696, 17.25],
          [134.03634, 33.38692, 17.0],
          [134.03662, 33.38594, 14.5],
          [134.03679, 33.38555, 13.5],
          [134.03722, 33.38503, 13.5],
          [134.03733, 33.38482, 13.25],
          [134.03736, 33.38474, 13.25],
          [134.03740, 33.38463, 13.0],
          [134.03744, 33.38448, 12.25],
          [134.03753, 33.38357, 8.5],
          [134.03757, 33.38329, 9.0],
          [134.03755, 33.38317, 10.5],
          [134.03752, 33.38305, 10.75],
          [134.03746, 33.38294, 11.0],
          [134.03745, 33.38292, 11.0],
          [134.03734, 33.38274, 11.5],
          [134.03716, 33.38244, 12.5],
          [134.03700, 33.38216, 13.25],
          [134.03657, 33.38149, 15.0],
          [134.03630, 33.38125, 16.0],
          [134.03516, 33.37970, 16.25],
          [134.03476, 33.37895, 16.5],
          [134.03459, 33.37866, 16.5],
          [134.03453, 33.37849, 16.5],
          [134.03448, 33.37826, 16.75],
          [134.03445, 33.37808, 16.75],
          [134.03447, 33.37775, 17.25],
          [134.03452, 33.37750, 17.25],
          [134.03462, 33.37727, 17.25],
          [134.03501, 33.37662, 17.25],
          [134.03517, 33.37642, 17.25],
          [134.03537, 33.37622, 17.25],
          [134.03563, 33.37607, 18.0],
          [134.03594, 33.37595, 19.0],
          [134.03643, 33.37580, 21.75],
          [134.03674, 33.37568, 24.75],
          [134.03697, 33.37554, 27.5],
          [134.03715, 33.37537, 27.5],
          [134.03759, 33.37475, 24.5],
          [134.03777, 33.37442, 28.25],
          [134.03784, 33.37415, 29.0],
          [134.03786, 33.37387, 27.5],
          [134.03786, 33.37203, 19.25],
          [134.03791, 33.37179, 18.25],
          [134.03803, 33.37157, 17.0],
          [134.03821, 33.37137, 16.0],
          [134.03845, 33.37123, 14.75],
          [134.03868, 33.37114, 15.0],
          [134.03893, 33.37111, 16.75],
          [134.03917, 33.37113, 20.0],
          [134.03946, 33.37122, 20.0],
          [134.03969, 33.37134, 20.25],
          [134.04074, 33.37226, 27.25],
          [134.04091, 33.37240, 28.25],
          [134.04096, 33.37260, 29.5],
          [134.04105, 33.37268, 29.5],
          [134.04113, 33.37278, 31.0],
          [134.04139, 33.37292, 28.0],
          [134.04153, 33.37303, 26.25],
          [134.04187, 33.37319, 22.5],
          [134.04228, 33.37337, 19.25],
          [134.04288, 33.37360, 19.25],
          [134.04341, 33.37373, 13.5],
          [134.04352, 33.37374, 13.25],
          [134.04403, 33.37383, 11.25],
          [134.04478, 33.37400, 11.5],
          [134.04502, 33.37402, 12.0],
          [134.04609, 33.37396, 11.75],
          [134.04660, 33.37394, 11.5],
          [134.04751, 33.37388, 9.75],
          [134.04774, 33.37388, 9.5],
          [134.04795, 33.37386, 9.0],
          [134.04828, 33.37378, 8.0],
          [134.04883, 33.37366, 7.5],
          [134.04938, 33.37351, 7.25],
          [134.04995, 33.37338, 8.75],
          [134.05014, 33.37333, 8.75],
          [134.05017, 33.37331, 8.75],
          [134.05087, 33.37317, 8.75],
          [134.05146, 33.37302, 8.5],
          [134.05191, 33.37287, 9.0],
          [134.05219, 33.37278, 9.0],
          [134.05228, 33.37275, 9.0],
          [134.05251, 33.37261, 8.75],
          [134.05278, 33.37241, 8.0],
          [134.05298, 33.37229, 7.5],
          [134.05310, 33.37222, 7.25],
          [134.05332, 33.37209, 7.0],
          [134.05355, 33.37205, 6.5],
          [134.05384, 33.37196, 6.0],
          [134.05407, 33.37188, 5.5],
          [134.05410, 33.37186, 5.5],
          [134.05419, 33.37181, 5.25],
          [134.05526, 33.37083, 9.25],
          [134.05562, 33.37028, 9.5],
          [134.05567, 33.37019, 9.75],
          [134.05595, 33.36983, 10.0],
          [134.05597, 33.36975, 10.0],
          [134.05642, 33.36939, 10.0],
          [134.05654, 33.36924, 10.0],
          [134.05675, 33.36912, 10.0],
          [134.05701, 33.36894, 10.5],
          [134.05750, 33.36855, 11.5],
          [134.05953, 33.36696, 9.0],
          [134.06056, 33.36614, 9.5],
          [134.06085, 33.36586, 10.0],
          [134.06091, 33.36580, 9.75],
          [134.06109, 33.36559, 9.25],
          [134.06128, 33.36534, 8.5],
          [134.06130, 33.36531, 8.25],
          [134.06155, 33.36482, 6.75],
          [134.06202, 33.36388, 7.5],
          [134.06216, 33.36359, 8.25],
          [134.06243, 33.36320, 9.25],
          [134.06309, 33.36256, 10.0],
          [134.06318, 33.36246, 10.25],
          [134.06410, 33.36128, 11.75],
          [134.06440, 33.36097, 11.75],
          [134.06458, 33.36069, 10.75],
          [134.06670, 33.35886, 13.25],
          [134.06710, 33.35845, 13.25],
          [134.06739, 33.35812, 11.25],
          [134.06833, 33.35672, 11.25],
          [134.06852, 33.35644, 13.75],
          [134.06863, 33.35623, 14.75],
          [134.06925, 33.35505, 14.75],
          [134.06995, 33.35387, 14.75],
          [134.07012, 33.35352, 14.75],
          [134.07033, 33.35306, 15.0],
          [134.07062, 33.35258, 14.25],
          [134.07140, 33.35150, 14.75],
          [134.07172, 33.35112, 14.25],
          [134.07246, 33.35042, 13.75],
          [134.07304, 33.34976, 17.5],
          [134.07384, 33.34886, 20.0],
          [134.07412, 33.34851, 18.25],
          [134.07426, 33.34827, 17.25],
          [134.07440, 33.34797, 18.75],
          [134.07458, 33.34744, 16.0],
          [134.07532, 33.34525, 7.0],
          [134.07551, 33.34486, 5.5],
          [134.07600, 33.34406, 7.0],
          [134.07660, 33.34317, 8.75],
          [134.07708, 33.34261, 10.25],
          [134.07757, 33.34211, 10.25],
          [134.07788, 33.34180, 11.0],
          [134.07899, 33.34056, 15.0],
          [134.07934, 33.34015, 16.25],
          [134.07960, 33.34002, 17.25],
          [134.07988, 33.33980, 18.75],
          [134.08025, 33.33964, 20.5],
          [134.08044, 33.33959, 20.5],
          [134.08070, 33.33950, 21.0],
          [134.08109, 33.33935, 21.0],
          [134.08140, 33.33918, 18.75],
          [134.08150, 33.33914, 18.25],
          [134.08172, 33.33900, 17.5],
          [134.08201, 33.33880, 15.5],
          [134.08259, 33.33837, 15.5],
          [134.08289, 33.33819, 13.75],
          [134.08324, 33.33802, 12.25],
          [134.08355, 33.33790, 11.5],
          [134.08401, 33.33773, 11.5],
          [134.08455, 33.33753, 13.0],
          [134.08475, 33.33747, 13.5],
          [134.08491, 33.33741, 13.5],
          [134.08568, 33.33714, 12.25],
          [134.08581, 33.33710, 12.25],
          [134.08661, 33.33680, 10.25],
          [134.08675, 33.33673, 10.0],
          [134.08730, 33.33638, 9.0],
          [134.08804, 33.33596, 8.75],
          [134.08835, 33.33579, 7.75],
          [134.08856, 33.33569, 7.0],
          [134.08874, 33.33563, 6.75],
          [134.08921, 33.33555, 6.25],
          [134.08924, 33.33554, 6.5],
          [134.08929, 33.33553, 6.75],
          [134.08986, 33.33535, 9.0],
          [134.09083, 33.33512, 12.25],
          [134.09141, 33.33497, 10.75],
          [134.09212, 33.33479, 10.25],
          [134.09214, 33.33477, 10.25],
          [134.09226, 33.33474, 10.0],
          [134.09240, 33.33467, 9.75],
          [134.09271, 33.33449, 8.25],
          [134.09279, 33.33444, 8.25],
          [134.09285, 33.33440, 8.25],
          [134.09435, 33.33346, 8.75],
          [134.09443, 33.33341, 9.0],
          [134.09469, 33.33324, 9.0],
          [134.09494, 33.33309, 9.5],
          [134.09521, 33.33296, 9.75],
          [134.09674, 33.33234, 10.0],
          [134.09679, 33.33232, 10.0],
          [134.09771, 33.33188, 9.75],
          [134.09788, 33.33181, 9.5],
          [134.09839, 33.33157, 9.0],
          [134.09911, 33.33126, 9.75],
          [134.09969, 33.33100, 10.0],
          [134.09998, 33.33079, 10.0],
          [134.10152, 33.32956, 7.75],
          [134.10155, 33.32953, 7.5],
          [134.10157, 33.32950, 7.5],
          [134.10160, 33.32945, 7.25],
          [134.10146, 33.32932, 7.25],
          [134.10136, 33.32924, 7.5],
          [134.10160, 33.32897, 5.5],
          [134.10222, 33.32833, 6.5],
          [134.10282, 33.32764, 10.0],
          [134.10311, 33.32737, 10.5],
          [134.10347, 33.32713, 10.0],
          [134.10368, 33.32699, 9.5],
          [134.10392, 33.32628, 7.75],
          [134.10407, 33.32577, 7.75],
          [134.10419, 33.32548, 8.25],
          [134.10430, 33.32531, 8.5],
          [134.10443, 33.32513, 8.75],
          [134.10471, 33.32485, 10.25],
          [134.10485, 33.32475, 11.5],
          [134.10502, 33.32463, 12.75],
          [134.10511, 33.32460, 13.25],
          [134.10524, 33.32457, 13.5],
          [134.10545, 33.32428, 14.25],
          [134.10579, 33.32375, 12.75],
          [134.10590, 33.32348, 12.25],
          [134.10599, 33.32336, 12.5],
          [134.10605, 33.32331, 12.5],
          [134.10639, 33.32278, 12.0],
          [134.10650, 33.32250, 11.25],
          [134.10664, 33.32203, 12.0],
          [134.10666, 33.32197, 12.25],
          [134.10684, 33.32135, 12.75],
          [134.10698, 33.32097, 13.0],
          [134.10708, 33.32071, 13.25],
          [134.10710, 33.32061, 13.0],
          [134.10735, 33.31986, 11.25],
          [134.10743, 33.31946, 10.25],
          [134.10744, 33.31932, 10.0],
          [134.10745, 33.31865, 9.5],
          [134.10750, 33.31798, 9.5],
          [134.10750, 33.31772, 9.25],
          [134.10746, 33.31743, 8.5],
          [134.10762, 33.31542, 5.25],
          [134.10772, 33.31524, 5.5],
          [134.10789, 33.31478, 6.5],
          [134.10802, 33.31447, 7.75],
          [134.10848, 33.31369, 9.5],
          [134.10861, 33.31348, 9.5],
          [134.10909, 33.31259, 9.75],
          [134.10944, 33.31196, 10.0],
          [134.10949, 33.31186, 10.0],
          [134.10968, 33.31146, 10.0],
          [134.10977, 33.31124, 10.25],
          [134.10994, 33.31043, 11.75],
          [134.10998, 33.31025, 12.75],
          [134.11022, 33.30896, 12.25],
          [134.11026, 33.30871, 12.25],
          [134.11031, 33.30847, 12.25],
          [134.11052, 33.30724, 10.25],
          [134.11067, 33.30642, 10.5],
          [134.11075, 33.30575, 10.75],
          [134.11076, 33.30555, 11.25],
          [134.11074, 33.30517, 11.75],
          [134.11067, 33.30473, 12.25],
          [134.11051, 33.30381, 12.5],
          [134.11040, 33.30325, 12.25],
          [134.11034, 33.30274, 14.75],
          [134.11019, 33.30232, 16.0],
          [134.10996, 33.30180, 14.75],
          [134.10985, 33.30159, 15.25],
          [134.10969, 33.30149, 14.5],
          [134.10964, 33.30104, 19.5],
          [134.10893, 33.29930, 15.75],
          [134.10890, 33.29924, 15.5],
          [134.10898, 33.29909, 16.75],
          [134.10908, 33.29851, 14.25],
          [134.10919, 33.29830, 14.25],
          [134.10958, 33.29777, 15.5],
          [134.10988, 33.29742, 14.25],
          [134.11008, 33.29705, 13.75],
          [134.11037, 33.29680, 14.25],
          [134.11053, 33.29668, 13.25],
          [134.11079, 33.29653, 14.0],
          [134.11115, 33.29637, 19.0],
          [134.11128, 33.29633, 20.5],
          [134.11163, 33.29625, 24.0],
          [134.11213, 33.29619, 27.25],
          [134.11231, 33.29618, 28.75],
          [134.11308, 33.29618, 28.25],
          [134.11318, 33.29619, 28.25],
          [134.11328, 33.29621, 28.5],
          [134.11381, 33.29628, 26.75],
          [134.11425, 33.29635, 25.25],
          [134.11561, 33.29672, 25.0],
          [134.11616, 33.29684, 27.0],
          [134.11622, 33.29686, 27.25],
          [134.11648, 33.29692, 26.5],
          [134.11724, 33.29713, 21.25],
          [134.11772, 33.29727, 17.5],
          [134.11801, 33.29737, 17.0],
          [134.11814, 33.29741, 16.75],
          [134.11840, 33.29755, 17.75],
          [134.11870, 33.29779, 21.25],
          [134.11882, 33.29791, 21.75],
          [134.11889, 33.29796, 21.5],
          [134.11900, 33.29802, 20.0],
          [134.11970, 33.29890, 26.0],
          [134.11989, 33.29910, 19.25],
          [134.12011, 33.29926, 15.75],
          [134.12028, 33.29932, 15.75],
          [134.12031, 33.29936, 16.75],
          [134.12043, 33.29947, 17.75],
          [134.12057, 33.29956, 17.25],
          [134.12071, 33.29964, 15.25],
          [134.12135, 33.30002, 15.5],
          [134.12167, 33.30010, 14.75],
          [134.12197, 33.30015, 15.0],
          [134.12235, 33.30020, 15.0],
          [134.12269, 33.30025, 14.75],
          [134.12313, 33.30035, 14.5],
          [134.12341, 33.30039, 14.25],
          [134.12364, 33.30043, 14.25],
          [134.12393, 33.30049, 13.75],
          [134.12426, 33.30052, 13.5],
          [134.12439, 33.30050, 13.0],
          [134.12483, 33.30047, 12.25],
          [134.12529, 33.30046, 11.5],
          [134.12628, 33.30043, 10.5],
          [134.12726, 33.30038, 9.5],
          [134.12763, 33.30042, 8.75],
          [134.12776, 33.30043, 8.5],
          [134.12792, 33.30041, 7.75],
          [134.12841, 33.30028, 7.25],
          [134.12849, 33.30026, 7.5],
          [134.12948, 33.29995, 11.75],
          [134.12996, 33.29979, 12.25],
          [134.13056, 33.29958, 10.25],
          [134.13066, 33.29953, 9.75],
          [134.13076, 33.29949, 9.25],
          [134.13176, 33.29911, 10.75],
          [134.13253, 33.29890, 12.25],
          [134.13328, 33.29874, 13.25],
          [134.13346, 33.29871, 13.0],
          [134.13379, 33.29867, 12.0],
          [134.13474, 33.29837, 10.75],
          [134.13509, 33.29824, 10.25],
          [134.13524, 33.29823, 10.0],
          [134.13739, 33.29755, 9.25],
          [134.13772, 33.29747, 9.0],
          [134.13822, 33.29740, 9.75],
          [134.13868, 33.29731, 10.0],
          [134.13891, 33.29723, 10.0],
          [134.13933, 33.29693, 8.5],
          [134.13962, 33.29679, 8.0],
          [134.13972, 33.29674, 8.0],
          [134.13984, 33.29668, 7.75],
          [134.14012, 33.29653, 7.75],
          [134.14085, 33.29601, 7.75],
          [134.14154, 33.29547, 7.5],
          [134.14192, 33.29518, 8.5],
          [134.14195, 33.29514, 8.5],
          [134.14194, 33.29510, 8.5],
          [134.14189, 33.29500, 8.0],
          [134.14200, 33.29496, 8.5],
          [134.14218, 33.29489, 9.0],
          [134.14236, 33.29479, 9.75],
          [134.14234, 33.29473, 9.5],
          [134.14235, 33.29468, 9.5],
          [134.14236, 33.29464, 9.5],
          [134.14260, 33.29418, 9.25],
          [134.14278, 33.29382, 9.5],
          [134.14281, 33.29374, 9.75],
          [134.14293, 33.29354, 9.75],
          [134.14303, 33.29351, 9.75],
          [134.14324, 33.29344, 10.0],
          [134.14377, 33.29324, 10.25],
          [134.14416, 33.29311, 10.25],
          [134.14431, 33.29305, 10.75],
          [134.14439, 33.29301, 11.0],
          [134.14452, 33.29289, 11.0],
          [134.14455, 33.29286, 11.25],
          [134.14465, 33.29270, 11.0],
          [134.14473, 33.29251, 11.0],
          [134.14482, 33.29225, 11.0],
          [134.14485, 33.29205, 11.0],
          [134.14487, 33.29189, 10.75],
          [134.14489, 33.29179, 10.75],
          [134.14490, 33.29173, 10.75],
          [134.14497, 33.29154, 11.0],
          [134.14508, 33.29128, 12.0],
          [134.14516, 33.29110, 12.75],
          [134.14524, 33.29095, 13.25],
          [134.14538, 33.29077, 13.5],
          [134.14564, 33.29042, 13.25],
          [134.14592, 33.29003, 13.0],
          [134.14600, 33.28992, 13.0],
          [134.14617, 33.28970, 12.5],
          [134.14624, 33.28960, 12.5],
          [134.14629, 33.28954, 12.25],
          [134.14674, 33.28896, 11.75],
          [134.14688, 33.28879, 11.5],
          [134.14699, 33.28865, 11.5],
          [134.14701, 33.28860, 11.5],
          [134.14704, 33.28855, 11.5],
          [134.14727, 33.28829, 11.5],
          [134.14728, 33.28826, 11.75],
          [134.14721, 33.28817, 11.5],
          [134.14711, 33.28802, 11.5],
          [134.14691, 33.28774, 10.75],
          [134.14732, 33.28752, 12.25],
          [134.14767, 33.28733, 12.25],
          [134.14789, 33.28724, 12.25],
          [134.14802, 33.28721, 12.25],
          [134.14818, 33.28716, 12.5],
          [134.14867, 33.28691, 12.0],
          [134.14882, 33.28684, 11.75],
          [134.14912, 33.28668, 11.0],
          [134.14927, 33.28659, 11.25],
          [134.14961, 33.28641, 12.0],
          [134.14971, 33.28634, 12.0],
          [134.14979, 33.28624, 11.75],
          [134.14982, 33.28620, 11.75],
          [134.14994, 33.28608, 11.25],
          [134.15003, 33.28599, 11.5],
          [134.15014, 33.28586, 13.75],
          [134.15017, 33.28582, 14.5],
          [134.15028, 33.28563, 16.25],
          [134.15038, 33.28542, 16.75],
          [134.15047, 33.28530, 16.75],
          [134.15052, 33.28524, 16.75],
          [134.15056, 33.28521, 17.0],
          [134.15061, 33.28517, 17.0],
          [134.15073, 33.28512, 17.5],
          [134.15087, 33.28502, 16.75],
          [134.15105, 33.28492, 17.25],
          [134.15120, 33.28486, 17.5],
          [134.15206, 33.28466, 19.25],
          [134.15215, 33.28464, 19.5],
          [134.15241, 33.28457, 19.25],
          [134.15262, 33.28447, 18.25],
          [134.15278, 33.28436, 16.5],
          [134.15343, 33.28388, 13.75],
          [134.15353, 33.28382, 14.75],
          [134.15362, 33.28375, 15.25],
          [134.15370, 33.28369, 16.0],
          [134.15385, 33.28356, 17.0],
          [134.15403, 33.28333, 17.25],
          [134.15424, 33.28281, 17.75],
          [134.15439, 33.28239, 18.25],
          [134.15475, 33.28143, 12.5],
          [134.15487, 33.28100, 11.75],
          [134.15492, 33.28077, 11.5],
          [134.15493, 33.28072, 11.5],
          [134.15493, 33.28071, 11.5],
          [134.15508, 33.27999, 13.75],
          [134.15520, 33.27964, 16.0],
          [134.15526, 33.27953, 17.0],
          [134.15531, 33.27944, 17.25],
          [134.15532, 33.27943, 17.5],
          [134.15547, 33.27917, 17.5],
          [134.15555, 33.27905, 17.75],
          [134.15558, 33.27901, 17.5],
          [134.15583, 33.27877, 17.75],
          [134.15603, 33.27858, 17.75],
          [134.15605, 33.27857, 17.75],
          [134.15644, 33.27817, 16.75],
          [134.15651, 33.27811, 16.75],
          [134.15662, 33.27797, 16.25],
          [134.15666, 33.27789, 15.75],
          [134.15677, 33.27765, 16.5],
          [134.15696, 33.27718, 17.5],
          [134.15709, 33.27686, 16.0],
          [134.15710, 33.27680, 15.5],
          [134.15710, 33.27674, 14.5],
          [134.15708, 33.27667, 13.5],
          [134.15721, 33.27655, 14.5],
          [134.15736, 33.27637, 15.75],
          [134.15747, 33.27625, 16.75],
          [134.15834, 33.27500, 12.5],
          [134.15924, 33.27368, 14.75],
          [134.15927, 33.27362, 14.75],
          [134.15943, 33.27339, 15.0],
          [134.15959, 33.27314, 15.0],
          [134.16010, 33.27237, 13.0],
          [134.16024, 33.27217, 12.75],
          [134.16052, 33.27179, 12.25],
          [134.16087, 33.27156, 12.5],
          [134.16093, 33.27152, 12.5],
          [134.16115, 33.27138, 12.5],
          [134.16154, 33.27112, 12.25],
          [134.16179, 33.27096, 12.75],
          [134.16197, 33.27084, 12.75],
          [134.16227, 33.27063, 13.75],
          [134.16237, 33.27052, 14.0],
          [134.16240, 33.27048, 13.75],
          [134.16264, 33.27010, 13.0],
          [134.16269, 33.27004, 13.0],
          [134.16278, 33.26994, 12.75],
          [134.16298, 33.26972, 13.0],
          [134.16302, 33.26968, 13.0],
          [134.16307, 33.26963, 13.0],
          [134.16312, 33.26958, 13.25],
          [134.16353, 33.26915, 13.5],
          [134.16368, 33.26898, 13.75],
          [134.16397, 33.26868, 13.75],
          [134.16400, 33.26865, 13.75],
          [134.16439, 33.26822, 13.5],
          [134.16443, 33.26817, 13.25],
          [134.16463, 33.26788, 12.75],
          [134.16480, 33.26764, 12.0],
          [134.16486, 33.26752, 11.5],
          [134.16497, 33.26734, 10.75],
          [134.16534, 33.26675, 9.75],
          [134.16546, 33.26665, 9.75],
          [134.16552, 33.26656, 10.5],
          [134.16557, 33.26646, 10.75],
          [134.16573, 33.26616, 11.75],
          [134.16582, 33.26597, 12.25],
          [134.16581, 33.26582, 13.0],
          [134.16576, 33.26570, 13.25],
          [134.16580, 33.26554, 14.0],
          [134.16598, 33.26531, 15.0],
          [134.16619, 33.26500, 15.0],
          [134.16651, 33.26439, 14.5],
          [134.16672, 33.26408, 14.5],
          [134.16687, 33.26387, 15.5],
          [134.16700, 33.26372, 16.0],
          [134.16721, 33.26341, 14.25],
          [134.16731, 33.26317, 13.25],
          [134.16744, 33.26276, 11.5],
          [134.16758, 33.26237, 9.75],
          [134.16760, 33.26232, 9.75],
          [134.16760, 33.26230, 9.75],
          [134.16791, 33.26141, 10.25],
          [134.16822, 33.26038, 10.75],
          [134.16841, 33.25983, 11.25],
          [134.16904, 33.25840, 11.25],
          [134.16917, 33.25822, 10.75],
          [134.16929, 33.25807, 11.5],
          [134.16954, 33.25773, 11.75],
          [134.17017, 33.25661, 11.25],
          [134.17064, 33.25603, 11.75],
          [134.17105, 33.25550, 12.5],
          [134.17161, 33.25376, 13.0],
          [134.17179, 33.25340, 13.0],
          [134.17199, 33.25298, 13.5],
          [134.17213, 33.25259, 13.25],
          [134.17222, 33.25217, 12.0],
          [134.17250, 33.25002, 13.5],
          [134.17252, 33.24986, 13.5],
          [134.17232, 33.24975, 13.75],
          [134.17262, 33.24936, 14.0],
          [134.17313, 33.24864, 14.75],
          [134.17388, 33.24681, 16.0],
          [134.17429, 33.24578, 16.75],
          [134.17438, 33.24570, 17.0],
          [134.17450, 33.24565, 17.0],
          [134.17462, 33.24563, 17.0],
          [134.17517, 33.24559, 17.25],
          [134.17535, 33.24560, 17.5],
          [134.17558, 33.24564, 18.75],
          [134.17575, 33.24565, 19.25],
          [134.17585, 33.24565, 19.5],
          [134.17624, 33.24564, 19.25],
          [134.17634, 33.24565, 19.5],
          [134.17638, 33.24547, 15.75],
          [134.17648, 33.24499, 6.25],
          [134.17665, 33.24499, 6.75],
          [134.17668, 33.24500, 7.0],
          [134.17675, 33.24500, 6.25],
          [134.17680, 33.24501, 6.25],
          [134.17738, 33.24520, 6.25],
          [134.17756, 33.24531, 6.25],
          [134.17738, 33.24520, 6.25],
          [134.17680, 33.24501, 6.25],
          [134.17675, 33.24500, 6.25],
          [134.17668, 33.24500, 7.0],
          [134.17665, 33.24499, 6.75],
          [134.17648, 33.24499, 6.25],
          [134.17638, 33.24547, 15.75],
          [134.17634, 33.24565, 19.5],
          [134.17643, 33.24566, 19.75],
          [134.17649, 33.24569, 20.25],
          [134.17664, 33.24572, 20.75],
          [134.17687, 33.24572, 17.5],
          [134.17698, 33.24573, 16.0],
          [134.17713, 33.24575, 14.0],
          [134.17724, 33.24579, 12.75],
          [134.17734, 33.24584, 11.75],
          [134.17736, 33.24585, 12.0],
          [134.17744, 33.24591, 12.5],
          [134.17745, 33.24594, 13.25],
          [134.17750, 33.24602, 14.5],
          [134.17756, 33.24623, 19.5],
          [134.17759, 33.24636, 22.5],
          [134.17767, 33.24658, 26.0],
          [134.17795, 33.24707, 23.25],
          [134.17809, 33.24748, 22.0],
          [134.17816, 33.24765, 22.5],
          [134.17819, 33.24776, 23.0],
          [134.17824, 33.24789, 23.25],
          [134.17830, 33.24799, 22.5],
          [134.17839, 33.24811, 21.75],
          [134.17858, 33.24829, 20.25],
          [134.17877, 33.24853, 18.75],
          [134.17884, 33.24868, 18.5],
          [134.17890, 33.24884, 18.75],
          [134.17896, 33.24922, 20.25],
          [134.17900, 33.24937, 21.25],
          [134.17905, 33.24949, 21.25],
          [134.17913, 33.24965, 20.0],
          [134.17929, 33.24987, 20.25],
          [134.17943, 33.25000, 19.75],
          [134.17989, 33.25038, 25.75],
          [134.18049, 33.25085, 22.25],
          [134.18062, 33.25099, 19.75],
          [134.18073, 33.25112, 17.5],
          [134.18080, 33.25126, 15.5],
          [134.18100, 33.25179, 16.5],
          [134.18138, 33.25257, 15.5],
          [134.18142, 33.25267, 15.0],
          [134.18149, 33.25295, 14.5],
          [134.18155, 33.25344, 13.75],
          [134.18154, 33.25358, 13.25],
          [134.18151, 33.25374, 13.0],
          [134.18145, 33.25394, 13.0],
          [134.18124, 33.25461, 13.0],
          [134.18116, 33.25488, 13.0],
          [134.18112, 33.25509, 13.0],
          [134.18111, 33.25522, 13.0],
          [134.18109, 33.25564, 13.0],
          [134.18108, 33.25724, 13.5],
          [134.18111, 33.25748, 13.5],
          [134.18118, 33.25767, 13.25],
          [134.18131, 33.25797, 12.25],
          [134.18142, 33.25818, 11.5],
          [134.18191, 33.25916, 11.75],
          [134.18194, 33.25923, 11.75],
          [134.18215, 33.25965, 11.5],
          [134.18226, 33.25993, 11.75],
          [134.18239, 33.26042, 12.0],
          [134.18278, 33.26193, 13.75],
          [134.18285, 33.26216, 14.75],
          [134.18296, 33.26239, 15.0],
          [134.18307, 33.26255, 14.75],
          [134.18327, 33.26282, 12.25],
          [134.18338, 33.26300, 10.5],
          [134.18345, 33.26313, 10.25],
          [134.18352, 33.26331, 10.25],
          [134.18356, 33.26351, 10.75],
          [134.18373, 33.26619, 12.25],
          [134.18372, 33.26664, 12.5],
          [134.18350, 33.26798, 16.0],
          [134.18350, 33.26844, 17.0],
          [134.18353, 33.26954, 14.0],
          [134.18346, 33.27001, 16.0],
          [134.18323, 33.27082, 16.0],
          [134.18316, 33.27113, 18.25],
          [134.18313, 33.27149, 19.25],
          [134.18317, 33.27181, 19.0],
          [134.18350, 33.27298, 17.0],
          [134.18351, 33.27304, 16.75],
          [134.18421, 33.27560, 10.25],
          [134.18424, 33.27568, 10.0],
          [134.18427, 33.27582, 9.75],
          [134.18434, 33.27620, 10.75],
          [134.18436, 33.27667, 12.5],
          [134.18433, 33.27730, 11.25],
          [134.18433, 33.27780, 11.5],
          [134.18442, 33.27818, 11.75],
          [134.18453, 33.27848, 12.25],
          [134.18456, 33.27856, 12.5],
          [134.18473, 33.27903, 13.25],
          [134.18486, 33.27951, 12.5],
          [134.18501, 33.28041, 11.25],
          [134.18521, 33.28165, 13.0],
          [134.18530, 33.28214, 12.0],
          [134.18539, 33.28248, 11.5],
          [134.18563, 33.28325, 6.75],
          [134.18568, 33.28339, 6.0],
          [134.18571, 33.28346, 6.0],
          [134.18584, 33.28382, 5.5],
          [134.18573, 33.28404, 6.75],
          [134.18552, 33.28435, 8.5],
          [134.18540, 33.28455, 9.0],
          [134.18493, 33.28534, 9.0],
          [134.18492, 33.28538, 9.0],
          [134.18487, 33.28549, 9.0],
          [134.18472, 33.28614, 9.5],
          [134.18454, 33.28677, 12.75],
          [134.18446, 33.28712, 12.75],
          [134.18443, 33.28729, 12.75],
          [134.18440, 33.28753, 12.25],
          [134.18438, 33.28765, 12.0],
          [134.18440, 33.28788, 11.0],
          [134.18444, 33.28809, 9.75],
          [134.18477, 33.28942, 8.75],
          [134.18480, 33.28954, 8.75],
          [134.18489, 33.28996, 9.0],
          [134.18511, 33.29070, 8.75],
          [134.18515, 33.29098, 8.25],
          [134.18523, 33.29138, 7.0],
          [134.18533, 33.29176, 6.5],
          [134.18542, 33.29228, 7.75],
          [134.18554, 33.29322, 7.0],
          [134.18578, 33.29386, 5.75],
          [134.18603, 33.29446, 5.5],
          [134.18609, 33.29453, 5.5],
          [134.18611, 33.29464, 5.75],
          [134.18623, 33.29505, 6.25],
          [134.18655, 33.29587, 8.5],
          [134.18662, 33.29603, 8.5],
          [134.18717, 33.29688, 10.75],
          [134.18738, 33.29722, 11.75],
          [134.18752, 33.29751, 11.5],
          [134.18761, 33.29779, 9.0],
          [134.18763, 33.29815, 6.25],
          [134.18750, 33.29878, 4.25],
          [134.18746, 33.29919, 3.0],
          [134.18745, 33.29936, 3.25],
          [134.18742, 33.29965, 3.25],
          [134.18736, 33.29992, 3.5],
          [134.18732, 33.30022, 3.5],
          [134.18732, 33.30043, 3.25],
          [134.18736, 33.30066, 3.0],
          [134.18737, 33.30072, 3.0],
          [134.18744, 33.30096, 3.25],
          [134.18762, 33.30129, 3.75],
          [134.18815, 33.30214, 5.25],
          [134.18840, 33.30254, 4.5],
          [134.18856, 33.30298, 3.25],
          [134.18868, 33.30346, 2.75],
          [134.18886, 33.30399, 3.75],
          [134.18915, 33.30448, 7.0],
          [134.18945, 33.30484, 8.5],
          [134.19044, 33.30581, 12.0],
          [134.19078, 33.30618, 13.25],
          [134.19112, 33.30666, 16.5],
          [134.19164, 33.30764, 16.0],
          [134.19188, 33.30822, 18.5],
          [134.19202, 33.30879, 19.25],
          [134.19227, 33.30995, 16.25],
          [134.19231, 33.31036, 14.5],
          [134.19227, 33.31071, 15.5],
          [134.19205, 33.31222, 14.25],
          [134.19203, 33.31254, 14.75],
          [134.19203, 33.31280, 16.0],
          [134.19212, 33.31307, 14.75],
          [134.19231, 33.31353, 13.75],
          [134.19255, 33.31401, 15.5],
          [134.19267, 33.31443, 18.0],
          [134.19293, 33.31597, 16.25],
          [134.19290, 33.31625, 15.25],
          [134.19282, 33.31662, 15.25],
          [134.19282, 33.31679, 17.0],
          [134.19283, 33.31690, 18.0],
          [134.19288, 33.31702, 18.5],
          [134.19296, 33.31715, 18.0],
          [134.19324, 33.31747, 12.75],
          [134.19337, 33.31769, 11.0],
          [134.19341, 33.31781, 11.5],
          [134.19342, 33.31794, 12.25],
          [134.19341, 33.31803, 13.0],
          [134.19336, 33.31818, 15.0],
          [134.19329, 33.31835, 18.5],
          [134.19291, 33.31894, 18.5],
          [134.19266, 33.31909, 17.75],
          [134.19249, 33.31921, 16.25],
          [134.19217, 33.31943, 16.5],
          [134.19206, 33.31951, 16.0],
          [134.19196, 33.31962, 15.0],
          [134.19189, 33.31979, 12.5],
          [134.19188, 33.31983, 12.0],
          [134.19189, 33.31997, 9.5],
          [134.19194, 33.32010, 9.0],
          [134.19199, 33.32023, 9.0],
          [134.19207, 33.32033, 8.75],
          [134.19262, 33.32088, 9.25],
          [134.19272, 33.32095, 10.0],
          [134.19281, 33.32100, 10.75],
          [134.19449, 33.32162, 15.75],
          [134.19462, 33.32170, 15.75],
          [134.19484, 33.32190, 18.75],
          [134.19497, 33.32208, 20.25],
          [134.19528, 33.32252, 21.0],
          [134.19541, 33.32258, 17.0],
          [134.19542, 33.32321, 16.75],
          [134.19532, 33.32350, 17.75],
          [134.19532, 33.32370, 16.25],
          [134.19535, 33.32400, 13.0],
          [134.19543, 33.32440, 10.25],
          [134.19553, 33.32491, 8.25],
          [134.19563, 33.32523, 8.5],
          [134.19574, 33.32558, 9.25],
          [134.19580, 33.32587, 10.0],
          [134.19586, 33.32613, 10.0],
          [134.19595, 33.32640, 9.75],
          [134.19626, 33.32704, 10.0],
          [134.19645, 33.32745, 9.5],
          [134.19698, 33.32852, 9.75],
          [134.19734, 33.32910, 7.0],
          [134.19747, 33.32971, 7.75],
          [134.19745, 33.32985, 9.25],
          [134.19740, 33.33076, 6.5],
          [134.19734, 33.33136, 6.75],
          [134.19734, 33.33148, 6.75],
          [134.19735, 33.33161, 6.75],
          [134.19751, 33.33289, 6.25],
          [134.19751, 33.33320, 6.5],
          [134.19738, 33.33403, 9.75],
          [134.19733, 33.33441, 12.5],
          [134.19741, 33.33461, 11.75],
          [134.19737, 33.33480, 13.75],
          [134.19737, 33.33498, 14.75],
          [134.19739, 33.33519, 15.25],
          [134.19743, 33.33537, 15.0],
          [134.19750, 33.33557, 14.0],
          [134.19826, 33.33793, 10.75],
          [134.19830, 33.33829, 10.0],
          [134.19829, 33.33864, 9.25],
          [134.19802, 33.34308, 13.5],
          [134.19801, 33.34342, 16.25],
          [134.19804, 33.34387, 17.0],
          [134.19817, 33.34454, 15.0],
          [134.19957, 33.35010, 7.75],
          [134.19959, 33.35020, 8.25],
          [134.19961, 33.35027, 8.75],
          [134.19969, 33.35058, 10.25],
          [134.19978, 33.35079, 10.75],
          [134.19987, 33.35100, 12.75],
          [134.20074, 33.35234, 17.75],
          [134.20094, 33.35261, 19.0],
          [134.20105, 33.35270, 20.25],
          [134.20118, 33.35277, 20.75],
          [134.20132, 33.35282, 20.25],
          [134.20171, 33.35293, 18.25],
          [134.20190, 33.35301, 18.25],
          [134.20206, 33.35311, 18.25],
          [134.20218, 33.35320, 18.5],
          [134.20226, 33.35332, 19.0],
          [134.20232, 33.35345, 17.0],
          [134.20232, 33.35359, 15.25],
          [134.20231, 33.35372, 14.0],
          [134.20223, 33.35387, 14.0],
          [134.20210, 33.35404, 15.75],
          [134.20159, 33.35453, 18.25],
          [134.20150, 33.35465, 17.75],
          [134.20141, 33.35479, 16.25],
          [134.20134, 33.35493, 14.0],
          [134.20128, 33.35508, 13.25],
          [134.20123, 33.35527, 13.5],
          [134.20122, 33.35551, 12.0],
          [134.20124, 33.35568, 10.25],
          [134.20129, 33.35590, 9.0],
          [134.20220, 33.35891, 3.0],
          [134.20228, 33.35911, 3.0],
          [134.20236, 33.35928, 4.75],
          [134.20251, 33.35949, 6.5],
          [134.20272, 33.35971, 7.75],
          [134.20355, 33.36047, 8.0],
          [134.20373, 33.36066, 7.25],
          [134.20395, 33.36092, 6.0],
          [134.20411, 33.36115, 6.0],
          [134.20426, 33.36141, 7.5],
          [134.20438, 33.36168, 9.75],
          [134.20448, 33.36194, 11.75],
          [134.20456, 33.36223, 13.75],
          [134.20473, 33.36363, 16.5],
          [134.20476, 33.36390, 17.0],
          [134.20478, 33.36417, 18.0],
          [134.20477, 33.36442, 16.25],
          [134.20469, 33.36542, 13.5],
          [134.20468, 33.36568, 12.25],
          [134.20470, 33.36593, 11.0],
          [134.20473, 33.36617, 9.75],
          [134.20491, 33.36726, 8.75],
          [134.20493, 33.36751, 9.75],
          [134.20493, 33.36776, 10.25],
          [134.20490, 33.36806, 11.75],
          [134.20481, 33.36846, 13.5],
          [134.20450, 33.36875, 15.75],
          [134.20371, 33.36971, 14.0],
          [134.20381, 33.36994, 9.0],
          [134.20385, 33.37001, 8.25],
          [134.20392, 33.37006, 8.75],
          [134.20468, 33.37048, 12.5],
          [134.20549, 33.37094, 15.5],
          [134.20712, 33.37184, 11.25],
          [134.20798, 33.37260, 10.75],
          [134.20809, 33.37264, 10.25],
          [134.20845, 33.37300, 11.0],
          [134.20867, 33.37326, 11.25],
          [134.20919, 33.37393, 13.25],
          [134.21011, 33.37520, 15.0],
          [134.21027, 33.37544, 17.25],
          [134.21040, 33.37571, 18.0],
          [134.21062, 33.37637, 19.0],
          [134.21074, 33.37674, 17.25],
          [134.21132, 33.37841, 18.25],
          [134.21136, 33.37859, 15.75],
          [134.21138, 33.37872, 14.5],
          [134.21138, 33.37885, 14.25],
          [134.21131, 33.37966, 12.75],
          [134.21130, 33.37984, 12.0],
          [134.21130, 33.38002, 11.0],
          [134.21132, 33.38016, 11.5],
          [134.21137, 33.38033, 11.25],
          [134.21160, 33.38094, 9.0],
          [134.21175, 33.38131, 12.5],
          [134.21246, 33.38276, 11.5],
          [134.21244, 33.38296, 12.5],
          [134.21252, 33.38368, 10.25],
          [134.21256, 33.38439, 10.5],
          [134.21251, 33.38519, 11.25],
          [134.21251, 33.38543, 11.5],
          [134.21253, 33.38562, 11.75],
          [134.21254, 33.38570, 11.5],
          [134.21290, 33.38716, 13.0],
          [134.21298, 33.38754, 11.5],
          [134.21306, 33.38790, 9.75],
          [134.21306, 33.38812, 10.5],
          [134.21310, 33.38840, 9.25],
          [134.21312, 33.38858, 8.0],
          [134.21311, 33.38870, 8.0],
          [134.21305, 33.38886, 9.5],
          [134.21284, 33.38941, 11.0],
          [134.21262, 33.38984, 7.0],
          [134.21237, 33.39011, 9.0],
          [134.21200, 33.39044, 16.25],
          [134.21176, 33.39068, 15.75],
          [134.21166, 33.39080, 13.75],
          [134.21148, 33.39112, 13.0],
          [134.21145, 33.39121, 11.5],
          [134.21130, 33.39131, 11.75],
          [134.21112, 33.39143, 10.5],
          [134.21080, 33.39162, 6.75],
          [134.21004, 33.39195, 17.25],
          [134.21000, 33.39212, 13.25],
          [134.20986, 33.39232, 9.5],
          [134.20975, 33.39250, 5.0],
          [134.20961, 33.39264, 5.25],
          [134.20937, 33.39277, 5.25],
          [134.20926, 33.39289, 4.5],
          [134.20888, 33.39347, 0.0],
          [134.20880, 33.39360, 0.0],
          [134.20875, 33.39381, 0.0],
          [134.20856, 33.39414, -0.25],
          [134.20826, 33.39474, 0.0],
          [134.20803, 33.39522, 1.25],
          [134.20801, 33.39535, 1.5],
          [134.20803, 33.39580, 2.0],
          [134.20806, 33.39618, 2.0],
          [134.20824, 33.39658, 2.0],
          [134.20827, 33.39663, 2.0],
          [134.20875, 33.39782, 5.5],
          [134.20876, 33.39783, 5.75],
          [134.20876, 33.39784, 5.75],
          [134.20880, 33.39793, 6.5],
          [134.20888, 33.39801, 7.0],
          [134.20900, 33.39806, 7.25],
          [134.20911, 33.39807, 7.0],
          [134.20930, 33.39809, 7.0],
          [134.20940, 33.39812, 7.25],
          [134.20948, 33.39816, 7.5],
          [134.20956, 33.39823, 7.75],
          [134.20993, 33.39864, 8.25],
          [134.21031, 33.39908, 8.25],
          [134.21052, 33.39937, 8.5],
          [134.21061, 33.39953, 8.5],
          [134.21077, 33.39995, 9.0],
          [134.21085, 33.40024, 8.75],
          [134.21090, 33.40037, 8.75],
          [134.21125, 33.40114, 7.75],
          [134.21189, 33.40265, 7.0],
          [134.21210, 33.40316, 8.25],
          [134.21211, 33.40318, 8.5],
          [134.21227, 33.40351, 9.75],
          [134.21252, 33.40393, 8.75],
          [134.21299, 33.40460, 11.25],
          [134.21319, 33.40491, 11.0],
          [134.21328, 33.40501, 10.25],
          [134.21340, 33.40511, 11.0],
          [134.21374, 33.40534, 12.0],
          [134.21382, 33.40542, 12.5],
          [134.21399, 33.40564, 13.25],
          [134.21406, 33.40570, 13.0],
          [134.21407, 33.40573, 13.25],
          [134.21407, 33.40577, 13.75],
          [134.21403, 33.40582, 15.0],
          [134.21415, 33.40608, 15.5],
          [134.21434, 33.40651, 17.0],
          [134.21443, 33.40676, 17.25],
          [134.21449, 33.40697, 17.25],
          [134.21452, 33.40722, 18.0],
          [134.21460, 33.40847, 24.75],
          [134.21463, 33.40864, 27.5],
          [134.21467, 33.40880, 29.25],
          [134.21474, 33.40896, 29.5],
          [134.21483, 33.40907, 28.0],
          [134.21492, 33.40918, 26.25],
          [134.21502, 33.40928, 26.75],
          [134.21519, 33.40939, 28.5],
          [134.21572, 33.40969, 22.75],
          [134.21587, 33.40983, 20.5],
          [134.21600, 33.40997, 19.75],
          [134.21610, 33.41013, 20.5],
          [134.21617, 33.41030, 21.5],
          [134.21664, 33.41140, 23.25],
          [134.21678, 33.41170, 24.75],
          [134.21689, 33.41191, 25.0],
          [134.21757, 33.41296, 18.75],
          [134.21847, 33.41437, 15.25],
          [134.21854, 33.41453, 15.75],
          [134.21860, 33.41471, 16.25],
          [134.21882, 33.41564, 15.25],
          [134.21890, 33.41592, 15.25],
          [134.21898, 33.41615, 16.5],
          [134.21907, 33.41634, 15.5],
          [134.21922, 33.41654, 13.5],
          [134.21942, 33.41676, 14.5],
          [134.21963, 33.41703, 14.5],
          [134.22002, 33.41762, 8.25],
          [134.22087, 33.41935, 15.5],
          [134.22092, 33.41982, 17.75],
          [134.22100, 33.42005, 18.5],
          [134.22106, 33.42036, 21.25],
          [134.22106, 33.42041, 22.0],
          [134.22118, 33.42084, 24.25],
          [134.22119, 33.42085, 23.75],
          [134.22121, 33.42097, 23.0],
          [134.22130, 33.42125, 20.25],
          [134.22136, 33.42141, 18.75],
          [134.22142, 33.42166, 17.0],
          [134.22156, 33.42210, 11.25],
          [134.22174, 33.42248, 7.75],
          [134.22199, 33.42288, 7.75],
          [134.22230, 33.42329, 9.0],
          [134.22238, 33.42342, 9.0],
          [134.22236, 33.42353, 8.25],
          [134.22238, 33.42364, 7.75],
          [134.22244, 33.42422, 4.75],
          [134.22249, 33.42446, 4.25],
          [134.22249, 33.42456, 4.0],
          [134.22250, 33.42485, 3.25],
          [134.22260, 33.42512, 3.0],
          [134.22278, 33.42529, 3.75],
          [134.22296, 33.42540, 4.5],
          [134.22330, 33.42554, 6.5],
          [134.22377, 33.42589, 11.0],
          [134.22410, 33.42609, 19.0],
          [134.22467, 33.42652, 22.0],
          [134.22522, 33.42687, 20.0],
          [134.22541, 33.42696, 18.25],
          [134.22641, 33.42795, 27.25],
          [134.22785, 33.42955, 33.25],
          [134.22806, 33.42981, 33.0],
          [134.22831, 33.43017, 29.5],
          [134.22884, 33.43105, 29.75],
          [134.22906, 33.43138, 31.5],
          [134.22934, 33.43172, 31.0],
          [134.22999, 33.43257, 25.25],
          [134.23060, 33.43328, 27.25],
          [134.23146, 33.43432, 33.25],
          [134.23191, 33.43482, 36.5],
          [134.23226, 33.43525, 33.0],
          [134.23256, 33.43571, 29.5],
          [134.23288, 33.43627, 31.0],
          [134.23295, 33.43645, 31.75],
          [134.23310, 33.43665, 29.25],
          [134.23325, 33.43693, 33.0],
          [134.23350, 33.43716, 32.0],
          [134.23378, 33.43739, 26.0],
          [134.23410, 33.43768, 13.5],
          [134.23412, 33.43789, 15.5],
          [134.23411, 33.43810, 19.25],
          [134.23410, 33.43846, 25.75],
          [134.23411, 33.43865, 29.5],
          [134.23424, 33.43906, 32.0],
          [134.23440, 33.43943, 27.0],
          [134.23450, 33.43960, 22.5],
          [134.23456, 33.43980, 20.0],
          [134.23457, 33.44001, 19.0],
          [134.23453, 33.44020, 19.25],
          [134.23430, 33.44074, 21.75],
          [134.23425, 33.44095, 22.75],
          [134.23423, 33.44114, 23.75],
          [134.23423, 33.44133, 24.0],
          [134.23427, 33.44170, 24.0],
          [134.23430, 33.44193, 23.75],
          [134.23435, 33.44211, 23.0],
          [134.23442, 33.44228, 21.25],
          [134.23454, 33.44248, 18.5],
          [134.23474, 33.44283, 16.75],
          [134.23625, 33.44517, 29.25],
          [134.23650, 33.44551, 27.5],
          [134.23675, 33.44588, 25.75],
          [134.23723, 33.44653, 42.5],
          [134.23908, 33.44797, 21.25],
          [134.23931, 33.44833, 22.0],
          [134.23950, 33.44858, 20.0],
          [134.23952, 33.44897, 24.0],
          [134.23959, 33.44924, 26.5],
          [134.23975, 33.44955, 30.75],
          [134.24024, 33.45016, 24.75],
          [134.24034, 33.45033, 24.5],
          [134.24040, 33.45047, 24.5],
          [134.24045, 33.45063, 24.75],
          [134.24049, 33.45101, 25.25],
          [134.24047, 33.45141, 25.0],
          [134.24045, 33.45163, 25.5],
          [134.24036, 33.45203, 25.75],
          [134.24020, 33.45253, 24.75],
          [134.24013, 33.45282, 24.5],
          [134.24011, 33.45315, 22.25],
          [134.24009, 33.45395, 28.75],
          [134.24002, 33.45513, 17.5],
          [134.24003, 33.45539, 19.5],
          [134.24005, 33.45569, 21.5],
          [134.24019, 33.45628, 18.5],
          [134.24021, 33.45640, 18.25],
          [134.24020, 33.45660, 18.25],
          [134.24018, 33.45683, 19.25],
          [134.24012, 33.45707, 21.25],
          [134.24008, 33.45735, 23.25],
          [134.24007, 33.45762, 23.75],
          [134.24017, 33.45898, 25.75],
          [134.24020, 33.45925, 27.0],
          [134.24026, 33.45957, 29.0],
          [134.24033, 33.45987, 28.75],
          [134.24058, 33.46066, 25.5],
          [134.24071, 33.46128, 25.25],
          [134.24077, 33.46172, 27.0],
          [134.24083, 33.46200, 28.5],
          [134.24090, 33.46220, 29.0],
          [134.24156, 33.46378, 27.5],
          [134.24178, 33.46419, 29.25],
          [134.24233, 33.46520, 29.0],
          [134.24243, 33.46536, 29.0],
          [134.24280, 33.46584, 29.75],
          [134.24295, 33.46607, 32.25],
          [134.24322, 33.46651, 31.0],
          [134.24332, 33.46667, 28.0],
          [134.24343, 33.46682, 34.0],
          [134.24416, 33.46765, 21.5],
          [134.24446, 33.46806, 26.25],
          [134.24455, 33.46828, 27.5],
          [134.24459, 33.46844, 27.25],
          [134.24463, 33.46863, 27.25],
          [134.24469, 33.46918, 30.75],
          [134.24470, 33.46925, 31.25],
          [134.24472, 33.46941, 33.0],
          [134.24475, 33.46952, 33.5],
          [134.24481, 33.46968, 34.0],
          [134.24491, 33.46983, 33.0],
          [134.24503, 33.46999, 32.0],
          [134.24518, 33.47012, 34.5],
          [134.24555, 33.47038, 34.75],
          [134.24579, 33.47060, 34.0],
          [134.24613, 33.47098, 35.75],
          [134.24626, 33.47111, 36.75],
          [134.24651, 33.47144, 36.25],
          [134.24672, 33.47164, 36.0],
          [134.24696, 33.47183, 35.75],
          [134.24736, 33.47210, 35.75],
          [134.24767, 33.47233, 36.0],
          [134.24797, 33.47263, 36.25],
          [134.24834, 33.47293, 36.25],
          [134.24952, 33.47380, 28.25],
          [134.24969, 33.47393, 24.0],
          [134.24978, 33.47406, 22.25],
          [134.24982, 33.47416, 21.75],
          [134.24987, 33.47434, 22.5],
          [134.24995, 33.47481, 29.25],
          [134.25001, 33.47512, 32.25],
          [134.25015, 33.47542, 33.5],
          [134.25035, 33.47577, 31.25],
          [134.25040, 33.47587, 31.0],
          [134.25057, 33.47619, 33.25],
          [134.25114, 33.47691, 27.25],
          [134.25144, 33.47789, 26.25],
          [134.25154, 33.47817, 23.25],
          [134.25161, 33.47835, 20.75],
          [134.25212, 33.47934, 29.5],
          [134.25231, 33.47958, 28.5],
          [134.25254, 33.47980, 22.75],
          [134.25267, 33.47994, 22.5],
          [134.25276, 33.48007, 23.75],
          [134.25319, 33.48079, 23.75],
          [134.25374, 33.48150, 23.0],
          [134.25486, 33.48332, 27.75],
          [134.25554, 33.48403, 26.25],
          [134.25564, 33.48417, 23.5],
          [134.25569, 33.48431, 23.5],
          [134.25573, 33.48448, 25.0],
          [134.25578, 33.48482, 28.0],
          [134.25584, 33.48498, 29.5],
          [134.25597, 33.48522, 31.75],
          [134.25611, 33.48544, 32.0],
          [134.25623, 33.48559, 31.25],
          [134.25639, 33.48576, 28.25],
          [134.25657, 33.48593, 26.25],
          [134.25681, 33.48611, 27.75],
          [134.25748, 33.48652, 26.0],
          [134.25770, 33.48663, 24.5],
          [134.25788, 33.48670, 23.75],
          [134.25810, 33.48674, 22.0],
          [134.25836, 33.48678, 18.75],
          [134.25853, 33.48682, 16.5],
          [134.25870, 33.48688, 14.25],
          [134.25883, 33.48696, 12.25],
          [134.25894, 33.48707, 10.25],
          [134.25903, 33.48717, 8.25],
          [134.25910, 33.48730, 5.75],
          [134.25914, 33.48743, 4.25],
          [134.25915, 33.48761, 7.25],
          [134.25911, 33.48826, 30.75],
          [134.25913, 33.48843, 34.75],
          [134.25919, 33.48861, 37.5],
          [134.25926, 33.48874, 38.75],
          [134.25937, 33.48889, 38.0],
          [134.25991, 33.48950, 29.25],
          [134.26005, 33.48968, 29.75],
          [134.26045, 33.49023, 34.5],
          [134.26072, 33.49050, 33.0],
          [134.26089, 33.49063, 30.75],
          [134.26147, 33.49095, 23.5],
          [134.26160, 33.49104, 22.5],
          [134.26170, 33.49113, 22.5],
          [134.26181, 33.49126, 23.75],
          [134.26190, 33.49140, 24.5],
          [134.26222, 33.49200, 28.75],
          [134.26243, 33.49225, 26.5],
          [134.26269, 33.49252, 25.25],
          [134.26379, 33.49355, 25.5],
          [134.26419, 33.49383, 25.0],
          [134.26442, 33.49395, 25.0],
          [134.26587, 33.49456, 16.5],
          [134.26615, 33.49474, 16.5],
          [134.26629, 33.49487, 16.75],
          [134.26642, 33.49504, 17.25],
          [134.26649, 33.49518, 17.0],
          [134.26655, 33.49533, 17.25],
          [134.26661, 33.49558, 18.5],
          [134.26675, 33.49611, 15.25],
          [134.26695, 33.49696, 9.25],
          [134.26702, 33.49726, 10.25],
          [134.26706, 33.49849, 18.0],
          [134.26704, 33.49974, 13.25],
          [134.26706, 33.49996, 11.5],
          [134.26707, 33.50005, 11.0],
          [134.26718, 33.50035, 10.25],
          [134.26728, 33.50058, 9.5],
          [134.26741, 33.50077, 8.75],
          [134.26797, 33.50153, 6.25],
          [134.26803, 33.50162, 6.25],
          [134.26864, 33.50241, 7.5],
          [134.26911, 33.50305, 7.5],
          [134.26873, 33.50321, 7.75],
          [134.26870, 33.50323, 7.75],
          [134.26828, 33.50340, 7.75],
          [134.26824, 33.50342, 7.5],
          [134.26852, 33.50393, 8.5],
          [134.26867, 33.50418, 8.75],
          [134.26886, 33.50455, 8.75],
          [134.26891, 33.50463, 8.75],
          [134.26927, 33.50526, 9.75],
          [134.26937, 33.50532, 10.0],
          [134.26983, 33.50606, 11.0],
          [134.26996, 33.50619, 11.25],
          [134.27006, 33.50626, 11.5],
          [134.27026, 33.50648, 11.5],
          [134.27096, 33.50728, 10.75],
          [134.27130, 33.50767, 10.25],
          [134.27143, 33.50781, 10.25],
          [134.27194, 33.50837, 10.25],
          [134.27204, 33.50846, 10.25],
          [134.27267, 33.50892, 11.5],
          [134.27317, 33.50926, 11.5],
          [134.27418, 33.50987, 11.75],
          [134.27426, 33.50992, 11.75],
          [134.27459, 33.51013, 13.5],
          [134.27464, 33.51017, 14.0],
          [134.27468, 33.51023, 14.75],
          [134.27470, 33.51028, 15.25],
          [134.27472, 33.51032, 16.0],
          [134.27473, 33.51039, 16.75],
          [134.27475, 33.51044, 17.25],
          [134.27487, 33.51053, 17.75],
          [134.27498, 33.51065, 18.25],
          [134.27506, 33.51079, 19.0],
          [134.27512, 33.51084, 19.25],
          [134.27546, 33.51100, 21.0],
          [134.27593, 33.51132, 23.75],
          [134.27609, 33.51140, 23.25],
          [134.27620, 33.51149, 23.5],
          [134.27644, 33.51164, 22.25],
          [134.27657, 33.51172, 22.5],
          [134.27672, 33.51179, 22.75],
          [134.27687, 33.51184, 23.5],
          [134.27824, 33.51224, 22.5],
          [134.27834, 33.51228, 22.75],
          [134.27840, 33.51233, 23.25],
          [134.27864, 33.51254, 25.75],
          [134.27873, 33.51259, 26.25],
          [134.27880, 33.51262, 26.0],
          [134.27887, 33.51263, 25.5],
          [134.27917, 33.51265, 23.0],
          [134.27924, 33.51268, 22.75],
          [134.27930, 33.51271, 23.0],
          [134.27935, 33.51276, 23.25],
          [134.27950, 33.51294, 25.5],
          [134.27954, 33.51298, 26.0],
          [134.27960, 33.51302, 26.0],
          [134.27967, 33.51305, 25.75],
          [134.27990, 33.51310, 23.0],
          [134.28001, 33.51314, 22.25],
          [134.28010, 33.51320, 22.75],
          [134.28019, 33.51327, 23.5],
          [134.28073, 33.51387, 22.25],
          [134.28086, 33.51405, 22.25],
          [134.28090, 33.51417, 22.0],
          [134.28092, 33.51432, 19.25],
          [134.28094, 33.51453, 14.75],
          [134.28094, 33.51483, 9.0],
          [134.28094, 33.51497, 6.25],
          [134.28088, 33.51546, 10.25],
          [134.28085, 33.51566, 12.25],
          [134.28086, 33.51598, 17.75],
          [134.28087, 33.51609, 17.75],
          [134.28092, 33.51636, 18.0],
          [134.28117, 33.51713, 18.5],
          [134.28186, 33.51860, 20.0],
          [134.28201, 33.51894, 20.0],
          [134.28210, 33.51922, 17.25],
          [134.28217, 33.51954, 17.5],
          [134.28219, 33.51979, 18.0],
          [134.28217, 33.51998, 19.5],
          [134.28207, 33.52089, 11.25],
          [134.28206, 33.52100, 10.75],
          [134.28199, 33.52150, 7.75],
          [134.28188, 33.52239, 8.25],
          [134.28182, 33.52299, 9.0],
          [134.28171, 33.52387, 9.5],
          [134.28171, 33.52390, 9.5],
          [134.28162, 33.52462, 9.75],
          [134.28153, 33.52539, 8.5],
          [134.28138, 33.52660, 5.25],
          [134.28136, 33.52683, 5.25],
          [134.28136, 33.52706, 5.25],
          [134.28137, 33.52711, 5.25],
          [134.28142, 33.52723, 5.25],
          [134.28143, 33.52726, 5.25],
          [134.28148, 33.52733, 5.0],
          [134.28151, 33.52738, 5.0],
          [134.28163, 33.52750, 5.0],
          [134.28168, 33.52753, 5.25],
          [134.28172, 33.52756, 5.25],
          [134.28209, 33.52781, 6.25],
          [134.28220, 33.52790, 6.5],
          [134.28231, 33.52800, 6.5],
          [134.28239, 33.52811, 6.75],
          [134.28245, 33.52821, 6.75],
          [134.28250, 33.52832, 6.75],
          [134.28252, 33.52843, 6.75],
          [134.28253, 33.52855, 6.75],
          [134.28252, 33.52868, 6.75],
          [134.28244, 33.52916, 7.75],
          [134.28243, 33.52920, 7.75],
          [134.28234, 33.52974, 8.0],
          [134.28233, 33.52987, 7.75],
          [134.28234, 33.52994, 7.5],
          [134.28236, 33.53009, 9.75],
          [134.28244, 33.53029, 14.25],
          [134.28250, 33.53037, 16.25],
          [134.28256, 33.53045, 18.0],
          [134.28264, 33.53053, 19.5],
          [134.28272, 33.53059, 20.5],
          [134.28331, 33.53106, 27.5],
          [134.28342, 33.53113, 29.0],
          [134.28354, 33.53118, 30.25],
          [134.28373, 33.53124, 31.0],
          [134.28388, 33.53127, 30.75],
          [134.28407, 33.53129, 29.75],
          [134.28534, 33.53135, 28.75],
          [134.28551, 33.53137, 28.0],
          [134.28579, 33.53143, 28.0],
          [134.28590, 33.53148, 28.0],
          [134.28601, 33.53154, 28.0],
          [134.28613, 33.53162, 28.0],
          [134.28625, 33.53171, 28.0],
          [134.28638, 33.53183, 28.0],
          [134.28723, 33.53278, 48.0],
          [134.28823, 33.53393, 45.5],
          [134.28882, 33.53459, 36.75],
          [134.28871, 33.53465, 38.75],
          [134.28861, 33.53473, 40.75],
          [134.28849, 33.53478, 42.75],
          [134.28836, 33.53480, 44.75],
          [134.28822, 33.53477, 46.0],
          [134.28814, 33.53472, 46.5],
          [134.28811, 33.53467, 46.5],
          [134.28811, 33.53457, 46.0],
          [134.28810, 33.53449, 45.75],
          [134.28802, 33.53439, 46.25],
          [134.28788, 33.53413, 48.0],
          [134.28787, 33.53404, 49.5],
          [134.28790, 33.53396, 50.25],
          [134.28799, 33.53387, 50.25],
          [134.28811, 33.53382, 49.0],
          [134.28817, 33.53378, 49.0],
          [134.28825, 33.53365, 50.25],
          [134.28858, 33.53334, 50.75],
          [134.28862, 33.53329, 49.5],
          [134.28864, 33.53324, 48.0],
          [134.28862, 33.53317, 46.5],
          [134.28858, 33.53310, 45.75],
          [134.28852, 33.53306, 45.75],
          [134.28853, 33.53293, 42.5],
          [134.28852, 33.53287, 41.25],
          [134.28847, 33.53282, 41.0],
          [134.28852, 33.53287, 41.25],
          [134.28853, 33.53293, 42.5],
          [134.28852, 33.53306, 45.75],
          [134.28858, 33.53310, 45.75],
          [134.28862, 33.53317, 46.5],
          [134.28864, 33.53324, 48.0],
          [134.28862, 33.53329, 49.5],
          [134.28858, 33.53334, 50.75],
          [134.28825, 33.53365, 50.25],
          [134.28817, 33.53378, 49.0],
          [134.28811, 33.53382, 49.0],
          [134.28799, 33.53387, 50.25],
          [134.28790, 33.53396, 50.25],
          [134.28787, 33.53404, 49.5],
          [134.28788, 33.53413, 48.0],
          [134.28802, 33.53439, 46.25],
          [134.28810, 33.53449, 45.75],
          [134.28811, 33.53457, 46.0],
          [134.28811, 33.53467, 46.5],
          [134.28814, 33.53472, 46.5],
          [134.28822, 33.53477, 46.0],
          [134.28836, 33.53480, 44.75],
          [134.28849, 33.53478, 42.75],
          [134.28861, 33.53473, 40.75],
          [134.28871, 33.53465, 38.75],
          [134.28882, 33.53459, 36.75],
          [134.28914, 33.53496, 35.0],
          [134.28928, 33.53510, 33.25],
          [134.28939, 33.53519, 32.0],
          [134.28955, 33.53530, 29.75],
          [134.28971, 33.53539, 27.5],
          [134.29034, 33.53573, 20.5],
          [134.29048, 33.53582, 19.0],
          [134.29061, 33.53592, 17.75],
          [134.29071, 33.53603, 17.0],
          [134.29079, 33.53615, 17.0],
          [134.29084, 33.53630, 18.0],
          [134.29087, 33.53644, 19.75],
          [134.29087, 33.53659, 21.5],
          [134.29085, 33.53672, 22.0],
          [134.29080, 33.53686, 22.25],
          [134.29039, 33.53759, 24.5],
          [134.29032, 33.53774, 24.5],
          [134.29028, 33.53789, 24.25],
          [134.29027, 33.53806, 23.75],
          [134.29029, 33.53823, 22.75],
          [134.29034, 33.53845, 22.0],
          [134.29041, 33.53868, 21.5],
          [134.29046, 33.53881, 21.0],
          [134.29052, 33.53891, 20.25],
          [134.29058, 33.53900, 19.75],
          [134.29067, 33.53909, 18.5],
          [134.29088, 33.53923, 18.75],
          [134.29192, 33.53976, 13.5],
          [134.29206, 33.53984, 11.5],
          [134.29215, 33.53991, 10.0],
          [134.29223, 33.53999, 8.25],
          [134.29229, 33.54007, 7.0],
          [134.29232, 33.54019, 6.25],
          [134.29232, 33.54030, 6.0],
          [134.29230, 33.54042, 6.0],
          [134.29224, 33.54052, 6.5],
          [134.29216, 33.54061, 7.5],
          [134.29205, 33.54070, 8.75],
          [134.29171, 33.54089, 12.5],
          [134.29157, 33.54098, 14.0],
          [134.29150, 33.54104, 14.75],
          [134.29145, 33.54110, 15.0],
          [134.29140, 33.54117, 15.0],
          [134.29137, 33.54123, 14.5],
          [134.29135, 33.54131, 13.75],
          [134.29134, 33.54139, 12.5],
          [134.29135, 33.54148, 10.5],
          [134.29137, 33.54154, 9.25],
          [134.29139, 33.54159, 8.0],
          [134.29150, 33.54176, 4.75],
          [134.29138, 33.54181, 6.0],
          [134.29083, 33.54200, 9.5],
          [134.29066, 33.54207, 10.0],
          [134.29048, 33.54217, 9.75],
          [134.29040, 33.54222, 9.0],
          [134.29035, 33.54227, 8.25],
          [134.29032, 33.54232, 7.25],
          [134.29030, 33.54237, 6.25],
          [134.29030, 33.54243, 4.75],
          [134.29029, 33.54247, 3.75],
          [134.29029, 33.54266, 3.0],
          [134.29027, 33.54299, 2.5],
          [134.29026, 33.54317, 2.5],
          [134.29032, 33.54332, 2.25],
          [134.29039, 33.54344, 2.5],
          [134.29042, 33.54347, 2.5],
          [134.29050, 33.54353, 2.75],
          [134.29052, 33.54355, 2.75],
          [134.29065, 33.54367, 3.25],
          [134.29072, 33.54374, 3.5],
          [134.29079, 33.54380, 3.75],
          [134.29092, 33.54391, 4.5],
          [134.29128, 33.54413, 5.75],
          [134.29158, 33.54427, 6.5],
          [134.29167, 33.54432, 6.75],
          [134.29224, 33.54461, 6.0],
          [134.29263, 33.54479, 6.0],
          [134.29271, 33.54483, 6.0],
          [134.29302, 33.54498, 6.0],
          [134.29344, 33.54518, 5.5],
          [134.29429, 33.54558, 2.75],
          [134.29483, 33.54583, 2.75],
          [134.29485, 33.54585, 2.75],
          [134.29501, 33.54592, 3.75],
          [134.29504, 33.54593, 4.0],
          [134.29506, 33.54594, 4.0],
          [134.29515, 33.54598, 4.5],
          [134.29537, 33.54608, 5.75],
          [134.29546, 33.54613, 6.25],
          [134.29552, 33.54620, 6.75],
          [134.29567, 33.54643, 8.0],
          [134.29576, 33.54666, 9.0],
          [134.29581, 33.54683, 9.0],
          [134.29587, 33.54727, 9.0],
          [134.29593, 33.54744, 9.0],
          [134.29605, 33.54773, 8.0],
          [134.29606, 33.54776, 7.75],
          [134.29622, 33.54814, 6.5],
          [134.29624, 33.54815, 6.5],
          [134.29625, 33.54815, 6.5],
          [134.29635, 33.54813, 6.75],
          [134.29642, 33.54812, 7.0],
          [134.29658, 33.54810, 7.25],
          [134.29684, 33.54804, 7.0],
          [134.29717, 33.54795, 5.75],
          [134.29735, 33.54792, 5.0],
          [134.29786, 33.54791, 4.0],
          [134.29832, 33.54787, 3.0],
          [134.29879, 33.54787, 4.0],
          [134.29959, 33.54786, 3.75],
          [134.29967, 33.54785, 3.5],
          [134.30016, 33.54769, 1.25],
          [134.30025, 33.54767, 1.0],
          [134.30032, 33.54767, 1.0],
          [134.30039, 33.54769, 1.0],
          [134.30044, 33.54773, 1.0],
          [134.30051, 33.54777, 1.25],
          [134.30057, 33.54780, 1.25],
          [134.30062, 33.54780, 1.0],
          [134.30066, 33.54780, 0.75],
          [134.30085, 33.54775, 0.75],
          [134.30092, 33.54773, 0.75],
          [134.30120, 33.54834, 0.75],
          [134.30139, 33.54865, 0.75],
          [134.30148, 33.54884, 0.5],
          [134.30151, 33.54893, 0.5],
          [134.30152, 33.54898, 0.5],
          [134.30154, 33.54907, 0.5],
          [134.30154, 33.54913, 0.5],
          [134.30153, 33.54917, 0.5],
          [134.30151, 33.54921, 0.5],
          [134.30136, 33.54938, 1.25],
          [134.30136, 33.54941, 1.25],
          [134.30137, 33.54945, 1.25],
          [134.30140, 33.54949, 1.0],
          [134.30151, 33.54957, 0.5],
          [134.30157, 33.54961, 0.25],
          [134.30171, 33.54969, 0.5],
          [134.30176, 33.54970, 1.0],
          [134.30180, 33.54970, 1.75],
          [134.30184, 33.54968, 2.25],
          [134.30188, 33.54966, 2.5],
          [134.30213, 33.54937, 3.0],
          [134.30218, 33.54933, 2.75],
          [134.30224, 33.54930, 2.75],
          [134.30257, 33.54921, 2.75],
          [134.30268, 33.54919, 2.75],
          [134.30320, 33.54908, 3.75],
          [134.30329, 33.54908, 4.0],
          [134.30337, 33.54910, 4.25],
          [134.30344, 33.54914, 4.25],
          [134.30347, 33.54919, 5.0],
          [134.30358, 33.54943, 10.25],
          [134.30362, 33.54946, 11.0],
          [134.30367, 33.54948, 11.5],
          [134.30372, 33.54948, 11.5],
          [134.30377, 33.54947, 11.25],
          [134.30393, 33.54935, 9.5],
          [134.30397, 33.54934, 9.25],
          [134.30402, 33.54935, 9.5],
          [134.30406, 33.54936, 9.75],
          [134.30423, 33.54953, 12.75],
          [134.30428, 33.54959, 13.75],
          [134.30433, 33.54970, 15.25],
          [134.30441, 33.54992, 18.25],
          [134.30447, 33.55003, 19.5],
          [134.30455, 33.55012, 20.5],
          [134.30487, 33.55040, 20.25],
          [134.30511, 33.55059, 19.75],
          [134.30514, 33.55062, 20.0],
          [134.30527, 33.55074, 21.0],
          [134.30538, 33.55084, 22.5],
          [134.30546, 33.55103, 28.75],
          [134.30558, 33.55133, 37.75],
          [134.30770, 33.55678, 33.0],
          [134.30798, 33.55751, 7.5],
          [134.30815, 33.55810, 9.25],
          [134.30832, 33.55880, 9.0],
          [134.30838, 33.55919, 10.0],
          [134.30843, 33.55955, 13.0],
          [134.30846, 33.55995, 15.25],
          [134.30849, 33.56038, 12.25],
          [134.30849, 33.56074, 10.75],
          [134.30848, 33.56127, 9.0],
          [134.30845, 33.56163, 7.5],
          [134.30836, 33.56233, 5.0],
          [134.30829, 33.56267, 3.75],
          [134.30815, 33.56331, 1.5],
          [134.30813, 33.56337, 1.5],
          [134.30773, 33.56520, 3.5],
          [134.30754, 33.56608, 1.5],
          [134.30752, 33.56623, 1.5],
          [134.30751, 33.56648, 1.25],
          [134.30752, 33.56679, 1.75],
          [134.30757, 33.56811, 6.75],
          [134.30758, 33.56828, 6.75],
          [134.30761, 33.56845, 6.25],
          [134.30768, 33.56870, 5.5],
          [134.30771, 33.56886, 5.25],
          [134.30785, 33.56931, 6.5],
          [134.30801, 33.56970, 10.5],
          [134.30804, 33.56978, 11.0],
          [134.30807, 33.56986, 11.75],
          [134.30821, 33.57022, 10.5],
          [134.30825, 33.57038, 9.25],
          [134.30825, 33.57043, 9.0],
          [134.30826, 33.57057, 8.0],
          [134.30826, 33.57067, 7.5],
          [134.30826, 33.57084, 6.5],
          [134.30819, 33.57122, 6.0],
          [134.30816, 33.57144, 5.5],
          [134.30816, 33.57152, 5.25],
          [134.30816, 33.57166, 4.75],
          [134.30819, 33.57179, 5.0],
          [134.30821, 33.57186, 5.0],
          [134.30829, 33.57207, 5.75],
          [134.30874, 33.57312, 11.5],
          [134.30883, 33.57333, 11.75],
          [134.30898, 33.57371, 11.0],
          [134.30902, 33.57385, 11.0],
          [134.30903, 33.57398, 11.25],
          [134.30902, 33.57412, 12.0],
          [134.30900, 33.57427, 13.0],
          [134.30893, 33.57444, 14.5],
          [134.30832, 33.57553, 18.0],
          [134.30821, 33.57577, 16.0],
          [134.30813, 33.57596, 16.75],
          [134.30808, 33.57618, 18.25],
          [134.30806, 33.57630, 18.75],
          [134.30805, 33.57647, 19.25],
          [134.30806, 33.57663, 19.75],
          [134.30809, 33.57677, 20.25],
          [134.30814, 33.57691, 20.75],
          [134.30821, 33.57702, 20.75],
          [134.30832, 33.57717, 20.25],
          [134.30845, 33.57729, 22.5],
          [134.30862, 33.57740, 25.0],
          [134.30881, 33.57749, 27.25],
          [134.30938, 33.57770, 35.0],
          [134.30984, 33.57788, 37.25],
          [134.31020, 33.57808, 34.0],
          [134.31055, 33.57836, 32.25],
          [134.31076, 33.57849, 34.25],
          [134.31098, 33.57859, 35.75],
          [134.31123, 33.57867, 36.0],
          [134.31153, 33.57874, 35.0],
          [134.31220, 33.57882, 29.5],
          [134.31259, 33.57888, 25.25],
          [134.31279, 33.57896, 22.5],
          [134.31300, 33.57904, 20.0],
          [134.31324, 33.57918, 17.75],
          [134.31339, 33.57929, 18.0],
          [134.31347, 33.57936, 18.75],
          [134.31359, 33.57948, 19.25],
          [134.31412, 33.58007, 16.75],
          [134.31417, 33.58012, 16.5],
          [134.31433, 33.58026, 17.0],
          [134.31449, 33.58036, 16.75],
          [134.31467, 33.58043, 16.0],
          [134.31488, 33.58049, 14.75],
          [134.31537, 33.58059, 11.25],
          [134.31567, 33.58066, 9.25],
          [134.31586, 33.58073, 7.75],
          [134.31601, 33.58080, 6.5],
          [134.31622, 33.58095, 5.25],
          [134.31643, 33.58111, 4.5],
          [134.31713, 33.58160, 5.5],
          [134.31738, 33.58176, 6.25],
          [134.31760, 33.58189, 7.0],
          [134.31778, 33.58197, 7.5],
          [134.31794, 33.58202, 8.0],
          [134.31886, 33.58229, 10.75],
          [134.31929, 33.58240, 12.0],
          [134.31963, 33.58246, 13.0],
          [134.32034, 33.58257, 15.0],
          [134.32073, 33.58265, 15.25],
          [134.32155, 33.58284, 15.75],
          [134.32172, 33.58285, 14.75],
          [134.32187, 33.58285, 15.5],
          [134.32200, 33.58282, 15.75],
          [134.32216, 33.58278, 15.25],
          [134.32228, 33.58273, 14.25],
          [134.32244, 33.58264, 11.75],
          [134.32296, 33.58230, 4.75],
          [134.32320, 33.58215, 3.75],
          [134.32336, 33.58209, 3.25],
          [134.32350, 33.58205, 2.75],
          [134.32366, 33.58204, 2.5],
          [134.32381, 33.58204, 2.0],
          [134.32396, 33.58204, 1.5],
          [134.32436, 33.58212, 0.5],
          [134.32518, 33.58227, -0.5],
          [134.32532, 33.58229, -0.25],
          [134.32559, 33.58231, 0.0],
          [134.32595, 33.58231, 0.25],
          [134.32648, 33.58231, 2.0],
          [134.32665, 33.58232, 2.75],
          [134.32688, 33.58235, 3.25],
          [134.32789, 33.58256, 3.0],
          [134.32875, 33.58274, 0.0],
          [134.32907, 33.58281, -0.75],
          [134.32918, 33.58285, -1.0],
          [134.32925, 33.58289, -1.25],
          [134.32940, 33.58295, -1.5],
          [134.32955, 33.58304, -1.75],
          [134.32965, 33.58312, -2.25],
          [134.32975, 33.58321, -2.5],
          [134.32988, 33.58336, -3.0],
          [134.33033, 33.58402, -1.75],
          [134.33045, 33.58416, -1.25],
          [134.33059, 33.58429, 0.25],
          [134.33083, 33.58444, 2.25],
          [134.33094, 33.58449, 2.75],
          [134.33115, 33.58457, 3.5],
          [134.33128, 33.58460, 3.75],
          [134.33161, 33.58467, 4.0],
          [134.33283, 33.58488, 9.25],
          [134.33315, 33.58496, 9.25],
          [134.33344, 33.58505, 9.0],
          [134.33388, 33.58524, 8.75],
          [134.33410, 33.58533, 8.25],
          [134.33432, 33.58538, 8.5],
          [134.33606, 33.58566, 12.25],
          [134.33660, 33.58573, 10.5],
          [134.33972, 33.58589, 4.75],
          [134.33997, 33.58589, 3.75],
          [134.34018, 33.58587, 3.25],
          [134.34039, 33.58582, 3.0],
          [134.34057, 33.58574, 2.75],
          [134.34081, 33.58561, 2.25],
          [134.34127, 33.58531, 1.5],
          [134.34157, 33.58519, 1.0],
          [134.34171, 33.58515, 1.0],
          [134.34188, 33.58512, 1.0],
          [134.34203, 33.58512, 1.0],
          [134.34222, 33.58513, 1.5],
          [134.34243, 33.58516, 2.25],
          [134.34295, 33.58535, 2.25],
          [134.34317, 33.58541, 2.5],
          [134.34341, 33.58546, 2.75],
          [134.34365, 33.58548, 3.0],
          [134.34397, 33.58549, 3.5],
          [134.34561, 33.58543, 5.5],
          [134.34594, 33.58543, 6.0],
          [134.34623, 33.58545, 6.25],
          [134.34693, 33.58553, 7.25],
          [134.34825, 33.58566, 9.0],
          [134.34861, 33.58573, 9.5],
          [134.34915, 33.58586, 10.25],
          [134.34968, 33.58600, 10.25],
          [134.34986, 33.58606, 10.5],
          [134.35002, 33.58613, 10.5],
          [134.35017, 33.58623, 11.0],
          [134.35028, 33.58634, 11.75],
          [134.35045, 33.58656, 13.75],
          [134.35116, 33.58742, 28.25],
          [134.35125, 33.58755, 29.0],
          [134.35131, 33.58785, 29.0],
          [134.35131, 33.58812, 29.5],
          [134.35132, 33.58828, 29.5],
          [134.35134, 33.58838, 29.25],
          [134.35138, 33.58853, 29.25],
          [134.35162, 33.58938, 24.5],
          [134.35220, 33.59128, 27.25],
          [134.35230, 33.59168, 21.25],
          [134.35241, 33.59214, 14.25],
          [134.35250, 33.59252, 7.75],
          [134.35254, 33.59263, 7.5],
          [134.35262, 33.59282, 6.75],
          [134.35280, 33.59322, 4.0],
          [134.35283, 33.59331, 3.0],
          [134.35287, 33.59342, 2.75],
          [134.35289, 33.59352, 2.75],
          [134.35291, 33.59362, 2.75],
          [134.35294, 33.59389, 3.0],
          [134.35294, 33.59405, 3.0],
          [134.35293, 33.59425, 3.25],
          [134.35292, 33.59434, 3.75],
          [134.35289, 33.59456, 4.75],
          [134.35279, 33.59505, 6.0],
          [134.35274, 33.59524, 5.5],
          [134.35274, 33.59528, 5.25],
          [134.35262, 33.59579, 4.0],
          [134.35254, 33.59616, 2.25],
          [134.35252, 33.59627, 1.75],
          [134.35249, 33.59641, 1.25],
          [134.35247, 33.59646, 1.0],
          [134.35185, 33.59937, 3.25],
          [134.35184, 33.59943, 3.25],
          [134.35172, 33.60000, 3.75],
          [134.35164, 33.59999, 4.0],
          [134.35101, 33.59989, 4.5],
          [134.35064, 33.59980, 3.75],
          [134.35042, 33.59983, 3.0],
          [134.34998, 33.59997, 1.5],
          [134.35042, 33.59983, 3.0],
          [134.35064, 33.59980, 3.75],
          [134.35101, 33.59989, 4.5],
          [134.35164, 33.59999, 4.0],
          [134.35172, 33.60000, 3.75],
          [134.35158, 33.60088, 4.0],
          [134.35150, 33.60150, 5.25],
          [134.35147, 33.60172, 5.5],
          [134.35160, 33.60164, 5.75],
          [134.35188, 33.60144, 5.0],
          [134.35262, 33.60088, 3.25],
          [134.35265, 33.60085, 3.25],
          [134.35290, 33.60062, 3.25],
          [134.35305, 33.60047, 3.0],
          [134.35315, 33.60039, 3.0],
          [134.35325, 33.60035, 3.0],
          [134.35328, 33.60034, 3.0],
          [134.35335, 33.60034, 3.0],
          [134.35347, 33.60035, 3.25],
          [134.35358, 33.60039, 3.25],
          [134.35385, 33.60053, 3.5],
          [134.35388, 33.60056, 3.5],
          [134.35396, 33.60060, 3.25],
          [134.35411, 33.60067, 3.25],
          [134.35415, 33.60069, 3.0],
          [134.35429, 33.60076, 3.0],
          [134.35486, 33.60104, 2.25],
          [134.35567, 33.60140, 1.5],
          [134.35705, 33.60203, 1.75],
          [134.35709, 33.60204, 1.75],
          [134.35738, 33.60217, 3.25],
          [134.35744, 33.60219, 3.5],
          [134.35759, 33.60226, 4.25],
          [134.35771, 33.60231, 4.75],
          [134.35810, 33.60244, 6.25],
          [134.35822, 33.60247, 6.5],
          [134.35857, 33.60255, 7.0],
          [134.35896, 33.60262, 7.0],
          [134.35921, 33.60269, 7.0],
          [134.35940, 33.60278, 7.0],
          [134.35958, 33.60291, 7.0],
          [134.35969, 33.60305, 7.0],
          [134.36015, 33.60380, 7.25],
          [134.36026, 33.60393, 7.75],
          [134.36041, 33.60406, 8.25],
          [134.36159, 33.60485, 11.0],
          [134.36173, 33.60497, 10.75],
          [134.36240, 33.60600, 8.75],
          [134.36340, 33.60761, 8.75],
          [134.36345, 33.60768, 8.75],
          [134.36412, 33.60874, 8.0],
          [134.36498, 33.60993, 7.0],
          [134.36503, 33.61002, 7.0],
          [134.36507, 33.61013, 7.25],
          [134.36509, 33.61021, 7.5],
          [134.36510, 33.61027, 7.5],
          [134.36511, 33.61035, 7.75],
          [134.36511, 33.61044, 7.75],
          [134.36510, 33.61059, 8.0],
          [134.36510, 33.61077, 8.5],
          [134.36510, 33.61082, 8.5],
          [134.36510, 33.61142, 9.0],
          [134.36513, 33.61157, 9.0],
          [134.36517, 33.61170, 9.0],
          [134.36537, 33.61209, 7.0],
          [134.36558, 33.61252, 4.25],
          [134.36624, 33.61372, 6.0],
          [134.36642, 33.61408, 8.25],
          [134.36654, 33.61434, 7.25],
          [134.36660, 33.61451, 5.5],
          [134.36664, 33.61468, 3.75],
          [134.36680, 33.61551, 1.5],
          [134.36689, 33.61593, 2.75],
          [134.36693, 33.61603, 3.75],
          [134.36700, 33.61620, 5.5],
          [134.36711, 33.61639, 7.75],
          [134.36715, 33.61647, 8.75],
          [134.36719, 33.61657, 10.25],
          [134.36721, 33.61669, 11.75],
          [134.36722, 33.61690, 13.25],
          [134.36721, 33.61700, 13.75],
          [134.36718, 33.61710, 14.25],
          [134.36712, 33.61719, 14.0],
          [134.36701, 33.61726, 13.25],
          [134.36673, 33.61745, 10.5],
          [134.36662, 33.61756, 11.25],
          [134.36653, 33.61769, 14.0],
          [134.36623, 33.61838, 19.5],
          [134.36617, 33.61848, 20.25],
          [134.36608, 33.61856, 20.5],
          [134.36595, 33.61865, 20.5],
          [134.36558, 33.61884, 22.25],
          [134.36544, 33.61893, 23.0],
          [134.36534, 33.61904, 23.25],
          [134.36527, 33.61916, 23.25],
          [134.36518, 33.61935, 25.5],
          [134.36511, 33.61947, 26.5],
          [134.36503, 33.61956, 27.25],
          [134.36493, 33.61965, 28.75],
          [134.36465, 33.61983, 31.5],
          [134.36455, 33.61992, 32.0],
          [134.36446, 33.62003, 32.0],
          [134.36440, 33.62012, 32.5],
          [134.36434, 33.62023, 32.75],
          [134.36431, 33.62034, 33.25],
          [134.36431, 33.62043, 33.5],
          [134.36433, 33.62052, 34.0],
          [134.36437, 33.62065, 34.75],
          [134.36439, 33.62098, 33.0],
          [134.36439, 33.62113, 30.5],
          [134.36436, 33.62136, 26.25],
          [134.36430, 33.62153, 22.5],
          [134.36424, 33.62169, 19.25],
          [134.36419, 33.62180, 17.5],
          [134.36413, 33.62190, 16.25],
          [134.36402, 33.62206, 14.5],
          [134.36389, 33.62220, 12.5],
          [134.36381, 33.62228, 11.0],
          [134.36354, 33.62250, 6.25],
          [134.36340, 33.62261, 6.0],
          [134.36329, 33.62271, 6.0],
          [134.36323, 33.62279, 6.5],
          [134.36315, 33.62293, 6.75],
          [134.36304, 33.62327, 6.5],
          [134.36290, 33.62370, 4.0],
          [134.36276, 33.62414, 1.5],
          [134.36266, 33.62445, 1.25],
          [134.36253, 33.62479, 1.5],
          [134.36245, 33.62496, 1.75],
          [134.36224, 33.62555, 0.0],
          [134.36221, 33.62562, -0.25],
          [134.36212, 33.62626, -1.25],
          [134.36207, 33.62661, -1.25],
          [134.36207, 33.62675, -1.0],
          [134.36212, 33.62715, 0.75],
          [134.36216, 33.62749, 2.25],
          [134.36212, 33.62791, 3.0],
          [134.36211, 33.62801, 3.25],
          [134.36232, 33.62834, 2.25],
          [134.36255, 33.62866, 4.0],
          [134.36279, 33.62896, 4.75],
          [134.36288, 33.62907, 4.75],
          [134.36303, 33.62925, 5.5],
          [134.36315, 33.62938, 6.5],
          [134.36331, 33.62951, 6.5],
          [134.36344, 33.62960, 7.0],
          [134.36363, 33.62971, 7.0],
          [134.36380, 33.62978, 6.25],
          [134.36393, 33.62983, 5.5],
          [134.36421, 33.62995, 3.25],
          [134.36426, 33.62997, 3.25],
          [134.36438, 33.63005, 2.75],
          [134.36442, 33.63010, 2.5],
          [134.36443, 33.63014, 2.25],
          [134.36440, 33.63067, 1.5],
          [134.36440, 33.63118, 1.75],
          [134.36446, 33.63159, 2.5],
          [134.36448, 33.63167, 2.5],
          [134.36451, 33.63173, 2.5],
          [134.36455, 33.63179, 2.5],
          [134.36460, 33.63184, 2.25],
          [134.36470, 33.63193, 2.25],
          [134.36496, 33.63209, 2.5],
          [134.36500, 33.63212, 2.5],
          [134.36533, 33.63231, 2.5],
          [134.36537, 33.63233, 2.5],
          [134.36535, 33.63241, 2.75],
          [134.36528, 33.63247, 2.75],
          [134.36544, 33.63250, 2.75],
          [134.36549, 33.63251, 2.75],
          [134.36558, 33.63251, 2.75],
          [134.36573, 33.63251, 2.75],
          [134.36586, 33.63251, 2.75],
          [134.36596, 33.63250, 2.5],
          [134.36605, 33.63253, 2.25],
          [134.36620, 33.63258, 2.0],
          [134.36657, 33.63269, 1.75],
          [134.36657, 33.63269, 1.75],
          [134.36698, 33.63280, 3.0],
          [134.36707, 33.63282, 3.25],
          [134.36721, 33.63282, 3.75],
          [134.36730, 33.63281, 4.0],
          [134.36746, 33.63279, 4.25],
          [134.36760, 33.63274, 4.25],
          [134.36793, 33.63260, 3.75],
          [134.36799, 33.63259, 3.75],
          [134.36807, 33.63264, 4.5],
          [134.36822, 33.63277, 4.25],
          [134.36837, 33.63294, 4.25],
          [134.36879, 33.63347, 4.25],
          [134.36895, 33.63365, 3.5],
          [134.36932, 33.63408, 2.25],
          [134.36960, 33.63435, 1.5],
          [134.36976, 33.63449, 1.5],
          [134.36992, 33.63461, 1.75],
          [134.37051, 33.63502, 3.0],
          [134.37066, 33.63513, 3.75],
          [134.37077, 33.63521, 4.25],
          [134.37078, 33.63522, 4.25],
          [134.37107, 33.63541, 8.25],
          [134.37122, 33.63549, 10.25],
          [134.37140, 33.63556, 12.5],
          [134.37159, 33.63562, 14.75],
          [134.37177, 33.63566, 15.0],
          [134.37199, 33.63567, 13.75],
          [134.37222, 33.63567, 12.75],
          [134.37255, 33.63564, 11.0],
          [134.37282, 33.63563, 8.25],
          [134.37306, 33.63563, 5.25],
          [134.37322, 33.63564, 3.5],
          [134.37347, 33.63570, 2.0],
          [134.37358, 33.63574, 1.75],
          [134.37487, 33.63620, 4.5],
          [134.37524, 33.63635, 6.5],
          [134.37544, 33.63645, 8.25],
          [134.37565, 33.63658, 10.25],
          [134.37589, 33.63675, 13.25],
          [134.37670, 33.63739, 13.5],
          [134.37692, 33.63761, 13.0],
          [134.37704, 33.63773, 13.0],
          [134.37718, 33.63793, 13.25],
          [134.37730, 33.63818, 14.0],
          [134.37761, 33.63884, 14.0],
          [134.37771, 33.63903, 14.0],
          [134.37785, 33.63926, 13.0],
          [134.37793, 33.63937, 12.5],
          [134.37804, 33.63952, 11.75],
          [134.37810, 33.63959, 11.5],
          [134.37824, 33.63973, 11.25],
          [134.37831, 33.63978, 12.0],
          [134.37841, 33.63988, 13.75],
          [134.37852, 33.63996, 15.25],
          [134.37863, 33.64003, 16.75],
          [134.37876, 33.64011, 16.75],
          [134.37889, 33.64018, 19.0],
          [134.37899, 33.64022, 20.75],
          [134.38090, 33.64099, 29.75],
          [134.38116, 33.64109, 29.25],
          [134.38214, 33.64146, 25.25],
          [134.38248, 33.64159, 22.0],
          [134.38276, 33.64173, 20.5],
          [134.38288, 33.64179, 20.25],
          [134.38299, 33.64188, 20.25],
          [134.38314, 33.64200, 20.5],
          [134.38326, 33.64212, 20.5],
          [134.38334, 33.64222, 21.25],
          [134.38343, 33.64236, 23.75],
          [134.38371, 33.64285, 24.25],
          [134.38380, 33.64301, 23.25],
          [134.38392, 33.64319, 21.5],
          [134.38402, 33.64332, 20.0],
          [134.38412, 33.64343, 18.25],
          [134.38432, 33.64362, 16.75],
          [134.38451, 33.64376, 15.75],
          [134.38499, 33.64406, 13.25],
          [134.38525, 33.64423, 14.25],
          [134.38539, 33.64435, 14.25],
          [134.38552, 33.64449, 13.5],
          [134.38563, 33.64466, 11.25],
          [134.38569, 33.64477, 9.5],
          [134.38574, 33.64489, 7.25],
          [134.38578, 33.64502, 5.25],
          [134.38581, 33.64514, 5.25],
          [134.38581, 33.64538, 5.5],
          [134.38580, 33.64548, 5.75],
          [134.38578, 33.64564, 6.25],
          [134.38569, 33.64601, 7.0],
          [134.38567, 33.64612, 6.75],
          [134.38567, 33.64623, 6.5],
          [134.38577, 33.64647, 4.75],
          [134.38581, 33.64656, 4.25],
          [134.38587, 33.64668, 4.25],
          [134.38592, 33.64675, 6.0],
          [134.38599, 33.64684, 8.25],
          [134.38606, 33.64690, 9.75],
          [134.38614, 33.64693, 11.0],
          [134.38622, 33.64694, 12.0],
          [134.38633, 33.64695, 13.25],
          [134.38640, 33.64695, 13.75],
          [134.38651, 33.64693, 14.0],
          [134.38662, 33.64689, 13.75],
          [134.38673, 33.64687, 13.25],
          [134.38686, 33.64687, 12.75],
          [134.38697, 33.64690, 13.25],
          [134.38703, 33.64692, 13.75],
          [134.38711, 33.64699, 15.25],
          [134.38760, 33.64750, 23.5],
          [134.38815, 33.64798, 25.5],
          [134.38827, 33.64805, 24.5],
          [134.38846, 33.64812, 24.5],
          [134.38857, 33.64819, 26.0],
          [134.38863, 33.64832, 28.75],
          [134.38864, 33.64855, 26.0],
          [134.38867, 33.64869, 23.75],
          [134.38867, 33.64892, 20.75],
          [134.38864, 33.64905, 19.0],
          [134.38855, 33.64924, 17.0],
          [134.38821, 33.64949, 14.75],
          [134.38815, 33.64953, 14.5],
          [134.38882, 33.65027, 4.0],
          [134.38917, 33.65066, 6.75],
          [134.38987, 33.65143, 11.0],
          [134.39013, 33.65173, 10.75],
          [134.39214, 33.65395, 6.5],
          [134.39249, 33.65432, 6.75],
          [134.39260, 33.65441, 8.5],
          [134.39278, 33.65455, 10.25],
          [134.39304, 33.65471, 10.25],
          [134.39329, 33.65484, 8.25],
          [134.39383, 33.65508, 8.75],
          [134.39408, 33.65519, 10.5],
          [134.39417, 33.65524, 11.5],
          [134.39430, 33.65532, 12.0],
          [134.39441, 33.65539, 12.25],
          [134.39451, 33.65545, 12.5],
          [134.39470, 33.65560, 12.75],
          [134.39489, 33.65575, 12.5],
          [134.39510, 33.65597, 11.5],
          [134.39524, 33.65609, 10.5],
          [134.39587, 33.65684, 15.0],
          [134.39690, 33.65781, 32.0],
          [134.39716, 33.65800, 32.5],
          [134.39743, 33.65818, 33.75],
          [134.39963, 33.65924, 31.75],
          [134.39977, 33.65931, 28.0],
          [134.40052, 33.65969, 24.25],
          [134.40086, 33.65986, 22.5],
          [134.40125, 33.66004, 20.75],
          [134.40160, 33.66017, 19.0],
          [134.40176, 33.66022, 18.25],
          [134.40209, 33.66031, 17.0],
          [134.40252, 33.66040, 15.0],
          [134.40333, 33.66054, 11.5],
          [134.40357, 33.66057, 10.5],
          [134.40371, 33.66058, 10.0],
          [134.40407, 33.66059, 8.5],
          [134.40408, 33.66059, 8.25],
          [134.40425, 33.66059, 8.5],
          [134.40432, 33.66059, 9.5],
          [134.40438, 33.66058, 10.5],
          [134.40479, 33.66051, 15.5],
          [134.40489, 33.66050, 16.75],
          [134.40550, 33.66040, 21.25],
          [134.40564, 33.66038, 22.25],
          [134.40584, 33.66037, 24.25],
          [134.40600, 33.66039, 24.75],
          [134.40614, 33.66041, 25.75],
          [134.40626, 33.66044, 26.5],
          [134.40637, 33.66049, 27.75],
          [134.40642, 33.66050, 28.0],
          [134.40723, 33.66090, 44.5],
          [134.40745, 33.66100, 51.25],
          [134.40935, 33.66190, 59.5],
          [134.40938, 33.66192, 59.0],
          [134.41099, 33.66269, 24.25],
          [134.41330, 33.66381, 15.25],
          [134.41361, 33.66396, 14.75],
          [134.41396, 33.66406, 14.0],
          [134.41434, 33.66422, 15.5],
          [134.41493, 33.66464, 18.0],
          [134.41611, 33.66545, 11.0],
          [134.41622, 33.66552, 9.75],
          [134.41629, 33.66556, 8.75],
          [134.41631, 33.66558, 8.25],
          [134.41640, 33.66564, 7.0],
          [134.41651, 33.66569, 7.0],
          [134.41690, 33.66585, 4.75],
          [134.41702, 33.66591, 4.75],
          [134.41736, 33.66606, 4.5],
          [134.41783, 33.66626, 5.0],
          [134.41830, 33.66647, 5.75],
          [134.41886, 33.66671, 4.5],
          [134.41890, 33.66672, 4.5],
          [134.41895, 33.66674, 4.5],
          [134.41900, 33.66676, 4.25],
          [134.41903, 33.66678, 4.25],
          [134.41951, 33.66697, 3.5],
          [134.41964, 33.66701, 3.5],
          [134.42000, 33.66719, 2.5],
          [134.41988, 33.66779, 2.0],
          [134.41997, 33.66780, 2.0],
          [134.42023, 33.66784, 1.75],
          [134.42035, 33.66786, 1.75],
          [134.42055, 33.66789, 1.5],
          [134.42117, 33.66798, 1.5],
          [134.42126, 33.66799, 1.25],
          [134.42149, 33.66802, 1.25],
          [134.42225, 33.66812, 5.25],
          [134.42233, 33.66814, 5.75],
          [134.42231, 33.66819, 5.75],
          [134.42220, 33.66858, 5.5],
          [134.42220, 33.66872, 5.5],
          [134.42226, 33.66887, 6.0],
          [134.42227, 33.66892, 6.25],
          [134.42227, 33.66967, 4.75],
          [134.42229, 33.67003, 3.5],
          [134.42228, 33.67048, 3.0],
          [134.42232, 33.67088, 2.25],
          [134.42236, 33.67112, 2.0],
          [134.42237, 33.67116, 1.75],
          [134.42237, 33.67120, 1.75],
          [134.42239, 33.67143, 1.25],
          [134.42242, 33.67199, 0.75],
          [134.42244, 33.67227, 0.75],
          [134.42244, 33.67231, 0.75],
          [134.42247, 33.67301, 2.5],
          [134.42252, 33.67365, 4.5],
          [134.42252, 33.67378, 4.75],
          [134.42262, 33.67429, 5.25],
          [134.42267, 33.67466, 4.75],
          [134.42272, 33.67494, 4.25],
          [134.42293, 33.67612, 1.25],
          [134.42298, 33.67637, 0.5],
          [134.42299, 33.67642, 0.5],
          [134.42307, 33.67663, 0.0],
          [134.42340, 33.67710, 1.0],
          [134.42353, 33.67732, 2.25],
          [134.42372, 33.67765, 4.5],
          [134.42376, 33.67781, 5.5],
          [134.42377, 33.67797, 6.5],
          [134.42377, 33.67825, 7.75],
          [134.42376, 33.67839, 8.75],
          [134.42373, 33.67851, 9.25],
          [134.42335, 33.67969, 6.75],
          [134.42321, 33.67999, 6.5],
          [134.42305, 33.68028, 9.5],
          [134.42277, 33.68077, 10.5],
          [134.42270, 33.68097, 10.0],
          [134.42267, 33.68110, 10.25],
          [134.42255, 33.68141, 10.25],
          [134.42254, 33.68143, 10.25],
          [134.42252, 33.68147, 10.25],
          [134.42250, 33.68150, 10.5],
          [134.42191, 33.68268, 21.5],
          [134.42175, 33.68296, 20.25],
          [134.42169, 33.68310, 19.75],
          [134.42165, 33.68323, 20.5],
          [134.42150, 33.68415, 19.75],
          [134.42146, 33.68449, 18.0],
          [134.42142, 33.68462, 17.0],
          [134.42140, 33.68479, 16.25],
          [134.42125, 33.68518, 12.25],
          [134.42121, 33.68530, 11.5],
          [134.42120, 33.68541, 11.5],
          [134.42123, 33.68578, 12.0],
          [134.42127, 33.68590, 12.5],
          [134.42147, 33.68615, 15.75],
          [134.42185, 33.68664, 23.0],
          [134.42196, 33.68676, 24.5],
          [134.42199, 33.68683, 24.0],
          [134.42200, 33.68690, 22.75],
          [134.42200, 33.68698, 20.75],
          [134.42200, 33.68701, 20.0],
          [134.42196, 33.68711, 17.0],
          [134.42212, 33.68713, 19.0],
          [134.42227, 33.68714, 21.25],
          [134.42291, 33.68715, 28.75],
          [134.42317, 33.68716, 31.0],
          [134.42349, 33.68719, 32.0],
          [134.42388, 33.68723, 31.25],
          [134.42417, 33.68730, 29.0],
          [134.42443, 33.68737, 27.75],
          [134.42465, 33.68745, 25.75],
          [134.42485, 33.68753, 24.25],
          [134.42504, 33.68763, 24.5],
          [134.42523, 33.68774, 24.5],
          [134.42541, 33.68786, 23.25],
          [134.42560, 33.68803, 20.25],
          [134.42583, 33.68823, 14.75],
          [134.42598, 33.68840, 12.0],
          [134.42620, 33.68867, 12.0],
          [134.42630, 33.68879, 11.75],
          [134.42673, 33.68929, 10.25],
          [134.42698, 33.68960, 10.75],
          [134.42711, 33.68971, 10.25],
          [134.42724, 33.68982, 9.75],
          [134.42736, 33.68989, 9.0],
          [134.42760, 33.68998, 7.75],
          [134.42777, 33.68999, 7.5],
          [134.42794, 33.69000, 7.25],
          [134.42823, 33.68996, 7.25],
          [134.42883, 33.68988, 10.0],
          [134.42905, 33.68987, 10.75],
          [134.42926, 33.68988, 11.5],
          [134.42947, 33.68990, 12.0],
          [134.42968, 33.68995, 12.25],
          [134.42999, 33.69005, 12.75],
          [134.43019, 33.69011, 14.5],
          [134.43143, 33.69050, 22.0],
          [134.43165, 33.69058, 22.5],
          [134.43183, 33.69067, 23.0],
          [134.43196, 33.69076, 23.25],
          [134.43267, 33.69124, 26.25],
          [134.43284, 33.69134, 26.75],
          [134.43292, 33.69138, 27.0],
          [134.43301, 33.69142, 27.25],
          [134.43317, 33.69146, 27.5],
          [134.43383, 33.69160, 21.0],
          [134.43393, 33.69162, 19.5],
          [134.43409, 33.69166, 17.5],
          [134.43462, 33.69177, 20.75],
          [134.43468, 33.69178, 21.25],
          [134.43522, 33.69189, 24.25],
          [134.43574, 33.69201, 24.75],
          [134.43600, 33.69210, 25.25],
          [134.43617, 33.69218, 25.5],
          [134.43633, 33.69228, 25.75],
          [134.43648, 33.69240, 26.0],
          [134.43658, 33.69251, 26.25],
          [134.43668, 33.69264, 26.0],
          [134.43677, 33.69279, 26.0],
          [134.43688, 33.69302, 26.0],
          [134.43706, 33.69341, 26.25],
          [134.43723, 33.69379, 24.5],
          [134.43747, 33.69431, 22.75],
          [134.43750, 33.69439, 23.0],
          [134.43754, 33.69453, 24.0],
          [134.43755, 33.69457, 24.25],
          [134.43756, 33.69465, 24.75],
          [134.43758, 33.69479, 25.75],
          [134.43758, 33.69495, 26.5],
          [134.43757, 33.69508, 27.5],
          [134.43752, 33.69521, 28.0],
          [134.43746, 33.69535, 28.5],
          [134.43735, 33.69556, 29.5],
          [134.43727, 33.69566, 29.5],
          [134.43715, 33.69580, 29.0],
          [134.43700, 33.69593, 28.5],
          [134.43673, 33.69614, 27.25],
          [134.43621, 33.69653, 25.75],
          [134.43590, 33.69674, 24.75],
          [134.43561, 33.69696, 26.5],
          [134.43538, 33.69715, 28.25],
          [134.43527, 33.69728, 29.5],
          [134.43518, 33.69738, 30.5],
          [134.43512, 33.69749, 31.25],
          [134.43507, 33.69761, 31.75],
          [134.43502, 33.69777, 32.25],
          [134.43499, 33.69791, 32.75],
          [134.43498, 33.69799, 33.25],
          [134.43496, 33.69810, 33.5],
          [134.43496, 33.69821, 34.0],
          [134.43496, 33.69833, 34.5],
          [134.43500, 33.69845, 35.25],
          [134.43510, 33.69862, 36.75],
          [134.43517, 33.69869, 37.75],
          [134.43525, 33.69878, 38.75],
          [134.43533, 33.69884, 39.75],
          [134.43541, 33.69888, 40.75],
          [134.43562, 33.69897, 43.0],
          [134.43578, 33.69901, 44.5],
          [134.43592, 33.69902, 46.0],
          [134.43851, 33.69921, 68.0],
          [134.43886, 33.69925, 69.5],
          [134.43963, 33.69941, 67.75],
          [134.43987, 33.69944, 67.5],
          [134.44010, 33.69946, 67.75],
          [134.44057, 33.69945, 69.25],
          [134.44082, 33.69946, 69.5],
          [134.44103, 33.69949, 70.75],
          [134.44122, 33.69955, 70.5],
          [134.44141, 33.69961, 69.0],
          [134.44264, 33.70010, 66.0],
          [134.44280, 33.70018, 67.75],
          [134.44292, 33.70028, 67.5],
          [134.44303, 33.70039, 66.25],
          [134.44328, 33.70077, 58.25],
          [134.44355, 33.70116, 61.5],
          [134.44373, 33.70140, 65.75],
          [134.44416, 33.70193, 74.5],
          [134.44426, 33.70208, 77.0],
          [134.44432, 33.70221, 78.25],
          [134.44437, 33.70237, 78.5],
          [134.44442, 33.70257, 78.75],
          [134.44448, 33.70335, 76.25],
          [134.44452, 33.70354, 76.25],
          [134.44459, 33.70374, 77.0],
          [134.44466, 33.70389, 77.75],
          [134.44474, 33.70401, 78.5],
          [134.44484, 33.70414, 79.0],
          [134.44494, 33.70425, 79.75],
          [134.44507, 33.70436, 80.25],
          [134.44524, 33.70448, 80.25],
          [134.44540, 33.70457, 80.25],
          [134.44562, 33.70467, 80.25],
          [134.44604, 33.70478, 78.75],
          [134.44677, 33.70479, 79.75],
          [134.44708, 33.70479, 83.25],
          [134.44729, 33.70481, 84.75],
          [134.44747, 33.70485, 85.0],
          [134.44766, 33.70492, 85.25],
          [134.44804, 33.70513, 89.0],
          [134.44832, 33.70526, 91.0],
          [134.44860, 33.70535, 89.25],
          [134.44920, 33.70552, 85.25],
          [134.45010, 33.70576, 86.75],
          [134.45105, 33.70601, 105.25],
          [134.45132, 33.70607, 108.0],
          [134.45160, 33.70611, 110.75],
          [134.45260, 33.70622, 119.0],
          [134.45277, 33.70625, 119.25],
          [134.45296, 33.70630, 118.5],
          [134.45363, 33.70656, 112.75],
          [134.45383, 33.70661, 113.75],
          [134.45405, 33.70665, 115.75],
          [134.45639, 33.70684, 133.25],
          [134.45664, 33.70688, 134.0],
          [134.45686, 33.70695, 134.25],
          [134.45706, 33.70705, 133.5],
          [134.45763, 33.70742, 128.25],
          [134.45786, 33.70755, 130.0],
          [134.45806, 33.70763, 134.25],
          [134.45816, 33.70762, 135.0],
          [134.45841, 33.70760, 135.25],
          [134.45853, 33.70761, 134.5],
          [134.45873, 33.70766, 134.0],
          [134.45881, 33.70769, 134.25],
          [134.45889, 33.70773, 134.5],
          [134.45959, 33.70775, 129.5],
          [134.46027, 33.70776, 125.75],
          [134.46042, 33.70776, 125.0],
          [134.46069, 33.70775, 123.75],
          [134.46091, 33.70772, 122.0],
          [134.46116, 33.70768, 118.5],
          [134.46141, 33.70763, 115.5],
          [134.46187, 33.70750, 110.0],
          [134.46205, 33.70747, 107.75],
          [134.46227, 33.70744, 105.0],
          [134.46253, 33.70744, 102.25],
          [134.46349, 33.70745, 104.0],
          [134.46368, 33.70747, 103.0],
          [134.46387, 33.70750, 102.0],
          [134.46407, 33.70755, 102.5],
          [134.46426, 33.70762, 103.0],
          [134.46446, 33.70772, 103.0],
          [134.46498, 33.70801, 99.25],
          [134.46514, 33.70809, 99.75],
          [134.46525, 33.70812, 100.0],
          [134.46540, 33.70818, 99.5],
          [134.46550, 33.70821, 99.25],
          [134.46582, 33.70826, 97.5],
          [134.46600, 33.70828, 97.75],
          [134.46620, 33.70828, 98.0],
          [134.46713, 33.70827, 100.75],
          [134.46737, 33.70828, 100.75],
          [134.46764, 33.70832, 99.0],
          [134.46791, 33.70838, 97.75],
          [134.46859, 33.70858, 94.75],
          [134.46891, 33.70869, 92.5],
          [134.46910, 33.70878, 90.5],
          [134.46925, 33.70887, 91.0],
          [134.46943, 33.70901, 93.0],
          [134.46970, 33.70925, 95.75],
          [134.46998, 33.70950, 97.0],
          [134.47018, 33.70966, 95.0],
          [134.47042, 33.70983, 91.0],
          [134.47048, 33.70978, 92.0],
          [134.47054, 33.70977, 92.5],
          [134.47088, 33.70975, 92.75],
          [134.47110, 33.70978, 92.0],
          [134.47135, 33.70984, 89.5],
          [134.47169, 33.70988, 88.25],
          [134.47192, 33.70992, 87.5],
          [134.47213, 33.70999, 86.25],
          [134.47231, 33.71009, 86.5],
          [134.47241, 33.71014, 86.5],
          [134.47252, 33.71019, 87.25],
          [134.47268, 33.71030, 90.75],
          [134.47285, 33.71044, 92.75],
          [134.47330, 33.71093, 88.0],
          [134.47371, 33.71128, 88.5],
          [134.47391, 33.71139, 88.5],
          [134.47420, 33.71150, 88.75],
          [134.47432, 33.71156, 87.0],
          [134.47437, 33.71161, 85.75],
          [134.47440, 33.71165, 84.5],
          [134.47446, 33.71177, 83.5],
          [134.47450, 33.71183, 83.25],
          [134.47458, 33.71186, 83.25],
          [134.47495, 33.71193, 83.75],
          [134.47528, 33.71199, 82.5],
          [134.47548, 33.71204, 81.5],
          [134.47567, 33.71212, 80.5],
          [134.47589, 33.71219, 79.75],
          [134.47643, 33.71237, 77.0],
          [134.47668, 33.71247, 75.25],
          [134.47685, 33.71256, 77.25],
          [134.47687, 33.71260, 78.75],
          [134.47713, 33.71265, 81.0],
          [134.47732, 33.71267, 82.25],
          [134.47751, 33.71267, 83.0],
          [134.47768, 33.71265, 83.5],
          [134.47785, 33.71262, 83.25],
          [134.47804, 33.71256, 82.25],
          [134.47858, 33.71237, 83.5],
          [134.47881, 33.71229, 84.25],
          [134.47901, 33.71225, 85.0],
          [134.47917, 33.71224, 85.25],
          [134.47934, 33.71225, 83.75],
          [134.47949, 33.71227, 82.5],
          [134.47965, 33.71231, 81.25],
          [134.47979, 33.71237, 80.0],
          [134.47994, 33.71246, 78.5],
          [134.48018, 33.71266, 79.0],
          [134.48042, 33.71288, 78.5],
          [134.48061, 33.71308, 76.5],
          [134.48078, 33.71330, 73.0],
          [134.48096, 33.71357, 75.0],
          [134.48158, 33.71450, 73.0],
          [134.48178, 33.71474, 72.5],
          [134.48192, 33.71490, 72.5],
          [134.48207, 33.71501, 72.5],
          [134.48232, 33.71520, 77.25],
          [134.48251, 33.71531, 80.0],
          [134.48257, 33.71534, 80.5],
          [134.48303, 33.71559, 82.75],
          [134.48320, 33.71568, 83.25],
          [134.48428, 33.71627, 81.75],
          [134.48454, 33.71642, 77.5],
          [134.48516, 33.71676, 68.5],
          [134.48595, 33.71720, 61.25],
          [134.48615, 33.71730, 62.25],
          [134.48643, 33.71744, 62.75],
          [134.48668, 33.71753, 62.75],
          [134.48693, 33.71761, 64.5],
          [134.48718, 33.71766, 65.75],
          [134.48736, 33.71768, 67.0],
          [134.48761, 33.71769, 68.25],
          [134.48789, 33.71768, 69.25],
          [134.48819, 33.71765, 70.5],
          [134.48856, 33.71763, 73.25],
          [134.48881, 33.71762, 76.0],
          [134.48898, 33.71763, 78.0],
          [134.48919, 33.71765, 80.75],
          [134.48940, 33.71771, 81.5],
          [134.48978, 33.71784, 84.25],
          [134.49014, 33.71794, 87.25],
          [134.49031, 33.71797, 88.25],
          [134.49049, 33.71798, 89.0],
          [134.49069, 33.71798, 89.0],
          [134.49082, 33.71796, 88.75],
          [134.49101, 33.71792, 90.75],
          [134.49141, 33.71781, 95.25],
          [134.49185, 33.71770, 99.5],
          [134.49206, 33.71766, 100.5],
          [134.49227, 33.71764, 102.0],
          [134.49268, 33.71765, 104.0],
          [134.49291, 33.71769, 104.5],
          [134.49318, 33.71775, 106.0],
          [134.49376, 33.71790, 112.25],
          [134.49401, 33.71797, 114.75],
          [134.50100, 33.72001, 79.25],
          [134.50135, 33.72011, 71.5],
          [134.50165, 33.72020, 66.25],
          [134.50187, 33.72029, 66.5],
          [134.50204, 33.72038, 67.0],
          [134.50225, 33.72052, 67.75],
          [134.50244, 33.72068, 68.75],
          [134.50268, 33.72093, 66.75],
          [134.50290, 33.72127, 64.5],
          [134.50313, 33.72157, 58.5],
          [134.50329, 33.72176, 53.75],
          [134.50356, 33.72204, 52.75],
          [134.50381, 33.72226, 50.5],
          [134.50402, 33.72243, 47.25],
          [134.50422, 33.72254, 45.0],
          [134.50441, 33.72264, 47.5],
          [134.50461, 33.72272, 49.25],
          [134.50475, 33.72276, 50.5],
          [134.50561, 33.72301, 49.0],
          [134.50590, 33.72307, 45.5],
          [134.50613, 33.72310, 42.75],
          [134.50635, 33.72311, 39.75],
          [134.50717, 33.72313, 34.25],
          [134.50742, 33.72316, 33.0],
          [134.50766, 33.72320, 33.25],
          [134.50790, 33.72326, 33.0],
          [134.50817, 33.72336, 32.25],
          [134.50846, 33.72348, 32.75],
          [134.50901, 33.72371, 33.0],
          [134.51004, 33.72414, 20.75],
          [134.51056, 33.72435, 24.25],
          [134.51070, 33.72441, 24.25],
          [134.51089, 33.72447, 24.5],
          [134.51112, 33.72454, 26.0],
          [134.51133, 33.72458, 26.75],
          [134.51196, 33.72466, 27.5],
          [134.51241, 33.72469, 26.75],
          [134.51365, 33.72479, 20.25],
          [134.51468, 33.72488, 13.25],
          [134.51507, 33.72490, 13.0],
          [134.51528, 33.72491, 14.5],
          [134.51544, 33.72491, 15.75],
          [134.51563, 33.72489, 17.25],
          [134.51581, 33.72485, 18.5],
          [134.51598, 33.72480, 21.25],
          [134.51614, 33.72475, 23.5],
          [134.51618, 33.72473, 23.75],
          [134.51638, 33.72465, 25.5],
          [134.51734, 33.72429, 16.5],
          [134.51751, 33.72422, 14.25],
          [134.51763, 33.72418, 13.0],
          [134.51773, 33.72414, 12.75],
          [134.51788, 33.72408, 13.25],
          [134.51841, 33.72386, 12.25],
          [134.51859, 33.72377, 12.0],
          [134.51873, 33.72368, 11.5],
          [134.51888, 33.72355, 10.5],
          [134.51901, 33.72343, 9.25],
          [134.51913, 33.72332, 8.0],
          [134.51930, 33.72315, 8.75],
          [134.51942, 33.72306, 9.25],
          [134.51959, 33.72296, 9.25],
          [134.51969, 33.72291, 9.0],
          [134.51977, 33.72287, 8.75],
          [134.51983, 33.72285, 8.5],
          [134.51996, 33.72280, 8.0],
          [134.52009, 33.72276, 7.0],
          [134.52026, 33.72271, 5.5],
          [134.52103, 33.72247, 0.0],
          [134.52181, 33.72222, 0.25],
          [134.52244, 33.72203, 3.25],
          [134.52259, 33.72200, 3.75],
          [134.52277, 33.72196, 4.0],
          [134.52299, 33.72194, 4.5],
          [134.52320, 33.72194, 5.25],
          [134.52341, 33.72195, 5.5],
          [134.52352, 33.72197, 5.25],
          [134.52367, 33.72201, 5.25],
          [134.52379, 33.72205, 5.25],
          [134.52397, 33.72211, 5.5],
          [134.52466, 33.72241, 3.5],
          [134.52476, 33.72245, 2.75],
          [134.52490, 33.72248, 1.75],
          [134.52505, 33.72252, 1.25],
          [134.52522, 33.72254, 1.75],
          [134.52558, 33.72258, 2.5],
          [134.52591, 33.72260, 2.5],
          [134.52599, 33.72260, 2.25],
          [134.52627, 33.72261, 1.5],
          [134.52726, 33.72267, -0.5],
          [134.52741, 33.72268, -0.75],
          [134.52759, 33.72271, -1.0],
          [134.52796, 33.72279, -1.5],
          [134.52816, 33.72285, -1.75],
          [134.52834, 33.72292, -1.75],
          [134.52851, 33.72299, -1.5],
          [134.52871, 33.72309, -0.75],
          [134.52926, 33.72342, 1.5],
          [134.53010, 33.72399, 2.0],
          [134.53017, 33.72404, 1.75],
          [134.53029, 33.72414, 1.25],
          [134.53053, 33.72419, 1.5],
          [134.53074, 33.72424, 2.0],
          [134.53135, 33.72452, 1.5],
          [134.53198, 33.72482, 0.5],
          [134.53203, 33.72486, 0.5],
          [134.53204, 33.72490, 0.5],
          [134.53202, 33.72503, 0.25],
          [134.53166, 33.72740, 2.75],
          [134.53162, 33.72764, 3.0],
          [134.53154, 33.72817, 3.0],
          [134.53142, 33.72896, 3.75],
          [134.53140, 33.72911, 3.75],
          [134.53137, 33.72932, 3.5],
          [134.53144, 33.72933, 3.5],
          [134.53212, 33.72940, 3.5],
          [134.53286, 33.72947, 3.0],
          [134.53291, 33.72948, 2.75],
          [134.53296, 33.72951, 2.75],
          [134.53300, 33.72954, 2.75],
          [134.53303, 33.72961, 2.75],
          [134.53305, 33.72970, 2.75],
          [134.53310, 33.72988, 2.75],
          [134.53312, 33.72998, 2.75],
          [134.53329, 33.73056, 3.5],
          [134.53332, 33.73065, 3.75],
          [134.53334, 33.73074, 3.75],
          [134.53338, 33.73088, 3.75],
          [134.53339, 33.73101, 3.5],
          [134.53340, 33.73113, 3.5],
          [134.53340, 33.73139, 3.25],
          [134.53342, 33.73191, 3.0],
          [134.53357, 33.73223, 3.0],
          [134.53360, 33.73228, 3.0],
          [134.53383, 33.73281, 3.5],
          [134.53387, 33.73289, 3.75],
          [134.53389, 33.73295, 4.0],
          [134.53392, 33.73310, 4.25],
          [134.53392, 33.73319, 4.5],
          [134.53390, 33.73329, 4.75],
          [134.53369, 33.73402, 4.5],
          [134.53366, 33.73410, 4.25],
          [134.53365, 33.73414, 4.25],
          [134.53363, 33.73420, 4.5],
          [134.53358, 33.73436, 5.75],
          [134.53343, 33.73486, 8.25],
          [134.53329, 33.73551, 10.25],
          [134.53314, 33.73627, 15.0],
          [134.53305, 33.73681, 17.0],
          [134.53302, 33.73723, 17.5],
          [134.53300, 33.73756, 17.0],
          [134.53300, 33.73776, 14.5],
          [134.53301, 33.73781, 13.75],
          [134.53303, 33.73791, 13.0],
          [134.53321, 33.73822, 9.75],
          [134.53323, 33.73828, 9.25],
          [134.53325, 33.73835, 8.75],
          [134.53331, 33.73886, 5.75],
          [134.53332, 33.73890, 5.75],
          [134.53335, 33.73899, 5.5],
          [134.53339, 33.73902, 5.5],
          [134.53344, 33.73907, 5.25],
          [134.53357, 33.73912, 5.0],
          [134.53361, 33.73913, 4.75],
          [134.53382, 33.73920, 4.25],
          [134.53402, 33.73927, 4.0],
          [134.53429, 33.73939, 4.0],
          [134.53446, 33.73948, 3.75],
          [134.53460, 33.73958, 3.5],
          [134.53540, 33.74018, 3.0],
          [134.53558, 33.74033, 3.25],
          [134.53569, 33.74047, 3.25],
          [134.53574, 33.74056, 3.25],
          [134.53580, 33.74070, 3.0],
          [134.53584, 33.74095, 3.0],
          [134.53594, 33.74182, 4.25],
          [134.53596, 33.74193, 4.25],
          [134.53598, 33.74203, 4.25],
          [134.53603, 33.74219, 4.5],
          [134.53609, 33.74237, 4.5],
          [134.53616, 33.74253, 4.5],
          [134.53627, 33.74271, 4.5],
          [134.53641, 33.74293, 4.25],
          [134.53686, 33.74346, 5.0],
          [134.53705, 33.74368, 5.75],
          [134.53723, 33.74389, 6.25],
          [134.53738, 33.74406, 6.0],
          [134.53746, 33.74416, 5.75],
          [134.53750, 33.74424, 6.25],
          [134.53753, 33.74431, 6.75],
          [134.53760, 33.74452, 8.0],
          [134.53764, 33.74466, 8.25],
          [134.53765, 33.74473, 8.25],
          [134.53766, 33.74480, 8.25],
          [134.53767, 33.74497, 8.0],
          [134.53765, 33.74532, 7.25],
          [134.53763, 33.74538, 7.25],
          [134.53758, 33.74546, 7.0],
          [134.53756, 33.74551, 6.75],
          [134.53745, 33.74561, 6.5],
          [134.53683, 33.74618, 7.25],
          [134.53677, 33.74624, 7.25],
          [134.53599, 33.74687, 9.75],
          [134.53567, 33.74708, 9.5],
          [134.53523, 33.74733, 9.25],
          [134.53468, 33.74765, 10.5],
          [134.53431, 33.74795, 11.25],
          [134.53426, 33.74797, 11.5],
          [134.53405, 33.74808, 12.75],
          [134.53403, 33.74812, 12.75],
          [134.53317, 33.74964, 25.75],
          [134.53287, 33.75024, 33.0],
          [134.53279, 33.75046, 35.5],
          [134.53272, 33.75073, 36.75],
          [134.53269, 33.75098, 35.25],
          [134.53266, 33.75149, 29.5],
          [134.53262, 33.75167, 28.0],
          [134.53256, 33.75177, 28.5],
          [134.53245, 33.75188, 29.25],
          [134.53237, 33.75194, 30.5],
          [134.53218, 33.75201, 33.0],
          [134.53197, 33.75205, 35.75],
          [134.53141, 33.75212, 39.75],
          [134.52997, 33.75223, 33.5],
          [134.52964, 33.75233, 34.0],
          [134.52939, 33.75247, 32.0],
          [134.52916, 33.75266, 32.25],
          [134.52829, 33.75386, 24.0],
          [134.52810, 33.75414, 24.25],
          [134.52806, 33.75471, 32.0],
          [134.52806, 33.75509, 36.25],
          [134.52812, 33.75537, 33.75],
          [134.52849, 33.75614, 27.0],
          [134.52904, 33.75729, 26.5],
          [134.52914, 33.75762, 24.25],
          [134.52914, 33.75797, 25.5],
          [134.52906, 33.75829, 30.0],
          [134.52830, 33.76020, 20.5],
          [134.52817, 33.76050, 19.75],
          [134.52714, 33.76160, 16.75],
          [134.52692, 33.76186, 17.0],
          [134.52678, 33.76206, 17.75],
          [134.52674, 33.76212, 18.0],
          [134.52672, 33.76218, 18.0],
          [134.52664, 33.76236, 18.0],
          [134.52659, 33.76258, 18.25],
          [134.52655, 33.76289, 19.75],
          [134.52653, 33.76355, 21.5],
          [134.52654, 33.76383, 21.0],
          [134.52661, 33.76405, 19.75],
          [134.52670, 33.76424, 21.75],
          [134.52685, 33.76444, 27.75],
          [134.52701, 33.76458, 31.5],
          [134.52715, 33.76468, 33.5],
          [134.52738, 33.76477, 33.75],
          [134.52764, 33.76485, 34.0],
          [134.52799, 33.76492, 34.25],
          [134.52915, 33.76492, 28.75],
          [134.53036, 33.76520, 32.5],
          [134.53259, 33.76556, 44.25],
          [134.53275, 33.76561, 46.25],
          [134.53293, 33.76568, 49.25],
          [134.53304, 33.76575, 52.25],
          [134.53312, 33.76581, 54.75],
          [134.53325, 33.76594, 62.0],
          [134.53491, 33.76735, 60.0],
          [134.53501, 33.76743, 52.75],
          [134.53519, 33.76759, 48.25],
          [134.53531, 33.76770, 46.5],
          [134.53568, 33.76803, 41.0],
          [134.53570, 33.76806, 40.75],
          [134.53580, 33.76816, 39.0],
          [134.53590, 33.76836, 37.75],
          [134.53590, 33.76920, 48.0],
          [134.53590, 33.77002, 56.25],
          [134.53587, 33.77036, 56.5],
          [134.53575, 33.77076, 56.0],
          [134.53575, 33.77096, 55.25],
          [134.53577, 33.77109, 54.25],
          [134.53590, 33.77125, 54.5],
          [134.53604, 33.77134, 55.25],
          [134.53622, 33.77141, 56.0],
          [134.53644, 33.77139, 58.75],
          [134.53692, 33.77128, 70.5],
          [134.53718, 33.77124, 77.5],
          [134.53737, 33.77128, 79.75],
          [134.53753, 33.77135, 80.5],
          [134.53783, 33.77194, 74.5],
          [134.53785, 33.77234, 65.25],
          [134.53772, 33.77254, 59.25],
          [134.53719, 33.77313, 58.5],
          [134.53711, 33.77332, 59.5],
          [134.53723, 33.77368, 59.5],
          [134.53738, 33.77381, 59.75],
          [134.53788, 33.77405, 70.0],
          [134.53801, 33.77413, 74.5],
          [134.53815, 33.77430, 76.75],
          [134.53829, 33.77463, 73.5],
          [134.53841, 33.77480, 71.0],
          [134.53853, 33.77493, 68.75],
          [134.53868, 33.77500, 68.25],
          [134.53885, 33.77504, 69.75],
          [134.53898, 33.77505, 70.75],
          [134.53910, 33.77503, 72.0],
          [134.53921, 33.77500, 72.25],
          [134.54004, 33.77457, 85.0],
          [134.54035, 33.77447, 91.5],
          [134.54057, 33.77446, 93.0],
          [134.54085, 33.77450, 92.75],
          [134.54100, 33.77459, 92.75],
          [134.54112, 33.77468, 92.25],
          [134.54125, 33.77483, 90.5],
          [134.54131, 33.77502, 86.75],
          [134.54140, 33.77556, 91.5],
          [134.54144, 33.77573, 93.75],
          [134.54148, 33.77585, 96.25],
          [134.54156, 33.77600, 101.25],
          [134.54159, 33.77608, 103.5],
          [134.54213, 33.77717, 108.5],
          [134.54226, 33.77734, 104.0],
          [134.54240, 33.77758, 97.5],
          [134.54251, 33.77779, 94.0],
          [134.54254, 33.77807, 88.25],
          [134.54243, 33.77847, 79.5],
          [134.54240, 33.77878, 77.5],
          [134.54241, 33.77899, 76.5],
          [134.54245, 33.77914, 75.75],
          [134.54253, 33.77927, 75.75],
          [134.54265, 33.77939, 75.75],
          [134.54282, 33.77949, 76.25],
          [134.54298, 33.77957, 76.75],
          [134.54321, 33.77965, 77.5],
          [134.54472, 33.78036, 100.0],
          [134.54562, 33.78085, 86.5],
          [134.54593, 33.78086, 87.5],
          [134.54611, 33.78080, 87.75],
          [134.54624, 33.78073, 88.25],
          [134.54632, 33.78066, 88.5],
          [134.54640, 33.78054, 88.5],
          [134.54645, 33.78039, 88.5],
          [134.54646, 33.78023, 89.25],
          [134.54639, 33.77972, 99.0],
          [134.54638, 33.77959, 102.0],
          [134.54639, 33.77948, 104.0],
          [134.54643, 33.77936, 104.75],
          [134.54650, 33.77925, 104.0],
          [134.54659, 33.77918, 102.0],
          [134.54670, 33.77909, 102.0],
          [134.54680, 33.77906, 102.75],
          [134.54694, 33.77902, 102.75],
          [134.54706, 33.77902, 101.5],
          [134.54718, 33.77904, 99.5],
          [134.54725, 33.77905, 97.75],
          [134.54741, 33.77912, 92.75],
          [134.54754, 33.77923, 90.0],
          [134.54773, 33.77944, 90.75],
          [134.54793, 33.77972, 90.5],
          [134.54813, 33.77997, 90.0],
          [134.54829, 33.78016, 91.5],
          [134.54843, 33.78029, 92.5],
          [134.54854, 33.78036, 93.25],
          [134.54868, 33.78045, 93.5],
          [134.54880, 33.78049, 93.75],
          [134.54896, 33.78054, 93.75],
          [134.54908, 33.78057, 93.75],
          [134.54917, 33.78058, 94.0],
          [134.54939, 33.78058, 94.25],
          [134.54970, 33.78055, 95.25],
          [134.54990, 33.78052, 96.5],
          [134.55016, 33.78049, 96.75],
          [134.55035, 33.78050, 96.0],
          [134.55046, 33.78053, 95.25],
          [134.55065, 33.78060, 94.25],
          [134.55129, 33.78098, 103.75],
          [134.55156, 33.78112, 105.5],
          [134.55210, 33.78136, 104.75],
          [134.55265, 33.78161, 96.25],
          [134.55270, 33.78163, 95.25],
          [134.55284, 33.78167, 93.5],
          [134.55297, 33.78169, 93.5],
          [134.55307, 33.78170, 93.25],
          [134.55330, 33.78170, 93.0],
          [134.55340, 33.78169, 92.5],
          [134.55367, 33.78163, 93.5],
          [134.55461, 33.78140, 101.0],
          [134.55485, 33.78134, 101.0],
          [134.55499, 33.78132, 100.25],
          [134.55514, 33.78131, 101.75],
          [134.55530, 33.78131, 103.0],
          [134.55553, 33.78133, 104.0],
          [134.55583, 33.78140, 103.5],
          [134.55613, 33.78149, 104.25],
          [134.55652, 33.78162, 103.5],
          [134.55670, 33.78172, 103.0],
          [134.55709, 33.78199, 99.0],
          [134.55728, 33.78211, 96.75],
          [134.55737, 33.78215, 96.0],
          [134.55747, 33.78218, 95.25],
          [134.55773, 33.78223, 97.25],
          [134.55811, 33.78229, 101.0],
          [134.55876, 33.78239, 107.75],
          [134.55892, 33.78244, 108.5],
          [134.55905, 33.78251, 108.0],
          [134.55914, 33.78259, 107.5],
          [134.55923, 33.78272, 106.25],
          [134.55928, 33.78287, 103.75],
          [134.55941, 33.78334, 93.0],
          [134.55946, 33.78347, 93.75],
          [134.55952, 33.78358, 94.25],
          [134.55945, 33.78362, 94.0],
          [134.55925, 33.78370, 93.75],
          [134.55918, 33.78375, 94.0],
          [134.55916, 33.78378, 94.25],
          [134.55916, 33.78383, 94.5],
          [134.55940, 33.78452, 101.5],
          [134.55965, 33.78507, 107.25],
          [134.55964, 33.78523, 106.75],
          [134.55956, 33.78544, 106.25],
          [134.55953, 33.78550, 106.0],
          [134.55944, 33.78557, 105.25],
          [134.55905, 33.78585, 103.25],
          [134.55897, 33.78597, 104.75],
          [134.55890, 33.78610, 106.25],
          [134.55885, 33.78626, 107.25],
          [134.55887, 33.78645, 107.0],
          [134.55891, 33.78663, 106.0],
          [134.55900, 33.78686, 104.0],
          [134.55902, 33.78687, 103.5],
          [134.55908, 33.78701, 102.25],
          [134.55913, 33.78709, 101.25],
          [134.55920, 33.78726, 100.75],
          [134.55932, 33.78749, 100.75],
          [134.55935, 33.78759, 100.5],
          [134.55937, 33.78779, 100.5],
          [134.55931, 33.78794, 100.25],
          [134.55925, 33.78806, 100.25],
          [134.55954, 33.78831, 100.25],
          [134.55969, 33.78845, 105.0],
          [134.55975, 33.78846, 105.75],
          [134.56041, 33.78855, 110.0],
          [134.56060, 33.78860, 110.75],
          [134.56071, 33.78868, 110.75],
          [134.56086, 33.78881, 110.0],
          [134.56100, 33.78894, 110.25],
          [134.56123, 33.78919, 107.75],
          [134.56141, 33.78930, 108.75],
          [134.56165, 33.78937, 108.75],
          [134.56296, 33.78956, 120.5],
          [134.56323, 33.78959, 120.75],
          [134.56343, 33.78967, 121.25],
          [134.56365, 33.78979, 121.5],
          [134.56381, 33.78985, 121.75],
          [134.56468, 33.79001, 121.25],
          [134.56510, 33.79000, 120.75],
          [134.56555, 33.78993, 121.75],
          [134.56570, 33.78997, 120.5],
          [134.56608, 33.79008, 126.25],
          [134.56616, 33.79012, 128.0],
          [134.56620, 33.79017, 129.25],
          [134.56621, 33.79024, 130.0],
          [134.56621, 33.79037, 131.5],
          [134.56618, 33.79042, 131.75],
          [134.56646, 33.79060, 132.25],
          [134.56678, 33.79076, 129.5],
          [134.56712, 33.79087, 128.75],
          [134.56995, 33.79157, 164.5],
          [134.57240, 33.79217, 169.5],
          [134.57307, 33.79234, 152.5],
          [134.57358, 33.79252, 144.0],
          [134.57430, 33.79285, 145.0],
          [134.57486, 33.79315, 138.5],
          [134.57537, 33.79340, 134.25],
          [134.57582, 33.79369, 134.0],
          [134.57652, 33.79421, 120.5],
          [134.57800, 33.79499, 113.0],
          [134.57831, 33.79514, 114.0],
          [134.57865, 33.79528, 115.75],
          [134.57905, 33.79534, 115.5],
          [134.57947, 33.79537, 114.5],
          [134.57955, 33.79537, 114.25],
          [134.58008, 33.79536, 112.0],
          [134.58049, 33.79539, 107.75],
          [134.58086, 33.79548, 105.5],
          [134.58120, 33.79560, 106.5],
          [134.58154, 33.79575, 104.75],
          [134.58188, 33.79586, 104.0],
          [134.58232, 33.79595, 107.25],
          [134.58372, 33.79618, 101.75],
          [134.58438, 33.79630, 98.5],
          [134.58520, 33.79653, 95.25],
          [134.58630, 33.79700, 98.25],
          [134.58696, 33.79734, 94.75],
          [134.58715, 33.79749, 91.75],
          [134.58731, 33.79763, 91.0],
          [134.58745, 33.79779, 90.25],
          [134.58800, 33.79843, 92.25],
          [134.58820, 33.79861, 93.75],
          [134.58845, 33.79878, 95.0],
          [134.58866, 33.79890, 95.25],
          [134.58884, 33.79899, 94.75],
          [134.58907, 33.79908, 93.75],
          [134.59002, 33.79942, 89.0],
          [134.59020, 33.79949, 88.5],
          [134.59036, 33.79956, 87.75],
          [134.59051, 33.79964, 87.0],
          [134.59062, 33.79972, 86.25],
          [134.59075, 33.79983, 85.0],
          [134.59086, 33.79995, 84.25],
          [134.59093, 33.80005, 84.5],
          [134.59100, 33.80016, 85.25],
          [134.59121, 33.80058, 88.5],
          [134.59155, 33.80136, 84.75],
          [134.59187, 33.80207, 78.5],
          [134.59194, 33.80223, 77.75],
          [134.59210, 33.80257, 79.0],
          [134.59224, 33.80294, 82.5],
          [134.59229, 33.80312, 84.5],
          [134.59232, 33.80330, 86.25],
          [134.59233, 33.80347, 86.5],
          [134.59234, 33.80367, 86.0],
          [134.59233, 33.80385, 85.5],
          [134.59227, 33.80415, 83.75],
          [134.59223, 33.80431, 82.5],
          [134.59217, 33.80449, 80.5],
          [134.59209, 33.80465, 78.75],
          [134.59197, 33.80488, 76.75],
          [134.59185, 33.80506, 75.5],
          [134.59152, 33.80551, 75.0],
          [134.59130, 33.80579, 72.75],
          [134.59125, 33.80585, 72.75],
          [134.59096, 33.80625, 79.0],
          [134.59065, 33.80667, 80.25],
          [134.59058, 33.80677, 81.5],
          [134.59055, 33.80683, 82.25],
          [134.59053, 33.80691, 83.75],
          [134.59053, 33.80699, 83.75],
          [134.59053, 33.80708, 84.0],
          [134.59059, 33.80729, 84.75],
          [134.59118, 33.80849, 88.0],
          [134.59120, 33.80853, 88.25],
          [134.59138, 33.80893, 82.25],
          [134.59142, 33.80905, 80.0],
          [134.59145, 33.80919, 78.0],
          [134.59145, 33.80932, 78.25],
          [134.59143, 33.80943, 78.0],
          [134.59140, 33.80953, 77.25],
          [134.59135, 33.80967, 75.25],
          [134.59118, 33.80999, 69.0],
          [134.59105, 33.81023, 69.5],
          [134.59094, 33.81049, 70.5],
          [134.59081, 33.81086, 69.75],
          [134.59074, 33.81109, 69.25],
          [134.59071, 33.81137, 69.0],
          [134.59070, 33.81168, 68.5],
          [134.59070, 33.81198, 68.0],
          [134.59072, 33.81229, 67.5],
          [134.59075, 33.81262, 66.75],
          [134.59086, 33.81352, 65.5],
          [134.59094, 33.81402, 65.5],
          [134.59097, 33.81419, 61.5],
          [134.59102, 33.81434, 58.5],
          [134.59108, 33.81448, 56.5],
          [134.59120, 33.81467, 54.5],
          [134.59132, 33.81482, 54.25],
          [134.59149, 33.81498, 55.0],
          [134.59160, 33.81506, 55.5],
          [134.59169, 33.81513, 55.0],
          [134.59189, 33.81525, 51.5],
          [134.59199, 33.81529, 50.5],
          [134.59211, 33.81533, 50.5],
          [134.59223, 33.81537, 50.5],
          [134.59236, 33.81540, 50.5],
          [134.59260, 33.81543, 50.5],
          [134.59264, 33.81543, 50.5],
          [134.59335, 33.81548, 50.0],
          [134.59341, 33.81548, 49.75],
          [134.59359, 33.81550, 49.0],
          [134.59377, 33.81553, 48.5],
          [134.59391, 33.81556, 48.0],
          [134.59406, 33.81560, 47.5],
          [134.59421, 33.81565, 47.25],
          [134.59449, 33.81579, 47.25],
          [134.59470, 33.81592, 47.5],
          [134.59507, 33.81618, 45.25],
          [134.59536, 33.81637, 43.75],
          [134.59570, 33.81656, 42.0],
          [134.59602, 33.81672, 42.75],
          [134.59645, 33.81691, 45.25],
          [134.59683, 33.81707, 44.75],
          [134.59796, 33.81745, 36.5],
          [134.59835, 33.81760, 37.0],
          [134.59869, 33.81775, 39.75],
          [134.59895, 33.81787, 39.25],
          [134.60021, 33.81848, 32.5],
          [134.60036, 33.81856, 32.25],
          [134.60046, 33.81862, 31.75],
          [134.60067, 33.81876, 30.25],
          [134.60093, 33.81895, 27.0],
          [134.60134, 33.81932, 24.5],
          [134.60162, 33.81961, 22.75],
          [134.60179, 33.81980, 21.75],
          [134.60188, 33.81993, 21.0],
          [134.60191, 33.81998, 21.0],
          [134.60192, 33.82000, 21.0],
          [134.60197, 33.82009, 21.25],
          [134.60209, 33.82031, 21.25],
          [134.60232, 33.82081, 19.5],
          [134.60261, 33.82124, 19.75],
          [134.60357, 33.82225, 18.0],
          [134.60362, 33.82230, 17.75],
          [134.60365, 33.82233, 17.75],
          [134.60370, 33.82239, 17.25],
          [134.60409, 33.82282, 15.75],
          [134.60421, 33.82297, 15.5],
          [134.60468, 33.82367, 18.0],
          [134.60495, 33.82400, 17.0],
          [134.60530, 33.82438, 18.25],
          [134.60564, 33.82475, 18.5],
          [134.60602, 33.82516, 18.5],
          [134.60615, 33.82531, 19.0],
          [134.60619, 33.82537, 19.25],
          [134.60631, 33.82558, 18.75],
          [134.60635, 33.82568, 18.5],
          [134.60639, 33.82585, 18.25],
          [134.60640, 33.82598, 18.0],
          [134.60640, 33.82635, 17.75],
          [134.60640, 33.82640, 17.75],
          [134.60640, 33.82659, 17.75],
          [134.60640, 33.82671, 17.75],
          [134.60643, 33.82687, 18.0],
          [134.60650, 33.82706, 18.0],
          [134.60657, 33.82718, 18.0],
          [134.60668, 33.82735, 18.25],
          [134.60682, 33.82753, 18.25],
          [134.60715, 33.82800, 18.5],
          [134.60749, 33.82845, 19.0],
          [134.60756, 33.82854, 20.0],
          [134.60784, 33.82892, 22.0],
          [134.60807, 33.82923, 21.25],
          [134.60819, 33.82937, 20.75],
          [134.60830, 33.82949, 19.5],
          [134.60855, 33.82973, 18.5],
          [134.60871, 33.82988, 17.5],
          [134.60906, 33.83018, 16.5],
          [134.60922, 33.83033, 17.5],
          [134.60955, 33.83067, 21.5],
          [134.60964, 33.83070, 21.5],
          [134.60969, 33.83071, 21.25],
          [134.61012, 33.83096, 21.75],
          [134.61043, 33.83110, 22.25],
          [134.61057, 33.83114, 22.5],
          [134.61074, 33.83114, 22.5],
          [134.61080, 33.83113, 22.25],
          [134.61099, 33.83097, 22.5],
          [134.61109, 33.83093, 22.75],
          [134.61132, 33.83091, 23.75],
          [134.61173, 33.83086, 25.0],
          [134.61187, 33.83080, 24.5],
          [134.61198, 33.83073, 23.5],
          [134.61219, 33.83060, 21.25],
          [134.61234, 33.83042, 18.5],
          [134.61272, 33.83019, 14.5],
          [134.61301, 33.83003, 12.75],
          [134.61345, 33.82988, 14.25],
          [134.61364, 33.82977, 16.25],
          [134.61392, 33.82958, 19.5],
          [134.61402, 33.82950, 20.5],
          [134.61408, 33.82936, 21.25],
          [134.61428, 33.82898, 20.0],
          [134.61441, 33.82877, 17.5],
          [134.61447, 33.82870, 16.5],
          [134.61474, 33.82866, 16.75],
          [134.61501, 33.82862, 16.75],
          [134.61514, 33.82863, 16.25],
          [134.61530, 33.82867, 16.0],
          [134.61559, 33.82877, 16.0],
          [134.61577, 33.82882, 15.25],
          [134.61621, 33.82890, 14.75],
          [134.61641, 33.82892, 14.25],
          [134.61710, 33.82893, 13.75],
          [134.61727, 33.82893, 14.0],
          [134.61747, 33.82900, 15.0],
          [134.61767, 33.82905, 14.75],
          [134.61787, 33.82910, 14.0],
          [134.61826, 33.82915, 12.25],
          [134.61849, 33.82924, 13.25],
          [134.61864, 33.82933, 14.5],
          [134.61895, 33.82965, 17.5],
          [134.61908, 33.82980, 17.75],
          [134.61935, 33.83001, 16.25],
          [134.61945, 33.83011, 16.0],
          [134.61952, 33.83027, 16.25],
          [134.61974, 33.83092, 15.25],
          [134.61982, 33.83111, 12.75],
          [134.61996, 33.83139, 9.25],
          [134.62014, 33.83183, 8.25],
          [134.62009, 33.83254, 12.25],
          [134.62001, 33.83317, 16.0],
          [134.62003, 33.83326, 16.0],
          [134.62009, 33.83334, 15.5],
          [134.62024, 33.83349, 13.75],
          [134.62040, 33.83367, 12.0],
          [134.62059, 33.83392, 9.75],
          [134.62068, 33.83396, 8.5],
          [134.62076, 33.83427, 8.0],
          [134.62081, 33.83445, 7.75],
          [134.62089, 33.83459, 7.75],
          [134.62106, 33.83488, 7.75],
          [134.62200, 33.83641, 7.75],
          [134.62218, 33.83667, 6.75],
          [134.62228, 33.83687, 7.25],
          [134.62270, 33.83755, 8.25],
          [134.62274, 33.83762, 8.25],
          [134.62280, 33.83768, 8.25],
          [134.62304, 33.83789, 7.25],
          [134.62324, 33.83803, 6.0],
          [134.62332, 33.83811, 5.25],
          [134.62338, 33.83822, 5.0],
          [134.62347, 33.83855, 5.25],
          [134.62362, 33.83888, 5.75],
          [134.62364, 33.83898, 5.75],
          [134.62361, 33.83953, 6.0],
          [134.62362, 33.83973, 6.0],
          [134.62368, 33.84005, 5.75],
          [134.62372, 33.84036, 5.25],
          [134.62369, 33.84126, 4.25],
          [134.62371, 33.84139, 4.0],
          [134.62373, 33.84148, 4.0],
          [134.62381, 33.84199, 3.75],
          [134.62376, 33.84234, 3.75],
          [134.62374, 33.84255, 3.75],
          [134.62370, 33.84301, 3.0],
          [134.62368, 33.84314, 3.0],
          [134.62360, 33.84328, 3.0],
          [134.62349, 33.84340, 3.25],
          [134.62299, 33.84378, 6.25],
          [134.62259, 33.84407, 5.25],
          [134.62249, 33.84415, 4.25],
          [134.62243, 33.84430, 4.25],
          [134.62237, 33.84452, 4.0],
          [134.62229, 33.84462, 4.0],
          [134.62213, 33.84478, 4.25],
          [134.62205, 33.84487, 4.0],
          [134.62193, 33.84511, 3.25],
          [134.62184, 33.84529, 3.25],
          [134.62172, 33.84545, 3.25],
          [134.62166, 33.84555, 3.25],
          [134.62156, 33.84578, 3.5],
          [134.62150, 33.84586, 4.0],
          [134.62138, 33.84597, 5.25],
          [134.62134, 33.84600, 5.75],
          [134.62130, 33.84606, 6.5],
          [134.62129, 33.84614, 7.0],
          [134.62133, 33.84627, 7.25],
          [134.62143, 33.84647, 7.0],
          [134.62148, 33.84655, 6.5],
          [134.62162, 33.84662, 4.5],
          [134.62176, 33.84671, 4.0],
          [134.62185, 33.84683, 4.75],
          [134.62195, 33.84694, 5.0],
          [134.62204, 33.84713, 5.5],
          [134.62219, 33.84744, 5.5],
          [134.62238, 33.84781, 7.5],
          [134.62247, 33.84793, 6.75],
          [134.62313, 33.84871, 8.25],
          [134.62331, 33.84884, 7.75],
          [134.62356, 33.84898, 8.75],
          [134.62390, 33.84910, 9.75],
          [134.62413, 33.84915, 9.75],
          [134.62450, 33.84918, 7.75],
          [134.62486, 33.84922, 5.5],
          [134.62506, 33.84926, 4.5],
          [134.62523, 33.84931, 3.75],
          [134.62534, 33.84937, 3.5],
          [134.62544, 33.84943, 3.25],
          [134.62554, 33.84956, 3.0],
          [134.62562, 33.84975, 2.75],
          [134.62573, 33.85010, 3.25],
          [134.62579, 33.85026, 3.5],
          [134.62587, 33.85044, 3.75],
          [134.62594, 33.85060, 4.0],
          [134.62597, 33.85075, 4.25],
          [134.62596, 33.85087, 4.25],
          [134.62593, 33.85096, 3.75],
          [134.62582, 33.85108, 3.5],
          [134.62571, 33.85122, 3.25],
          [134.62565, 33.85134, 3.25],
          [134.62559, 33.85170, 3.0],
          [134.62553, 33.85219, 7.0],
          [134.62556, 33.85233, 7.25],
          [134.62582, 33.85274, 6.0],
          [134.62589, 33.85287, 7.0],
          [134.62592, 33.85302, 8.25],
          [134.62592, 33.85321, 10.25],
          [134.62589, 33.85334, 12.0],
          [134.62580, 33.85351, 13.25],
          [134.62577, 33.85362, 13.75],
          [134.62578, 33.85376, 13.25],
          [134.62585, 33.85424, 11.75],
          [134.62591, 33.85441, 13.75],
          [134.62597, 33.85454, 14.75],
          [134.62607, 33.85467, 14.5],
          [134.62687, 33.85539, 7.5],
          [134.62699, 33.85552, 7.25],
          [134.62704, 33.85562, 7.25],
          [134.62708, 33.85578, 7.5],
          [134.62709, 33.85590, 7.5],
          [134.62707, 33.85615, 7.25],
          [134.62703, 33.85634, 7.25],
          [134.62697, 33.85657, 7.0],
          [134.62694, 33.85680, 6.0],
          [134.62692, 33.85707, 4.25],
          [134.62692, 33.85709, 4.25],
          [134.62691, 33.85725, 3.25],
          [134.62670, 33.85763, 1.5],
          [134.62664, 33.85777, 1.25],
          [134.62661, 33.85784, 1.0],
          [134.62661, 33.85788, 1.0],
          [134.62667, 33.85794, 0.75],
          [134.62665, 33.85809, 0.5],
          [134.62669, 33.85829, 0.0],
          [134.62679, 33.85859, 0.25],
          [134.62719, 33.85985, 0.25],
          [134.62722, 33.85992, 0.25],
          [134.62725, 33.86000, 0.25],
          [134.62734, 33.86012, 0.25],
          [134.62737, 33.86016, 0.5],
          [134.62748, 33.86027, 0.5],
          [134.62761, 33.86036, 0.75],
          [134.62808, 33.86065, 1.25],
          [134.62858, 33.86097, 3.75],
          [134.62866, 33.86102, 4.5],
          [134.62876, 33.86107, 5.0],
          [134.62883, 33.86110, 5.25],
          [134.62897, 33.86115, 5.5],
          [134.62960, 33.86133, 4.0],
          [134.62974, 33.86137, 3.25],
          [134.62988, 33.86143, 3.75],
          [134.63004, 33.86154, 4.75],
          [134.63015, 33.86165, 5.5],
          [134.63028, 33.86179, 6.25],
          [134.63107, 33.86270, 6.5],
          [134.63128, 33.86295, 8.25],
          [134.63141, 33.86316, 7.5],
          [134.63188, 33.86392, 7.25],
          [134.63193, 33.86404, 7.5],
          [134.63196, 33.86415, 7.75],
          [134.63197, 33.86419, 7.5],
          [134.63216, 33.86555, 5.0],
          [134.63235, 33.86683, 8.25],
          [134.63243, 33.86718, 7.5],
          [134.63251, 33.86744, 6.75],
          [134.63260, 33.86767, 6.25],
          [134.63266, 33.86781, 6.0],
          [134.63303, 33.86858, 4.25],
          [134.63353, 33.86952, 7.0],
          [134.63366, 33.86978, 10.0],
          [134.63374, 33.86991, 11.5],
          [134.63384, 33.87007, 12.25],
          [134.63392, 33.87019, 12.0],
          [134.63417, 33.87052, 9.75],
          [134.63420, 33.87056, 9.5],
          [134.63428, 33.87055, 9.75],
          [134.63435, 33.87057, 9.75],
          [134.63470, 33.87078, 8.75],
          [134.63480, 33.87082, 8.75],
          [134.63512, 33.87087, 8.0],
          [134.63520, 33.87093, 7.0],
          [134.63709, 33.87299, 2.5],
          [134.63714, 33.87306, 2.75],
          [134.63715, 33.87311, 2.75],
          [134.63728, 33.87320, 3.0],
          [134.63740, 33.87329, 3.0],
          [134.63749, 33.87334, 3.0],
          [134.63751, 33.87334, 3.0],
          [134.63758, 33.87337, 3.5],
          [134.63781, 33.87337, 4.25],
          [134.63794, 33.87337, 4.5],
          [134.63827, 33.87335, 5.25],
          [134.63832, 33.87335, 5.25],
          [134.63837, 33.87332, 5.0],
          [134.63852, 33.87316, 5.0],
          [134.63859, 33.87317, 5.25],
          [134.63871, 33.87316, 5.5],
          [134.63889, 33.87316, 5.75],
          [134.63932, 33.87319, 6.75],
          [134.63942, 33.87318, 7.0],
          [134.63952, 33.87315, 7.0],
          [134.63962, 33.87310, 7.0],
          [134.63973, 33.87304, 6.75],
          [134.63979, 33.87298, 6.5],
          [134.63984, 33.87296, 6.5],
          [134.64014, 33.87289, 5.75],
          [134.64030, 33.87289, 5.25],
          [134.64048, 33.87292, 5.0],
          [134.64056, 33.87296, 4.75],
          [134.64061, 33.87298, 4.75],
          [134.64079, 33.87306, 4.5],
          [134.64094, 33.87312, 4.0],
          [134.64119, 33.87317, 3.5],
          [134.64133, 33.87321, 3.5],
          [134.64148, 33.87329, 3.25],
          [134.64154, 33.87332, 3.25],
          [134.64149, 33.87339, 3.25],
          [134.64144, 33.87351, 3.25],
          [134.64144, 33.87353, 3.25],
          [134.64143, 33.87356, 3.25],
          [134.64157, 33.87378, 3.0],
          [134.64169, 33.87398, 3.0],
          [134.64174, 33.87407, 3.0],
          [134.64184, 33.87421, 3.0],
          [134.64191, 33.87432, 3.0],
          [134.64192, 33.87433, 3.0],
          [134.64209, 33.87457, 3.25],
          [134.64212, 33.87463, 3.25],
          [134.64221, 33.87475, 3.25],
          [134.64233, 33.87492, 3.5],
          [134.64241, 33.87501, 4.0],
          [134.64252, 33.87510, 5.0],
          [134.64277, 33.87525, 6.0],
          [134.64314, 33.87547, 6.25],
          [134.64335, 33.87559, 5.75],
          [134.64338, 33.87561, 5.5],
          [134.64345, 33.87565, 5.5],
          [134.64360, 33.87574, 5.0],
          [134.64367, 33.87577, 4.75],
          [134.64391, 33.87591, 4.5],
          [134.64416, 33.87606, 4.25],
          [134.64420, 33.87608, 4.5],
          [134.64446, 33.87622, 5.5],
          [134.64500, 33.87647, 7.0],
          [134.64516, 33.87652, 7.0],
          [134.64535, 33.87653, 6.5],
          [134.64549, 33.87652, 6.0],
          [134.64563, 33.87650, 5.5],
          [134.64583, 33.87646, 4.75],
          [134.64591, 33.87645, 4.5],
          [134.64607, 33.87647, 4.5],
          [134.64640, 33.87652, 4.0],
          [134.64647, 33.87650, 4.0],
          [134.64735, 33.87702, 4.75],
          [134.64770, 33.87721, 4.25],
          [134.64798, 33.87736, 4.0],
          [134.64848, 33.87764, 4.0],
          [134.64851, 33.87766, 4.25],
          [134.64928, 33.87808, 5.5],
          [134.64930, 33.87814, 5.75],
          [134.64935, 33.87822, 5.75],
          [134.64982, 33.87869, 5.25],
          [134.65015, 33.87903, 4.25],
          [134.65045, 33.87923, 5.0],
          [134.65052, 33.87931, 6.0],
          [134.65074, 33.87968, 11.0],
          [134.65102, 33.87998, 12.75],
          [134.65114, 33.88006, 12.5],
          [134.65161, 33.88045, 11.25],
          [134.65185, 33.88064, 9.75],
          [134.65200, 33.88071, 8.5],
          [134.65221, 33.88077, 6.25],
          [134.65233, 33.88083, 5.0],
          [134.65242, 33.88089, 4.5],
          [134.65249, 33.88091, 3.75],
          [134.65258, 33.88092, 3.25],
          [134.65263, 33.88091, 2.75],
          [134.65271, 33.88092, 2.5],
          [134.65280, 33.88096, 2.25],
          [134.65287, 33.88103, 2.25],
          [134.65329, 33.88156, 1.0],
          [134.65333, 33.88163, 0.75],
          [134.65336, 33.88168, 1.0],
          [134.65338, 33.88175, 1.25],
          [134.65338, 33.88183, 1.25],
          [134.65336, 33.88190, 1.0],
          [134.65330, 33.88200, 1.0],
          [134.65321, 33.88207, 1.5],
          [134.65310, 33.88213, 2.0],
          [134.65290, 33.88219, 2.75],
          [134.65265, 33.88228, 3.0],
          [134.65257, 33.88233, 2.75],
          [134.65255, 33.88236, 2.5],
          [134.65253, 33.88242, 1.75],
          [134.65254, 33.88252, 0.75],
          [134.65255, 33.88262, 0.75],
          [134.65255, 33.88264, 0.75],
          [134.65258, 33.88288, 0.5],
          [134.65262, 33.88321, 0.25],
          [134.65264, 33.88340, 0.0],
          [134.65269, 33.88361, 0.0],
          [134.65276, 33.88385, -0.25],
          [134.65281, 33.88399, -0.25],
          [134.65287, 33.88414, -0.5],
          [134.65290, 33.88430, 0.0],
          [134.65292, 33.88444, 0.0],
          [134.65291, 33.88519, 1.5],
          [134.65291, 33.88544, 2.0],
          [134.65289, 33.88644, 2.25],
          [134.65289, 33.88649, 2.25],
          [134.65287, 33.88672, 2.25],
          [134.65287, 33.88676, 2.25],
          [134.65285, 33.88717, 2.75],
          [134.65283, 33.88741, 3.0],
          [134.65280, 33.88761, 3.0],
          [134.65277, 33.88780, 2.75],
          [134.65275, 33.88790, 2.75],
          [134.65273, 33.88801, 2.75],
          [134.65269, 33.88815, 2.75],
          [134.65267, 33.88827, 2.75],
          [134.65268, 33.88833, 2.75],
          [134.65268, 33.88847, 2.75],
          [134.65270, 33.88856, 2.75],
          [134.65274, 33.88870, 2.75],
          [134.65278, 33.88881, 2.75],
          [134.65287, 33.88900, 2.5],
          [134.65295, 33.88910, 2.5],
          [134.65303, 33.88919, 2.25],
          [134.65316, 33.88931, 2.0],
          [134.65335, 33.88944, 1.5],
          [134.65399, 33.88979, 2.25],
          [134.65411, 33.88985, 2.5],
          [134.65524, 33.89047, 1.75],
          [134.65576, 33.89076, 1.0],
          [134.65653, 33.89118, 1.25],
          [134.65683, 33.89134, 1.25],
          [134.65780, 33.89187, 1.0],
          [134.65942, 33.89275, 0.25],
          [134.66154, 33.89390, -0.25],
          [134.66160, 33.89393, -0.25],
          [134.66261, 33.89448, 0.75],
          [134.66320, 33.89482, 1.0],
          [134.66345, 33.89498, 1.0],
          [134.66363, 33.89511, 0.75],
          [134.66371, 33.89518, 0.75],
          [134.66388, 33.89533, 0.25],
          [134.66404, 33.89549, 0.0],
          [134.66424, 33.89572, -0.5],
          [134.66425, 33.89574, -0.5],
          [134.66441, 33.89596, -0.5],
          [134.66495, 33.89678, 0.5],
          [134.66555, 33.89772, 0.25],
          [134.66559, 33.89777, 0.25],
          [134.66572, 33.89797, 0.5],
          [134.66598, 33.89837, 1.0],
          [134.66604, 33.89845, 1.25],
          [134.66615, 33.89860, 1.5],
          [134.66670, 33.89928, 1.75],
          [134.66685, 33.89947, 1.5],
          [134.66747, 33.90023, 1.75],
          [134.66764, 33.90045, 2.0],
          [134.66783, 33.90070, 2.25],
          [134.66808, 33.90100, 2.5],
          [134.66818, 33.90113, 2.5],
          [134.66830, 33.90131, 2.25],
          [134.66842, 33.90151, 2.25],
          [134.66848, 33.90168, 2.0],
          [134.66856, 33.90195, 2.5],
          [134.66862, 33.90219, 2.75],
          [134.66864, 33.90239, 3.0],
          [134.66865, 33.90250, 3.25],
          [134.66875, 33.90317, 3.0],
          [134.66877, 33.90333, 2.75],
          [134.66879, 33.90348, 2.75],
          [134.66887, 33.90417, 2.5],
          [134.66888, 33.90424, 2.5],
          [134.66890, 33.90446, 2.75],
          [134.66890, 33.90470, 2.75],
          [134.66884, 33.90555, 3.0],
          [134.66881, 33.90588, 3.0],
          [134.66881, 33.90598, 3.0],
          [134.66880, 33.90606, 3.0],
          [134.66880, 33.90613, 3.0],
          [134.66876, 33.90663, 3.25],
          [134.66874, 33.90685, 3.25],
          [134.66856, 33.90906, 14.0],
          [134.66850, 33.90972, 10.25],
          [134.66844, 33.91002, 8.0],
          [134.66839, 33.91016, 7.5],
          [134.66833, 33.91030, 6.75],
          [134.66829, 33.91038, 6.25],
          [134.66826, 33.91044, 5.75],
          [134.66825, 33.91046, 5.75],
          [134.66810, 33.91069, 4.25],
          [134.66781, 33.91116, 3.25],
          [134.66727, 33.91205, 4.75],
          [134.66692, 33.91264, 5.5],
          [134.66681, 33.91282, 5.0],
          [134.66665, 33.91309, 5.0],
          [134.66649, 33.91329, 5.0],
          [134.66593, 33.91400, 5.75],
          [134.66583, 33.91413, 5.75],
          [134.66568, 33.91433, 5.5],
          [134.66529, 33.91483, 5.0],
          [134.66519, 33.91496, 5.0],
          [134.66497, 33.91525, 5.75],
          [134.66486, 33.91539, 6.5],
          [134.66458, 33.91571, 7.25],
          [134.66449, 33.91581, 7.0],
          [134.66423, 33.91616, 6.5],
          [134.66414, 33.91628, 6.25],
          [134.66402, 33.91641, 6.25],
          [134.66390, 33.91651, 6.25],
          [134.66375, 33.91662, 6.0],
          [134.66342, 33.91683, 6.0],
          [134.66327, 33.91691, 6.25],
          [134.66314, 33.91696, 6.25],
          [134.66304, 33.91699, 6.25],
          [134.66269, 33.91720, 6.5],
          [134.66248, 33.91738, 6.75],
          [134.66201, 33.91787, 6.0],
          [134.66196, 33.91793, 6.0],
          [134.66191, 33.91798, 6.0],
          [134.66185, 33.91804, 6.0],
          [134.66112, 33.91879, 6.75],
          [134.66075, 33.91920, 8.0],
          [134.66067, 33.91927, 7.75],
          [134.66059, 33.91936, 7.75],
          [134.65999, 33.91999, 7.25],
          [134.65981, 33.92017, 7.25],
          [134.65913, 33.92089, 8.0],
          [134.65901, 33.92099, 8.5],
          [134.65889, 33.92109, 8.75],
          [134.65879, 33.92108, 9.0],
          [134.65868, 33.92108, 9.25],
          [134.65829, 33.92117, 10.0],
          [134.65804, 33.92123, 10.0],
          [134.65786, 33.92128, 10.25],
          [134.65738, 33.92138, 9.75],
          [134.65707, 33.92145, 8.75],
          [134.65628, 33.92158, 8.25],
          [134.65592, 33.92165, 8.75],
          [134.65528, 33.92178, 8.75],
          [134.65453, 33.92191, 8.0],
          [134.65408, 33.92200, 7.75],
          [134.65382, 33.92205, 7.75],
          [134.65288, 33.92229, 7.25],
          [134.65267, 33.92233, 7.25],
          [134.65248, 33.92234, 7.0],
          [134.65223, 33.92234, 7.0],
          [134.65182, 33.92228, 7.25],
          [134.65180, 33.92328, 7.5],
          [134.65180, 33.92337, 7.25],
          [134.65177, 33.92466, 4.0],
          [134.65177, 33.92472, 4.0],
          [134.65176, 33.92477, 4.0],
          [134.65173, 33.92528, 4.25],
          [134.65170, 33.92554, 4.5],
          [134.65157, 33.92664, 7.0],
          [134.65151, 33.92711, 7.75],
          [134.65144, 33.92741, 8.25],
          [134.65137, 33.92758, 8.0],
          [134.65127, 33.92775, 7.5],
          [134.65072, 33.92844, 6.75],
          [134.65064, 33.92854, 6.75],
          [134.65022, 33.92893, 6.75],
          [134.64959, 33.92949, 6.5],
          [134.64903, 33.92999, 6.0],
          [134.64896, 33.93006, 6.0],
          [134.64888, 33.93015, 6.25],
          [134.64872, 33.93032, 6.25],
          [134.64852, 33.93056, 6.0],
          [134.64843, 33.93069, 6.0],
          [134.64767, 33.93203, 6.25],
          [134.64753, 33.93230, 6.5],
          [134.64737, 33.93259, 6.5],
          [134.64724, 33.93286, 5.5],
          [134.64715, 33.93311, 4.25],
          [134.64670, 33.93488, 5.75],
          [134.64650, 33.93566, 5.75],
          [134.64644, 33.93591, 5.75],
          [134.64640, 33.93612, 5.75],
          [134.64631, 33.93689, 6.0],
          [134.64627, 33.93710, 6.75],
          [134.64623, 33.93727, 7.25],
          [134.64606, 33.93786, 8.25],
          [134.64602, 33.93805, 8.5],
          [134.64597, 33.93845, 8.25],
          [134.64598, 33.93853, 8.0],
          [134.64605, 33.93858, 7.75],
          [134.64616, 33.93861, 7.5],
          [134.64636, 33.93861, 7.0],
          [134.64686, 33.93861, 6.0],
          [134.64713, 33.93861, 6.0],
          [134.64713, 33.93868, 5.75],
          [134.64710, 33.94223, 8.25],
          [134.64710, 33.94229, 8.5],
          [134.64710, 33.94241, 9.0],
          [134.64709, 33.94356, 7.75],
          [134.64708, 33.94368, 7.75],
          [134.64707, 33.94381, 7.5],
          [134.64696, 33.94426, 7.0],
          [134.64692, 33.94447, 6.75],
          [134.64678, 33.94507, 5.25],
          [134.64668, 33.94537, 5.0],
          [134.64659, 33.94562, 4.75],
          [134.64637, 33.94608, 4.75],
          [134.64626, 33.94633, 5.0],
          [134.64549, 33.94785, 7.25],
          [134.64521, 33.94840, 7.75],
          [134.64503, 33.94873, 7.0],
          [134.64472, 33.94923, 5.75],
          [134.64442, 33.94963, 5.25],
          [134.64424, 33.94984, 5.0],
          [134.64382, 33.95034, 4.25],
          [134.64352, 33.95063, 3.5],
          [134.64323, 33.95090, 3.25],
          [134.64283, 33.95124, 4.25],
          [134.64265, 33.95139, 4.75],
          [134.64170, 33.95205, 4.5],
          [134.64063, 33.95278, 5.0],
          [134.64011, 33.95314, 6.0],
          [134.63987, 33.95331, 5.75],
          [134.63877, 33.95406, 5.5],
          [134.63851, 33.95425, 5.25],
          [134.63841, 33.95431, 5.25],
          [134.63717, 33.95516, 3.5],
          [134.63647, 33.95570, 4.25],
          [134.63616, 33.95597, 5.25],
          [134.63601, 33.95611, 5.5],
          [134.63544, 33.95670, 6.25],
          [134.63459, 33.95769, 4.5],
          [134.63450, 33.95779, 4.5],
          [134.63448, 33.95781, 4.75],
          [134.63443, 33.95787, 4.75],
          [134.63442, 33.95789, 4.75],
          [134.63399, 33.95838, 4.75],
          [134.63371, 33.95862, 4.5],
          [134.63348, 33.95878, 4.25],
          [134.63329, 33.95890, 4.25],
          [134.63295, 33.95908, 4.0],
          [134.63219, 33.95943, 5.25],
          [134.63178, 33.95953, 6.0],
          [134.63145, 33.95956, 6.0],
          [134.63125, 33.95955, 6.0],
          [134.63093, 33.95952, 5.5],
          [134.63080, 33.95947, 5.5],
          [134.63072, 33.95956, 5.5],
          [134.63055, 33.95977, 5.5],
          [134.63033, 33.95999, 5.5],
          [134.62903, 33.96109, 5.0],
          [134.62883, 33.96125, 5.0],
          [134.62795, 33.96192, 4.25],
          [134.62763, 33.96213, 4.0],
          [134.62732, 33.96231, 4.0],
          [134.62653, 33.96274, 4.0],
          [134.62647, 33.96277, 4.0],
          [134.62575, 33.96316, 3.75],
          [134.62465, 33.96376, 4.0],
          [134.62423, 33.96399, 5.0],
          [134.62391, 33.96412, 5.5],
          [134.62361, 33.96422, 5.25],
          [134.62322, 33.96431, 5.25],
          [134.62299, 33.96435, 5.25],
          [134.62270, 33.96438, 5.25],
          [134.62250, 33.96439, 5.25],
          [134.62191, 33.96438, 5.75],
          [134.62140, 33.96440, 5.75],
          [134.62098, 33.96443, 5.5],
          [134.62062, 33.96449, 5.5],
          [134.62044, 33.96452, 5.75],
          [134.62020, 33.96454, 5.75],
          [134.61996, 33.96454, 6.0],
          [134.61887, 33.96757, 2.0],
          [134.61881, 33.96774, 2.0],
          [134.61877, 33.96783, 2.0],
          [134.61872, 33.96795, 2.25],
          [134.61854, 33.96826, 2.5],
          [134.61827, 33.96858, 2.75],
          [134.61556, 33.97132, 2.25],
          [134.61526, 33.97166, 1.75],
          [134.61511, 33.97188, 1.75],
          [134.61476, 33.97255, 2.5],
          [134.61472, 33.97264, 2.5],
          [134.61449, 33.97306, 3.0],
          [134.61426, 33.97363, 3.25],
          [134.61418, 33.97388, 3.5],
          [134.61412, 33.97410, 3.75],
          [134.61406, 33.97437, 3.25],
          [134.61389, 33.97494, 2.25],
          [134.61343, 33.97659, 1.75],
          [134.61333, 33.97680, 2.0],
          [134.61322, 33.97696, 1.75],
          [134.61310, 33.97717, 1.5],
          [134.61281, 33.97775, 1.5],
          [134.61277, 33.97781, 1.5],
          [134.61271, 33.97793, 1.5],
          [134.61260, 33.97813, 1.75],
          [134.61239, 33.97844, 2.0],
          [134.61193, 33.97906, 3.25],
          [134.61153, 33.97944, 3.75],
          [134.61077, 33.98023, 2.75],
          [134.61026, 33.98061, 2.75],
          [134.60978, 33.98129, 3.75],
          [134.60957, 33.98151, 4.0],
          [134.60938, 33.98141, 3.75],
          [134.60928, 33.98139, 3.75],
          [134.60879, 33.98171, 3.5],
          [134.60805, 33.98221, 2.75],
          [134.60766, 33.98247, 2.75],
          [134.60755, 33.98262, 2.5],
          [134.60743, 33.98266, 2.5],
          [134.60729, 33.98269, 2.25],
          [134.60717, 33.98274, 2.0],
          [134.60619, 33.98326, 1.0],
          [134.60601, 33.98340, 0.75],
          [134.60560, 33.98380, 0.0],
          [134.60481, 33.98477, 0.25],
          [134.60478, 33.98486, 0.25],
          [134.60478, 33.98492, 0.25],
          [134.60497, 33.98549, 0.75],
          [134.60498, 33.98558, 0.75],
          [134.60497, 33.98568, 1.0],
          [134.60489, 33.98586, 1.0],
          [134.60478, 33.98607, 1.75],
          [134.60457, 33.98645, 3.0],
          [134.60439, 33.98682, 3.5],
          [134.60431, 33.98709, 3.25],
          [134.60429, 33.98723, 3.25],
          [134.60428, 33.98732, 3.0],
          [134.60429, 33.98774, 2.5],
          [134.60432, 33.98817, 2.0],
          [134.60437, 33.98879, 1.25],
          [134.60443, 33.98976, 2.0],
          [134.60450, 33.99064, 1.0],
          [134.60455, 33.99125, 0.75],
          [134.60454, 33.99170, 1.0],
          [134.60452, 33.99193, 1.5],
          [134.60445, 33.99234, 2.5],
          [134.60422, 33.99303, 3.5],
          [134.60401, 33.99364, 3.75],
          [134.60390, 33.99397, 3.5],
          [134.60374, 33.99443, 3.5],
          [134.60372, 33.99446, 3.5],
          [134.60363, 33.99475, 3.75],
          [134.60351, 33.99502, 3.75],
          [134.60341, 33.99519, 3.75],
          [134.60328, 33.99539, 3.25],
          [134.60314, 33.99556, 3.25],
          [134.60302, 33.99569, 3.0],
          [134.60284, 33.99586, 3.0],
          [134.60262, 33.99602, 3.0],
          [134.60242, 33.99615, 2.75],
          [134.60227, 33.99623, 2.75],
          [134.60166, 33.99657, 2.0],
          [134.60104, 33.99689, 3.0],
          [134.60069, 33.99708, 3.25],
          [134.60039, 33.99723, 3.5],
          [134.59998, 33.99743, 3.75],
          [134.59944, 33.99775, 4.0],
          [134.59886, 33.99816, 4.0],
          [134.59833, 33.99858, 4.25],
          [134.59803, 33.99884, 4.25],
          [134.59760, 33.99919, 4.0],
          [134.59731, 33.99942, 3.75],
          [134.59684, 33.99980, 2.75],
          [134.59644, 34.00012, 2.25],
          [134.59558, 34.00081, 3.5],
          [134.59474, 34.00149, 4.0],
          [134.59422, 34.00191, 4.25],
          [134.59408, 34.00205, 4.5],
          [134.59376, 34.00236, 5.25],
          [134.59333, 34.00290, 5.0],
          [134.59294, 34.00340, 4.25],
          [134.59291, 34.00343, 4.25],
          [134.59266, 34.00377, 4.0],
          [134.59209, 34.00450, 3.25],
          [134.59158, 34.00519, 3.75],
          [134.59142, 34.00537, 3.5],
          [134.59132, 34.00544, 3.25],
          [134.59118, 34.00550, 3.25],
          [134.59100, 34.00553, 3.25],
          [134.59087, 34.00554, 3.25],
          [134.59084, 34.00554, 3.25],
          [134.59067, 34.00555, 3.5],
          [134.59021, 34.00558, 4.25],
          [134.58975, 34.00568, 4.75],
          [134.58950, 34.00574, 4.75],
          [134.58909, 34.00583, 4.75],
          [134.58829, 34.00598, 5.0],
          [134.58703, 34.00625, 4.0],
          [134.58698, 34.00626, 4.0],
          [134.58642, 34.00637, 4.75],
          [134.58618, 34.00641, 5.0],
          [134.58503, 34.00665, 5.0],
          [134.58503, 34.00673, 5.0],
          [134.58491, 34.00712, 5.25],
          [134.58487, 34.00745, 5.75],
          [134.58481, 34.00774, 6.0],
          [134.58478, 34.00783, 6.0],
          [134.58427, 34.00791, 6.0],
          [134.58385, 34.00800, 6.0],
          [134.58320, 34.00812, 5.75],
          [134.58313, 34.00814, 5.75],
          [134.58273, 34.00822, 5.75],
          [134.58218, 34.00834, 5.5],
          [134.58173, 34.00844, 5.25],
          [134.58181, 34.00897, 7.25],
          [134.58182, 34.00902, 7.5],
          [134.58189, 34.00956, 7.0],
          [134.58190, 34.00959, 6.75],
          [134.58190, 34.00962, 6.75],
          [134.58194, 34.00989, 6.0],
          [134.58200, 34.01018, 5.75],
          [134.58186, 34.01028, 5.5],
          [134.58130, 34.01077, 5.0],
          [134.58119, 34.01089, 4.75],
          [134.58083, 34.01142, 5.0],
          [134.58078, 34.01152, 4.75],
          [134.58067, 34.01163, 4.75],
          [134.58056, 34.01171, 4.5],
          [134.58045, 34.01177, 4.5],
          [134.58021, 34.01186, 4.25],
          [134.57985, 34.01197, 3.75],
          [134.57964, 34.01203, 3.5],
          [134.57947, 34.01208, 3.25],
          [134.57896, 34.01240, 3.0],
          [134.57884, 34.01248, 3.0],
          [134.57824, 34.01284, 3.25],
          [134.57767, 34.01317, 3.0],
          [134.57746, 34.01328, 3.0],
          [134.57717, 34.01339, 3.0],
          [134.57700, 34.01345, 3.25],
          [134.57667, 34.01352, 3.25],
          [134.57641, 34.01357, 4.25],
          [134.57617, 34.01361, 5.0],
          [134.57575, 34.01367, 6.25],
          [134.57568, 34.01368, 6.5],
          [134.57525, 34.01374, 6.75],
          [134.57376, 34.01398, 6.0],
          [134.57253, 34.01417, 4.0],
          [134.57225, 34.01422, 4.0],
          [134.57181, 34.01430, 4.25],
          [134.57101, 34.01442, 4.5],
          [134.57096, 34.01443, 4.5],
          [134.57065, 34.01451, 4.75],
          [134.57031, 34.01465, 5.0],
          [134.57011, 34.01477, 5.0],
          [134.56993, 34.01490, 4.75],
          [134.56985, 34.01495, 4.75],
          [134.56975, 34.01505, 4.5],
          [134.56966, 34.01515, 4.25],
          [134.56958, 34.01526, 4.25],
          [134.56927, 34.01577, 4.0],
          [134.56924, 34.01581, 4.0],
          [134.56910, 34.01602, 3.75],
          [134.56885, 34.01634, 4.0],
          [134.56868, 34.01667, 4.5],
          [134.56860, 34.01686, 5.0],
          [134.56845, 34.01734, 6.5],
          [134.56807, 34.01908, 6.5],
          [134.56796, 34.01956, 6.75],
          [134.56778, 34.02032, 7.25],
          [134.56774, 34.02063, 7.25],
          [134.56773, 34.02090, 7.75],
          [134.56776, 34.02119, 8.5],
          [134.56778, 34.02135, 9.0],
          [134.56780, 34.02145, 9.25],
          [134.56784, 34.02175, 10.0],
          [134.56791, 34.02224, 11.25],
          [134.56791, 34.02236, 11.5],
          [134.56791, 34.02261, 11.5],
          [134.56788, 34.02298, 9.75],
          [134.56782, 34.02334, 8.0],
          [134.56775, 34.02366, 6.75],
          [134.56760, 34.02412, 5.0],
          [134.56760, 34.02415, 5.0],
          [134.56739, 34.02480, 4.0],
          [134.56722, 34.02530, 4.0],
          [134.56700, 34.02584, 4.5],
          [134.56693, 34.02599, 4.25],
          [134.56654, 34.02683, 2.25],
          [134.56653, 34.02687, 2.25],
          [134.56631, 34.02734, 3.0],
          [134.56614, 34.02771, 3.25],
          [134.56598, 34.02804, 3.0],
          [134.56582, 34.02835, 3.0],
          [134.56573, 34.02851, 3.0],
          [134.56563, 34.02867, 3.5],
          [134.56554, 34.02880, 3.75],
          [134.56527, 34.02917, 4.5],
          [134.56522, 34.02924, 4.75],
          [134.56491, 34.02964, 4.75],
          [134.56482, 34.02978, 4.5],
          [134.56474, 34.02997, 4.25],
          [134.56469, 34.03009, 4.25],
          [134.56468, 34.03014, 4.25],
          [134.56465, 34.03034, 4.25],
          [134.56465, 34.03060, 4.5],
          [134.56469, 34.03081, 4.75],
          [134.56472, 34.03093, 5.0],
          [134.56478, 34.03106, 5.0],
          [134.56512, 34.03169, 4.75],
          [134.56518, 34.03179, 4.75],
          [134.56599, 34.03322, 1.75],
          [134.56600, 34.03325, 1.75],
          [134.56635, 34.03385, 2.0],
          [134.56692, 34.03485, 2.25],
          [134.56711, 34.03519, 2.75],
          [134.56810, 34.03694, 4.25],
          [134.56814, 34.03700, 4.25],
          [134.56851, 34.03764, 5.0],
          [134.56862, 34.03785, 5.25],
          [134.56880, 34.03817, 6.0],
          [134.56890, 34.03838, 6.5],
          [134.56893, 34.03847, 6.25],
          [134.56901, 34.03877, 5.5],
          [134.56905, 34.03893, 5.25],
          [134.56907, 34.03909, 5.25],
          [134.56955, 34.04285, 6.5],
          [134.56958, 34.04299, 6.75],
          [134.56967, 34.04354, 6.75],
          [134.56977, 34.04389, 7.0],
          [134.56991, 34.04414, 6.75],
          [134.57008, 34.04431, 6.25],
          [134.57011, 34.04434, 6.0],
          [134.57038, 34.04466, 5.0],
          [134.57069, 34.04492, 4.75],
          [134.57091, 34.04505, 5.0],
          [134.57110, 34.04516, 5.25],
          [134.57116, 34.04520, 5.5],
          [134.57134, 34.04529, 6.0],
          [134.57209, 34.04570, 7.75],
          [134.57244, 34.04588, 7.25],
          [134.57283, 34.04608, 8.5],
          [134.57319, 34.04627, 7.75],
          [134.57324, 34.04629, 7.25],
          [134.57347, 34.04641, 6.75],
          [134.57439, 34.04690, 6.25],
          [134.57453, 34.04697, 5.75],
          [134.57493, 34.04720, 5.0],
          [134.57511, 34.04732, 4.75],
          [134.57554, 34.04763, 4.25],
          [134.57599, 34.04812, 4.0],
          [134.57620, 34.04841, 4.0],
          [134.57632, 34.04863, 4.0],
          [134.57634, 34.04867, 4.25],
          [134.57647, 34.04896, 4.5],
          [134.57655, 34.04924, 4.75],
          [134.57657, 34.04931, 5.0],
          [134.57659, 34.04938, 5.0],
          [134.57662, 34.04950, 5.25],
          [134.57666, 34.04964, 5.5],
          [134.57676, 34.05002, 5.5],
          [134.57690, 34.05052, 4.5],
          [134.57698, 34.05080, 4.0],
          [134.57708, 34.05116, 4.5],
          [134.57711, 34.05126, 4.5],
          [134.57723, 34.05158, 4.75],
          [134.57736, 34.05199, 4.75],
          [134.57750, 34.05236, 4.75],
          [134.57757, 34.05253, 4.75],
          [134.57758, 34.05257, 4.5],
          [134.57760, 34.05265, 4.5],
          [134.57761, 34.05268, 4.5],
          [134.57760, 34.05280, 4.25],
          [134.57755, 34.05291, 4.25],
          [134.57747, 34.05300, 4.25],
          [134.57742, 34.05305, 4.25],
          [134.57735, 34.05311, 4.5],
          [134.57725, 34.05317, 4.5],
          [134.57705, 34.05323, 4.75],
          [134.57689, 34.05323, 5.0],
          [134.57627, 34.05320, 6.25],
          [134.57464, 34.05312, 5.0],
          [134.57412, 34.05310, 3.75],
          [134.57392, 34.05310, 3.75],
          [134.57374, 34.05309, 3.75],
          [134.57356, 34.05308, 3.75],
          [134.57314, 34.05305, 3.25],
          [134.57301, 34.05305, 3.0],
          [134.57291, 34.05306, 2.75],
          [134.57283, 34.05312, 2.25],
          [134.57278, 34.05317, 2.0],
          [134.57274, 34.05322, 1.5],
          [134.57272, 34.05330, 1.0],
          [134.57253, 34.05437, 1.75],
          [134.57252, 34.05440, 2.25],
          [134.57244, 34.05482, 6.0],
          [134.57238, 34.05505, 7.25],
          [134.57231, 34.05524, 6.5],
          [134.57222, 34.05542, 5.75],
          [134.57209, 34.05560, 5.25],
          [134.57206, 34.05562, 5.25],
          [134.57105, 34.05632, 5.25],
          [134.57068, 34.05657, 4.75],
          [134.57053, 34.05667, 4.5],
          [134.57015, 34.05693, 4.0],
          [134.56970, 34.05723, 3.75],
          [134.56957, 34.05732, 3.75],
          [134.56928, 34.05752, 3.0],
          [134.56889, 34.05778, 2.75],
          [134.56885, 34.05780, 3.0],
          [134.56877, 34.05786, 3.0],
          [134.56871, 34.05790, 3.0],
          [134.56821, 34.05823, 3.25],
          [134.56795, 34.05839, 3.5],
          [134.56754, 34.05866, 3.5],
          [134.56744, 34.05873, 3.5],
          [134.56731, 34.05881, 3.25],
          [134.56720, 34.05884, 3.25],
          [134.56667, 34.05900, 3.25],
          [134.56646, 34.05906, 3.0],
          [134.56618, 34.05915, 3.0],
          [134.56555, 34.05933, 3.0],
          [134.56537, 34.05938, 3.25],
          [134.56504, 34.05948, 3.25],
          [134.56474, 34.05955, 3.5],
          [134.56455, 34.05958, 3.75],
          [134.56383, 34.05970, 4.5],
          [134.56343, 34.05980, 5.25],
          [134.56308, 34.05988, 5.0],
          [134.56260, 34.06000, 4.0],
          [134.56181, 34.06018, 4.5],
          [134.56163, 34.06023, 4.5],
          [134.56141, 34.06028, 4.5],
          [134.56120, 34.06033, 4.25],
          [134.56114, 34.06034, 4.25],
          [134.56084, 34.06041, 4.5],
          [134.56084, 34.06042, 4.5],
          [134.56032, 34.06054, 6.0],
          [134.55986, 34.06065, 6.5],
          [134.55947, 34.06073, 5.5],
          [134.55880, 34.06088, 4.5],
          [134.55833, 34.06103, 4.0],
          [134.55835, 34.06106, 4.0],
          [134.55779, 34.06123, 4.0],
          [134.55731, 34.06138, 4.25],
          [134.55665, 34.06159, 5.0],
          [134.55604, 34.06178, 4.25],
          [134.55593, 34.06181, 4.25],
          [134.55581, 34.06185, 4.25],
          [134.55568, 34.06189, 4.25],
          [134.55538, 34.06199, 4.0],
          [134.55534, 34.06200, 4.0],
          [134.55466, 34.06221, 4.0],
          [134.55462, 34.06222, 4.0],
          [134.55453, 34.06225, 4.0],
          [134.55439, 34.06229, 4.5],
          [134.55376, 34.06248, 5.0],
          [134.55282, 34.06277, 6.0],
          [134.55251, 34.06286, 6.75],
          [134.55195, 34.06302, 6.5],
          [134.55133, 34.06318, 6.25],
          [134.55072, 34.06334, 6.0],
          [134.55043, 34.06341, 6.25],
          [134.54999, 34.06352, 7.0],
          [134.54998, 34.06299, 7.5]
        ]
      }
    }
  ]
}
