{
  "type": "FeatureCollection",
  "features": [
    {
      "type": "Feature",
      "properties": {
        "creator": "BRouter-1.7.10",
        "name": "brouter_fastbike-asia-pacific_0",
        "track-length": "228333",
        "filtered ascend": "445",
        "plain-ascend": "3",
        "total-time": "40864",
        "total-energy": "4076089",
        "cost": "292984",
        "messages": [
          ["Longitude", "Latitude", "Elevation", "Distance", "CostPerKm", "ElevCost", "TurnCost", "NodeCost", "InitialCost", "WayTags", "NodeTags", "Time", "Energy"],
          ["134549976", "34062792", "7", "23", "1100", "0", "0", "0", "0", "highway=unclassified oneway=yes", "", "4", "410"],
          ["134549397", "34062945", "6", "56", "1200", "0", "114", "0", "0", "highway=residential oneway=yes", "", "11", "1187"],
          ["134549431", "34063569", "6", "69", "1030", "0", "66", "20", "0", "reversedirection=yes highway=tertiary estimated_traffic_class=3", "highway=crossing crossing=traffic_signals", "23", "2319"],
          ["134549434", "34063672", "7", "11", "1030", "0", "0", "20", "0", "reversedirection=yes highway=tertiary estimated_traffic_class=3", "highway=traffic_signals", "25", "2527"],
          ["134549440", "34063784", "7", "12", "1030", "0", "0", "20", "0", "reversedirection=yes highway=tertiary estimated_traffic_class=3", "highway=crossing crossing=traffic_signals", "27", "2765"],
          ["134549490", "34064826", "9", "116", "1030", "0", "0", "20", "0", "reversedirection=yes highway=tertiary estimated_traffic_class=3", "highway=crossing crossing=traffic_signals", "55", "5541"],
          ["134549495", "34064926", "9", "11", "1030", "0", "0", "20", "0", "reversedirection=yes highway=tertiary estimated_traffic_class=3", "highway=traffic_signals", "57", "5789"],
          ["134549500", "34065010", "9", "9", "1030", "0", "0", "20", "0", "reversedirection=yes highway=tertiary estimated_traffic_class=3", "highway=crossing crossing=traffic_signals", "59", "5986"],
          ["134549760", "34066812", "11", "202", "1030", "0", "0", "20", "0", "reversedirection=yes highway=tertiary estimated_traffic_class=3", "highway=crossing crossing=traffic_signals", "106", "10625"],
          ["134549802", "34066971", "11", "18", "1030", "0", "0", "20", "0", "reversedirection=yes highway=tertiary estimated_traffic_class=3", "highway=traffic_signals estimated_crossing_class=0", "109", "10982"],
          ["134549850", "34067135", "11", "19", "1030", "0", "0", "20", "0", "reversedirection=yes highway=tertiary estimated_traffic_class=3", "highway=crossing crossing=traffic_signals", "113", "11326"],
          ["134550176", "34068171", "12", "118", "1030", "0", "0", "20", "0", "reversedirection=yes highway=tertiary estimated_traffic_class=3", "highway=crossing crossing=traffic_signals", "137", "13717"],
          ["134550244", "34068330", "13", "19", "1030", "0", "0", "20", "0", "reversedirection=yes highway=tertiary estimated_traffic_class=3", "highway=traffic_signals", "141", "14158"],
          ["134550431", "34068500", "11", "26", "1060", "0", "7", "20", "0", "reversedirection=yes highway=tertiary estimated_traffic_class=4", "highway=crossing crossing=traffic_signals", "145", "14530"],
          ["134550991", "34069013", "7", "77", "1060", "0", "0", "0", "0", "reversedirection=yes highway=tertiary estimated_traffic_class=4", "", "155", "15568"],
          ["134551126", "34069138", "7", "19", "1060", "0", "0", "20", "0", "highway=tertiary surface=asphalt estimated_traffic_class=4", "highway=crossing crossing=traffic_signals", "158", "15839"],
          ["134551180", "34069191", "7", "8", "1060", "0", "0", "20", "0", "highway=tertiary surface=asphalt estimated_traffic_class=4", "highway=traffic_signals traffic_signals=signal", "159", "15954"],
          ["134551269", "34069313", "7", "16", "1060", "0", "1", "20", "0", "highway=tertiary surface=asphalt estimated_traffic_class=4", "highway=traffic_signals", "161", "16201"],
          ["134551344", "34069428", "7", "15", "1060", "0", "0", "20", "0", "highway=tertiary surface=asphalt estimated_traffic_class=4", "highway=crossing crossing=traffic_signals", "164", "16436"],
          ["134552077", "34070581", "7", "145", "1060", "0", "0", "20", "0", "highway=tertiary surface=asphalt estimated_traffic_class=4", "highway=traffic_signals", "181", "18139"],
          ["134552609", "34071664", "8", "130", "1060", "0", "1", "20", "0", "reversedirection=yes highway=tertiary surface=asphalt estimated_traffic_class=4", "highway=traffic_signals", "202", "20209"],
          ["134552657", "34071749", "8", "10", "1060", "0", "0", "20", "0", "reversedirection=yes highway=tertiary surface=asphalt estimated_traffic_class=4", "highway=traffic_signals", "203", "20391"],
          ["134552825", "34071694", "9", "17", "1500", "0", "84", "20", "0", "highway=trunk oneway=yes", "highway=crossing crossing=traffic_signals", "207", "20740"],
          ["134556646", "34071637", "3", "357", "1500", "0", "0", "0", "0", "highway=trunk oneway=yes", "", "262", "26277"],
          ["134556899", "34072038", "4", "54", "1060", "0", "21", "20", "0", "highway=tertiary estimated_traffic_class=4 oneway=yes", "highway=crossing crossing=traffic_signals", "269", "26976"],
          ["134557039", "34073125", "7", "121", "1060", "0", "0", "20", "0", "highway=tertiary estimated_traffic_class=4 oneway=yes", "highway=traffic_signals", "293", "29386"],
          ["134557055", "34073251", "7", "14", "1060", "0", "0", "0", "0", "highway=tertiary estimated_traffic_class=4 oneway=yes", "", "297", "29708"],
          ["134557072", "34073382", "7", "15", "1060", "0", "0", "20", "0", "highway=tertiary estimated_traffic_class=4", "highway=traffic_signals traffic_signals:direction=backward", "300", "30060"],
          ["134557668", "34076914", "4", "397", "1060", "0", "0", "0", "0", "highway=tertiary estimated_traffic_class=4", "", "364", "36437"],
          ["134557691", "34076969", "4", "6", "1090", "0", "0", "20", "0", "highway=tertiary estimated_traffic_class=5", "highway=traffic_signals", "365", "36515"],
          ["134557887", "34077688", "4", "82", "1090", "0", "5", "20", "0", "highway=tertiary estimated_traffic_class=5", "highway=traffic_signals", "377", "37735"],
          ["134559579", "34080725", "3", "373", "1090", "0", "9", "0", "0", "highway=tertiary estimated_traffic_class=5", "", "435", "43589"],
          ["134560027", "34080709", "3", "42", "1100", "0", "53", "0", "0", "highway=unclassified", "", "442", "44247"],
          ["134560734", "34081490", "3", "109", "1500", "0", "41", "20", "0", "highway=trunk surface=asphalt oneway=yes", "highway=traffic_signals", "460", "46058"],
          ["134564836", "34084881", "4", "539", "1500", "0", "0", "20", "0", "highway=trunk surface=asphalt oneway=yes", "highway=traffic_signals", "557", "55805"],
          ["134571077", "34094273", "-1", "1190", "1500", "0", "0", "20", "0", "highway=trunk surface=asphalt oneway=yes", "highway=traffic_signals", "739", "73937"],
          ["134571012", "34094303", "-2", "7", "1160", "0", "89", "0", "0", "highway=secondary estimated_traffic_class=4 oneway=yes", "estimated_crossing_class=0", "740", "74016"],
          ["134569916", "34095377", "1", "164", "1160", "0", "5", "0", "0", "highway=secondary estimated_traffic_class=4 oneway=yes", "", "777", "77782"],
          ["134569866", "34095446", "1", "9", "1160", "0", "2", "0", "0", "reversedirection=yes highway=secondary estimated_traffic_class=4", "estimated_crossing_class=4", "779", "77946"],
          ["134569997", "34095628", "1", "24", "1100", "0", "47", "0", "0", "reversedirection=yes highway=unclassified", "", "783", "78351"],
          ["134572182", "34100514", "1", "639", "1100", "0", "69", "0", "0", "highway=unclassified", "", "894", "89458"],
          ["134572859", "34103307", "0", "317", "1100", "0", "34", "0", "0", "reversedirection=yes highway=unclassified", "", "944", "94424"],
          ["134572925", "34105006", "3", "192", "1030", "0", "32", "0", "0", "reversedirection=yes highway=tertiary estimated_traffic_class=3", "estimated_crossing_class=2", "985", "98548"],
          ["134572849", "34105350", "3", "39", "1160", "0", "0", "0", "0", "reversedirection=yes highway=secondary estimated_traffic_class=4", "estimated_crossing_class=2", "993", "99405"],
          ["134571917", "34106552", "3", "159", "1160", "0", "2", "0", "0", "reversedirection=yes highway=secondary estimated_traffic_class=4", "estimated_crossing_class=2", "1022", "102279"],
          ["134571103", "34107137", "3", "100", "1160", "0", "6", "0", "0", "reversedirection=yes highway=secondary estimated_traffic_class=4", "estimated_crossing_class=2", "1039", "103920"],
          ["134570642", "34107289", "2", "46", "1160", "0", "1", "20", "0", "reversedirection=yes highway=secondary estimated_traffic_class=4", "highway=traffic_signals", "1046", "104659"],
          ["134570845", "34107779", "3", "57", "1130", "0", "91", "0", "0", "highway=secondary estimated_traffic_class=3", "estimated_crossing_class=2", "1056", "105673"],
          ["134570971", "34108083", "3", "36", "1130", "0", "0", "0", "0", "highway=secondary estimated_traffic_class=3", "estimated_crossing_class=2", "1063", "106378"],
          ["134571240", "34108670", "3", "70", "1130", "0", "0", "0", "0", "highway=secondary estimated_traffic_class=3", "estimated_crossing_class=2", "1075", "107602"],
          ["134571307", "34108813", "3", "17", "1130", "0", "0", "0", "0", "highway=secondary estimated_traffic_class=3", "estimated_crossing_class=2", "1078", "107878"],
          ["134571581", "34109140", "2", "45", "1130", "0", "3", "0", "0", "highway=secondary estimated_traffic_class=3", "estimated_crossing_class=2", "1085", "108562"],
          ["134571982", "34109398", "2", "47", "1130", "0", "1", "0", "0", "highway=secondary estimated_traffic_class=3", "estimated_crossing_class=2", "1092", "109221"],
          ["134572318", "34109603", "2", "38", "1130", "0", "0", "0", "0", "highway=secondary estimated_traffic_class=3", "estimated_crossing_class=2", "1097", "109752"],
          ["134573084", "34110070", "1", "88", "1130", "0", "0", "0", "0", "highway=secondary estimated_traffic_class=3", "estimated_crossing_class=2", "1109", "110934"],
          ["134573482", "34110597", "1", "69", "1130", "0", "4", "0", "0", "highway=secondary estimated_traffic_class=3", "estimated_crossing_class=2", "1119", "111977"],
          ["134574366", "34112180", "2", "195", "1130", "0", "4", "0", "0", "highway=secondary estimated_traffic_class=3", "estimated_crossing_class=2", "1153", "115385"],
          ["134574399", "34112342", "2", "18", "1130", "0", "0", "0", "0", "highway=secondary estimated_traffic_class=3", "estimated_crossing_class=2", "1157", "115750"],
          ["134574505", "34112868", "2", "59", "1130", "0", "0", "0", "0", "highway=secondary estimated_traffic_class=3", "estimated_crossing_class=2", "1168", "116875"],
          ["134574637", "34113412", "1", "62", "1130", "0", "0", "0", "0", "highway=secondary estimated_traffic_class=3", "estimated_crossing_class=2", "1178", "117856"],
          ["134574654", "34113467", "1", "6", "1130", "0", "0", "0", "0", "highway=secondary estimated_traffic_class=3", "estimated_crossing_class=2", "1179", "117950"],
          ["134574719", "34113558", "1", "12", "1130", "0", "3", "0", "0", "highway=secondary estimated_traffic_class=3", "estimated_crossing_class=2", "1181", "118128"],
          ["134574998", "34114686", "1", "129", "1130", "0", "4", "0", "0", "highway=secondary estimated_traffic_class=3", "estimated_crossing_class=2", "1200", "120104"],
          ["134574968", "34116031", "1", "149", "1130", "0", "0", "0", "0", "highway=secondary estimated_traffic_class=3", "estimated_crossing_class=2", "1226", "122708"],
          ["134574952", "34116373", "1", "38", "1130", "0", "0", "20", "0", "highway=secondary estimated_traffic_class=3", "highway=traffic_signals", "1232", "123289"],
          ["134574876", "34116868", "1", "56", "1130", "0", "0", "0", "0", "reversedirection=yes highway=secondary estimated_traffic_class=3", "", "1241", "124131"],
          ["134574836", "34117092", "1", "25", "1160", "0", "0", "0", "0", "reversedirection=yes highway=secondary estimated_traffic_class=4", "estimated_crossing_class=3", "1245", "124522"],
          ["134575023", "34118604", "1", "169", "1160", "0", "1", "0", "0", "reversedirection=yes highway=secondary estimated_traffic_class=4", "estimated_crossing_class=3", "1274", "127506"],
          ["134575086", "34118895", "1", "33", "1160", "0", "0", "0", "0", "reversedirection=yes highway=secondary estimated_traffic_class=4", "estimated_crossing_class=3", "1280", "128088"],
          ["134575114", "34119023", "1", "14", "1160", "0", "0", "0", "0", "reversedirection=yes highway=secondary estimated_traffic_class=4", "estimated_crossing_class=3", "1283", "128332"],
          ["134575217", "34119501", "1", "54", "1160", "0", "0", "0", "0", "reversedirection=yes highway=secondary estimated_traffic_class=4", "estimated_crossing_class=4", "1291", "129177"],
          ["134575257", "34119688", "0", "21", "1160", "0", "0", "0", "0", "reversedirection=yes highway=secondary estimated_traffic_class=4", "estimated_crossing_class=4", "1294", "129460"],
          ["134575416", "34120105", "0", "48", "1160", "0", "3", "0", "0", "reversedirection=yes highway=secondary estimated_traffic_class=4", "estimated_crossing_class=4", "1300", "130087"],
          ["134575440", "34120499", "0", "43", "1160", "0", "0", "0", "0", "reversedirection=yes highway=secondary estimated_traffic_class=4", "estimated_crossing_class=4", "1306", "130681"],
          ["134575466", "34120797", "0", "33", "1160", "0", "0", "0", "0", "reversedirection=yes highway=secondary estimated_traffic_class=4", "estimated_crossing_class=4", "1311", "131132"],
          ["134575491", "34120982", "0", "20", "1160", "0", "1", "0", "0", "reversedirection=yes highway=secondary estimated_traffic_class=4", "estimated_crossing_class=4", "1314", "131434"],
          ["134575620", "34121562", "0", "65", "1160", "0", "0", "0", "0", "reversedirection=yes highway=secondary estimated_traffic_class=4", "estimated_crossing_class=4", "1324", "132502"],
          ["134575753", "34121990", "0", "49", "1160", "0", "0", "0", "0", "reversedirection=yes highway=secondary estimated_traffic_class=4", "estimated_crossing_class=4", "1333", "133315"],
          ["134575979", "34122631", "0", "74", "1160", "0", "0", "0", "0", "reversedirection=yes highway=secondary estimated_traffic_class=4", "estimated_crossing_class=4", "1346", "134675"],
          ["134576322", "34123659", "2", "118", "1160", "0", "0", "20", "0", "reversedirection=yes highway=secondary estimated_traffic_class=4", "highway=crossing estimated_crossing_class=0 crossing=traffic_signals", "1375", "137535"],
          ["134576326", "34123674", "2", "2", "1160", "0", "0", "0", "0", "reversedirection=yes highway=secondary estimated_traffic_class=4", "estimated_crossing_class=0", "1375", "137576"],
          ["134576364", "34123798", "2", "14", "1160", "0", "0", "20", "0", "reversedirection=yes highway=secondary estimated_traffic_class=4", "highway=traffic_signals", "1378", "137855"],
          ["134576406", "34123952", "2", "18", "1160", "0", "0", "20", "0", "reversedirection=yes highway=secondary estimated_traffic_class=4", "highway=traffic_signals", "1382", "138229"],
          ["134576443", "34124041", "2", "10", "1160", "0", "0", "20", "0", "reversedirection=yes highway=secondary estimated_traffic_class=4", "highway=crossing estimated_crossing_class=0 crossing=traffic_signals", "1384", "138431"],
          ["134576623", "34124482", "2", "52", "1160", "0", "0", "20", "0", "reversedirection=yes highway=secondary estimated_traffic_class=4", "highway=traffic_signals estimated_crossing_class=0", "1394", "139432"],
          ["134576493", "34125376", "3", "100", "1160", "0", "5", "0", "0", "reversedirection=yes highway=secondary estimated_traffic_class=4", "estimated_crossing_class=4", "1412", "141296"],
          ["134576417", "34125841", "3", "52", "1160", "0", "0", "0", "0", "reversedirection=yes highway=secondary estimated_traffic_class=4", "estimated_crossing_class=4", "1422", "142268"],
          ["134576368", "34126187", "2", "38", "1160", "0", "0", "0", "0", "reversedirection=yes highway=secondary estimated_traffic_class=4", "estimated_crossing_class=4", "1428", "142840"],
          ["134576363", "34126304", "2", "13", "1160", "0", "0", "0", "0", "reversedirection=yes highway=secondary estimated_traffic_class=4", "estimated_crossing_class=4", "1430", "143021"],
          ["134576723", "34127680", "0", "158", "1160", "0", "6", "20", "0", "reversedirection=yes highway=secondary estimated_traffic_class=4", "highway=traffic_signals estimated_crossing_class=0", "1451", "145194"],
          ["134576734", "34128236", "0", "62", "1160", "0", "0", "0", "0", "reversedirection=yes highway=secondary estimated_traffic_class=4", "estimated_crossing_class=4", "1460", "146027"],
          ["134576735", "34128270", "0", "4", "1160", "0", "0", "0", "0", "reversedirection=yes highway=secondary estimated_traffic_class=4 route_bicycle_rcn=yes", "nodeaccessgranted=yes estimated_crossing_class=4", "1460", "146081"],
          ["134576736", "34128294", "0", "3", "1160", "0", "0", "0", "0", "reversedirection=yes highway=secondary estimated_traffic_class=4 route_bicycle_rcn=yes", "nodeaccessgranted=yes estimated_crossing_class=4", "1461", "146122"],
          ["134576764", "34129201", "0", "101", "1160", "0", "0", "0", "0", "reversedirection=yes highway=secondary estimated_traffic_class=4 route_bicycle_rcn=yes", "nodeaccessgranted=yes estimated_crossing_class=4", "1475", "147603"],
          ["134576899", "34131806", "2", "290", "1160", "0", "0", "0", "0", "reversedirection=yes highway=secondary estimated_traffic_class=4 route_bicycle_rcn=yes", "", "1524", "152427"],
          ["134576836", "34133251", "1", "160", "1160", "0", "0", "0", "0", "reversedirection=yes highway=secondary estimated_traffic_class=4", "", "1557", "155772"],
          ["134578445", "34133231", "2", "148", "1500", "0", "88", "20", "0", "reversedirection=yes highway=trunk route_bicycle_rcn=yes", "nodeaccessgranted=yes highway=traffic_signals", "1588", "158818"],
          ["134578700", "34134125", "2", "102", "1160", "0", "84", "0", "0", "highway=secondary surface=asphalt estimated_traffic_class=4", "estimated_crossing_class=4", "1604", "160490"],
          ["134578775", "34134369", "2", "28", "1160", "0", "0", "20", "0", "highway=secondary surface=asphalt estimated_traffic_class=4", "highway=traffic_signals estimated_crossing_class=0", "1609", "160951"],
          ["134578969", "34134996", "1", "72", "1160", "0", "0", "0", "0", "highway=secondary surface=asphalt estimated_traffic_class=4", "estimated_crossing_class=4", "1618", "161908"],
          ["134579181", "34135681", "0", "78", "1160", "0", "0", "0", "0", "highway=secondary surface=asphalt estimated_traffic_class=4", "estimated_crossing_class=4", "1628", "162900"],
          ["134593218", "34149890", "0", "2127", "1100", "0", "135", "0", "0", "highway=unclassified", "estimated_crossing_class=3", "1989", "198933"],
          ["134593067", "34152034", "2", "238", "1500", "0", "68", "0", "0", "reversedirection=yes highway=trunk surface=asphalt route_bicycle_rcn=yes", "", "2040", "204029"],
          ["134593841", "34152074", "2", "72", "1130", "0", "83", "0", "0", "reversedirection=yes highway=secondary surface=asphalt estimated_traffic_class=3 route_bicycle_rcn=yes", "nodeaccessgranted=yes estimated_crossing_class=3", "2054", "205433"],
          ["134593825", "34153513", "0", "160", "1100", "0", "93", "0", "0", "reversedirection=yes highway=unclassified", "", "2078", "207855"],
          ["134593289", "34157849", "0", "484", "1100", "0", "0", "0", "0", "highway=unclassified", "", "2151", "215220"],
          ["134593642", "34161942", "0", "476", "1100", "0", "35", "20", "0", "reversedirection=yes highway=unclassified", "highway=traffic_signals", "2239", "223990"],
          ["134599409", "34166727", "0", "751", "1500", "0", "74", "20", "0", "reversedirection=yes highway=trunk surface=asphalt", "highway=traffic_signals", "2364", "236480"],
          ["134599488", "34166783", "0", "10", "1500", "0", "0", "20", "0", "reversedirection=yes highway=trunk surface=asphalt", "highway=traffic_signals", "2366", "236644"],
          ["134599619", "34166897", "0", "17", "1500", "0", "0", "0", "0", "reversedirection=yes highway=trunk surface=asphalt", "highway=crossing", "2368", "236923"],
          ["134600793", "34167884", "0", "154", "1500", "0", "0", "0", "0", "reversedirection=yes highway=trunk surface=asphalt", "", "2394", "239484"],
          ["134601270", "34168280", "0", "63", "1500", "0", "0", "0", "0", "reversedirection=yes highway=trunk", "", "2405", "240539"],
          ["134603839", "34170266", "1", "324", "1500", "0", "0", "0", "0", "reversedirection=yes highway=trunk surface=asphalt", "", "2464", "246496"],
          ["134603824", "34170307", "1", "5", "1030", "0", "63", "0", "0", "highway=tertiary surface=asphalt estimated_traffic_class=3", "highway=crossing", "2465", "246584"],
          ["134603772", "34170505", "0", "22", "1030", "0", "0", "0", "0", "highway=tertiary surface=asphalt estimated_traffic_class=3", "", "2468", "246926"],
          ["134601882", "34170452", "1", "175", "1100", "0", "89", "0", "0", "highway=unclassified", "", "2497", "249814"],
          ["134601517", "34169563", "0", "105", "1200", "0", "97", "0", "0", "highway=residential", "", "2514", "251509"],
          ["134600094", "34170185", "0", "149", "5000", "0", "119", "0", "0", "reversedirection=yes highway=path", "", "2539", "253940"],
          ["134601517", "34169563", "0", "149", "5000", "0", "4", "0", "0", "highway=path", "", "2566", "256686"],
          ["134601848", "34171507", "2", "222", "1200", "0", "118", "0", "0", "reversedirection=yes highway=residential", "", "2609", "260932"],
          ["134603481", "34171729", "1", "153", "1100", "0", "82", "0", "0", "highway=unclassified", "", "2632", "263329"],
          ["134603147", "34172722", "1", "114", "1030", "0", "100", "0", "0", "highway=tertiary surface=asphalt estimated_traffic_class=3", "highway=crossing crossing=uncontrolled", "2654", "265455"],
          ["134603122", "34172796", "1", "9", "1030", "0", "0", "20", "0", "highway=tertiary surface=asphalt estimated_traffic_class=3", "highway=traffic_signals", "2655", "265615"],
          ["134603101", "34172865", "1", "8", "1100", "0", "0", "20", "0", "highway=unclassified", "highway=crossing crossing=traffic_signals", "2657", "265747"],
          ["134603060", "34172989", "1", "14", "1100", "0", "0", "20", "0", "highway=unclassified", "highway=traffic_signals traffic_signals:direction=forward", "2659", "265979"],
          ["134603048", "34173038", "1", "6", "1100", "0", "0", "0", "0", "highway=unclassified", "railway=level_crossing", "2660", "266072"],
          ["134601990", "34175050", "3", "257", "1100", "0", "31", "0", "0", "highway=unclassified", "", "2709", "270966"],
          ["134601487", "34176089", "7", "124", "1100", "0", "1", "0", "0", "reversedirection=yes highway=unclassified", "", "2734", "273496"],
          ["134599619", "34179516", "2", "428", "1100", "0", "78", "0", "0", "highway=unclassified", "", "2810", "281077"],
          ["134599366", "34179866", "3", "45", "1100", "0", "0", "0", "0", "reversedirection=yes highway=unclassified", "", "2818", "281872"],
          ["134598956", "34180414", "2", "72", "1100", "0", "1", "0", "0", "highway=unclassified", "", "2828", "282928"],
          ["134599414", "34183117", "1", "443", "1000", "0", "246", "0", "0", "reversedirection=yes highway=tertiary estimated_traffic_class=2", "", "2898", "289897"],
          ["134597701", "34187517", "3", "518", "1100", "0", "114", "0", "0", "highway=unclassified", "", "2991", "299193"],
          ["134597618", "34188309", "2", "88", "1100", "0", "2", "0", "0", "reversedirection=yes highway=unclassified", "", "3004", "300502"],
          ["134596622", "34193082", "5", "542", "1000", "0", "4", "0", "0", "reversedirection=yes highway=tertiary estimated_traffic_class=2", "highway=crossing crossing=marked", "3108", "310842"],
          ["134596641", "34193134", "4", "6", "1000", "0", "0", "0", "0", "reversedirection=yes highway=tertiary estimated_traffic_class=2", "estimated_crossing_class=2", "3109", "310935"],
          ["134596555", "34193228", "6", "13", "1230", "0", "37", "0", "0", "reversedirection=yes highway=primary estimated_traffic_class=3", "estimated_crossing_class=2", "3112", "311278"],
          ["134596438", "34193343", "9", "17", "1230", "0", "0", "0", "0", "reversedirection=yes highway=primary estimated_traffic_class=3", "highway=crossing crossing=marked", "3116", "311649"],
          ["134595229", "34194516", "9", "171", "1230", "0", "0", "0", "0", "reversedirection=yes highway=primary estimated_traffic_class=3", "estimated_crossing_class=2", "3148", "314867"],
          ["134595179", "34194565", "8", "7", "1230", "0", "0", "0", "0", "reversedirection=yes highway=primary estimated_traffic_class=3", "estimated_crossing_class=2", "3150", "315101"],
          ["134594539", "34195178", "1", "90", "1230", "0", "0", "0", "0", "reversedirection=yes highway=primary estimated_traffic_class=3", "estimated_crossing_class=2", "3162", "316279"],
          ["134594035", "34195668", "1", "72", "1230", "0", "0", "0", "0", "reversedirection=yes highway=primary estimated_traffic_class=3", "estimated_crossing_class=2", "3171", "317228"],
          ["134591709", "34197216", "4", "277", "1230", "0", "0", "0", "0", "reversedirection=yes highway=primary estimated_traffic_class=3", "estimated_crossing_class=2", "3215", "321616"],
          ["134589396", "34198826", "3", "281", "1230", "0", "1", "0", "0", "reversedirection=yes highway=primary estimated_traffic_class=3", "estimated_crossing_class=2", "3262", "326266"],
          ["134588178", "34199857", "1", "160", "1230", "0", "1", "0", "0", "reversedirection=yes highway=primary estimated_traffic_class=3", "estimated_crossing_class=2", "3284", "328471"],
          ["134587500", "34200295", "1", "79", "1230", "0", "0", "0", "0", "reversedirection=yes highway=primary estimated_traffic_class=3", "estimated_crossing_class=2", "3294", "329489"],
          ["134587191", "34200471", "2", "35", "1230", "0", "0", "0", "0", "reversedirection=yes highway=primary estimated_traffic_class=3", "estimated_crossing_class=2", "3299", "329993"],
          ["134586745", "34200675", "2", "47", "1230", "0", "0", "0", "0", "reversedirection=yes highway=primary estimated_traffic_class=3", "estimated_crossing_class=2", "3306", "330704"],
          ["134586470", "34200773", "2", "28", "1230", "0", "0", "0", "0", "reversedirection=yes highway=primary estimated_traffic_class=3", "estimated_crossing_class=2", "3312", "331295"],
          ["134585299", "34201073", "5", "114", "1230", "0", "0", "0", "0", "reversedirection=yes highway=primary estimated_traffic_class=3", "estimated_crossing_class=2", "3341", "334164"],
          ["134583599", "34201173", "6", "157", "1230", "0", "0", "0", "0", "reversedirection=yes highway=primary estimated_traffic_class=3", "estimated_crossing_class=2", "3369", "337031"],
          ["134582977", "34201210", "4", "57", "1230", "0", "0", "0", "0", "reversedirection=yes highway=primary estimated_traffic_class=3", "estimated_crossing_class=2", "3382", "338315"],
          ["134581495", "34201551", "4", "145", "1230", "0", "1", "0", "0", "reversedirection=yes highway=primary estimated_traffic_class=3", "estimated_crossing_class=2", "3408", "340866"],
          ["134581332", "34201682", "4", "21", "1230", "0", "1", "0", "0", "reversedirection=yes highway=primary estimated_traffic_class=3", "estimated_crossing_class=2", "3412", "341270"],
          ["134580664", "34202912", "7", "152", "1230", "0", "3", "0", "0", "reversedirection=yes highway=primary estimated_traffic_class=3", "estimated_crossing_class=2", "3439", "344033"],
          ["134579806", "34205332", "5", "280", "1230", "0", "0", "0", "0", "reversedirection=yes highway=primary estimated_traffic_class=3", "estimated_crossing_class=2", "3489", "348986"],
          ["134579666", "34205861", "8", "60", "1230", "0", "0", "0", "0", "reversedirection=yes highway=primary estimated_traffic_class=3", "estimated_crossing_class=2", "3501", "350150"],
          ["134579246", "34206591", "4", "91", "1230", "0", "0", "0", "0", "reversedirection=yes highway=primary estimated_traffic_class=3", "estimated_crossing_class=2", "3519", "352021"],
          ["134576393", "34207929", "8", "311", "1230", "0", "0", "0", "0", "reversedirection=yes highway=primary estimated_traffic_class=3", "estimated_crossing_class=2", "3573", "357358"],
          ["134576189", "34207979", "7", "20", "1230", "0", "0", "0", "0", "reversedirection=yes highway=primary estimated_traffic_class=3", "estimated_crossing_class=2", "3578", "357916"],
          ["134576110", "34207997", "6", "8", "1230", "0", "0", "0", "0", "reversedirection=yes highway=primary estimated_traffic_class=3", "", "3580", "358100"],
          ["134575899", "34208049", "5", "20", "1200", "0", "0", "0", "0", "reversedirection=yes highway=primary estimated_traffic_class=2", "estimated_crossing_class=2", "3584", "358458"],
          ["134570505", "34206242", "11", "555", "1200", "0", "1", "20", "0", "reversedirection=yes highway=primary estimated_traffic_class=2", "highway=traffic_signals estimated_crossing_class=0 traffic_signals=signal", "3687", "368840"],
          ["134567010", "34205085", "15", "358", "1200", "0", "12", "0", "0", "reversedirection=yes highway=primary estimated_traffic_class=2", "", "3787", "378780"],
          ["134566992", "34205012", "15", "8", "1230", "0", "0", "0", "0", "reversedirection=yes highway=primary estimated_traffic_class=3", "", "3789", "378979"],
          ["134565765", "34205311", "17", "118", "1500", "0", "93", "0", "0", "highway=trunk surface=asphalt oneway=yes", "", "3820", "382095"],
          ["134560528", "34212735", "17", "986", "1500", "483", "8", "20", "0", "highway=trunk surface=asphalt", "highway=traffic_signals", "4122", "410683"],
          ["134558986", "34219345", "10", "766", "1500", "52", "1", "0", "0", "highway=trunk surface=asphalt", "", "4225", "420948"],
          ["134558324", "34221436", "3", "257", "1200", "0", "53", "0", "0", "highway=residential", "", "4256", "423984"],
          ["134545258", "34223841", "2", "1245", "1500", "0", "55", "0", "0", "highway=trunk surface=asphalt", "", "4454", "443850"],
          ["134539995", "34226149", "4", "598", "1100", "0", "62", "0", "0", "highway=unclassified", "", "4544", "452768"],
          ["134525114", "34225171", "5", "1412", "1500", "0", "11", "20", "0", "highway=trunk", "highway=traffic_signals", "4809", "479324"],
          ["134516468", "34225903", "8", "805", "1500", "0", "1", "20", "0", "highway=trunk", "highway=traffic_signals", "4937", "492114"],
          ["134486080", "34218761", "2", "3021", "1500", "0", "2", "20", "0", "highway=trunk", "highway=traffic_signals", "5443", "542767"],
          ["134482006", "34215076", "1", "589", "1500", "0", "6", "20", "0", "highway=trunk", "highway=traffic_signals", "5528", "551230"],
          ["134481479", "34213753", "6", "157", "1500", "0", "2", "0", "0", "highway=trunk", "estimated_crossing_class=2", "5560", "554396"],
          ["134463043", "34207237", "2", "1900", "1500", "0", "4", "20", "0", "highway=trunk", "highway=traffic_signals", "5895", "587894"],
          ["134452298", "34205311", "15", "1036", "1500", "0", "3", "0", "0", "highway=trunk", "", "6158", "614197"],
          ["134434511", "34207650", "7", "1728", "1500", "41", "14", "0", "0", "highway=trunk surface=asphalt", "", "6520", "650449"],
          ["134434156", "34207794", "6", "37", "1500", "0", "0", "0", "0", "highway=trunk", "", "6526", "651050"],
          ["134431754", "34208378", "3", "235", "1200", "242", "125", "0", "0", "reversedirection=yes highway=residential", "estimated_crossing_class=1", "6549", "652732"],
          ["134431392", "34209025", "2", "80", "1200", "0", "60", "0", "0", "highway=primary surface=asphalt estimated_traffic_class=2", "estimated_crossing_class=0", "6558", "653690"],
          ["134426087", "34211720", "2", "575", "1200", "0", "16", "0", "0", "reversedirection=yes highway=residential", "", "6642", "662008"],
          ["134425791", "34211109", "2", "73", "1100", "0", "97", "0", "0", "reversedirection=yes highway=unclassified", "railway=level_crossing", "6653", "663172"],
          ["134425289", "34210232", "3", "108", "1100", "0", "0", "0", "0", "reversedirection=yes highway=unclassified", "", "6673", "665108"],
          ["134423071", "34211176", "2", "230", "1100", "0", "86", "0", "0", "highway=unclassified", "", "6711", "668917"],
          ["134414081", "34213806", "7", "913", "1000", "0", "40", "0", "0", "reversedirection=yes highway=tertiary estimated_traffic_class=1", "estimated_crossing_class=1", "6886", "686456"],
          ["134412211", "34214608", "9", "193", "1000", "0", "0", "0", "0", "reversedirection=yes highway=tertiary estimated_traffic_class=1", "barrier=gate bicycle=yes foot=yes motor_vehicle=yes", "6930", "690801"],
          ["134409093", "34216027", "11", "333", "1200", "0", "175", "0", "0", "reversedirection=yes highway=service", "barrier=gate bicycle=yes foot=yes motor_vehicle=yes", "7001", "697899"],
          ["134407499", "34216728", "10", "166", "1000", "0", "0", "20", "0", "reversedirection=yes highway=tertiary estimated_traffic_class=1", "highway=traffic_signals estimated_crossing_class=0 traffic_signals=signal", "7024", "700275"],
          ["134405613", "34218833", "7", "303", "1000", "0", "9", "0", "0", "reversedirection=yes highway=tertiary estimated_traffic_class=1", "highway=crossing crossing=unmarked", "7070", "704876"],
          ["134405551", "34218886", "7", "8", "1000", "0", "0", "20", "0", "reversedirection=yes highway=tertiary estimated_traffic_class=1", "highway=traffic_signals traffic_signals=signal", "7071", "704985"],
          ["134405464", "34218961", "7", "12", "1000", "0", "0", "0", "0", "reversedirection=yes highway=tertiary estimated_traffic_class=1", "highway=crossing crossing=unmarked", "7073", "705141"],
          ["134405331", "34219078", "7", "18", "1000", "0", "1", "0", "0", "reversedirection=yes highway=tertiary estimated_traffic_class=1", "", "7075", "705372"],
          ["134405267", "34219136", "7", "9", "1000", "0", "1", "0", "0", "reversedirection=yes highway=tertiary surface=asphalt estimated_traffic_class=1", "", "7076", "705491"],
          ["134402490", "34220622", "3", "309", "1000", "0", "1", "20", "0", "reversedirection=yes highway=tertiary estimated_traffic_class=1", "highway=crossing crossing=traffic_signals traffic_signals=signal", "7116", "709420"],
          ["134396862", "34221201", "1", "534", "1000", "0", "1", "20", "0", "reversedirection=yes highway=tertiary estimated_traffic_class=1", "highway=traffic_signals", "7194", "717256"],
          ["134395935", "34221151", "1", "86", "1000", "0", "0", "0", "0", "reversedirection=yes highway=tertiary estimated_traffic_class=2", "", "7210", "718817"],
          ["134396008", "34223067", "1", "213", "1200", "0", "91", "0", "0", "highway=residential", "", "7245", "722331"],
          ["134391880", "34223090", "5", "382", "1200", "0", "96", "0", "0", "reversedirection=yes highway=residential", "", "7329", "730753"],
          ["134391875", "34223265", "5", "19", "1200", "0", "68", "0", "0", "highway=residential", "", "7333", "731132"],
          ["134390353", "34223507", "8", "144", "1500", "0", "88", "20", "0", "highway=trunk", "highway=traffic_signals", "7366", "734487"],
          ["134386965", "34225967", "14", "422", "1500", "0", "0", "20", "0", "highway=trunk", "highway=traffic_signals", "7483", "746177"],
          ["134384722", "34230703", "17", "569", "1500", "0", "0", "0", "0", "highway=trunk", "", "7601", "757910"],
          ["134384631", "34230677", "18", "9", "1100", "0", "75", "0", "0", "highway=unclassified", "railway=level_crossing", "7603", "758108"],
          ["134356672", "34241649", "5", "3037", "1100", "0", "118", "20", "0", "highway=unclassified", "highway=traffic_signals", "8077", "805519"],
          ["134355728", "34242082", "5", "99", "1100", "0", "0", "0", "0", "highway=unclassified", "", "8093", "807127"],
          ["134355351", "34242289", "5", "42", "1030", "0", "0", "0", "0", "highway=tertiary estimated_traffic_class=3", "", "8099", "807778"],
          ["134353202", "34243599", "4", "252", "1100", "0", "29", "0", "0", "highway=unclassified oneway=yes", "", "8140", "811844"],
          ["134352788", "34243659", "4", "38", "1500", "0", "78", "20", "0", "highway=trunk", "highway=traffic_signals", "8145", "812397"],
          ["134351543", "34245047", "6", "204", "1100", "0", "138", "0", "0", "reversedirection=yes highway=unclassified", "estimated_crossing_class=3", "8186", "816506"],
          ["134343158", "34249044", "7", "936", "1100", "0", "57", "0", "0", "reversedirection=yes highway=unclassified", "estimated_crossing_class=1", "8351", "832977"],
          ["134334083", "34250465", "8", "862", "1100", "0", "8", "0", "0", "reversedirection=yes highway=unclassified", "estimated_crossing_class=2", "8507", "848600"],
          ["134318609", "34250799", "6", "1466", "1100", "0", "16", "0", "0", "reversedirection=yes highway=unclassified", "highway=crossing crossing=unmarked", "8749", "872774"],
          ["134318498", "34250735", "6", "12", "1100", "0", "1", "0", "0", "reversedirection=yes highway=unclassified", "highway=crossing crossing=unmarked", "8751", "872970"],
          ["134308606", "34250948", "9", "1013", "1100", "0", "64", "0", "0", "reversedirection=yes highway=unclassified", "estimated_crossing_class=1", "8936", "891470"],
          ["134294782", "34252325", "21", "1292", "1100", "0", "17", "0", "0", "reversedirection=yes highway=unclassified", "estimated_crossing_class=1", "9218", "919657"],
          ["134294510", "34252208", "22", "29", "1200", "0", "44", "0", "0", "reversedirection=yes highway=primary estimated_traffic_class=2", "highway=crossing crossing=uncontrolled", "9225", "920387"],
          ["134294382", "34252007", "24", "25", "1200", "0", "5", "20", "0", "reversedirection=yes highway=primary estimated_traffic_class=2", "highway=traffic_signals traffic_signals=signal", "9230", "920847"],
          ["134294015", "34252256", "24", "44", "1200", "0", "116", "0", "0", "reversedirection=yes highway=primary estimated_traffic_class=2", "", "9237", "921594"],
          ["134292630", "34252541", "27", "131", "1200", "0", "6", "0", "0", "highway=primary estimated_traffic_class=2 oneway=yes", "estimated_crossing_class=1", "9269", "924740"],
          ["134291649", "34252724", "26", "93", "1200", "0", "0", "0", "0", "highway=primary estimated_traffic_class=2 oneway=yes", "estimated_crossing_class=1", "9291", "926941"],
          ["134291376", "34252742", "26", "25", "1200", "0", "0", "0", "0", "highway=primary estimated_traffic_class=2 oneway=yes", "estimated_crossing_class=1", "9298", "927678"],
          ["134290790", "34252739", "27", "54", "1200", "0", "0", "0", "0", "highway=primary estimated_traffic_class=2 oneway=yes", "estimated_crossing_class=1", "9313", "929184"],
          ["134290366", "34252703", "28", "39", "1200", "0", "0", "20", "0", "highway=primary estimated_traffic_class=2 oneway=yes", "highway=traffic_signals", "9325", "930375"],
          ["134290275", "34252687", "28", "9", "1200", "0", "0", "0", "0", "highway=primary estimated_traffic_class=2 oneway=yes", "estimated_crossing_class=0", "9328", "930645"],
          ["134290183", "34252670", "28", "9", "1200", "0", "0", "20", "0", "highway=primary estimated_traffic_class=2 oneway=yes", "highway=crossing estimated_crossing_class=0 crossing=traffic_signals", "9330", "930919"],
          ["134289407", "34252461", "30", "75", "1200", "0", "0", "0", "0", "highway=primary estimated_traffic_class=2 oneway=yes", "estimated_crossing_class=1", "9354", "933264"],
          ["134288642", "34252139", "34", "79", "1200", "0", "0", "0", "0", "highway=primary estimated_traffic_class=2 oneway=yes", "estimated_crossing_class=1", "9379", "935737"],
          ["134287738", "34251782", "38", "92", "1200", "0", "1", "0", "0", "highway=primary estimated_traffic_class=2 oneway=yes", "estimated_crossing_class=1", "9412", "939044"],
          ["134286869", "34251666", "38", "81", "1200", "0", "0", "0", "0", "highway=primary estimated_traffic_class=2 oneway=yes", "estimated_crossing_class=1", "9434", "941267"],
          ["134286217", "34251655", "39", "61", "1200", "0", "0", "0", "0", "highway=primary estimated_traffic_class=2 oneway=yes", "highway=crossing estimated_crossing_class=1 crossing=uncontrolled", "9448", "942691"],
          ["134286054", "34251655", "39", "15", "1200", "0", "0", "0", "0", "highway=primary estimated_traffic_class=2 oneway=yes", "estimated_crossing_class=1", "9452", "943067"],
          ["134285494", "34251654", "45", "52", "1200", "0", "0", "0", "0", "highway=primary estimated_traffic_class=2 oneway=yes", "estimated_crossing_class=1", "9484", "946270"],
          ["134282275", "34251652", "55", "297", "1200", "0", "0", "0", "0", "highway=primary estimated_traffic_class=2 oneway=yes", "estimated_crossing_class=1", "9632", "961099"],
          ["134281650", "34251692", "52", "58", "1200", "0", "0", "0", "0", "highway=primary estimated_traffic_class=2 oneway=yes", "estimated_crossing_class=1", "9646", "962478"],
          ["134281225", "34251739", "53", "39", "1200", "0", "0", "0", "0", "highway=primary estimated_traffic_class=2 oneway=yes", "estimated_crossing_class=1", "9654", "963268"],
          ["134279089", "34251527", "60", "202", "1200", "0", "0", "0", "0", "highway=primary estimated_traffic_class=2 oneway=yes", "estimated_crossing_class=1", "9704", "968320"],
          ["134278759", "34251381", "63", "34", "1200", "0", "0", "0", "0", "highway=primary estimated_traffic_class=2 oneway=yes", "estimated_crossing_class=1", "9719", "969825"],
          ["134277963", "34250864", "67", "94", "1200", "0", "0", "0", "0", "highway=primary estimated_traffic_class=2 oneway=yes", "estimated_crossing_class=1", "9763", "974198"],
          ["134276958", "34249937", "70", "138", "1200", "0", "0", "0", "0", "highway=primary estimated_traffic_class=2 oneway=yes", "estimated_crossing_class=1", "9819", "979777"],
          ["134276174", "34249246", "66", "105", "1200", "0", "0", "0", "0", "highway=primary estimated_traffic_class=2 oneway=yes", "estimated_crossing_class=1", "9840", "981849"],
          ["134275614", "34248832", "70", "69", "1200", "0", "0", "20", "0", "highway=primary estimated_traffic_class=2 oneway=yes", "highway=crossing estimated_crossing_class=0 crossing=traffic_signals", "9853", "983212"],
          ["134275500", "34248764", "71", "13", "1200", "0", "0", "20", "0", "highway=primary estimated_traffic_class=2 oneway=yes", "highway=traffic_signals", "9857", "983612"],
          ["134275536", "34248711", "71", "7", "1200", "0", "80", "20", "0", "reversedirection=yes highway=primary estimated_traffic_class=2", "highway=crossing estimated_crossing_class=0 crossing=traffic_signals", "9859", "983817"],
          ["134275572", "34248174", "73", "62", "1200", "0", "3", "0", "0", "reversedirection=yes highway=primary estimated_traffic_class=2", "estimated_crossing_class=2", "9877", "985621"],
          ["134270806", "34246670", "88", "512", "1200", "0", "7", "0", "0", "reversedirection=yes highway=primary estimated_traffic_class=2", "estimated_crossing_class=2", "10098", "1007679"],
          ["134269387", "34246878", "87", "145", "1200", "0", "10", "0", "0", "reversedirection=yes highway=primary estimated_traffic_class=2", "estimated_crossing_class=2", "10132", "1011136"],
          ["134269006", "34247161", "85", "47", "1200", "0", "0", "0", "0", "reversedirection=yes highway=primary estimated_traffic_class=2", "estimated_crossing_class=2", "10138", "1011659"],
          ["134268526", "34247640", "84", "69", "1200", "0", "1", "0", "0", "reversedirection=yes highway=primary estimated_traffic_class=2", "estimated_crossing_class=2", "10149", "1012783"],
          ["134267042", "34248794", "85", "191", "1200", "0", "9", "0", "0", "reversedirection=yes highway=primary estimated_traffic_class=2", "estimated_crossing_class=2", "10175", "1015403"],
          ["134267039", "34248856", "85", "7", "1200", "0", "0", "0", "0", "reversedirection=yes highway=primary estimated_traffic_class=2", "", "10176", "1015530"],
          ["134265604", "34249407", "74", "145", "1200", "0", "57", "20", "0", "highway=primary estimated_traffic_class=2 oneway=yes", "highway=crossing estimated_crossing_class=0 crossing=traffic_signals", "10191", "1016615"],
          ["134265467", "34249481", "73", "15", "1200", "6", "0", "0", "0", "highway=primary estimated_traffic_class=2 oneway=yes", "estimated_crossing_class=0", "10192", "1016683"],
          ["134265518", "34249557", "73", "10", "1000", "0", "84", "20", "0", "reversedirection=yes highway=tertiary surface=asphalt estimated_traffic_class=1", "highway=traffic_signals estimated_crossing_class=0 crossing=traffic_signals", "10193", "1016769"],
          ["134265577", "34249645", "74", "11", "1000", "0", "0", "20", "0", "reversedirection=yes highway=tertiary surface=asphalt estimated_traffic_class=1", "highway=crossing crossing=traffic_signals", "10194", "1016875"],
          ["134265604", "34249738", "74", "11", "1000", "0", "3", "20", "0", "reversedirection=yes highway=tertiary surface=asphalt estimated_traffic_class=1", "highway=traffic_signals crossing=traffic_signals traffic_signals:direction=forward", "10195", "1016991"],
          ["134264925", "34250504", "69", "106", "1000", "115", "16", "0", "0", "reversedirection=yes highway=tertiary surface=asphalt estimated_traffic_class=1", "", "10204", "1017883"],
          ["134264840", "34250579", "69", "11", "1000", "5", "0", "0", "0", "reversedirection=yes highway=tertiary estimated_traffic_class=1", "", "10205", "1017979"],
          ["134250979", "34257321", "52", "1513", "1000", "31", "3", "0", "0", "reversedirection=yes highway=tertiary surface=asphalt estimated_traffic_class=1", "", "10406", "1038073"],
          ["134249084", "34258068", "49", "194", "1000", "0", "1", "20", "0", "reversedirection=yes highway=tertiary estimated_traffic_class=1", "highway=traffic_signals estimated_crossing_class=0", "10425", "1039987"],
          ["134245729", "34259572", "53", "352", "1000", "0", "0", "0", "0", "reversedirection=yes highway=tertiary estimated_traffic_class=1", "estimated_crossing_class=1", "10489", "1046330"],
          ["134245600", "34259655", "53", "15", "1100", "0", "0", "0", "0", "highway=secondary estimated_traffic_class=1", "estimated_crossing_class=1", "10491", "1046565"],
          ["134245152", "34259931", "54", "51", "1100", "0", "0", "0", "0", "highway=secondary estimated_traffic_class=1", "estimated_crossing_class=1", "10501", "1047571"],
          ["134244918", "34260076", "54", "27", "1100", "0", "0", "0", "0", "highway=secondary estimated_traffic_class=1", "estimated_crossing_class=1", "10507", "1048109"],
          ["134243582", "34260611", "53", "138", "1100", "0", "0", "0", "0", "highway=secondary estimated_traffic_class=1", "estimated_crossing_class=1", "10530", "1050415"],
          ["134242763", "34260928", "51", "83", "1100", "0", "0", "0", "0", "highway=secondary estimated_traffic_class=1", "estimated_crossing_class=1", "10539", "1051371"],
          ["134242163", "34261188", "49", "62", "1100", "0", "0", "0", "0", "highway=secondary estimated_traffic_class=1", "estimated_crossing_class=1", "10549", "1052355"],
          ["134241342", "34261521", "48", "84", "1100", "0", "0", "0", "0", "highway=secondary estimated_traffic_class=1", "estimated_crossing_class=1", "10560", "1053468"],
          ["134240069", "34261905", "48", "125", "1100", "0", "0", "0", "0", "highway=secondary estimated_traffic_class=1", "estimated_crossing_class=1", "10581", "1055534"],
          ["134239728", "34262005", "49", "33", "1100", "0", "0", "0", "0", "highway=secondary estimated_traffic_class=1", "estimated_crossing_class=1", "10584", "1055892"],
          ["134238750", "34262148", "50", "92", "1100", "0", "0", "0", "0", "highway=secondary estimated_traffic_class=1", "estimated_crossing_class=1", "10598", "1057247"],
          ["134236955", "34262271", "46", "166", "1100", "0", "0", "0", "0", "highway=secondary estimated_traffic_class=1", "estimated_crossing_class=1", "10621", "1059602"],
          ["134235529", "34262334", "47", "132", "1100", "0", "0", "20", "0", "highway=secondary estimated_traffic_class=1", "highway=traffic_signals estimated_crossing_class=0", "10638", "1061216"],
          ["134228933", "34264227", "39", "662", "1000", "0", "2", "0", "0", "reversedirection=yes highway=tertiary estimated_traffic_class=1", "estimated_crossing_class=1", "10732", "1070666"],
          ["134228358", "34264563", "39", "65", "1100", "0", "0", "0", "0", "highway=secondary estimated_traffic_class=2", "estimated_crossing_class=1", "10742", "1071702"],
          ["134226439", "34265054", "36", "187", "1100", "0", "0", "0", "0", "highway=secondary estimated_traffic_class=2", "estimated_crossing_class=1", "10765", "1073971"],
          ["134223779", "34265362", "35", "247", "1100", "0", "0", "0", "0", "highway=secondary estimated_traffic_class=2", "estimated_crossing_class=1", "10801", "1077531"],
          ["134222324", "34265507", "32", "135", "1100", "0", "0", "0", "0", "highway=secondary estimated_traffic_class=2", "estimated_crossing_class=1", "10817", "1079179"],
          ["134220422", "34265546", "30", "175", "1100", "0", "0", "0", "0", "highway=secondary estimated_traffic_class=2", "", "10839", "1081400"],
          ["134216441", "34265660", "30", "367", "1100", "0", "0", "0", "0", "reversedirection=yes highway=secondary estimated_traffic_class=2", "estimated_crossing_class=1", "10898", "1087302"],
          ["134215393", "34265690", "31", "97", "1100", "0", "0", "0", "0", "reversedirection=yes highway=secondary estimated_traffic_class=2", "estimated_crossing_class=1", "10910", "1088495"],
          ["134212894", "34265755", "34", "230", "1100", "0", "0", "20", "0", "reversedirection=yes highway=secondary estimated_traffic_class=2", "highway=traffic_signals estimated_crossing_class=0", "10960", "1093428"],
          ["134205824", "34265930", "31", "652", "1000", "0", "0", "20", "0", "highway=tertiary estimated_traffic_class=1", "highway=traffic_signals estimated_crossing_class=0", "11058", "1103286"],
          ["134188201", "34265340", "34", "1632", "1000", "0", "0", "0", "0", "highway=tertiary estimated_traffic_class=1", "highway=crossing crossing=uncontrolled", "11349", "1132377"],
          ["134184520", "34265122", "38", "341", "1000", "0", "0", "20", "0", "highway=tertiary estimated_traffic_class=1", "highway=traffic_signals crossing=traffic_signals", "11421", "1139516"],
          ["134175888", "34264955", "40", "797", "1000", "0", "0", "20", "0", "highway=tertiary estimated_traffic_class=1", "highway=traffic_signals estimated_crossing_class=0", "11574", "1154910"],
          ["134173252", "34265075", "41", "244", "1000", "0", "0", "0", "0", "highway=tertiary estimated_traffic_class=1", "highway=bus_stop", "11620", "1159479"],
          ["134164446", "34265965", "40", "822", "1000", "0", "0", "20", "0", "highway=tertiary estimated_traffic_class=1", "highway=traffic_signals traffic_signals:direction=forward", "11755", "1173012"],
          ["134164339", "34265992", "40", "10", "1000", "0", "0", "20", "0", "highway=tertiary estimated_traffic_class=1", "highway=crossing crossing=traffic_signals", "11757", "1173192"],
          ["134164188", "34266031", "40", "14", "1000", "0", "0", "20", "0", "highway=tertiary estimated_traffic_class=1", "highway=traffic_signals traffic_signals:direction=backward", "11760", "1173442"],
          ["134163835", "34266119", "40", "34", "1000", "0", "0", "0", "0", "highway=tertiary estimated_traffic_class=1", "", "11765", "1174009"],
          ["134162996", "34266212", "39", "79", "1000", "0", "2", "0", "0", "reversedirection=yes highway=tertiary estimated_traffic_class=2", "highway=crossing crossing=uncontrolled", "11777", "1175192"],
          ["134161935", "34266174", "37", "98", "1000", "0", "0", "20", "0", "reversedirection=yes highway=tertiary estimated_traffic_class=2", "highway=traffic_signals crossing=traffic_signals", "11790", "1176459"],
          ["134160601", "34266171", "39", "123", "1000", "0", "0", "20", "0", "reversedirection=yes highway=tertiary estimated_traffic_class=2", "highway=traffic_signals", "11813", "1178743"],
          ["134149262", "34266677", "34", "1049", "1000", "0", "0", "20", "0", "reversedirection=yes highway=tertiary estimated_traffic_class=2", "highway=traffic_signals", "11973", "1194788"],
          ["134143943", "34267616", "31", "505", "1000", "0", "0", "20", "0", "reversedirection=yes highway=tertiary estimated_traffic_class=2", "highway=traffic_signals", "12049", "1202387"],
          ["134136935", "34268630", "31", "653", "1000", "0", "0", "20", "0", "reversedirection=yes highway=tertiary estimated_traffic_class=2", "highway=traffic_signals estimated_crossing_class=0", "12156", "1213086"],
          ["134134752", "34269016", "29", "206", "1290", "0", "0", "0", "0", "highway=primary estimated_traffic_class=5", "highway=crossing crossing=uncontrolled", "12186", "1216066"],
          ["134133657", "34269317", "28", "107", "1290", "0", "0", "20", "0", "highway=primary estimated_traffic_class=5", "highway=traffic_signals estimated_crossing_class=0", "12201", "1217583"],
          ["134133107", "34269463", "29", "52", "1030", "0", "0", "20", "0", "reversedirection=yes highway=tertiary estimated_traffic_class=3", "highway=traffic_signals", "12209", "1218409"],
          ["134130339", "34270194", "28", "268", "1030", "0", "0", "20", "0", "reversedirection=yes highway=tertiary estimated_traffic_class=3", "highway=traffic_signals crossing=traffic_signals", "12252", "1222628"],
          ["134127038", "34271541", "27", "340", "1030", "0", "0", "20", "0", "reversedirection=yes highway=tertiary estimated_traffic_class=3", "highway=traffic_signals estimated_crossing_class=0", "12303", "1227801"],
          ["134124974", "34272458", "26", "216", "1260", "0", "0", "20", "0", "highway=primary estimated_traffic_class=4", "highway=traffic_signals estimated_crossing_class=0", "12338", "1231291"],
          ["134124506", "34272684", "25", "50", "1260", "0", "0", "20", "0", "highway=primary estimated_traffic_class=4", "highway=traffic_signals estimated_crossing_class=0", "12345", "1231944"],
          ["134121772", "34274861", "23", "349", "1000", "0", "0", "20", "0", "reversedirection=yes highway=tertiary estimated_traffic_class=2", "highway=traffic_signals estimated_crossing_class=0", "12394", "1236921"],
          ["134112142", "34287667", "17", "1684", "1000", "0", "2", "20", "0", "reversedirection=yes highway=tertiary estimated_traffic_class=2", "highway=traffic_signals estimated_crossing_class=0", "12656", "1263101"],
          ["134111681", "34287885", "17", "49", "1100", "0", "6", "0", "0", "reversedirection=yes highway=secondary estimated_traffic_class=2", "estimated_crossing_class=2", "12664", "1263922"],
          ["134110935", "34288189", "15", "77", "1100", "0", "0", "0", "0", "reversedirection=yes highway=secondary estimated_traffic_class=2", "estimated_crossing_class=2", "12674", "1264848"],
          ["134110333", "34288440", "15", "62", "1100", "0", "0", "0", "0", "reversedirection=yes highway=secondary estimated_traffic_class=2", "estimated_crossing_class=2", "12682", "1265720"],
          ["134109671", "34288795", "16", "72", "1100", "0", "0", "20", "0", "reversedirection=yes highway=secondary estimated_traffic_class=2", "highway=traffic_signals estimated_crossing_class=0", "12695", "1267004"],
          ["134102227", "34297099", "13", "1170", "1000", "0", "2", "0", "0", "reversedirection=yes highway=tertiary estimated_traffic_class=2", "", "12878", "1285296"],
          ["134099960", "34297960", "14", "233", "1030", "0", "0", "20", "0", "reversedirection=yes highway=tertiary estimated_traffic_class=3", "highway=traffic_signals", "12920", "1289483"],
          ["134097605", "34300667", "14", "369", "1030", "0", "1", "20", "0", "reversedirection=yes highway=tertiary estimated_traffic_class=3", "highway=traffic_signals", "12990", "1296443"],
          ["134097389", "34300916", "15", "34", "1030", "0", "0", "20", "0", "reversedirection=yes highway=tertiary estimated_traffic_class=3", "highway=crossing crossing=traffic_signals", "12996", "1297079"],
          ["134096977", "34301418", "14", "68", "1030", "0", "0", "0", "0", "reversedirection=yes highway=tertiary estimated_traffic_class=3", "highway=crossing crossing=uncontrolled", "13008", "1298314"],
          ["134095481", "34303283", "11", "250", "1030", "0", "0", "0", "0", "reversedirection=yes highway=tertiary estimated_traffic_class=3", "highway=crossing crossing=uncontrolled", "13040", "1301525"],
          ["134093677", "34304480", "13", "213", "1030", "0", "0", "20", "0", "reversedirection=yes highway=tertiary estimated_traffic_class=3", "highway=traffic_signals", "13081", "1305577"],
          ["134091473", "34305923", "10", "259", "1030", "0", "0", "20", "0", "reversedirection=yes highway=tertiary estimated_traffic_class=3", "highway=traffic_signals", "13117", "1309216"],
          ["134091398", "34305974", "10", "9", "1030", "0", "0", "20", "0", "reversedirection=yes highway=tertiary estimated_traffic_class=3", "highway=crossing crossing=traffic_signals", "13119", "1309340"],
          ["134091250", "34306072", "10", "17", "1030", "0", "0", "0", "0", "reversedirection=yes highway=tertiary estimated_traffic_class=3", "estimated_crossing_class=0", "13121", "1309610"],
          ["134091141", "34306159", "11", "14", "1060", "0", "0", "0", "0", "reversedirection=yes highway=tertiary estimated_traffic_class=4", "estimated_crossing_class=0", "13124", "1309849"],
          ["134091025", "34306243", "11", "14", "1060", "0", "0", "20", "0", "reversedirection=yes highway=tertiary estimated_traffic_class=4", "highway=crossing crossing=traffic_signals", "13126", "1310103"],
          ["134090891", "34306331", "11", "16", "1060", "0", "0", "20", "0", "reversedirection=yes highway=tertiary estimated_traffic_class=4", "highway=traffic_signals", "13129", "1310409"],
          ["134089595", "34307220", "10", "155", "1060", "0", "0", "0", "0", "reversedirection=yes highway=tertiary estimated_traffic_class=4", "highway=crossing crossing=uncontrolled", "13154", "1312920"],
          ["134088026", "34307798", "11", "161", "1060", "0", "0", "0", "0", "reversedirection=yes highway=tertiary estimated_traffic_class=4", "highway=crossing crossing=uncontrolled", "13182", "1315730"],
          ["134087869", "34307804", "12", "15", "1060", "0", "0", "20", "0", "reversedirection=yes highway=tertiary estimated_traffic_class=4", "highway=traffic_signals", "13186", "1316052"],
          ["134087825", "34307806", "12", "4", "1060", "0", "0", "0", "0", "reversedirection=yes highway=tertiary estimated_traffic_class=4", "", "13187", "1316138"],
          ["134087240", "34307830", "12", "54", "1030", "0", "0", "0", "0", "reversedirection=yes highway=tertiary estimated_traffic_class=3", "", "13199", "1317430"],
          ["134087151", "34307841", "12", "8", "1060", "0", "0", "20", "0", "reversedirection=yes highway=tertiary estimated_traffic_class=4", "highway=traffic_signals estimated_crossing_class=0", "13201", "1317604"],
          ["134086991", "34307851", "12", "15", "1060", "0", "0", "20", "0", "reversedirection=yes highway=tertiary estimated_traffic_class=4", "highway=crossing crossing=traffic_signals", "13204", "1317920"],
          ["134085993", "34308222", "12", "102", "1060", "0", "2", "20", "0", "reversedirection=yes highway=tertiary estimated_traffic_class=4", "highway=traffic_signals traffic_signals:direction=backward", "13224", "1319876"],
          ["134085926", "34308274", "12", "8", "1060", "0", "0", "20", "0", "reversedirection=yes highway=tertiary estimated_traffic_class=4", "highway=crossing crossing=traffic_signals", "13225", "1320020"],
          ["134085827", "34308356", "12", "13", "1060", "0", "0", "20", "0", "reversedirection=yes highway=tertiary estimated_traffic_class=4", "highway=traffic_signals traffic_signals:direction=backward", "13228", "1320253"],
          ["134083962", "34310357", "10", "281", "1060", "0", "0", "0", "0", "reversedirection=yes highway=tertiary estimated_traffic_class=4", "highway=crossing crossing=uncontrolled", "13267", "1324213"],
          ["134082824", "34313705", "8", "385", "1060", "0", "0", "0", "0", "reversedirection=yes highway=tertiary estimated_traffic_class=4", "highway=crossing crossing=uncontrolled", "13326", "1330117"],
          ["134082387", "34315020", "9", "152", "1060", "0", "0", "0", "0", "reversedirection=yes highway=tertiary estimated_traffic_class=4", "highway=crossing crossing=uncontrolled", "13354", "1332855"],
          ["134081549", "34316881", "6", "220", "1060", "0", "0", "0", "0", "reversedirection=yes highway=tertiary estimated_traffic_class=4", "highway=crossing crossing=uncontrolled", "13384", "1335845"],
          ["134080676", "34318413", "6", "188", "1060", "0", "0", "0", "0", "reversedirection=yes highway=tertiary estimated_traffic_class=4", "highway=crossing crossing=uncontrolled", "13412", "1338734"],
          ["134079338", "34321449", "7", "359", "1060", "0", "0", "20", "0", "reversedirection=yes highway=tertiary estimated_traffic_class=4", "highway=crossing crossing=traffic_signals", "13478", "1345308"],
          ["134079297", "34321532", "7", "10", "1060", "0", "0", "20", "0", "reversedirection=yes highway=tertiary estimated_traffic_class=4", "highway=traffic_signals estimated_crossing_class=0", "13480", "1345478"],
          ["134079258", "34321612", "7", "10", "1060", "0", "0", "20", "0", "reversedirection=yes highway=tertiary estimated_traffic_class=4", "highway=traffic_signals estimated_crossing_class=0", "13482", "1345659"],
          ["134079218", "34321690", "7", "9", "1060", "0", "0", "20", "0", "reversedirection=yes highway=tertiary estimated_traffic_class=4", "highway=crossing crossing=traffic_signals", "13483", "1345820"],
          ["134078686", "34322868", "5", "140", "1060", "0", "0", "20", "0", "reversedirection=yes highway=tertiary estimated_traffic_class=4", "highway=crossing crossing=traffic_signals", "13502", "1347702"],
          ["134078628", "34322937", "5", "9", "1060", "0", "1", "20", "0", "reversedirection=yes highway=tertiary estimated_traffic_class=4", "highway=traffic_signals", "13503", "1347828"],
          ["134078504", "34323040", "5", "16", "1060", "0", "1", "20", "0", "reversedirection=yes highway=tertiary estimated_traffic_class=4", "highway=crossing crossing=traffic_signals", "13506", "1348057"],
          ["134076791", "34323619", "6", "172", "1060", "0", "3", "20", "0", "reversedirection=yes highway=tertiary estimated_traffic_class=4", "highway=traffic_signals traffic_signals:direction=backward", "13534", "1350876"],
          ["134076457", "34323729", "7", "33", "1060", "0", "0", "20", "0", "reversedirection=yes highway=tertiary estimated_traffic_class=4", "highway=crossing crossing=traffic_signals", "13542", "1351657"],
          ["134076411", "34323744", "7", "5", "1060", "0", "0", "20", "0", "reversedirection=yes highway=tertiary estimated_traffic_class=4", "highway=traffic_signals traffic_signals:direction=forward", "13543", "1351774"],
          ["134074225", "34324480", "5", "218", "1060", "0", "0", "0", "0", "reversedirection=yes highway=tertiary estimated_traffic_class=4", "", "13582", "1355698"],
          ["134073795", "34324566", "6", "41", "1030", "0", "0", "20", "0", "reversedirection=yes highway=tertiary estimated_traffic_class=3", "highway=crossing crossing=traffic_signals", "13589", "1356354"],
          ["134073598", "34324595", "6", "18", "1030", "0", "0", "20", "0", "reversedirection=yes highway=tertiary estimated_traffic_class=3", "highway=traffic_signals estimated_crossing_class=0", "13592", "1356688"],
          ["134073166", "34324643", "6", "40", "1260", "0", "0", "0", "0", "reversedirection=yes highway=primary estimated_traffic_class=4", "estimated_crossing_class=4", "13600", "1357456"],
          ["134072661", "34324720", "6", "47", "1260", "0", "0", "20", "0", "reversedirection=yes highway=primary estimated_traffic_class=4", "highway=crossing estimated_crossing_class=0 crossing=traffic_signals", "13608", "1358317"],
          ["134072551", "34324750", "6", "11", "1260", "0", "0", "20", "0", "reversedirection=yes highway=primary estimated_traffic_class=4", "highway=traffic_signals estimated_crossing_class=0", "13610", "1358514"],
          ["134072423", "34324729", "6", "12", "1100", "0", "11", "20", "0", "highway=unclassified oneway=yes", "highway=crossing crossing=traffic_signals", "13612", "1358727"],
          ["134070853", "34324917", "5", "146", "1100", "0", "4", "0", "0", "highway=unclassified oneway=yes", "", "13633", "1360780"],
          ["134067701", "34327202", "6", "396", "1100", "0", "17", "0", "0", "highway=unclassified", "estimated_crossing_class=4", "13702", "1367719"],
          ["134067587", "34327262", "6", "12", "1290", "0", "61", "0", "0", "highway=primary estimated_traffic_class=5", "estimated_crossing_class=4", "13705", "1367968"],
          ["134067118", "34327499", "6", "51", "1290", "0", "0", "0", "0", "highway=primary estimated_traffic_class=5", "highway=crossing crossing=uncontrolled", "13715", "1369025"],
          ["134066589", "34327773", "5", "57", "1290", "0", "0", "0", "0", "highway=primary estimated_traffic_class=5", "estimated_crossing_class=4", "13724", "1369905"],
          ["134066164", "34327994", "5", "46", "1290", "0", "0", "0", "0", "highway=primary estimated_traffic_class=5", "estimated_crossing_class=4", "13731", "1370639"],
          ["134065770", "34328184", "5", "42", "1290", "0", "0", "0", "0", "highway=primary estimated_traffic_class=5", "estimated_crossing_class=4", "13739", "1371360"],
          ["134065465", "34328339", "6", "33", "1290", "0", "0", "20", "0", "highway=primary estimated_traffic_class=5", "highway=traffic_signals crossing=traffic_signals", "13745", "1371994"],
          ["134065375", "34328383", "6", "10", "1290", "0", "0", "0", "0", "highway=primary estimated_traffic_class=5", "estimated_crossing_class=0", "13747", "1372193"],
          ["134064817", "34328684", "7", "61", "1290", "0", "0", "20", "0", "highway=primary estimated_traffic_class=5", "highway=crossing estimated_crossing_class=0 crossing=traffic_signals", "13761", "1373624"],
          ["134064646", "34328779", "7", "19", "1290", "0", "0", "20", "0", "highway=primary estimated_traffic_class=5", "highway=traffic_signals estimated_crossing_class=0", "13766", "1374048"],
          ["134064488", "34328868", "8", "18", "1290", "0", "0", "20", "0", "highway=primary estimated_traffic_class=5", "highway=crossing estimated_crossing_class=0 crossing=traffic_signals", "13770", "1374483"],
          ["134063754", "34329320", "7", "84", "1290", "0", "0", "0", "0", "highway=primary estimated_traffic_class=5", "estimated_crossing_class=4", "13787", "1376151"],
          ["134063565", "34329265", "6", "18", "1030", "0", "55", "0", "0", "reversedirection=yes highway=tertiary estimated_traffic_class=3 foot=no", "highway=crossing crossing=uncontrolled", "13789", "1376380"],
          ["134062962", "34329279", "5", "57", "1030", "0", "5", "0", "0", "reversedirection=yes highway=tertiary estimated_traffic_class=3 foot=no", "railway=level_crossing", "13795", "1377040"],
          ["134062849", "34329300", "5", "10", "1030", "0", "0", "0", "0", "reversedirection=yes highway=tertiary estimated_traffic_class=3 foot=no", "", "13797", "1377169"],
          ["134061037", "34329576", "6", "170", "1060", "0", "0", "0", "0", "reversedirection=yes highway=tertiary estimated_traffic_class=4 foot=no", "highway=crossing crossing=uncontrolled", "13823", "1379812"],
          ["134060925", "34329593", "6", "10", "1060", "0", "0", "0", "0", "reversedirection=yes highway=tertiary estimated_traffic_class=4 foot=no", "highway=crossing", "13825", "1380006"],
          ["134059213", "34329866", "8", "160", "1060", "0", "0", "0", "0", "reversedirection=yes highway=tertiary estimated_traffic_class=4 foot=no", "highway=crossing", "13858", "1383280"],
          ["134059110", "34329884", "8", "10", "1060", "0", "0", "20", "0", "reversedirection=yes highway=tertiary estimated_traffic_class=4 foot=no", "highway=traffic_signals estimated_crossing_class=0", "13860", "1383511"],
          ["134059008", "34329902", "8", "10", "1060", "0", "0", "20", "0", "reversedirection=yes highway=tertiary estimated_traffic_class=4 foot=no", "highway=crossing crossing=traffic_signals", "13862", "1383735"],
          ["134058691", "34329952", "8", "30", "1060", "0", "0", "0", "0", "reversedirection=yes highway=tertiary estimated_traffic_class=4 foot=no", "", "13869", "1384412"],
          ["134058254", "34330026", "8", "41", "1030", "0", "0", "20", "0", "reversedirection=yes highway=tertiary estimated_traffic_class=3", "highway=crossing crossing=traffic_signals", "13879", "1385364"],
          ["134058062", "34330046", "8", "18", "1030", "0", "0", "20", "0", "reversedirection=yes highway=tertiary estimated_traffic_class=3", "highway=traffic_signals", "13883", "1385748"],
          ["134057841", "34330072", "8", "21", "1030", "0", "0", "20", "0", "reversedirection=yes highway=tertiary estimated_traffic_class=3", "highway=crossing crossing=traffic_signals", "13887", "1386177"],
          ["134055443", "34330447", "8", "226", "1030", "0", "5", "0", "0", "reversedirection=yes highway=tertiary estimated_traffic_class=3", "", "13928", "1390287"],
          ["134053037", "34330857", "8", "225", "1100", "0", "0", "20", "0", "reversedirection=yes highway=unclassified", "highway=traffic_signals estimated_crossing_class=0", "13968", "1394269"],
          ["134052523", "34330954", "8", "48", "1030", "0", "0", "20", "0", "reversedirection=yes highway=tertiary estimated_traffic_class=3", "highway=crossing crossing=traffic_signals", "13975", "1395017"],
          ["134052421", "34330970", "9", "10", "1030", "0", "0", "20", "0", "reversedirection=yes highway=tertiary estimated_traffic_class=3", "highway=traffic_signals", "13977", "1395186"],
          ["134052243", "34330994", "9", "17", "1030", "0", "0", "20", "0", "reversedirection=yes highway=tertiary estimated_traffic_class=3", "highway=crossing crossing=traffic_signals bicycle=yes", "13980", "1395512"],
          ["134051879", "34331051", "10", "34", "1030", "0", "0", "0", "0", "reversedirection=yes highway=tertiary estimated_traffic_class=3", "highway=crossing crossing=uncontrolled", "13988", "1396316"],
          ["134051830", "34331063", "10", "5", "1030", "0", "0", "0", "0", "reversedirection=yes highway=tertiary estimated_traffic_class=3", "", "13989", "1396435"],
          ["134051006", "34331210", "11", "77", "1100", "0", "0", "0", "0", "reversedirection=yes highway=unclassified", "", "14007", "1398157"],
          ["134050272", "34331347", "10", "70", "1030", "0", "0", "0", "0", "reversedirection=yes highway=tertiary estimated_traffic_class=3", "highway=crossing", "14019", "1399440"],
          ["134049668", "34331464", "11", "57", "1030", "0", "0", "20", "0", "reversedirection=yes highway=tertiary estimated_traffic_class=3", "highway=crossing crossing=traffic_signals kerb=flush", "14030", "1400494"],
          ["134049567", "34331472", "11", "9", "1030", "0", "1", "20", "0", "reversedirection=yes highway=tertiary estimated_traffic_class=3", "highway=traffic_signals", "14032", "1400656"],
          ["134048928", "34331502", "11", "59", "1030", "0", "0", "0", "0", "reversedirection=yes highway=tertiary estimated_traffic_class=3", "", "14043", "1401766"],
          ["134048929", "34331545", "11", "5", "1100", "0", "87", "0", "0", "highway=unclassified", "highway=crossing", "14044", "1401862"],
          ["134046918", "34332582", "20", "311", "1100", "0", "101", "0", "0", "highway=unclassified", "", "14117", "1409183"],
          ["134046525", "34332597", "21", "36", "1100", "0", "0", "20", "0", "highway=unclassified surface=asphalt oneway=yes", "highway=traffic_signals", "14130", "1410548"],
          ["134046474", "34332598", "21", "5", "1100", "0", "0", "0", "0", "highway=unclassified surface=asphalt oneway=yes", "highway=crossing", "14132", "1410705"],
          ["134046382", "34332602", "20", "8", "1100", "0", "0", "0", "0", "highway=unclassified surface=asphalt oneway=yes", "", "14134", "1410932"],
          ["134046230", "34332605", "20", "14", "1100", "0", "0", "0", "0", "highway=unclassified", "", "14138", "1411275"],
          ["134046149", "34332608", "20", "7", "1100", "0", "0", "0", "0", "highway=unclassified surface=asphalt oneway=yes oneway:bicycle=no", "highway=crossing", "14139", "1411425"],
          ["134043880", "34332834", "12", "211", "1100", "0", "0", "0", "0", "highway=unclassified surface=asphalt oneway=yes oneway:bicycle=no", "", "14168", "1414339"],
          ["134042911", "34334777", "10", "240", "1100", "0", "60", "0", "0", "highway=unclassified", "estimated_crossing_class=4", "14199", "1417436"],
          ["134042042", "34336191", "10", "183", "1100", "0", "17", "0", "0", "highway=unclassified", "", "14227", "1420172"],
          ["134041104", "34336326", "8", "88", "1060", "0", "88", "0", "0", "reversedirection=yes highway=tertiary surface=asphalt estimated_traffic_class=4 cycleway:both=shared_lane", "", "14237", "1421249"],
          ["134041588", "34338265", "6", "222", "1060", "0", "57", "20", "0", "highway=tertiary estimated_traffic_class=4", "highway=traffic_signals", "14267", "1424240"],
          ["134041605", "34338324", "6", "7", "1060", "0", "0", "0", "0", "highway=tertiary estimated_traffic_class=4", "highway=crossing", "14268", "1424334"],
          ["134041610", "34338389", "6", "7", "1060", "0", "1", "0", "0", "highway=tertiary estimated_traffic_class=4", "estimated_crossing_class=0", "14269", "1424442"],
          ["134041613", "34338432", "7", "5", "1060", "0", "0", "0", "0", "highway=tertiary estimated_traffic_class=4", "", "14270", "1424524"],
          ["134041618", "34338475", "7", "5", "1090", "0", "0", "0", "0", "highway=tertiary surface=asphalt estimated_traffic_class=5 cycleway:both=no", "estimated_crossing_class=0", "14271", "1424618"],
          ["134041630", "34338564", "8", "10", "1090", "0", "0", "0", "0", "highway=tertiary surface=asphalt estimated_traffic_class=5 cycleway:both=no", "highway=crossing", "14273", "1424846"],
          ["134041595", "34338572", "8", "3", "1300", "0", "76", "0", "0", "reversedirection=yes highway=cycleway foot=designated bicycle=yes", "", "14274", "1424918"],
          ["134040253", "34340937", "7", "401", "1300", "0", "76", "0", "0", "reversedirection=yes highway=cycleway surface=asphalt foot=designated bicycle=designated", "", "14349", "1432405"],
          ["134040207", "34340948", "7", "4", "1100", "0", "85", "20", "0", "reversedirection=yes highway=unclassified", "highway=traffic_signals", "14350", "1432482"],
          ["134038160", "34341281", "7", "192", "1100", "0", "0", "20", "0", "reversedirection=yes highway=unclassified", "highway=traffic_signals", "14384", "1435911"],
          ["134037305", "34341421", "8", "80", "1060", "0", "0", "0", "0", "reversedirection=yes highway=tertiary surface=asphalt estimated_traffic_class=4 cycleway:both=shared_lane", "highway=crossing", "14400", "1437483"],
          ["134033326", "34342074", "5", "374", "1060", "0", "0", "20", "0", "reversedirection=yes highway=tertiary surface=asphalt estimated_traffic_class=4 cycleway:both=shared_lane", "highway=traffic_signals", "14457", "1443246"],
          ["134032133", "34342270", "5", "112", "1060", "0", "0", "0", "0", "reversedirection=yes highway=tertiary surface=asphalt estimated_traffic_class=4 cycleway:both=shared_lane", "railway=level_crossing", "14475", "1444976"],
          ["134030408", "34342556", "6", "162", "1060", "0", "0", "0", "0", "reversedirection=yes highway=tertiary surface=asphalt estimated_traffic_class=4 cycleway:both=shared_lane", "", "14502", "1447670"],
          ["134030261", "34342580", "6", "14", "1060", "0", "0", "0", "0", "reversedirection=yes highway=tertiary estimated_traffic_class=4", "", "14504", "1447937"],
          ["134030224", "34342590", "6", "4", "1100", "0", "0", "0", "0", "reversedirection=yes highway=unclassified", "", "14505", "1448012"],
          ["134029130", "34344675", "4", "253", "1200", "0", "31", "0", "0", "reversedirection=yes highway=residential surface=asphalt", "highway=stop direction=backward", "14544", "1451950"],
          ["134029098", "34344750", "4", "9", "1200", "0", "2", "0", "0", "reversedirection=yes highway=residential surface=asphalt", "", "14546", "1452085"],
          ["134027350", "34344810", "6", "161", "1060", "0", "54", "20", "0", "highway=tertiary surface=asphalt estimated_traffic_class=4 oneway=yes", "highway=traffic_signals", "14576", "1455091"],
          ["134027300", "34344810", "6", "5", "1060", "0", "0", "20", "0", "highway=tertiary surface=asphalt estimated_traffic_class=4 oneway=yes", "highway=crossing crossing=traffic_signals", "14577", "1455186"],
          ["134025547", "34344707", "5", "163", "1060", "0", "0", "0", "0", "highway=tertiary surface=asphalt estimated_traffic_class=4 oneway=yes", "", "14605", "1457992"],
          ["134024832", "34344574", "7", "67", "1030", "0", "0", "20", "0", "highway=tertiary surface=asphalt estimated_traffic_class=3 oneway=yes", "highway=traffic_signals traffic_signals:direction=forward", "14620", "1459486"],
          ["134024793", "34344568", "7", "4", "1030", "0", "0", "20", "0", "highway=tertiary surface=asphalt estimated_traffic_class=3 oneway=yes", "highway=crossing crossing=traffic_signals", "14621", "1459567"],
          ["134024448", "34344532", "7", "32", "1030", "0", "0", "0", "0", "highway=tertiary surface=asphalt estimated_traffic_class=3 oneway=yes", "estimated_crossing_class=2", "14627", "1460239"],
          ["134024238", "34344538", "7", "19", "1030", "0", "1", "0", "0", "highway=tertiary surface=asphalt estimated_traffic_class=3 oneway=yes", "estimated_crossing_class=4", "14631", "1460643"],
          ["134023623", "34344718", "11", "60", "1290", "0", "3", "0", "0", "highway=primary surface=asphalt estimated_traffic_class=5 oneway=yes", "estimated_crossing_class=4", "14646", "1462075"],
          ["134019985", "34344566", "13", "339", "1290", "0", "0", "0", "0", "highway=primary surface=asphalt estimated_traffic_class=5 oneway=yes", "estimated_crossing_class=4", "14728", "1470279"],
          ["134019638", "34344487", "11", "33", "1290", "0", "0", "0", "0", "highway=primary surface=asphalt estimated_traffic_class=5 oneway=yes", "estimated_crossing_class=0", "14733", "1470774"],
          ["134019474", "34344446", "10", "16", "1290", "0", "0", "20", "0", "highway=primary surface=asphalt estimated_traffic_class=5 oneway=yes", "highway=traffic_signals", "14735", "1470972"],
          ["134019216", "34344409", "8", "24", "1290", "0", "1", "0", "0", "highway=primary surface=asphalt estimated_traffic_class=5 oneway=yes", "estimated_crossing_class=0", "14737", "1471213"],
          ["134018089", "34344439", "7", "104", "1290", "0", "0", "0", "0", "highway=primary surface=asphalt estimated_traffic_class=5 oneway=yes", "estimated_crossing_class=3", "14754", "1472934"],
          ["134014127", "34339945", "7", "624", "1030", "0", "46", "20", "0", "highway=tertiary estimated_traffic_class=3", "highway=traffic_signals estimated_crossing_class=0", "14860", "1483462"],
          ["134013262", "34339670", "7", "86", "1160", "0", "3", "0", "0", "reversedirection=yes highway=secondary surface=asphalt estimated_traffic_class=4", "estimated_crossing_class=3", "14871", "1484579"],
          ["134012033", "34339440", "6", "117", "1160", "0", "7", "0", "0", "reversedirection=yes highway=secondary surface=asphalt estimated_traffic_class=4", "estimated_crossing_class=3", "14887", "1486185"],
          ["134011659", "34339593", "6", "38", "1160", "0", "0", "0", "0", "reversedirection=yes highway=secondary surface=asphalt estimated_traffic_class=4", "estimated_crossing_class=3", "14892", "1486705"],
          ["134011266", "34339718", "6", "39", "1160", "0", "1", "0", "0", "reversedirection=yes highway=secondary surface=asphalt estimated_traffic_class=4", "estimated_crossing_class=3", "14898", "1487272"],
          ["134011249", "34339719", "6", "2", "1160", "0", "0", "0", "0", "reversedirection=yes highway=secondary surface=asphalt estimated_traffic_class=4", "estimated_crossing_class=3", "14898", "1487302"],
          ["134010790", "34339687", "6", "42", "1160", "0", "1", "0", "0", "reversedirection=yes highway=secondary surface=asphalt estimated_traffic_class=4", "estimated_crossing_class=3", "14904", "1487944"],
          ["134010481", "34339630", "6", "29", "1160", "0", "0", "0", "0", "reversedirection=yes highway=secondary surface=asphalt estimated_traffic_class=4", "estimated_crossing_class=3", "14909", "1488375"],
          ["134010241", "34339571", "6", "23", "1130", "0", "0", "0", "0", "reversedirection=yes highway=secondary estimated_traffic_class=3", "estimated_crossing_class=2", "14912", "1488707"],
          ["134010167", "34339556", "6", "7", "1130", "0", "0", "0", "0", "reversedirection=yes highway=secondary estimated_traffic_class=3", "estimated_crossing_class=2", "14913", "1488810"],
          ["134009688", "34339327", "6", "52", "1130", "0", "2", "0", "0", "reversedirection=yes highway=secondary estimated_traffic_class=3", "estimated_crossing_class=2", "14921", "1489646"],
          ["134009368", "34338865", "8", "59", "1130", "0", "3", "0", "0", "reversedirection=yes highway=secondary estimated_traffic_class=3", "estimated_crossing_class=3", "14934", "1490923"],
          ["134009254", "34338610", "9", "30", "1130", "0", "0", "0", "0", "reversedirection=yes highway=secondary estimated_traffic_class=3", "estimated_crossing_class=3", "14942", "1491752"],
          ["134009054", "34338250", "9", "44", "1130", "0", "0", "0", "0", "reversedirection=yes highway=secondary estimated_traffic_class=3", "", "14954", "1492922"],
          ["134008985", "34337943", "8", "35", "1130", "0", "2", "0", "0", "reversedirection=yes highway=secondary surface=asphalt estimated_traffic_class=3", "estimated_crossing_class=2", "14961", "1493613"],
          ["134008968", "34337531", "8", "46", "1130", "0", "0", "0", "0", "reversedirection=yes highway=secondary surface=asphalt estimated_traffic_class=3", "estimated_crossing_class=2", "14969", "1494363"],
          ["134008949", "34337382", "8", "17", "1130", "0", "0", "0", "0", "reversedirection=yes highway=secondary surface=asphalt estimated_traffic_class=3", "estimated_crossing_class=2", "14971", "1494626"],
          ["134008841", "34337074", "8", "36", "1130", "0", "0", "0", "0", "reversedirection=yes highway=secondary surface=asphalt estimated_traffic_class=3", "estimated_crossing_class=2", "14977", "1495216"],
          ["134008780", "34336950", "8", "15", "1130", "0", "0", "0", "0", "reversedirection=yes highway=secondary surface=asphalt estimated_traffic_class=3", "estimated_crossing_class=2", "14980", "1495468"],
          ["134008587", "34336609", "8", "41", "1130", "0", "0", "0", "0", "reversedirection=yes highway=secondary surface=asphalt estimated_traffic_class=3", "estimated_crossing_class=2", "14987", "1496219"],
          ["134008374", "34336347", "9", "35", "1130", "0", "0", "0", "0", "reversedirection=yes highway=secondary surface=asphalt estimated_traffic_class=3", "estimated_crossing_class=2", "14994", "1496899"],
          ["134007757", "34335742", "7", "88", "1130", "0", "2", "0", "0", "reversedirection=yes highway=secondary surface=asphalt estimated_traffic_class=3", "estimated_crossing_class=2", "15006", "1498127"],
          ["134007175", "34335446", "6", "63", "1130", "0", "0", "0", "0", "reversedirection=yes highway=secondary surface=asphalt estimated_traffic_class=3", "estimated_crossing_class=2", "15014", "1498949"],
          ["134006682", "34334959", "6", "73", "1130", "0", "2", "0", "0", "reversedirection=yes highway=secondary surface=asphalt estimated_traffic_class=3", "estimated_crossing_class=2", "15025", "1500055"],
          ["134006512", "34334571", "7", "46", "1130", "0", "0", "0", "0", "reversedirection=yes highway=secondary surface=asphalt estimated_traffic_class=3", "estimated_crossing_class=2", "15033", "1500831"],
          ["134006324", "34334229", "7", "42", "1130", "0", "1", "0", "0", "reversedirection=yes highway=secondary surface=asphalt estimated_traffic_class=3", "estimated_crossing_class=2", "15040", "1501538"],
          ["134006051", "34333810", "6", "53", "1130", "0", "0", "0", "0", "reversedirection=yes highway=secondary surface=asphalt estimated_traffic_class=3", "estimated_crossing_class=2", "15049", "1502365"],
          ["134005306", "34332923", "6", "119", "1130", "0", "0", "0", "0", "reversedirection=yes highway=secondary surface=asphalt estimated_traffic_class=3", "estimated_crossing_class=2", "15067", "1504230"],
          ["134004065", "34331965", "5", "156", "1130", "0", "0", "0", "0", "reversedirection=yes highway=secondary surface=asphalt estimated_traffic_class=3", "estimated_crossing_class=2", "15091", "1506628"],
          ["134003937", "34331907", "5", "13", "1130", "0", "1", "0", "0", "reversedirection=yes highway=secondary surface=asphalt estimated_traffic_class=3", "estimated_crossing_class=0", "15093", "1506812"],
          ["134003814", "34331926", "5", "12", "1130", "0", "20", "0", "0", "highway=secondary surface=asphalt estimated_traffic_class=3", "estimated_crossing_class=2", "15095", "1506985"],
          ["134003012", "34332059", "5", "76", "1000", "0", "0", "0", "0", "highway=tertiary surface=asphalt estimated_traffic_class=2", "", "15106", "1508087"],
          ["133999639", "34327338", "8", "622", "1100", "0", "68", "0", "0", "reversedirection=yes highway=unclassified surface=asphalt", "estimated_crossing_class=2", "15223", "1519829"],
          ["133999345", "34326651", "8", "81", "1130", "0", "10", "0", "0", "reversedirection=yes highway=secondary estimated_traffic_class=3", "estimated_crossing_class=1", "15238", "1521350"],
          ["133999134", "34325974", "9", "78", "1130", "0", "0", "0", "0", "reversedirection=yes highway=secondary estimated_traffic_class=3", "estimated_crossing_class=2", "15255", "1523014"],
          ["133998360", "34324682", "5", "161", "1130", "0", "1", "0", "0", "reversedirection=yes highway=secondary estimated_traffic_class=3", "estimated_crossing_class=3", "15275", "1525054"],
          ["133997435", "34324054", "9", "111", "1130", "0", "1", "0", "0", "reversedirection=yes highway=secondary estimated_traffic_class=3", "estimated_crossing_class=3", "15301", "1527659"],
          ["133996169", "34323574", "11", "129", "1130", "0", "1", "0", "0", "reversedirection=yes highway=secondary estimated_traffic_class=3", "estimated_crossing_class=3", "15335", "1530992"],
          ["133996068", "34323550", "11", "10", "1130", "0", "0", "0", "0", "reversedirection=yes highway=secondary estimated_traffic_class=3", "estimated_crossing_class=3", "15337", "1531231"],
          ["133995093", "34323224", "11", "97", "1130", "0", "0", "0", "0", "reversedirection=yes highway=secondary estimated_traffic_class=3", "estimated_crossing_class=2", "15357", "1533251"],
          ["133995035", "34323199", "11", "6", "1130", "0", "0", "0", "0", "reversedirection=yes highway=secondary estimated_traffic_class=3", "estimated_crossing_class=2", "15358", "1533358"],
          ["133994303", "34322614", "11", "96", "1130", "0", "6", "0", "0", "reversedirection=yes highway=secondary estimated_traffic_class=3", "estimated_crossing_class=2", "15377", "1535209"],
          ["133993889", "34321850", "11", "93", "1130", "0", "3", "0", "0", "reversedirection=yes highway=secondary estimated_traffic_class=3", "estimated_crossing_class=2", "15394", "1536884"],
          ["133993294", "34321183", "12", "92", "1130", "0", "0", "0", "0", "reversedirection=yes highway=secondary estimated_traffic_class=3", "estimated_crossing_class=0", "15410", "1538518"],
          ["133993279", "34321162", "12", "3", "1130", "0", "1", "20", "0", "reversedirection=yes highway=secondary estimated_traffic_class=3", "highway=traffic_signals crossing=traffic_signals", "15411", "1538577"],
          ["133993081", "34320889", "13", "35", "1130", "0", "0", "0", "0", "reversedirection=yes highway=secondary estimated_traffic_class=3", "estimated_crossing_class=3", "15419", "1539378"],
          ["133992767", "34320446", "13", "57", "1130", "0", "0", "0", "0", "reversedirection=yes highway=secondary estimated_traffic_class=3", "estimated_crossing_class=3", "15432", "1540675"],
          ["133992434", "34319965", "13", "63", "1130", "0", "3", "0", "0", "reversedirection=yes highway=secondary estimated_traffic_class=3", "estimated_crossing_class=1", "15445", "1541983"],
          ["133992253", "34319438", "12", "61", "1130", "0", "1", "0", "0", "reversedirection=yes highway=secondary estimated_traffic_class=3", "estimated_crossing_class=1", "15454", "1542954"],
          ["133992109", "34319167", "12", "33", "1130", "0", "0", "0", "0", "reversedirection=yes highway=secondary estimated_traffic_class=3", "estimated_crossing_class=1", "15460", "1543472"],
          ["133991824", "34318653", "13", "63", "1130", "0", "0", "0", "0", "reversedirection=yes highway=secondary estimated_traffic_class=3", "estimated_crossing_class=1", "15470", "1544538"],
          ["133991752", "34318525", "13", "16", "1130", "0", "0", "0", "0", "reversedirection=yes highway=secondary estimated_traffic_class=3", "estimated_crossing_class=1", "15473", "1544808"],
          ["133991411", "34317921", "12", "74", "1130", "0", "0", "0", "0", "reversedirection=yes highway=secondary estimated_traffic_class=3", "estimated_crossing_class=1", "15485", "1545998"],
          ["133990912", "34317261", "14", "87", "1130", "0", "0", "0", "0", "reversedirection=yes highway=secondary estimated_traffic_class=3", "estimated_crossing_class=1", "15502", "1547706"],
          ["133990844", "34317205", "14", "9", "1130", "0", "0", "0", "0", "reversedirection=yes highway=secondary estimated_traffic_class=3", "estimated_crossing_class=1", "15504", "1547899"],
          ["133990062", "34316448", "15", "111", "1130", "0", "0", "0", "0", "reversedirection=yes highway=secondary estimated_traffic_class=3", "estimated_crossing_class=1", "15530", "1550544"],
          ["133989739", "34315991", "16", "59", "1130", "0", "0", "0", "0", "reversedirection=yes highway=secondary estimated_traffic_class=3", "estimated_crossing_class=1", "15544", "1551888"],
          ["133989261", "34315643", "16", "60", "1130", "0", "3", "0", "0", "reversedirection=yes highway=secondary estimated_traffic_class=3", "estimated_crossing_class=2", "15556", "1553121"],
          ["133988516", "34315401", "16", "74", "1130", "0", "1", "0", "0", "reversedirection=yes highway=secondary estimated_traffic_class=3", "estimated_crossing_class=2", "15569", "1554425"],
          ["133986747", "34314440", "16", "195", "1130", "0", "2", "0", "0", "reversedirection=yes highway=secondary estimated_traffic_class=3", "estimated_crossing_class=2", "15605", "1558041"],
          ["133985822", "34314203", "17", "89", "1130", "0", "0", "0", "0", "reversedirection=yes highway=secondary estimated_traffic_class=3", "estimated_crossing_class=2", "15621", "1559628"],
          ["133981841", "34311330", "20", "496", "1130", "0", "3", "0", "0", "reversedirection=yes highway=secondary estimated_traffic_class=3", "estimated_crossing_class=1", "15730", "1570502"],
          ["133981711", "34311374", "20", "13", "1130", "0", "45", "0", "0", "reversedirection=yes highway=secondary estimated_traffic_class=3", "railway=level_crossing", "15732", "1570713"],
          ["133981675", "34311392", "20", "4", "1130", "0", "0", "0", "0", "reversedirection=yes highway=secondary estimated_traffic_class=3", "railway=level_crossing", "15733", "1570781"],
          ["133981547", "34311481", "22", "15", "1130", "0", "0", "0", "0", "reversedirection=yes highway=secondary estimated_traffic_class=3", "", "15736", "1571122"],
          ["133980393", "34310955", "24", "121", "1290", "0", "63", "0", "0", "highway=primary estimated_traffic_class=5", "estimated_crossing_class=4", "15759", "1573462"],
          ["133978566", "34310145", "23", "191", "1290", "0", "0", "0", "0", "highway=primary estimated_traffic_class=5", "estimated_crossing_class=4", "15804", "1577969"],
          ["133978436", "34310072", "23", "14", "1290", "0", "0", "0", "0", "highway=primary estimated_traffic_class=5", "estimated_crossing_class=4", "15807", "1578204"],
          ["133978379", "34310039", "23", "6", "1290", "0", "0", "0", "0", "highway=primary estimated_traffic_class=5", "estimated_crossing_class=4", "15808", "1578299"],
          ["133977878", "34309751", "23", "56", "1290", "0", "0", "0", "0", "highway=primary estimated_traffic_class=5", "estimated_crossing_class=4", "15817", "1579243"],
          ["133976948", "34309218", "23", "104", "1290", "0", "0", "0", "0", "highway=primary estimated_traffic_class=5", "estimated_crossing_class=4", "15834", "1580922"],
          ["133976492", "34308973", "24", "50", "1290", "0", "0", "0", "0", "highway=primary estimated_traffic_class=5", "estimated_crossing_class=4", "15844", "1581959"],
          ["133975519", "34308432", "25", "108", "1290", "0", "0", "0", "0", "highway=primary estimated_traffic_class=5", "estimated_crossing_class=4", "15868", "1584320"],
          ["133974800", "34308016", "25", "81", "1290", "0", "0", "20", "0", "highway=primary estimated_traffic_class=5", "highway=crossing estimated_crossing_class=0 crossing=traffic_signals", "15884", "1585974"],
          ["133974625", "34307901", "25", "21", "1290", "0", "0", "20", "0", "highway=primary estimated_traffic_class=5", "highway=traffic_signals", "15888", "1586369"],
          ["133974453", "34307813", "26", "19", "1290", "0", "0", "20", "0", "highway=primary estimated_traffic_class=5", "highway=traffic_signals estimated_crossing_class=0", "15892", "1586742"],
          ["133974377", "34307773", "26", "8", "1290", "0", "0", "20", "0", "highway=primary estimated_traffic_class=5", "highway=crossing estimated_crossing_class=0 crossing=traffic_signals", "15894", "1586896"],
          ["133973523", "34307331", "27", "93", "1290", "0", "0", "0", "0", "highway=primary estimated_traffic_class=5", "estimated_crossing_class=4", "15913", "1588869"],
          ["133972608", "34306859", "27", "99", "1290", "0", "0", "20", "0", "highway=primary estimated_traffic_class=5", "highway=traffic_signals crossing=traffic_signals", "15935", "1591022"],
          ["133972567", "34306839", "27", "4", "1290", "0", "0", "0", "0", "highway=primary estimated_traffic_class=5", "estimated_crossing_class=0", "15936", "1591100"],
          ["133962725", "34305328", "28", "931", "1100", "0", "35", "0", "0", "reversedirection=yes highway=unclassified", "highway=crossing crossing=uncontrolled", "16102", "1607740"],
          ["133962602", "34305307", "28", "12", "1100", "0", "0", "20", "0", "reversedirection=yes highway=unclassified", "highway=traffic_signals crossing=traffic_signals", "16104", "1607922"],
          ["133962497", "34305287", "28", "10", "1100", "0", "0", "0", "0", "reversedirection=yes highway=unclassified", "highway=crossing", "16105", "1608075"],
          ["133939325", "34300412", "37", "2314", "1100", "0", "77", "0", "0", "reversedirection=yes highway=unclassified", "estimated_crossing_class=4", "16550", "1652493"],
          ["133939263", "34300365", "37", "8", "1290", "0", "17", "0", "0", "highway=primary surface=asphalt estimated_traffic_class=5", "estimated_crossing_class=4", "16551", "1652644"],
          ["133937916", "34299071", "37", "190", "1290", "0", "1", "0", "0", "highway=primary surface=asphalt estimated_traffic_class=5", "estimated_crossing_class=4", "16587", "1656214"],
          ["133937704", "34298861", "36", "30", "1290", "0", "0", "0", "0", "highway=primary surface=asphalt estimated_traffic_class=5", "estimated_crossing_class=4", "16591", "1656654"],
          ["133936974", "34298142", "35", "104", "1290", "0", "0", "20", "0", "highway=primary surface=asphalt estimated_traffic_class=5", "highway=crossing estimated_crossing_class=0 crossing=traffic_signals", "16605", "1658049"],
          ["133936828", "34297998", "35", "21", "1290", "0", "0", "20", "0", "highway=primary surface=asphalt estimated_traffic_class=5", "highway=traffic_signals", "16608", "1658316"],
          ["133936635", "34297796", "34", "29", "1290", "0", "0", "20", "0", "highway=primary surface=asphalt estimated_traffic_class=5", "highway=traffic_signals", "16611", "1658641"],
          ["133936500", "34297662", "33", "19", "1290", "0", "0", "20", "0", "highway=primary surface=asphalt estimated_traffic_class=5", "highway=crossing estimated_crossing_class=0 crossing=traffic_signals", "16613", "1658843"],
          ["133935335", "34296523", "27", "166", "1290", "0", "0", "0", "0", "highway=primary surface=asphalt estimated_traffic_class=5", "estimated_crossing_class=4", "16632", "1660692"],
          ["133934861", "34296030", "25", "70", "1290", "0", "0", "0", "0", "highway=primary surface=asphalt estimated_traffic_class=5", "estimated_crossing_class=4", "16638", "1661377"],
          ["133933915", "34295006", "21", "143", "1290", "0", "0", "0", "0", "highway=primary surface=asphalt estimated_traffic_class=5", "estimated_crossing_class=4", "16652", "1662717"],
          ["133933032", "34294230", "23", "118", "1290", "0", "0", "20", "0", "highway=primary surface=asphalt estimated_traffic_class=5", "highway=crossing estimated_crossing_class=0 crossing=traffic_signals", "16667", "1664199"],
          ["133932861", "34294136", "24", "19", "1290", "0", "0", "20", "0", "highway=primary surface=asphalt estimated_traffic_class=5", "highway=traffic_signals", "16670", "1664502"],
          ["133932730", "34294084", "25", "13", "1290", "0", "1", "20", "0", "highway=primary surface=asphalt estimated_traffic_class=5", "highway=crossing estimated_crossing_class=0 crossing=traffic_signals", "16672", "1664740"],
          ["133928455", "34292539", "22", "430", "1290", "0", "0", "0", "0", "highway=primary surface=asphalt estimated_traffic_class=5", "estimated_crossing_class=4", "16738", "1671356"],
          ["133927919", "34292393", "22", "52", "1290", "0", "0", "0", "0", "highway=primary surface=asphalt estimated_traffic_class=5", "estimated_crossing_class=4", "16746", "1672116"],
          ["133925873", "34292122", "27", "190", "1290", "0", "0", "0", "0", "highway=primary surface=asphalt estimated_traffic_class=5", "estimated_crossing_class=4", "16784", "1675901"],
          ["133925171", "34292079", "26", "64", "1290", "0", "0", "20", "0", "highway=primary surface=asphalt estimated_traffic_class=5", "highway=crossing estimated_crossing_class=0 crossing=traffic_signals", "16803", "1677813"],
          ["133924867", "34292101", "26", "28", "1290", "0", "0", "20", "0", "highway=primary surface=asphalt estimated_traffic_class=5", "highway=traffic_signals", "16808", "1678362"],
          ["133924484", "34292174", "23", "36", "1290", "0", "1", "0", "0", "highway=primary surface=asphalt estimated_traffic_class=5", "estimated_crossing_class=5", "16812", "1678770"],
          ["133920466", "34299022", "16", "862", "1100", "0", "37", "0", "0", "reversedirection=yes highway=unclassified", "", "16928", "1690386"],
          ["133918044", "34301226", "12", "335", "1200", "0", "13", "0", "0", "reversedirection=yes highway=residential", "", "16972", "1694776"],
          ["133910930", "34304142", "15", "732", "1100", "0", "1", "0", "0", "reversedirection=yes highway=unclassified", "estimated_crossing_class=4", "17104", "1707932"],
          ["133910849", "34304176", "15", "8", "1100", "0", "1", "0", "0", "reversedirection=yes highway=unclassified", "highway=crossing", "17106", "1708123"],
          ["133906520", "34307694", "12", "564", "1100", "0", "0", "0", "0", "reversedirection=yes highway=unclassified", "estimated_crossing_class=0", "17192", "1716793"],
          ["133901992", "34311813", "8", "619", "1100", "0", "0", "0", "0", "reversedirection=yes highway=unclassified", "", "17284", "1725981"],
          ["133899963", "34312562", "9", "207", "1100", "0", "3", "0", "0", "highway=unclassified", "", "17321", "1729603"],
          ["133894871", "34313856", "6", "509", "1100", "0", "4", "0", "0", "reversedirection=yes highway=unclassified", "", "17397", "1737208"],
          ["133893580", "34313389", "7", "129", "1500", "0", "87", "0", "0", "highway=trunk surface=asphalt foot=no oneway=yes", "", "17418", "1739363"],
          ["133890743", "34312113", "9", "297", "1500", "0", "0", "0", "0", "highway=trunk_link surface=asphalt oneway=yes", "", "17478", "1745357"],
          ["133890069", "34312262", "10", "64", "1350", "0", "34", "0", "0", "highway=primary surface=asphalt estimated_traffic_class=6 foot=no", "estimated_crossing_class=5", "17494", "1746925"],
          ["133889627", "34312354", "10", "42", "1350", "0", "0", "0", "0", "highway=primary surface=asphalt estimated_traffic_class=6 foot=no", "estimated_crossing_class=5", "17503", "1747832"],
          ["133888847", "34312514", "10", "74", "1350", "0", "0", "0", "0", "highway=primary surface=asphalt estimated_traffic_class=6 foot=no", "estimated_crossing_class=5", "17517", "1749264"],
          ["133886657", "34312967", "8", "208", "1350", "0", "0", "0", "0", "highway=primary surface=asphalt estimated_traffic_class=6 foot=no", "", "17547", "1752254"],
          ["133886577", "34312985", "8", "8", "1350", "0", "0", "0", "0", "highway=primary estimated_traffic_class=6", "", "17548", "1752376"],
          ["133885615", "34313186", "7", "91", "1350", "0", "0", "20", "0", "highway=primary estimated_traffic_class=6 foot=no", "highway=traffic_signals crossing=traffic_signals traffic_signals=unknown", "17561", "1753599"],
          ["133885566", "34313196", "7", "5", "1350", "0", "0", "0", "0", "highway=primary estimated_traffic_class=6 foot=no", "estimated_crossing_class=0", "17561", "1753672"],
          ["133885446", "34313222", "7", "11", "1350", "0", "0", "20", "0", "highway=primary estimated_traffic_class=6 foot=no", "highway=crossing estimated_crossing_class=0 crossing=traffic_signals", "17563", "1753835"],
          ["133885318", "34313249", "7", "12", "1350", "0", "0", "20", "0", "highway=primary estimated_traffic_class=6 foot=no", "highway=traffic_signals crossing=traffic_signals traffic_signals=unknown", "17565", "1754004"],
          ["133883330", "34313658", "7", "188", "1350", "0", "0", "0", "0", "highway=primary estimated_traffic_class=6 foot=no", "estimated_crossing_class=6", "17594", "1756933"],
          ["133879492", "34314448", "4", "364", "1350", "0", "0", "0", "0", "highway=primary estimated_traffic_class=6 foot=no", "estimated_crossing_class=6", "17645", "1762054"],
          ["133878474", "34314659", "4", "97", "1350", "0", "0", "0", "0", "highway=primary estimated_traffic_class=6 foot=no", "estimated_crossing_class=6", "17662", "1763736"],
          ["133877826", "34314809", "6", "62", "1350", "0", "0", "0", "0", "highway=primary estimated_traffic_class=6 foot=no", "estimated_crossing_class=6", "17676", "1765181"],
          ["133876160", "34315043", "7", "155", "1100", "0", "2", "0", "0", "highway=unclassified oneway=yes", "", "17712", "1768726"],
          ["133876056", "34315060", "7", "10", "1060", "0", "0", "20", "0", "highway=tertiary estimated_traffic_class=4", "highway=traffic_signals", "17714", "1768903"],
          ["133875882", "34315087", "7", "16", "1060", "0", "0", "20", "0", "highway=tertiary estimated_traffic_class=4", "highway=crossing crossing=traffic_signals", "17717", "1769202"],
          ["133874803", "34315146", "7", "99", "1060", "0", "0", "0", "0", "highway=tertiary estimated_traffic_class=4", "highway=crossing crossing=uncontrolled", "17734", "1770919"],
          ["133871772", "34315138", "5", "280", "1060", "0", "0", "20", "0", "highway=tertiary estimated_traffic_class=4", "highway=crossing crossing=traffic_signals", "17776", "1775145"],
          ["133871575", "34315153", "6", "18", "1060", "0", "0", "20", "0", "highway=tertiary estimated_traffic_class=4", "highway=traffic_signals", "17779", "1775448"],
          ["133871476", "34315063", "5", "14", "1060", "0", "35", "20", "0", "reversedirection=yes highway=tertiary estimated_traffic_class=4", "highway=crossing crossing=traffic_signals", "17781", "1775669"],
          ["133871111", "34314588", "5", "62", "1060", "0", "1", "0", "0", "reversedirection=yes highway=tertiary estimated_traffic_class=4", "", "17792", "1776717"],
          ["133870912", "34314534", "4", "19", "1060", "0", "16", "0", "0", "reversedirection=yes highway=tertiary estimated_traffic_class=4 foot=no", "highway=crossing crossing=uncontrolled", "17794", "1776974"],
          ["133868626", "34314393", "4", "210", "1060", "0", "0", "0", "0", "reversedirection=yes highway=tertiary estimated_traffic_class=4 foot=no", "", "17824", "1779908"],
          ["133868456", "34314378", "4", "16", "1090", "0", "0", "20", "0", "reversedirection=yes highway=tertiary estimated_traffic_class=5 foot=no", "highway=crossing crossing=traffic_signals", "17826", "1780163"],
          ["133866347", "34314192", "4", "195", "1090", "0", "0", "0", "0", "reversedirection=yes highway=tertiary estimated_traffic_class=5 foot=no", "highway=crossing crossing=uncontrolled", "17859", "1783447"],
          ["133863496", "34313953", "2", "263", "1090", "0", "0", "20", "0", "reversedirection=yes highway=tertiary estimated_traffic_class=5 foot=no", "highway=crossing crossing=traffic_signals", "17900", "1787521"],
          ["133863399", "34313946", "2", "9", "1090", "0", "0", "20", "0", "reversedirection=yes highway=tertiary estimated_traffic_class=5 foot=no", "highway=traffic_signals", "17901", "1787660"],
          ["133863309", "34313938", "2", "8", "1090", "0", "0", "20", "0", "reversedirection=yes highway=tertiary estimated_traffic_class=5 foot=no", "highway=crossing crossing=traffic_signals", "17902", "1787785"],
          ["133860016", "34313729", "4", "305", "1090", "0", "1", "20", "0", "reversedirection=yes highway=tertiary estimated_traffic_class=5 foot=no", "highway=crossing crossing=traffic_signals", "17959", "1793482"],
          ["133859872", "34313771", "4", "14", "1090", "0", "1", "20", "0", "reversedirection=yes highway=tertiary estimated_traffic_class=5 foot=no", "highway=traffic_signals", "17962", "1793738"],
          ["133859704", "34313820", "4", "16", "1090", "0", "0", "20", "0", "reversedirection=yes highway=tertiary estimated_traffic_class=5 foot=no", "highway=crossing crossing=traffic_signals", "17965", "1794046"],
          ["133858636", "34313856", "11", "100", "1090", "0", "0", "0", "0", "reversedirection=yes highway=tertiary estimated_traffic_class=5 foot=no", "highway=crossing crossing=uncontrolled", "17992", "1796773"],
          ["133858403", "34313832", "13", "21", "1090", "0", "0", "0", "0", "reversedirection=yes highway=tertiary estimated_traffic_class=5 foot=no", "highway=crossing crossing=uncontrolled", "18001", "1797689"],
          ["133857414", "34313794", "14", "91", "1090", "0", "0", "0", "0", "reversedirection=yes highway=tertiary estimated_traffic_class=5 foot=no", "highway=crossing crossing=uncontrolled", "18035", "1801007"],
          ["133856417", "34313785", "4", "91", "1090", "0", "0", "20", "0", "reversedirection=yes highway=tertiary estimated_traffic_class=5 foot=no", "highway=traffic_signals traffic_signals:direction=backward", "18047", "1802206"],
          ["133856371", "34313784", "4", "4", "1090", "0", "0", "20", "0", "reversedirection=yes highway=tertiary estimated_traffic_class=5 foot=no", "highway=crossing crossing=traffic_signals", "18047", "1802262"],
          ["133856227", "34313777", "4", "13", "1090", "0", "0", "0", "0", "reversedirection=yes highway=tertiary estimated_traffic_class=5 foot=no", "estimated_crossing_class=0", "18049", "1802446"],
          ["133856106", "34313780", "4", "11", "1090", "0", "0", "20", "0", "reversedirection=yes highway=tertiary estimated_traffic_class=5 foot=no", "highway=crossing crossing=traffic_signals", "18050", "1802596"],
          ["133856074", "34313782", "4", "3", "1090", "0", "0", "20", "0", "reversedirection=yes highway=tertiary estimated_traffic_class=5 foot=no", "highway=traffic_signals traffic_signals:direction=forward", "18051", "1802637"],
          ["133855738", "34313569", "4", "51", "1090", "0", "24", "0", "0", "reversedirection=yes highway=tertiary estimated_traffic_class=5 foot=no", "highway=crossing crossing=marked", "18058", "1803362"],
          ["133855741", "34313505", "4", "7", "1090", "0", "0", "0", "0", "reversedirection=yes highway=tertiary estimated_traffic_class=5 foot=no", "", "18059", "1803461"],
          ["133855047", "34313225", "4", "87", "1100", "0", "25", "20", "0", "highway=unclassified foot=no oneway=yes", "highway=crossing crossing=traffic_signals", "18069", "1804492"],
          ["133854951", "34313232", "4", "9", "1100", "0", "0", "20", "0", "highway=unclassified foot=no oneway=yes", "highway=traffic_signals", "18070", "1804595"],
          ["133854805", "34313213", "4", "14", "1090", "0", "2", "20", "0", "reversedirection=yes highway=tertiary estimated_traffic_class=5", "highway=crossing crossing=traffic_signals", "18072", "1804747"],
          ["133853539", "34313109", "2", "116", "1090", "0", "0", "0", "0", "reversedirection=yes highway=tertiary estimated_traffic_class=5", "highway=crossing crossing=marked", "18090", "1806575"],
          ["133851811", "34313039", "6", "159", "1090", "0", "0", "0", "0", "reversedirection=yes highway=tertiary estimated_traffic_class=5", "highway=crossing crossing=uncontrolled", "18118", "1809311"],
          ["133850971", "34313069", "6", "78", "1090", "0", "0", "20", "0", "reversedirection=yes highway=tertiary estimated_traffic_class=5", "highway=crossing crossing=traffic_signals", "18131", "1810653"],
          ["133850852", "34313074", "6", "11", "1090", "0", "0", "20", "0", "reversedirection=yes highway=tertiary estimated_traffic_class=5", "highway=traffic_signals estimated_crossing_class=0 traffic_signals=signal", "18133", "1810840"],
          ["133850761", "34313078", "6", "8", "1090", "0", "0", "20", "0", "reversedirection=yes highway=tertiary estimated_traffic_class=5", "highway=traffic_signals estimated_crossing_class=0", "18134", "1810976"],
          ["133850616", "34313084", "6", "13", "1150", "0", "0", "20", "0", "reversedirection=yes highway=tertiary surface=asphalt estimated_traffic_class=6", "highway=crossing crossing=traffic_signals", "18136", "1811196"],
          ["133849401", "34313111", "5", "111", "1150", "0", "0", "0", "0", "reversedirection=yes highway=tertiary surface=asphalt estimated_traffic_class=6", "highway=crossing crossing=uncontrolled", "18154", "1812911"],
          ["133848211", "34313033", "3", "110", "1150", "0", "0", "20", "0", "reversedirection=yes highway=tertiary surface=asphalt estimated_traffic_class=6", "highway=crossing crossing=traffic_signals", "18168", "1814310"],
          ["133848046", "34313013", "2", "15", "1150", "0", "0", "20", "0", "reversedirection=yes highway=tertiary surface=asphalt estimated_traffic_class=6", "highway=traffic_signals", "18169", "1814487"],
          ["133847908", "34312992", "2", "13", "1150", "0", "0", "20", "0", "reversedirection=yes highway=tertiary surface=asphalt estimated_traffic_class=6", "highway=crossing crossing=traffic_signals", "18171", "1814640"],
          ["133845541", "34312449", "3", "226", "1150", "0", "0", "20", "0", "reversedirection=yes highway=tertiary surface=asphalt estimated_traffic_class=6", "highway=traffic_signals crossing=traffic_signals", "18208", "1818333"],
          ["133843946", "34312054", "6", "153", "1150", "0", "0", "20", "0", "reversedirection=yes highway=tertiary surface=asphalt estimated_traffic_class=6", "highway=crossing crossing=traffic_signals", "18243", "1821861"],
          ["133843794", "34312010", "6", "15", "1150", "0", "0", "20", "0", "reversedirection=yes highway=tertiary surface=asphalt estimated_traffic_class=6", "highway=traffic_signals", "18247", "1822242"],
          ["133843547", "34311938", "7", "24", "1150", "0", "0", "20", "0", "reversedirection=yes highway=tertiary surface=asphalt estimated_traffic_class=6", "highway=crossing crossing=traffic_signals", "18254", "1822921"],
          ["133840014", "34310463", "18", "363", "1150", "0", "0", "20", "0", "reversedirection=yes highway=tertiary surface=asphalt estimated_traffic_class=6", "highway=crossing crossing=traffic_signals", "18375", "1835024"],
          ["133839894", "34310439", "19", "11", "1150", "0", "0", "20", "0", "reversedirection=yes highway=tertiary surface=asphalt estimated_traffic_class=6", "highway=traffic_signals", "18377", "1835290"],
          ["133839981", "34310255", "19", "22", "1150", "0", "102", "0", "0", "highway=tertiary estimated_traffic_class=6", "", "18382", "1835763"],
          ["133836329", "34309106", "5", "419", "1090", "65", "18", "0", "0", "highway=tertiary estimated_traffic_class=5", "highway=crossing crossing=uncontrolled", "18446", "1842117"],
          ["133835128", "34309447", "4", "116", "1150", "0", "0", "20", "0", "highway=tertiary estimated_traffic_class=6", "highway=crossing crossing=traffic_signals", "18459", "1843475"],
          ["133835024", "34309476", "4", "10", "1150", "0", "0", "20", "0", "highway=tertiary estimated_traffic_class=6", "highway=traffic_signals", "18460", "1843612"],
          ["133834913", "34309507", "4", "11", "1150", "0", "0", "20", "0", "highway=tertiary estimated_traffic_class=6", "highway=crossing crossing=traffic_signals", "18462", "1843766"],
          ["133831381", "34310488", "3", "343", "1150", "0", "0", "20", "0", "highway=tertiary estimated_traffic_class=6", "highway=crossing crossing=traffic_signals", "18505", "1848016"],
          ["133830889", "34310609", "4", "47", "1150", "0", "0", "20", "0", "highway=tertiary estimated_traffic_class=6", "highway=traffic_signals estimated_crossing_class=0", "18515", "1849033"],
          ["133830838", "34310557", "4", "7", "1100", "0", "55", "20", "0", "reversedirection=yes highway=unclassified", "highway=crossing crossing=traffic_signals", "18516", "1849175"],
          ["133821052", "34308975", "7", "1075", "1100", "0", "93", "0", "0", "reversedirection=yes highway=unclassified", "highway=stop direction=backward", "18728", "1870361"],
          ["133820980", "34309088", "7", "14", "1100", "0", "0", "0", "0", "reversedirection=yes highway=unclassified", "estimated_crossing_class=0", "18730", "1870517"],
          ["133820887", "34309050", "7", "10", "1350", "0", "87", "0", "0", "highway=primary surface=asphalt estimated_traffic_class=6", "estimated_crossing_class=0", "18731", "1870644"],
          ["133820422", "34308833", "8", "49", "1350", "0", "0", "0", "0", "highway=primary surface=asphalt estimated_traffic_class=6", "estimated_crossing_class=5", "18738", "1871393"],
          ["133820081", "34308499", "8", "48", "1350", "0", "0", "0", "0", "highway=primary surface=asphalt estimated_traffic_class=6", "estimated_crossing_class=5", "18746", "1872203"],
          ["133820026", "34308437", "8", "9", "1350", "0", "0", "0", "0", "highway=primary surface=asphalt estimated_traffic_class=6", "estimated_crossing_class=5", "18748", "1872358"],
          ["133819862", "34308233", "8", "27", "1350", "0", "0", "0", "0", "highway=primary surface=asphalt estimated_traffic_class=6", "estimated_crossing_class=5", "18752", "1872771"],
          ["133819765", "34308111", "8", "16", "1350", "0", "0", "0", "0", "highway=primary surface=asphalt estimated_traffic_class=6", "estimated_crossing_class=5", "18755", "1873021"],
          ["133819476", "34307748", "8", "48", "1350", "0", "0", "0", "0", "highway=primary surface=asphalt estimated_traffic_class=6", "estimated_crossing_class=0", "18762", "1873745"],
          ["133819224", "34307438", "8", "41", "1350", "0", "0", "20", "0", "highway=primary surface=asphalt estimated_traffic_class=6", "highway=crossing estimated_crossing_class=0 crossing=traffic_signals", "18768", "1874388"],
          ["133819100", "34307283", "8", "21", "1350", "0", "0", "20", "0", "highway=primary surface=asphalt estimated_traffic_class=6", "highway=traffic_signals estimated_crossing_class=0", "18772", "1874792"],
          ["133818953", "34307096", "9", "25", "1350", "0", "0", "20", "0", "highway=primary surface=asphalt estimated_traffic_class=6", "highway=traffic_signals", "18778", "1875355"],
          ["133818573", "34306642", "9", "61", "1350", "0", "0", "0", "0", "highway=primary surface=asphalt estimated_traffic_class=6", "estimated_crossing_class=5", "18789", "1876473"],
          ["133817752", "34305874", "12", "114", "1350", "0", "0", "0", "0", "highway=primary surface=asphalt estimated_traffic_class=6", "estimated_crossing_class=5", "18811", "1878657"],
          ["133816851", "34305101", "15", "119", "1350", "0", "0", "0", "0", "highway=primary surface=asphalt estimated_traffic_class=6", "estimated_crossing_class=5", "18846", "1882167"],
          ["133816470", "34304765", "13", "51", "1350", "0", "0", "0", "0", "highway=primary surface=asphalt estimated_traffic_class=6", "highway=crossing estimated_crossing_class=0 crossing=uncontrolled", "18857", "1883309"],
          ["133816391", "34304696", "12", "11", "1350", "0", "0", "20", "0", "highway=primary surface=asphalt estimated_traffic_class=6", "highway=traffic_signals estimated_crossing_class=0", "18859", "1883509"],
          ["133816318", "34304614", "12", "11", "1350", "0", "0", "20", "0", "highway=primary surface=asphalt estimated_traffic_class=6", "highway=traffic_signals estimated_crossing_class=0 traffic_signals=signal", "18861", "1883694"],
          ["133816304", "34304600", "12", "2", "1350", "0", "0", "0", "0", "highway=primary surface=asphalt estimated_traffic_class=6", "estimated_crossing_class=0", "18862", "1883725"],
          ["133816229", "34304525", "11", "11", "1350", "0", "0", "0", "0", "highway=primary surface=asphalt estimated_traffic_class=6", "highway=crossing estimated_crossing_class=0 crossing=uncontrolled", "18863", "1883880"],
          ["133816021", "34304300", "9", "31", "1290", "0", "0", "0", "0", "highway=primary estimated_traffic_class=5", "estimated_crossing_class=5", "18866", "1884208"],
          ["133815253", "34303345", "6", "128", "1290", "0", "0", "0", "0", "highway=primary estimated_traffic_class=5", "estimated_crossing_class=5", "18883", "1885840"],
          ["133814345", "34302359", "5", "138", "1290", "0", "0", "0", "0", "highway=primary estimated_traffic_class=5", "estimated_crossing_class=5", "18903", "1887822"],
          ["133813310", "34301286", "5", "152", "1290", "0", "0", "0", "0", "highway=primary estimated_traffic_class=5", "estimated_crossing_class=5", "18927", "1890222"],
          ["133813082", "34301051", "5", "33", "1290", "0", "0", "20", "0", "highway=primary estimated_traffic_class=5", "highway=traffic_signals estimated_crossing_class=0", "18932", "1890764"],
          ["133811468", "34299842", "4", "212", "1100", "0", "37", "0", "0", "highway=unclassified", "", "18958", "1893398"],
          ["133808765", "34298527", "6", "370", "1100", "0", "149", "0", "0", "reversedirection=yes highway=unclassified", "highway=crossing", "19024", "1899985"],
          ["133806343", "34296435", "4", "326", "1100", "0", "0", "0", "0", "reversedirection=yes highway=unclassified", "", "19075", "1905034"],
          ["133805862", "34296323", "3", "48", "1090", "0", "3", "0", "0", "reversedirection=yes highway=tertiary estimated_traffic_class=5 route_bicycle_rcn=yes", "nodeaccessgranted=yes highway=crossing crossing=uncontrolled", "19081", "1905668"],
          ["133805751", "34296351", "3", "11", "1090", "0", "4", "0", "0", "reversedirection=yes highway=tertiary estimated_traffic_class=5 route_bicycle_rcn=yes", "", "19082", "1905808"],
          ["133805641", "34296339", "3", "10", "1090", "0", "8", "0", "0", "reversedirection=yes highway=tertiary estimated_traffic_class=5", "", "19084", "1905938"],
          ["133804266", "34295825", "5", "139", "1090", "0", "3", "0", "0", "highway=tertiary estimated_traffic_class=5", "", "19110", "1908572"],
          ["133803811", "34295666", "6", "45", "1100", "0", "0", "0", "0", "highway=unclassified", "highway=crossing crossing=uncontrolled", "19120", "1909613"],
          ["133803684", "34295635", "6", "12", "1100", "0", "0", "20", "0", "highway=unclassified", "highway=traffic_signals traffic_signals=signal", "19123", "1909886"],
          ["133803521", "34295606", "7", "15", "1100", "0", "0", "0", "0", "reversedirection=yes highway=unclassified", "", "19127", "1910260"],
          ["133801118", "34294857", "4", "242", "1100", "0", "45", "20", "0", "highway=unclassified oneway=yes", "highway=traffic_signals", "19165", "1914089"],
          ["133797404", "34293494", "7", "374", "1100", "0", "4", "20", "0", "highway=unclassified oneway=yes", "highway=crossing crossing=traffic_signals", "19234", "1920964"],
          ["133797351", "34293473", "7", "5", "1100", "0", "0", "20", "0", "highway=unclassified oneway=yes", "highway=traffic_signals estimated_crossing_class=0 traffic_signals=signal", "19235", "1921062"],
          ["133797379", "34293419", "7", "7", "1190", "0", "86", "20", "0", "highway=secondary estimated_traffic_class=5", "highway=crossing estimated_crossing_class=0 crossing=traffic_signals", "19236", "1921199"],
          ["133797495", "34293196", "7", "27", "1190", "0", "0", "0", "0", "highway=secondary estimated_traffic_class=5", "estimated_crossing_class=5", "19242", "1921747"],
          ["133797385", "34293157", "7", "11", "1090", "0", "90", "0", "0", "reversedirection=yes highway=tertiary estimated_traffic_class=5", "highway=crossing crossing=uncontrolled", "19244", "1921963"],
          ["133795397", "34292412", "8", "201", "1090", "0", "0", "0", "0", "reversedirection=yes highway=tertiary estimated_traffic_class=5", "highway=crossing crossing=uncontrolled", "19287", "1926243"],
          ["133794242", "34291927", "10", "119", "1090", "0", "0", "0", "0", "reversedirection=yes highway=tertiary estimated_traffic_class=5", "", "19313", "1928884"],
          ["133794165", "34291894", "9", "8", "1090", "0", "0", "0", "0", "reversedirection=yes highway=tertiary surface=asphalt estimated_traffic_class=5", "highway=crossing crossing=uncontrolled", "19314", "1929025"],
          ["133793879", "34291771", "9", "30", "1090", "0", "0", "0", "0", "reversedirection=yes highway=tertiary surface=asphalt estimated_traffic_class=5", "", "19319", "1929467"],
          ["133793088", "34291415", "8", "83", "1090", "0", "0", "20", "0", "reversedirection=yes highway=tertiary estimated_traffic_class=5", "highway=traffic_signals traffic_signals:direction=backward", "19330", "1930527"],
          ["133793050", "34291398", "8", "4", "1090", "0", "0", "20", "0", "reversedirection=yes highway=tertiary estimated_traffic_class=5", "highway=crossing crossing=traffic_signals", "19330", "1930586"],
          ["133792910", "34291335", "8", "15", "1090", "0", "0", "0", "0", "reversedirection=yes highway=tertiary estimated_traffic_class=5", "estimated_crossing_class=0", "19332", "1930824"],
          ["133792738", "34291262", "8", "18", "1090", "0", "0", "20", "0", "reversedirection=yes highway=tertiary estimated_traffic_class=5", "highway=crossing crossing=traffic_signals", "19336", "1931131"],
          ["133792703", "34291246", "8", "4", "1090", "0", "0", "20", "0", "reversedirection=yes highway=tertiary estimated_traffic_class=5", "highway=traffic_signals traffic_signals:direction=forward", "19336", "1931203"],
          ["133791220", "34290387", "7", "166", "1090", "0", "0", "0", "0", "reversedirection=yes highway=tertiary estimated_traffic_class=5", "highway=crossing crossing=uncontrolled", "19362", "1933820"],
          ["133791350", "34289907", "6", "62", "1090", "0", "79", "0", "0", "reversedirection=yes highway=tertiary estimated_traffic_class=5", "", "19370", "1934599"],
          ["133791298", "34289890", "6", "5", "1100", "0", "92", "0", "0", "reversedirection=yes highway=unclassified", "highway=crossing crossing=uncontrolled", "19371", "1934669"],
          ["133786757", "34287290", "8", "514", "1100", "0", "0", "0", "0", "reversedirection=yes highway=unclassified", "highway=crossing crossing=uncontrolled", "19458", "1943372"],
          ["133786575", "34287143", "8", "24", "1100", "0", "3", "20", "0", "reversedirection=yes highway=unclassified", "highway=traffic_signals", "19464", "1944017"],
          ["133786359", "34287079", "8", "21", "1090", "0", "11", "0", "0", "highway=tertiary estimated_traffic_class=5", "highway=crossing crossing=uncontrolled", "19469", "1944460"],
          ["133783449", "34285898", "5", "299", "1090", "0", "0", "20", "0", "highway=tertiary estimated_traffic_class=5", "highway=traffic_signals traffic_signals=signal", "19511", "1948712"],
          ["133781062", "34285100", "4", "237", "1090", "0", "0", "20", "0", "highway=tertiary estimated_traffic_class=5", "highway=traffic_signals traffic_signals:direction=forward", "19550", "1952557"],
          ["133780940", "34285052", "4", "13", "1090", "0", "0", "20", "0", "highway=tertiary estimated_traffic_class=5", "highway=crossing crossing=traffic_signals", "19552", "1952742"],
          ["133780757", "34284973", "4", "19", "1090", "0", "0", "20", "0", "highway=tertiary estimated_traffic_class=5", "highway=crossing crossing=traffic_signals", "19554", "1953020"],
          ["133780713", "34284954", "4", "5", "1090", "0", "0", "20", "0", "highway=tertiary estimated_traffic_class=5", "highway=traffic_signals traffic_signals:direction=backward", "19555", "1953099"],
          ["133777600", "34283712", "5", "319", "1090", "0", "0", "20", "0", "highway=tertiary estimated_traffic_class=5", "highway=traffic_signals traffic_signals:direction=forward", "19613", "1958832"],
          ["133777578", "34283703", "5", "2", "1090", "0", "0", "20", "0", "highway=tertiary estimated_traffic_class=5", "highway=crossing crossing=traffic_signals", "19613", "1958871"],
          ["133777360", "34283596", "5", "23", "1090", "0", "0", "0", "0", "highway=tertiary estimated_traffic_class=5", "estimated_crossing_class=0", "19617", "1959315"],
          ["133777283", "34283554", "5", "8", "1060", "0", "0", "0", "0", "highway=tertiary estimated_traffic_class=4", "estimated_crossing_class=0", "19619", "1959456"],
          ["133777167", "34283499", "5", "12", "1060", "0", "0", "20", "0", "highway=tertiary estimated_traffic_class=4", "highway=crossing crossing=traffic_signals", "19621", "1959667"],
          ["133777043", "34283441", "5", "13", "1060", "0", "0", "20", "0", "highway=tertiary estimated_traffic_class=4", "highway=traffic_signals traffic_signals:direction=backward", "19623", "1959881"],
          ["133772557", "34281336", "5", "474", "1060", "0", "0", "20", "0", "highway=tertiary estimated_traffic_class=4", "highway=traffic_signals", "19700", "1967587"],
          ["133766822", "34278912", "3", "594", "1060", "0", "0", "20", "0", "highway=tertiary estimated_traffic_class=4", "highway=crossing crossing=traffic_signals", "19793", "1976932"],
          ["133766684", "34278850", "3", "14", "1060", "0", "0", "20", "0", "highway=tertiary estimated_traffic_class=4", "highway=traffic_signals", "19796", "1977216"],
          ["133766584", "34278810", "3", "10", "1060", "0", "0", "20", "0", "highway=tertiary estimated_traffic_class=4", "highway=crossing crossing=traffic_signals", "19798", "1977415"],
          ["133763401", "34277442", "3", "331", "1060", "0", "0", "0", "0", "highway=tertiary estimated_traffic_class=4", "", "19856", "1983157"],
          ["133762744", "34277172", "4", "67", "1060", "0", "0", "20", "0", "highway=tertiary surface=asphalt estimated_traffic_class=4", "highway=traffic_signals", "19871", "1984689"],
          ["133759649", "34275383", "5", "349", "1060", "0", "2", "0", "0", "highway=tertiary surface=asphalt estimated_traffic_class=4", "", "19937", "1991258"],
          ["133758666", "34275169", "5", "94", "1060", "0", "0", "20", "0", "highway=tertiary estimated_traffic_class=4", "highway=crossing crossing=traffic_signals", "19954", "1993006"],
          ["133758505", "34275135", "5", "15", "1060", "0", "0", "20", "0", "highway=tertiary estimated_traffic_class=4", "highway=traffic_signals estimated_crossing_class=0", "19957", "1993273"],
          ["133758348", "34275114", "5", "15", "1190", "0", "0", "20", "0", "highway=secondary estimated_traffic_class=5", "highway=crossing estimated_crossing_class=0 crossing=traffic_signals", "19960", "1993538"],
          ["133757332", "34275012", "5", "94", "1190", "0", "0", "0", "0", "highway=secondary estimated_traffic_class=5", "estimated_crossing_class=4", "19975", "1995131"],
          ["133756511", "34274930", "4", "76", "1190", "0", "0", "20", "0", "highway=secondary estimated_traffic_class=5", "highway=traffic_signals", "19985", "1996099"],
          ["133756416", "34274919", "4", "9", "1190", "0", "0", "0", "0", "highway=secondary estimated_traffic_class=5", "estimated_crossing_class=0", "19986", "1996224"],
          ["133756197", "34274900", "4", "20", "1190", "0", "0", "0", "0", "highway=secondary estimated_traffic_class=5", "estimated_crossing_class=4", "19989", "1996511"],
          ["133755915", "34274875", "4", "26", "1190", "0", "0", "0", "0", "highway=secondary estimated_traffic_class=5", "estimated_crossing_class=4", "19993", "1996894"],
          ["133755637", "34274851", "4", "26", "1190", "0", "0", "0", "0", "highway=secondary estimated_traffic_class=5", "estimated_crossing_class=4", "19997", "1997289"],
          ["133754630", "34274762", "4", "93", "1190", "0", "0", "20", "0", "highway=secondary estimated_traffic_class=5", "highway=traffic_signals estimated_crossing_class=0", "20012", "1998764"],
          ["133754106", "34274675", "4", "50", "1190", "0", "8", "0", "0", "highway=secondary estimated_traffic_class=5", "estimated_crossing_class=4", "20021", "1999673"],
          ["133752916", "34273892", "3", "140", "1190", "0", "0", "0", "0", "highway=secondary estimated_traffic_class=5", "estimated_crossing_class=4", "20043", "2001858"],
          ["133752719", "34273780", "3", "22", "1190", "0", "1", "0", "0", "highway=secondary estimated_traffic_class=5", "estimated_crossing_class=0", "20046", "2002177"],
          ["133752684", "34273760", "3", "4", "1190", "0", "0", "20", "0", "highway=secondary estimated_traffic_class=5", "highway=traffic_signals", "20046", "2002236"],
          ["133752625", "34273733", "3", "6", "1190", "0", "0", "0", "0", "highway=secondary estimated_traffic_class=5", "estimated_crossing_class=0", "20047", "2002326"],
          ["133751340", "34273324", "5", "128", "1190", "0", "6", "0", "0", "highway=secondary estimated_traffic_class=5", "estimated_crossing_class=4", "20074", "2004972"],
          ["133751098", "34273223", "6", "25", "1190", "0", "0", "20", "0", "highway=secondary estimated_traffic_class=5", "highway=crossing crossing=traffic_signals", "20080", "2005570"],
          ["133750989", "34273223", "6", "10", "1190", "0", "9", "20", "0", "highway=secondary estimated_traffic_class=5", "highway=traffic_signals estimated_crossing_class=0", "20082", "2005812"],
          ["133750732", "34273206", "6", "23", "1190", "0", "2", "0", "0", "highway=secondary estimated_traffic_class=5", "highway=crossing crossing=uncontrolled", "20088", "2006391"],
          ["133750512", "34273101", "5", "23", "1190", "0", "4", "0", "0", "highway=secondary estimated_traffic_class=5", "estimated_crossing_class=4", "20092", "2006817"],
          ["133750437", "34273066", "5", "8", "1190", "0", "0", "0", "0", "highway=secondary estimated_traffic_class=5", "estimated_crossing_class=4", "20094", "2006954"],
          ["133748813", "34272292", "5", "172", "1190", "0", "0", "0", "0", "highway=secondary estimated_traffic_class=5", "estimated_crossing_class=4", "20122", "2009776"],
          ["133748560", "34272163", "5", "27", "1190", "0", "0", "0", "0", "highway=secondary estimated_traffic_class=5", "estimated_crossing_class=4", "20127", "2010253"],
          ["133748324", "34271978", "5", "30", "1190", "0", "2", "0", "0", "highway=secondary estimated_traffic_class=5", "estimated_crossing_class=4", "20132", "2010810"],
          ["133747446", "34272692", "5", "113", "1100", "0", "86", "0", "0", "highway=unclassified", "", "20150", "2012579"],
          ["133747116", "34272421", "5", "43", "1100", "0", "88", "0", "0", "reversedirection=yes highway=unclassified", "", "20157", "2013319"],
          ["133746723", "34272073", "5", "53", "1100", "0", "0", "0", "0", "highway=unclassified", "estimated_crossing_class=4", "20167", "2014246"],
          ["133739005", "34262948", "4", "1376", "1100", "0", "101", "0", "0", "highway=unclassified", "", "20405", "2038117"],
          ["133738819", "34262784", "4", "25", "1030", "0", "31", "20", "0", "reversedirection=yes highway=tertiary estimated_traffic_class=3", "highway=traffic_signals estimated_crossing_class=0 traffic_signals=signal", "20409", "2038499"],
          ["133738757", "34262725", "4", "9", "1030", "0", "0", "20", "0", "reversedirection=yes highway=tertiary estimated_traffic_class=3", "highway=traffic_signals estimated_crossing_class=0", "20410", "2038639"],
          ["133734965", "34258466", "3", "588", "1200", "0", "3", "0", "0", "reversedirection=yes highway=residential", "", "20511", "2048666"],
          ["133732674", "34257909", "4", "221", "1030", "0", "24", "20", "0", "highway=tertiary estimated_traffic_class=3", "highway=traffic_signals", "20547", "2052255"],
          ["133732617", "34257887", "4", "6", "1030", "0", "0", "20", "0", "highway=tertiary estimated_traffic_class=3", "highway=traffic_signals", "20548", "2052355"],
          ["133728297", "34255790", "5", "468", "1030", "0", "5", "0", "0", "highway=tertiary estimated_traffic_class=3", "estimated_crossing_class=3", "20633", "2060937"],
          ["133715974", "34248720", "3", "1445", "1030", "0", "58", "0", "0", "highway=tertiary estimated_traffic_class=3", "", "20870", "2084578"],
          ["133715923", "34248648", "3", "9", "1000", "0", "0", "0", "0", "highway=tertiary estimated_traffic_class=2", "", "20871", "2084729"],
          ["133715821", "34248652", "3", "9", "1200", "0", "48", "0", "0", "reversedirection=yes highway=residential", "railway=level_crossing", "20873", "2084880"],
          ["133711845", "34244327", "4", "616", "1200", "0", "51", "0", "0", "reversedirection=yes highway=residential", "", "20986", "2096149"],
          ["133703152", "34237046", "10", "1211", "1100", "0", "37", "0", "0", "highway=unclassified", "railway=level_crossing", "21199", "2117522"],
          ["133703215", "34236996", "10", "8", "1100", "0", "19", "0", "0", "highway=unclassified", "", "21201", "2117657"],
          ["133692145", "34225708", "7", "1714", "1000", "0", "182", "0", "0", "highway=tertiary estimated_traffic_class=2", "", "21544", "2151954"],
          ["133691184", "34221525", "5", "482", "1100", "0", "89", "0", "0", "highway=unclassified", "estimated_crossing_class=3", "21603", "2157907"],
          ["133690680", "34221563", "5", "46", "1130", "0", "47", "20", "0", "highway=secondary estimated_traffic_class=3", "highway=traffic_signals", "21609", "2158523"],
          ["133690191", "34221575", "5", "45", "1260", "0", "0", "0", "0", "highway=primary estimated_traffic_class=4", "estimated_crossing_class=4", "21616", "2159246"],
          ["133689680", "34221577", "6", "47", "1260", "0", "0", "0", "0", "highway=primary estimated_traffic_class=4", "estimated_crossing_class=4", "21625", "2160101"],
          ["133688434", "34221618", "5", "115", "1260", "0", "0", "0", "0", "highway=primary estimated_traffic_class=4", "estimated_crossing_class=4", "21644", "2162026"],
          ["133687658", "34221629", "5", "71", "1260", "0", "0", "0", "0", "highway=primary estimated_traffic_class=4", "estimated_crossing_class=4", "21656", "2163218"],
          ["133686062", "34221590", "4", "147", "1260", "0", "0", "20", "0", "highway=primary estimated_traffic_class=4", "highway=traffic_signals", "21681", "2165686"],
          ["133683208", "34221109", "4", "268", "1130", "0", "0", "0", "0", "highway=secondary estimated_traffic_class=3", "estimated_crossing_class=2", "21719", "2169500"],
          ["133682821", "34221049", "3", "36", "1130", "0", "0", "0", "0", "highway=secondary estimated_traffic_class=3", "estimated_crossing_class=2", "21724", "2170049"],
          ["133680060", "34222687", "4", "316", "1100", "0", "30", "0", "0", "reversedirection=yes highway=unclassified", "", "21781", "2175670"],
          ["133682821", "34221049", "3", "316", "1100", "0", "10", "0", "0", "highway=unclassified", "estimated_crossing_class=2", "21831", "2180733"],
          ["133683208", "34221109", "4", "36", "1130", "0", "24", "0", "0", "reversedirection=yes highway=secondary estimated_traffic_class=3", "estimated_crossing_class=2", "21837", "2181328"],
          ["133683820", "34218870", "4", "315", "1100", "0", "63", "0", "0", "highway=unclassified", "", "21892", "2186815"],
          ["133684269", "34218673", "4", "47", "1100", "0", "88", "20", "0", "reversedirection=yes highway=unclassified", "highway=traffic_signals estimated_crossing_class=0", "21900", "2187619"],
          ["133689031", "34206186", "3", "1516", "1100", "0", "168", "0", "0", "reversedirection=yes highway=unclassified", "estimated_crossing_class=3", "22168", "2214392"],
          ["133689368", "34204775", "0", "161", "1260", "0", "38", "0", "0", "reversedirection=yes highway=primary estimated_traffic_class=4", "estimated_crossing_class=3", "22187", "2216330"],
          ["133689966", "34202698", "0", "236", "1260", "0", "0", "0", "0", "reversedirection=yes highway=primary estimated_traffic_class=4", "estimated_crossing_class=3", "22222", "2219819"],
          ["133690621", "34201375", "0", "159", "1260", "0", "0", "0", "0", "reversedirection=yes highway=primary estimated_traffic_class=4", "estimated_crossing_class=3", "22245", "2222073"],
          ["133690454", "34200226", "2", "130", "1000", "0", "58", "0", "0", "reversedirection=yes highway=tertiary estimated_traffic_class=2", "", "22268", "2224421"],
          ["133690369", "34199274", "4", "106", "1100", "0", "0", "0", "0", "reversedirection=yes highway=unclassified", "estimated_crossing_class=2", "22286", "2226207"],
          ["133684244", "34185970", "46", "1600", "1100", "0", "28", "0", "0", "reversedirection=yes highway=unclassified", "estimated_crossing_class=3", "22824", "2280064"],
          ["133684235", "34185931", "46", "4", "1260", "0", "27", "0", "0", "reversedirection=yes highway=primary estimated_traffic_class=4", "estimated_crossing_class=3", "22825", "2280161"],
          ["133684176", "34185286", "42", "71", "1260", "0", "0", "0", "0", "reversedirection=yes highway=primary estimated_traffic_class=4", "estimated_crossing_class=3", "22840", "2281608"],
          ["133684286", "34184912", "39", "43", "1260", "0", "2", "0", "0", "reversedirection=yes highway=primary estimated_traffic_class=4", "estimated_crossing_class=3", "22845", "2282097"],
          ["133685664", "34177863", "35", "873", "1100", "0", "40", "0", "0", "highway=unclassified", "", "22974", "2294990"],
          ["133685694", "34176547", "33", "148", "1100", "0", "58", "0", "0", "reversedirection=yes highway=unclassified", "", "22992", "2296806"],
          ["133685716", "34172388", "28", "462", "1100", "0", "0", "0", "0", "highway=unclassified", "estimated_crossing_class=2", "23052", "2302791"],
          ["133685635", "34171584", "29", "89", "1100", "0", "0", "0", "0", "highway=unclassified", "", "23067", "2304308"],
          ["133685682", "34170668", "29", "102", "1100", "0", "0", "0", "0", "reversedirection=yes highway=unclassified", "", "23084", "2306011"],
          ["133687306", "34168553", "27", "281", "1200", "0", "7", "0", "0", "highway=residential", "", "23124", "2309987"],
          ["133686068", "34164120", "24", "522", "1200", "0", "94", "0", "0", "reversedirection=yes highway=residential", "", "23209", "2318526"],
          ["133685778", "34162998", "24", "132", "1100", "0", "18", "0", "0", "reversedirection=yes highway=unclassified", "", "23228", "2320446"],
          ["133685676", "34161603", "24", "157", "1100", "0", "11", "0", "0", "highway=unclassified", "", "23251", "2322750"],
          ["133684780", "34160283", "24", "168", "1100", "0", "4", "0", "0", "reversedirection=yes highway=unclassified", "", "23280", "2325649"],
          ["133684231", "34158264", "22", "229", "1100", "0", "44", "0", "0", "highway=unclassified", "", "23312", "2328860"],
          ["133683321", "34154989", "17", "375", "1100", "0", "21", "0", "0", "reversedirection=yes highway=unclassified", "", "23360", "2333590"],
          ["133683104", "34153674", "19", "148", "1100", "0", "2", "0", "0", "highway=unclassified", "", "23391", "2336754"],
          ["133682565", "34152889", "21", "101", "1200", "0", "7", "0", "0", "highway=residential", "", "23412", "2338838"],
          ["133677533", "34143555", "19", "1206", "1100", "0", "90", "0", "0", "reversedirection=yes highway=unclassified", "", "23626", "2360198"],
          ["133677810", "34142467", "16", "130", "1100", "0", "37", "0", "0", "highway=unclassified", "", "23640", "2361638"],
          ["133677553", "34142055", "13", "53", "1000", "0", "11", "0", "0", "highway=tertiary estimated_traffic_class=2", "", "23647", "2362365"],
          ["133675332", "34140175", "15", "297", "1100", "0", "14", "0", "0", "reversedirection=yes highway=unclassified", "estimated_crossing_class=2", "23690", "2366683"],
          ["133672572", "34138868", "13", "295", "1260", "0", "9", "0", "0", "reversedirection=yes highway=primary estimated_traffic_class=4", "estimated_crossing_class=2", "23757", "2373297"],
          ["133672479", "34138837", "13", "9", "1260", "0", "0", "0", "0", "reversedirection=yes highway=primary estimated_traffic_class=4", "estimated_crossing_class=2", "23758", "2373435"],
          ["133673076", "34137667", "4", "140", "1100", "242", "88", "0", "0", "reversedirection=yes highway=unclassified", "estimated_crossing_class=3", "23769", "2373537"],
          ["133674788", "34134255", "9", "413", "1100", "0", "1", "20", "0", "reversedirection=yes highway=unclassified", "highway=traffic_signals estimated_crossing_class=0", "23838", "2380402"],
          ["133676242", "34130667", "7", "429", "1100", "0", "3", "0", "0", "reversedirection=yes highway=unclassified", "railway=level_crossing", "23903", "2386929"],
          ["133676257", "34130182", "8", "54", "1100", "0", "0", "0", "0", "reversedirection=yes highway=unclassified", "estimated_crossing_class=4", "23914", "2387979"],
          ["133675655", "34129998", "9", "59", "1160", "0", "61", "0", "0", "reversedirection=yes highway=secondary estimated_traffic_class=4", "estimated_crossing_class=4", "23926", "2389176"],
          ["133671396", "34128518", "5", "425", "1160", "0", "0", "0", "0", "reversedirection=yes highway=secondary estimated_traffic_class=4", "estimated_crossing_class=4", "23988", "2395345"],
          ["133670071", "34128006", "4", "135", "1160", "0", "0", "0", "0", "reversedirection=yes highway=secondary estimated_traffic_class=4", "estimated_crossing_class=4", "24007", "2397274"],
          ["133669726", "34127856", "4", "36", "1160", "0", "0", "20", "0", "reversedirection=yes highway=secondary estimated_traffic_class=4", "highway=traffic_signals estimated_crossing_class=0", "24012", "2397841"],
          ["133669500", "34127756", "4", "24", "1160", "0", "0", "0", "0", "reversedirection=yes highway=secondary estimated_traffic_class=4", "estimated_crossing_class=4", "24016", "2398204"],
          ["133669273", "34127656", "4", "24", "1160", "0", "0", "0", "0", "reversedirection=yes highway=secondary estimated_traffic_class=4", "estimated_crossing_class=4", "24020", "2398554"],
          ["133663823", "34125175", "5", "572", "1160", "0", "0", "20", "0", "reversedirection=yes highway=secondary estimated_traffic_class=4", "highway=traffic_signals", "24123", "2408895"],
          ["133658876", "34122824", "7", "526", "1160", "0", "0", "20", "0", "reversedirection=yes highway=secondary estimated_traffic_class=4", "highway=traffic_signals estimated_crossing_class=0", "24217", "2418278"],
          ["133660731", "34122011", "7", "193", "1030", "0", "139", "0", "0", "highway=tertiary estimated_traffic_class=3", "", "24251", "2421714"],
          ["133659673", "34120230", "6", "220", "1200", "0", "89", "0", "0", "highway=residential", "", "24285", "2425106"],
          ["133660042", "34120064", "5", "39", "2000", "0", "90", "0", "0", "reversedirection=yes highway=track surface=asphalt", "", "24291", "2425686"],
          ["133659673", "34120230", "6", "39", "2000", "0", "0", "0", "0", "highway=track surface=asphalt", "", "24298", "2426421"],
          ["133658572", "34118496", "7", "217", "1200", "0", "93", "0", "0", "highway=residential", "estimated_crossing_class=2", "24339", "2430446"],
          ["133657526", "34118976", "6", "110", "1130", "0", "86", "0", "0", "highway=secondary estimated_traffic_class=3", "estimated_crossing_class=2", "24355", "2432110"],
          ["133656520", "34119432", "7", "106", "1130", "0", "0", "0", "0", "highway=secondary estimated_traffic_class=3", "estimated_crossing_class=2", "24376", "2434144"],
          ["133655167", "34120060", "6", "143", "1130", "0", "0", "20", "0", "highway=secondary estimated_traffic_class=3", "highway=traffic_signals", "24399", "2436469"],
          ["133653784", "34117545", "5", "306", "1160", "0", "89", "0", "0", "reversedirection=yes highway=secondary estimated_traffic_class=4", "estimated_crossing_class=4", "24446", "2441203"],
          ["133653415", "34116866", "6", "83", "1160", "0", "0", "20", "0", "reversedirection=yes highway=secondary estimated_traffic_class=4", "highway=traffic_signals estimated_crossing_class=0", "24462", "2442745"],
          ["133653366", "34116774", "6", "11", "1160", "0", "0", "20", "0", "reversedirection=yes highway=secondary estimated_traffic_class=4", "highway=crossing crossing=traffic_signals", "24464", "2442969"],
          ["133653087", "34116259", "7", "63", "1130", "0", "0", "0", "0", "reversedirection=yes highway=secondary estimated_traffic_class=3", "estimated_crossing_class=2", "24477", "2444246"],
          ["133652822", "34115732", "6", "63", "1130", "0", "0", "0", "0", "reversedirection=yes highway=secondary estimated_traffic_class=3", "estimated_crossing_class=2", "24488", "2445355"],
          ["133652353", "34114849", "6", "107", "1130", "0", "0", "20", "0", "reversedirection=yes highway=secondary estimated_traffic_class=3", "highway=crossing crossing=traffic_signals", "24504", "2446981"],
          ["133652264", "34114680", "5", "20", "1130", "0", "0", "20", "0", "reversedirection=yes highway=secondary estimated_traffic_class=3", "highway=traffic_signals estimated_crossing_class=0", "24507", "2447265"],
          ["133650260", "34110038", "5", "550", "1030", "0", "0", "0", "0", "highway=tertiary estimated_traffic_class=3", "", "24597", "2456258"],
          ["133648339", "34106253", "6", "456", "1000", "0", "0", "20", "0", "highway=tertiary estimated_traffic_class=2", "highway=traffic_signals crossing=traffic_signals", "24677", "2464310"],
          ["133646169", "34101685", "6", "545", "1000", "0", "0", "20", "0", "highway=tertiary estimated_traffic_class=2", "highway=traffic_signals", "24769", "2473543"],
          ["133641116", "34087252", "6", "1684", "1000", "0", "28", "20", "0", "highway=tertiary estimated_traffic_class=2", "highway=traffic_signals estimated_crossing_class=0", "25061", "2502666"],
          ["133639790", "34083455", "7", "443", "1000", "0", "8", "20", "0", "highway=tertiary estimated_traffic_class=2", "highway=crossing crossing=traffic_signals", "25135", "2510116"],
          ["133639764", "34083377", "7", "9", "1000", "0", "0", "20", "0", "highway=tertiary estimated_traffic_class=2", "highway=traffic_signals", "25138", "2510358"],
          ["133638225", "34071143", "7", "1407", "1100", "0", "51", "0", "0", "reversedirection=yes highway=unclassified", "", "25389", "2535498"],
          ["133636912", "34066567", "5", "563", "1200", "0", "21", "0", "0", "highway=residential", "", "25475", "2544144"],
          ["133627759", "34052882", "5", "1789", "1200", "0", "24", "0", "0", "highway=service", "", "25776", "2574250"],
          ["133626509", "34052257", "4", "135", "1500", "0", "14", "20", "0", "highway=trunk surface=asphalt", "highway=crossing estimated_crossing_class=0 crossing=traffic_signals", "25798", "2576422"],
          ["133626177", "34052066", "4", "37", "1500", "0", "0", "20", "0", "highway=trunk surface=asphalt", "highway=traffic_signals", "25804", "2577033"],
          ["133612892", "34045073", "4", "1484", "1500", "0", "1", "20", "0", "highway=trunk surface=asphalt", "highway=traffic_signals", "26053", "2601926"],
          ["133604859", "34042634", "6", "805", "1500", "0", "1", "20", "0", "highway=trunk surface=asphalt", "highway=traffic_signals", "26201", "2616731"],
          ["133601732", "34042345", "6", "291", "1500", "0", "0", "20", "0", "highway=trunk surface=asphalt", "highway=traffic_signals", "26248", "2621413"],
          ["133582137", "34026983", "12", "2697", "1500", "0", "2", "20", "0", "highway=trunk surface=asphalt", "highway=traffic_signals", "26740", "2670666"],
          ["133582052", "34026844", "13", "17", "1500", "0", "0", "20", "0", "highway=trunk surface=asphalt", "highway=crossing crossing=traffic_signals", "26746", "2671189"],
          ["133581448", "34025822", "6", "126", "1500", "0", "0", "0", "0", "highway=trunk surface=asphalt", "", "26762", "2672849"],
          ["133581110", "34025273", "6", "69", "1100", "0", "6", "0", "0", "highway=unclassified", "highway=crossing crossing=uncontrolled", "26774", "2674041"],
          ["133581068", "34025204", "6", "9", "1500", "0", "2", "0", "0", "highway=trunk surface=asphalt", "", "26775", "2674166"],
          ["133580668", "34024518", "4", "86", "1100", "0", "4", "0", "0", "highway=unclassified", "", "26785", "2675129"],
          ["133576249", "34019591", "7", "692", "1500", "0", "1", "20", "0", "highway=trunk surface=asphalt", "highway=traffic_signals", "26936", "2690174"],
          ["133576689", "34017162", "4", "374", "1100", "0", "184", "0", "0", "highway=unclassified", "railway=level_crossing", "26985", "2695158"],
          ["133576869", "34017107", "4", "18", "1100", "0", "2", "0", "0", "highway=unclassified", "", "26988", "2695449"],
          ["133576140", "34013809", "5", "390", "1200", "0", "187", "0", "0", "highway=residential", "", "27057", "2702306"],
          ["133576005", "34012737", "6", "121", "1200", "0", "5", "0", "0", "reversedirection=yes highway=residential", "", "27081", "2704771"],
          ["133576307", "34011099", "8", "185", "1100", "0", "1", "20", "0", "reversedirection=yes highway=unclassified", "highway=traffic_signals traffic_signals=signal", "27124", "2708999"],
          ["133576394", "34009806", "7", "144", "1000", "0", "2", "0", "0", "reversedirection=yes highway=tertiary surface=asphalt estimated_traffic_class=2", "", "27145", "2711156"],
          ["133576529", "34008200", "8", "179", "1000", "0", "0", "0", "0", "highway=tertiary surface=asphalt estimated_traffic_class=2", "", "27181", "2714774"],
          ["133576629", "34007666", "8", "60", "1000", "0", "0", "0", "0", "reversedirection=yes highway=tertiary surface=asphalt estimated_traffic_class=2", "", "27192", "2715809"],
          ["133576908", "34007189", "9", "61", "1030", "0", "7", "0", "0", "reversedirection=yes highway=tertiary surface=asphalt estimated_traffic_class=3", "", "27204", "2716994"],
          ["133577572", "34006257", "10", "122", "1100", "0", "40", "0", "0", "reversedirection=yes highway=unclassified", "", "27228", "2719426"],
          ["133577910", "34005472", "11", "94", "1100", "0", "3", "0", "0", "highway=unclassified", "", "27248", "2721379"],
          ["133577931", "34004930", "10", "63", "1100", "0", "8", "0", "0", "reversedirection=yes highway=unclassified", "", "27258", "2722412"],
          ["133577417", "34004603", "12", "60", "1200", "0", "18", "0", "0", "reversedirection=yes highway=residential", "", "27273", "2723902"],
          ["133577209", "34004394", "12", "30", "1100", "0", "2", "0", "0", "reversedirection=yes highway=unclassified", "", "27279", "2724547"],
          ["133575835", "34003427", "11", "166", "1100", "0", "0", "20", "0", "highway=unclassified", "highway=traffic_signals estimated_crossing_class=0", "27308", "2727447"],
          ["133573373", "34001778", "17", "294", "1190", "0", "8", "0", "0", "reversedirection=yes highway=secondary surface=asphalt estimated_traffic_class=5", "railway=level_crossing", "27381", "2734763"],
          ["133572092", "34000726", "11", "169", "1190", "0", "10", "0", "0", "reversedirection=yes highway=secondary surface=asphalt estimated_traffic_class=5", "estimated_crossing_class=4", "27408", "2737380"],
          ["133571258", "34000193", "10", "97", "1190", "0", "1", "0", "0", "reversedirection=yes highway=secondary surface=asphalt estimated_traffic_class=5", "estimated_crossing_class=4", "27420", "2738657"],
          ["133571216", "34000162", "10", "5", "1190", "0", "0", "0", "0", "reversedirection=yes highway=secondary surface=asphalt estimated_traffic_class=5", "estimated_crossing_class=4", "27421", "2738732"],
          ["133570261", "33999516", "10", "114", "1190", "0", "0", "0", "0", "reversedirection=yes highway=secondary surface=asphalt estimated_traffic_class=5", "estimated_crossing_class=4", "27439", "2740518"],
          ["133569457", "33998935", "11", "98", "1190", "0", "0", "0", "0", "reversedirection=yes highway=secondary surface=asphalt estimated_traffic_class=5", "estimated_crossing_class=4", "27450", "2741632"],
          ["133569409", "33998888", "11", "7", "1190", "0", "1", "0", "0", "reversedirection=yes highway=secondary surface=asphalt estimated_traffic_class=5", "estimated_crossing_class=4", "27451", "2741724"],
          ["133569174", "33998747", "10", "27", "1190", "0", "1", "0", "0", "reversedirection=yes highway=secondary surface=asphalt estimated_traffic_class=5", "estimated_crossing_class=4", "27454", "2742058"],
          ["133567634", "33997620", "9", "190", "1190", "0", "1", "0", "0", "reversedirection=yes highway=secondary surface=asphalt estimated_traffic_class=5", "estimated_crossing_class=4", "27480", "2744587"],
          ["133567007", "33997156", "10", "78", "1190", "0", "0", "0", "0", "reversedirection=yes highway=secondary surface=asphalt estimated_traffic_class=5", "estimated_crossing_class=4", "27493", "2745975"],
          ["133566989", "33997143", "10", "2", "1190", "0", "0", "0", "0", "reversedirection=yes highway=secondary surface=asphalt estimated_traffic_class=5", "", "27494", "2746010"],
          ["133566928", "33997099", "10", "7", "1190", "0", "0", "0", "0", "reversedirection=yes highway=secondary estimated_traffic_class=5", "", "27495", "2746132"],
          ["133566913", "33997089", "10", "2", "1190", "0", "0", "0", "0", "reversedirection=yes highway=secondary surface=asphalt estimated_traffic_class=5", "estimated_crossing_class=5", "27495", "2746167"],
          ["133566596", "33996874", "10", "38", "1190", "0", "0", "0", "0", "reversedirection=yes highway=secondary surface=asphalt estimated_traffic_class=5", "estimated_crossing_class=5", "27502", "2746787"],
          ["133566539", "33996836", "9", "7", "1190", "0", "0", "0", "0", "reversedirection=yes highway=secondary surface=asphalt estimated_traffic_class=5", "estimated_crossing_class=5", "27503", "2746895"],
          ["133565819", "33996357", "8", "85", "1190", "0", "0", "0", "0", "reversedirection=yes highway=secondary surface=asphalt estimated_traffic_class=5", "estimated_crossing_class=5", "27513", "2747971"],
          ["133565467", "33996122", "8", "42", "1190", "0", "0", "0", "0", "reversedirection=yes highway=secondary surface=asphalt estimated_traffic_class=5", "estimated_crossing_class=5", "27519", "2748565"],
          ["133564864", "33995699", "8", "73", "1190", "0", "0", "0", "0", "reversedirection=yes highway=secondary surface=asphalt estimated_traffic_class=5", "estimated_crossing_class=5", "27530", "2749674"],
          ["133563790", "33994933", "8", "131", "1190", "0", "0", "0", "0", "reversedirection=yes highway=secondary surface=asphalt estimated_traffic_class=5", "estimated_crossing_class=5", "27553", "2751956"],
          ["133563081", "33994484", "9", "82", "1190", "0", "0", "20", "0", "reversedirection=yes highway=secondary surface=asphalt estimated_traffic_class=5", "highway=traffic_signals traffic_signals=signal", "27570", "2753642"],
          ["133563012", "33994432", "9", "9", "1190", "0", "0", "20", "0", "reversedirection=yes highway=secondary surface=asphalt estimated_traffic_class=5", "highway=traffic_signals traffic_signals=signal", "27572", "2753813"],
          ["133562911", "33994361", "9", "12", "1190", "0", "0", "0", "0", "reversedirection=yes highway=secondary surface=asphalt estimated_traffic_class=5", "highway=crossing crossing=marked", "27574", "2754024"],
          ["133562109", "33993805", "7", "96", "1190", "0", "0", "0", "0", "reversedirection=yes highway=secondary surface=asphalt estimated_traffic_class=5", "estimated_crossing_class=5", "27586", "2755232"],
          ["133561226", "33993101", "8", "113", "1190", "0", "0", "0", "0", "reversedirection=yes highway=secondary surface=asphalt estimated_traffic_class=5", "estimated_crossing_class=5", "27604", "2757029"],
          ["133560365", "33992424", "9", "109", "1190", "0", "0", "0", "0", "reversedirection=yes highway=secondary surface=asphalt estimated_traffic_class=5", "estimated_crossing_class=5", "27627", "2759313"],
          ["133559806", "33992119", "9", "61", "1190", "0", "2", "0", "0", "reversedirection=yes highway=secondary surface=asphalt estimated_traffic_class=5", "estimated_crossing_class=5", "27638", "2760426"],
          ["133558857", "33991455", "8", "114", "1190", "0", "0", "0", "0", "reversedirection=yes highway=secondary surface=asphalt estimated_traffic_class=5", "estimated_crossing_class=5", "27655", "2762118"],
          ["133558539", "33991238", "7", "38", "1190", "0", "0", "0", "0", "reversedirection=yes highway=secondary surface=asphalt estimated_traffic_class=5", "estimated_crossing_class=5", "27660", "2762650"],
          ["133558499", "33991208", "7", "5", "1190", "0", "0", "0", "0", "reversedirection=yes highway=secondary surface=asphalt estimated_traffic_class=5", "estimated_crossing_class=5", "27661", "2762722"],
          ["133558049", "33990815", "8", "61", "1190", "0", "2", "0", "0", "reversedirection=yes highway=secondary surface=asphalt estimated_traffic_class=5", "estimated_crossing_class=5", "27671", "2763726"],
          ["133557607", "33990536", "9", "51", "1190", "0", "0", "0", "0", "reversedirection=yes highway=secondary surface=asphalt estimated_traffic_class=5", "estimated_crossing_class=5", "27682", "2764861"],
          ["133556781", "33990005", "10", "97", "1190", "0", "1", "0", "0", "reversedirection=yes highway=secondary surface=asphalt estimated_traffic_class=5", "estimated_crossing_class=5", "27704", "2766992"],
          ["133556759", "33989978", "10", "4", "1190", "0", "1", "0", "0", "reversedirection=yes highway=secondary surface=asphalt estimated_traffic_class=5", "", "27704", "2767070"],
          ["133556647", "33989857", "10", "17", "1190", "0", "0", "0", "0", "reversedirection=yes highway=secondary estimated_traffic_class=5", "estimated_crossing_class=5", "27708", "2767420"],
          ["133556411", "33989639", "11", "33", "1190", "0", "0", "0", "0", "reversedirection=yes highway=secondary estimated_traffic_class=5", "estimated_crossing_class=5", "27716", "2768197"],
          ["133556257", "33989502", "11", "21", "1190", "0", "0", "0", "0", "reversedirection=yes highway=secondary estimated_traffic_class=5", "estimated_crossing_class=5", "27721", "2768715"],
          ["133556002", "33989307", "11", "32", "1190", "0", "0", "0", "0", "reversedirection=yes highway=secondary estimated_traffic_class=5", "estimated_crossing_class=5", "27728", "2769481"],
          ["133555344", "33988844", "13", "80", "1190", "0", "0", "0", "0", "reversedirection=yes highway=secondary estimated_traffic_class=5", "estimated_crossing_class=5", "27749", "2771519"],
          ["133554950", "33988564", "13", "48", "1190", "0", "0", "0", "0", "reversedirection=yes highway=secondary estimated_traffic_class=5", "estimated_crossing_class=5", "27760", "2772616"],
          ["133554013", "33987954", "14", "111", "1190", "0", "0", "0", "0", "reversedirection=yes highway=secondary estimated_traffic_class=5", "estimated_crossing_class=5", "27789", "2775486"],
          ["133553485", "33987526", "13", "68", "1190", "0", "0", "0", "0", "reversedirection=yes highway=secondary estimated_traffic_class=5", "estimated_crossing_class=5", "27799", "2776538"],
          ["133549526", "33984786", "11", "476", "1060", "0", "2", "0", "0", "highway=tertiary surface=asphalt estimated_traffic_class=4", "", "27870", "2783642"],
          ["133548615", "33984120", "9", "113", "1100", "0", "0", "0", "0", "highway=unclassified surface=asphalt", "", "27886", "2785230"],
          ["133549900", "33982929", "15", "179", "1100", "0", "80", "0", "0", "highway=unclassified", "highway=crossing crossing=marked", "27926", "2789201"],
          ["133550137", "33982698", "16", "34", "1100", "0", "0", "0", "0", "highway=unclassified", "railway=level_crossing", "27934", "2790043"],
          ["133550806", "33982021", "19", "97", "1100", "0", "0", "0", "0", "highway=unclassified", "", "27964", "2793035"],
          ["133549550", "33980227", "23", "249", "1090", "0", "98", "0", "0", "highway=tertiary surface=asphalt estimated_traffic_class=5", "highway=crossing crossing=marked", "28033", "2799920"],
          ["133549557", "33980070", "23", "17", "1090", "0", "0", "20", "0", "highway=tertiary surface=asphalt estimated_traffic_class=5", "highway=traffic_signals estimated_crossing_class=0", "28037", "2800293"],
          ["133549978", "33980120", "23", "39", "1100", "0", "99", "0", "0", "reversedirection=yes highway=unclassified", "", "28045", "2801095"],
          ["133549557", "33980070", "23", "39", "1100", "0", "0", "20", "0", "highway=unclassified", "highway=traffic_signals estimated_crossing_class=0", "28051", "2801751"],
          ["133549443", "33980060", "23", "11", "1190", "0", "0", "0", "0", "reversedirection=yes highway=secondary surface=asphalt estimated_traffic_class=5", "highway=crossing crossing=marked", "28053", "2801935"],
          ["133549220", "33980047", "23", "21", "1190", "0", "0", "0", "0", "reversedirection=yes highway=secondary surface=asphalt estimated_traffic_class=5", "estimated_crossing_class=5", "28056", "2802288"],
          ["133548324", "33980018", "23", "83", "1190", "0", "0", "0", "0", "reversedirection=yes highway=secondary surface=asphalt estimated_traffic_class=5", "estimated_crossing_class=5", "28073", "2803894"],
          ["133547582", "33980015", "22", "69", "1190", "0", "0", "0", "0", "reversedirection=yes highway=secondary surface=asphalt estimated_traffic_class=5", "estimated_crossing_class=5", "28082", "2804792"],
          ["133547369", "33980017", "21", "20", "1190", "0", "0", "0", "0", "reversedirection=yes highway=secondary surface=asphalt estimated_traffic_class=5", "estimated_crossing_class=5", "28084", "2805049"],
          ["133545933", "33979738", "21", "137", "1190", "0", "0", "20", "0", "reversedirection=yes highway=secondary surface=asphalt estimated_traffic_class=5", "highway=traffic_signals estimated_crossing_class=0 traffic_signals=signal", "28104", "2807011"],
          ["133545574", "33980251", "18", "66", "1060", "0", "79", "0", "0", "reversedirection=yes highway=tertiary surface=asphalt estimated_traffic_class=4", "railway=level_crossing", "28111", "2807723"],
          ["133544145", "33982242", "15", "257", "1060", "0", "0", "0", "0", "reversedirection=yes highway=tertiary surface=asphalt estimated_traffic_class=4", "highway=crossing crossing=marked", "28142", "2810824"],
          ["133544030", "33982399", "15", "20", "1060", "0", "0", "0", "0", "reversedirection=yes highway=tertiary surface=asphalt estimated_traffic_class=4", "highway=crossing crossing=marked", "28145", "2811101"],
          ["133543378", "33983209", "9", "109", "1060", "0", "0", "0", "0", "reversedirection=yes highway=tertiary surface=asphalt estimated_traffic_class=4", "", "28157", "2812349"],
          ["133543182", "33983523", "8", "39", "1060", "0", "0", "0", "0", "highway=tertiary surface=asphalt estimated_traffic_class=4", "estimated_crossing_class=4", "28161", "2812710"],
          ["133542649", "33984584", "3", "128", "1060", "0", "0", "20", "0", "highway=tertiary surface=asphalt estimated_traffic_class=4", "highway=traffic_signals traffic_signals=signal", "28172", "2813811"],
          ["133542502", "33984517", "3", "15", "1500", "0", "100", "0", "0", "highway=trunk surface=asphalt", "highway=crossing crossing=marked", "28173", "2813954"],
          ["133541259", "33983709", "6", "146", "1500", "0", "1", "20", "0", "highway=trunk surface=asphalt", "highway=traffic_signals", "28191", "2815769"],
          ["133537692", "33982737", "5", "362", "1060", "0", "47", "0", "0", "reversedirection=yes highway=tertiary surface=asphalt estimated_traffic_class=4", "", "28245", "2821150"],
          ["133537608", "33982618", "6", "15", "1060", "0", "2", "0", "0", "highway=tertiary estimated_traffic_class=4 oneway=yes", "highway=crossing crossing=marked", "28249", "2821576"],
          ["133537544", "33982560", "6", "9", "1060", "0", "2", "0", "0", "highway=tertiary estimated_traffic_class=4 oneway=yes", "", "28252", "2821834"],
          ["133536207", "33981586", "7", "165", "1030", "0", "0", "0", "0", "highway=tertiary surface=asphalt estimated_traffic_class=3 oneway=yes", "highway=crossing", "28289", "2825515"],
          ["133535779", "33981331", "8", "49", "1030", "0", "0", "0", "0", "highway=tertiary surface=asphalt estimated_traffic_class=3 oneway=yes", "", "28302", "2826800"],
          ["133534882", "33980795", "8", "102", "1060", "0", "0", "0", "0", "highway=tertiary surface=asphalt estimated_traffic_class=4 oneway=yes", "highway=crossing", "28325", "2829104"],
          ["133534611", "33980640", "8", "30", "1060", "0", "0", "0", "0", "highway=tertiary surface=asphalt estimated_traffic_class=4 oneway=yes", "highway=crossing crossing=marked", "28330", "2829687"],
          ["133532749", "33979514", "11", "213", "1060", "0", "0", "0", "0", "highway=tertiary surface=asphalt estimated_traffic_class=4 oneway=yes", "highway=crossing", "28378", "2834430"],
          ["133532551", "33979377", "12", "24", "1060", "0", "0", "0", "0", "highway=tertiary surface=asphalt estimated_traffic_class=4 oneway=yes", "highway=crossing crossing=marked", "28384", "2835012"],
          ["133530623", "33978091", "7", "228", "1060", "0", "0", "0", "0", "highway=tertiary surface=asphalt estimated_traffic_class=4 oneway=yes", "", "28412", "2837894"],
          ["133526636", "33976761", "4", "406", "1060", "0", "3", "0", "0", "reversedirection=yes highway=tertiary surface=asphalt estimated_traffic_class=4", "highway=crossing crossing=marked", "28483", "2844951"],
          ["133518143", "33972417", "5", "942", "1060", "0", "2", "0", "0", "highway=tertiary surface=asphalt estimated_traffic_class=4", "", "28627", "2859311"],
          ["133513223", "33970962", "4", "491", "1000", "0", "1", "20", "0", "highway=tertiary estimated_traffic_class=2", "highway=traffic_signals", "28719", "2868541"],
          ["133513015", "33970968", "4", "19", "1000", "0", "0", "0", "0", "highway=tertiary estimated_traffic_class=2", "", "28722", "2868838"],
          ["133509329", "33970360", "4", "354", "1000", "0", "0", "0", "0", "reversedirection=yes highway=tertiary estimated_traffic_class=2", "", "28778", "2874441"],
          ["133484685", "33970749", "4", "2355", "1000", "0", "9", "0", "0", "reversedirection=yes highway=tertiary estimated_traffic_class=1", "", "29181", "2914772"],
          ["133475087", "33971075", "3", "888", "1000", "0", "1", "0", "0", "reversedirection=yes highway=tertiary estimated_traffic_class=2", "estimated_crossing_class=3", "29329", "2929551"],
          ["133474782", "33971312", "3", "39", "1260", "0", "24", "0", "0", "highway=primary estimated_traffic_class=4", "estimated_crossing_class=3", "29336", "2930255"],
          ["133472713", "33972175", "3", "216", "1260", "0", "0", "0", "0", "highway=primary estimated_traffic_class=4", "estimated_crossing_class=3", "29371", "2933741"],
          ["133471828", "33972315", "4", "83", "1260", "0", "0", "0", "0", "highway=primary estimated_traffic_class=4", "estimated_crossing_class=3", "29390", "2935621"],
          ["133471284", "33972413", "4", "51", "1260", "0", "0", "0", "0", "highway=primary estimated_traffic_class=4", "estimated_crossing_class=3", "29400", "2936642"],
          ["133470285", "33972581", "4", "94", "1260", "0", "0", "0", "0", "highway=primary estimated_traffic_class=4", "estimated_crossing_class=3", "29417", "2938363"],
          ["133468785", "33972831", "4", "141", "1260", "0", "0", "20", "0", "highway=primary estimated_traffic_class=4", "highway=traffic_signals estimated_crossing_class=0", "29439", "2940552"],
          ["133466692", "33973191", "2", "198", "1260", "0", "0", "0", "0", "highway=primary estimated_traffic_class=4", "estimated_crossing_class=3", "29465", "2943188"],
          ["133464686", "33973532", "4", "189", "1260", "0", "0", "0", "0", "highway=primary estimated_traffic_class=4", "estimated_crossing_class=3", "29509", "2947510"],
          ["133462384", "33973920", "4", "217", "1260", "0", "0", "0", "0", "highway=primary estimated_traffic_class=4", "estimated_crossing_class=3", "29545", "2951204"],
          ["133461914", "33973995", "4", "44", "1260", "0", "0", "0", "0", "highway=primary estimated_traffic_class=4", "estimated_crossing_class=4", "29552", "2951907"],
          ["133461739", "33973873", "4", "21", "1100", "0", "33", "0", "0", "highway=unclassified", "", "29556", "2952247"],
          ["133444770", "33966739", "10", "2034", "1100", "0", "56", "0", "0", "reversedirection=yes highway=unclassified", "", "29933", "2989999"],
          ["133436534", "33963979", "18", "894", "1100", "0", "39", "0", "0", "highway=unclassified", "", "30116", "3008303"],
          ["133433182", "33963875", "19", "310", "1100", "0", "0", "0", "0", "reversedirection=yes highway=unclassified", "", "30178", "3014422"],
          ["133429980", "33963968", "22", "296", "1100", "0", "0", "20", "0", "highway=unclassified", "highway=traffic_signals estimated_crossing_class=0", "30241", "3020736"],
          ["133424329", "33963282", "18", "538", "1000", "0", "11", "0", "0", "reversedirection=yes highway=tertiary estimated_traffic_class=1", "", "30334", "3030096"],
          ["133423143", "33963006", "19", "114", "1100", "0", "0", "0", "0", "reversedirection=yes highway=unclassified", "", "30354", "3032056"],
          ["133415064", "33961787", "28", "764", "1100", "0", "6", "0", "0", "highway=unclassified", "", "30506", "3047250"],
          ["133413818", "33961786", "27", "115", "1000", "0", "0", "0", "0", "highway=tertiary estimated_traffic_class=1", "", "30534", "3050061"],
          ["133412733", "33961795", "26", "100", "1100", "0", "0", "0", "0", "highway=unclassified", "", "30557", "3052413"],
          ["133411158", "33961199", "31", "165", "1000", "0", "5", "0", "0", "highway=tertiary estimated_traffic_class=1", "", "30600", "3056680"],
          ["133385434", "33953212", "83", "2615", "1100", "0", "68", "0", "0", "highway=unclassified", "estimated_crossing_class=1", "31365", "3133210"],
          ["133384969", "33953130", "84", "45", "1100", "0", "40", "0", "0", "reversedirection=yes highway=secondary estimated_traffic_class=1", "estimated_crossing_class=1", "31376", "3134339"],
          ["133384783", "33953062", "85", "19", "1100", "0", "0", "0", "0", "reversedirection=yes highway=secondary estimated_traffic_class=1", "estimated_crossing_class=1", "31383", "3134953"],
          ["133383820", "33952816", "91", "94", "1100", "0", "0", "0", "0", "reversedirection=yes highway=secondary estimated_traffic_class=1", "estimated_crossing_class=1", "31422", "3138893"],
          ["133383588", "33952862", "94", "23", "1100", "0", "15", "0", "0", "reversedirection=yes highway=secondary estimated_traffic_class=1", "estimated_crossing_class=1", "31437", "3140352"],
          ["133380534", "33957395", "69", "916", "1100", "1616", "102", "0", "0", "reversedirection=yes highway=secondary estimated_traffic_class=1", "estimated_crossing_class=1", "31712", "3165438"],
          ["133379955", "33960193", "51", "337", "1100", "850", "21", "0", "0", "reversedirection=yes highway=secondary estimated_traffic_class=1", "estimated_crossing_class=1", "31739", "3165696"],
          ["133378569", "33961415", "43", "191", "1100", "243", "5", "0", "0", "reversedirection=yes highway=secondary estimated_traffic_class=1", "estimated_crossing_class=1", "31756", "3166491"],
          ["133377643", "33962134", "37", "119", "1100", "327", "2", "0", "0", "reversedirection=yes highway=secondary estimated_traffic_class=1", "estimated_crossing_class=1", "31765", "3166879"],
          ["133376073", "33963019", "32", "176", "1100", "21", "1", "0", "0", "reversedirection=yes highway=secondary estimated_traffic_class=1", "", "31783", "3168631"],
          ["133374763", "33963732", "26", "144", "1100", "274", "0", "0", "0", "reversedirection=yes highway=secondary estimated_traffic_class=2", "estimated_crossing_class=2", "31794", "3169271"],
          ["133374412", "33963962", "24", "41", "1100", "38", "0", "0", "0", "reversedirection=yes highway=secondary estimated_traffic_class=2", "estimated_crossing_class=2", "31798", "3169617"],
          ["133370507", "33965033", "20", "382", "1100", "86", "3", "0", "0", "reversedirection=yes highway=secondary estimated_traffic_class=2", "estimated_crossing_class=2", "31844", "3174185"],
          ["133366346", "33966116", "24", "411", "1100", "0", "3", "0", "0", "reversedirection=yes highway=secondary estimated_traffic_class=2", "estimated_crossing_class=2", "31912", "3180991"],
          ["133363921", "33966049", "14", "225", "1100", "0", "0", "0", "0", "reversedirection=yes highway=secondary estimated_traffic_class=2", "estimated_crossing_class=2", "31937", "3183492"],
          ["133361924", "33966578", "12", "202", "1100", "0", "6", "0", "0", "reversedirection=yes highway=secondary estimated_traffic_class=2", "estimated_crossing_class=2", "31961", "3185922"],
          ["133360071", "33967409", "12", "194", "1100", "0", "0", "0", "0", "reversedirection=yes highway=secondary estimated_traffic_class=2", "estimated_crossing_class=2", "31984", "3188286"],
          ["133360046", "33967423", "12", "3", "1100", "0", "0", "0", "0", "reversedirection=yes highway=secondary estimated_traffic_class=2", "", "31985", "3188322"],
          ["133359900", "33967524", "13", "18", "1100", "0", "0", "0", "0", "highway=secondary estimated_traffic_class=2", "estimated_crossing_class=2", "31987", "3188562"],
          ["133358645", "33970299", "10", "341", "1100", "0", "7", "0", "0", "highway=secondary estimated_traffic_class=2", "estimated_crossing_class=2", "32038", "3193644"],
          ["133357815", "33971406", "7", "145", "1100", "0", "0", "0", "0", "highway=secondary estimated_traffic_class=2", "estimated_crossing_class=2", "32055", "3195293"],
          ["133357314", "33971935", "5", "75", "1100", "0", "0", "0", "0", "highway=secondary estimated_traffic_class=2", "estimated_crossing_class=2", "32067", "3196543"],
          ["133356982", "33972320", "5", "53", "1100", "0", "0", "0", "0", "highway=secondary estimated_traffic_class=2", "estimated_crossing_class=2", "32072", "3197077"],
          ["133355811", "33973773", "3", "196", "1100", "0", "0", "0", "0", "highway=secondary estimated_traffic_class=2", "estimated_crossing_class=2", "32103", "3200096"],
          ["133354430", "33974593", "2", "157", "1100", "0", "0", "0", "0", "highway=secondary estimated_traffic_class=2", "estimated_crossing_class=2", "32124", "3202276"],
          ["133353757", "33975260", "3", "96", "1100", "0", "0", "0", "0", "highway=secondary estimated_traffic_class=2", "estimated_crossing_class=2", "32136", "3203406"],
          ["133353294", "33975624", "3", "58", "1100", "0", "0", "0", "0", "highway=secondary estimated_traffic_class=2", "estimated_crossing_class=2", "32144", "3204209"],
          ["133353026", "33975799", "3", "31", "1100", "0", "0", "0", "0", "highway=secondary estimated_traffic_class=2", "estimated_crossing_class=2", "32148", "3204678"],
          ["133352384", "33975846", "4", "62", "1200", "0", "9", "0", "0", "reversedirection=yes highway=residential", "", "32159", "3205789"],
          ["133345165", "33974699", "4", "712", "1200", "0", "30", "0", "0", "highway=residential", "", "32288", "3218591"],
          ["133325246", "33971848", "2", "1892", "1100", "0", "43", "0", "0", "reversedirection=yes highway=unclassified", "estimated_crossing_class=2", "32601", "3249901"],
          ["133324732", "33971623", "2", "54", "1230", "0", "4", "0", "0", "highway=primary estimated_traffic_class=3 oneway=yes", "estimated_crossing_class=2", "32610", "3250804"],
          ["133323856", "33971309", "4", "89", "1230", "0", "4", "20", "0", "highway=primary estimated_traffic_class=3 oneway=yes", "highway=traffic_signals estimated_crossing_class=0", "32630", "3252797"],
          ["133322306", "33970668", "5", "160", "1260", "0", "4", "0", "0", "highway=primary estimated_traffic_class=4", "estimated_crossing_class=4", "32667", "3256513"],
          ["133320279", "33969806", "5", "210", "1260", "0", "0", "0", "0", "highway=primary estimated_traffic_class=4", "estimated_crossing_class=4", "32704", "3260235"],
          ["133320214", "33969778", "5", "7", "1260", "0", "0", "0", "0", "highway=primary estimated_traffic_class=4", "estimated_crossing_class=4", "32705", "3260347"],
          ["133319133", "33969311", "4", "113", "1260", "0", "0", "0", "0", "highway=primary estimated_traffic_class=4", "estimated_crossing_class=4", "32720", "3261825"],
          ["133319084", "33969292", "4", "5", "1260", "0", "0", "0", "0", "highway=primary estimated_traffic_class=4", "estimated_crossing_class=4", "32721", "3261899"],
          ["133317763", "33968731", "4", "137", "1260", "0", "0", "0", "0", "highway=primary estimated_traffic_class=4", "estimated_crossing_class=4", "32744", "3264281"],
          ["133317138", "33968464", "3", "65", "1260", "0", "0", "0", "0", "highway=primary estimated_traffic_class=4", "estimated_crossing_class=4", "32754", "3265197"],
          ["133316642", "33968252", "2", "52", "1260", "0", "0", "0", "0", "highway=primary estimated_traffic_class=4", "estimated_crossing_class=4", "32760", "3265803"],
          ["133315372", "33967729", "6", "131", "1260", "0", "0", "0", "0", "highway=primary estimated_traffic_class=4", "estimated_crossing_class=4", "32794", "3269211"],
          ["133314801", "33967465", "7", "60", "1260", "0", "0", "0", "0", "highway=primary estimated_traffic_class=4", "estimated_crossing_class=0", "32807", "3270596"],
          ["133314610", "33967393", "7", "19", "1260", "0", "0", "20", "0", "highway=primary estimated_traffic_class=4", "highway=traffic_signals", "32812", "3271016"],
          ["133313460", "33967059", "8", "113", "1260", "0", "0", "0", "0", "highway=primary estimated_traffic_class=4", "estimated_crossing_class=4", "32838", "3273628"],
          ["133312741", "33966886", "8", "69", "1260", "0", "0", "0", "0", "highway=primary estimated_traffic_class=4", "estimated_crossing_class=4", "32850", "3274873"],
          ["133310742", "33966445", "8", "191", "1260", "0", "0", "0", "0", "highway=primary estimated_traffic_class=4", "estimated_crossing_class=4", "32886", "3278471"],
          ["133310365", "33966385", "9", "35", "1260", "0", "0", "0", "0", "highway=primary estimated_traffic_class=4", "estimated_crossing_class=4", "32893", "3279114"],
          ["133307886", "33966089", "10", "231", "1260", "0", "0", "20", "0", "highway=primary estimated_traffic_class=4", "highway=traffic_signals estimated_crossing_class=0", "32939", "3283724"],
          ["133305987", "33966025", "11", "176", "1260", "0", "0", "0", "0", "highway=primary estimated_traffic_class=4", "estimated_crossing_class=4", "32972", "3287021"],
          ["133305557", "33966000", "11", "40", "1260", "0", "0", "0", "0", "highway=primary estimated_traffic_class=4", "estimated_crossing_class=4", "32979", "3287716"],
          ["133303907", "33965911", "11", "153", "1260", "0", "0", "0", "0", "highway=primary estimated_traffic_class=4", "estimated_crossing_class=4", "33005", "3290321"],
          ["133303046", "33965865", "11", "80", "1260", "0", "0", "20", "0", "highway=primary estimated_traffic_class=4", "highway=traffic_signals", "33020", "3291804"],
          ["133301285", "33965804", "11", "163", "1260", "0", "0", "0", "0", "highway=primary estimated_traffic_class=4", "estimated_crossing_class=4", "33047", "3294537"],
          ["133300766", "33965779", "12", "48", "1260", "0", "0", "0", "0", "highway=primary estimated_traffic_class=4", "estimated_crossing_class=4", "33056", "3295487"],
          ["133300753", "33965778", "12", "1", "1260", "0", "0", "0", "0", "highway=primary estimated_traffic_class=4", "estimated_crossing_class=4", "33057", "3295507"],
          ["133298973", "33965682", "13", "165", "1260", "0", "0", "0", "0", "highway=primary estimated_traffic_class=4", "estimated_crossing_class=4", "33090", "3298887"],
          ["133297598", "33965533", "12", "128", "1260", "0", "1", "20", "0", "highway=primary estimated_traffic_class=4", "highway=traffic_signals estimated_crossing_class=0", "33112", "3301084"],
          ["133297022", "33965311", "12", "59", "1260", "0", "2", "0", "0", "highway=primary estimated_traffic_class=4", "estimated_crossing_class=4", "33122", "3302020"],
          ["133296616", "33965119", "12", "43", "1260", "0", "0", "0", "0", "highway=primary estimated_traffic_class=4", "estimated_crossing_class=4", "33129", "3302718"],
          ["133296522", "33965078", "12", "10", "1260", "0", "0", "0", "0", "highway=primary estimated_traffic_class=4", "estimated_crossing_class=4", "33130", "3302882"],
          ["133296388", "33965031", "12", "13", "1260", "0", "0", "0", "0", "highway=primary estimated_traffic_class=4", "estimated_crossing_class=4", "33132", "3303082"],
          ["133296247", "33964967", "11", "15", "1260", "0", "0", "0", "0", "highway=primary estimated_traffic_class=4", "estimated_crossing_class=0", "33134", "3303291"],
          ["133296105", "33964901", "11", "15", "1260", "0", "0", "20", "0", "highway=primary estimated_traffic_class=4", "highway=traffic_signals estimated_crossing_class=0 traffic_signals=signal", "33136", "3303474"],
          ["133296066", "33964879", "10", "4", "1260", "0", "0", "0", "0", "highway=primary estimated_traffic_class=4", "", "33137", "3303521"],
          ["133293560", "33963660", "11", "269", "1290", "0", "0", "0", "0", "highway=primary estimated_traffic_class=5", "estimated_crossing_class=6", "33178", "3307677"],
          ["133292727", "33963275", "14", "88", "1290", "0", "0", "0", "0", "highway=primary estimated_traffic_class=5", "estimated_crossing_class=6", "33194", "3309203"],
          ["133292673", "33963254", "14", "6", "1290", "0", "0", "0", "0", "highway=primary estimated_traffic_class=5", "estimated_crossing_class=6", "33196", "3309412"],
          ["133292431", "33963156", "13", "25", "1290", "0", "0", "20", "0", "highway=primary estimated_traffic_class=5", "highway=traffic_signals estimated_crossing_class=0", "33203", "3310124"],
          ["133291877", "33963005", "12", "54", "1290", "0", "1", "0", "0", "highway=primary estimated_traffic_class=5", "estimated_crossing_class=6", "33212", "3311067"],
          ["133289657", "33962411", "9", "216", "1290", "0", "0", "0", "0", "highway=primary estimated_traffic_class=5", "highway=crossing crossing=zebra", "33241", "3313910"],
          ["133289502", "33962370", "10", "15", "1290", "0", "0", "20", "0", "highway=primary estimated_traffic_class=5", "highway=traffic_signals estimated_crossing_class=0", "33243", "3314176"],
          ["133289304", "33962312", "10", "19", "1290", "0", "0", "0", "0", "highway=primary estimated_traffic_class=5", "highway=crossing crossing=zebra", "33247", "3314533"],
          ["133288704", "33962155", "11", "58", "1290", "0", "0", "0", "0", "highway=primary estimated_traffic_class=5", "estimated_crossing_class=6", "33259", "3315767"],
          ["133288083", "33961992", "11", "60", "1290", "0", "0", "0", "0", "highway=primary estimated_traffic_class=5", "estimated_crossing_class=6", "33271", "3316977"],
          ["133287778", "33961920", "11", "29", "1290", "0", "0", "0", "0", "highway=primary estimated_traffic_class=5", "estimated_crossing_class=6", "33276", "3317462"],
          ["133287248", "33961769", "11", "52", "1290", "0", "0", "20", "0", "highway=primary estimated_traffic_class=5", "highway=traffic_signals estimated_crossing_class=0", "33285", "3318333"],
          ["133286268", "33961509", "11", "95", "1290", "0", "0", "0", "0", "highway=primary estimated_traffic_class=5", "estimated_crossing_class=6", "33302", "3320074"],
          ["133286123", "33961470", "11", "14", "1290", "0", "0", "0", "0", "highway=primary estimated_traffic_class=5", "estimated_crossing_class=6", "33305", "3320321"],
          ["133285146", "33961201", "11", "95", "1290", "0", "0", "0", "0", "highway=primary estimated_traffic_class=5", "estimated_crossing_class=6", "33320", "3321894"],
          ["133285122", "33961197", "11", "2", "1290", "0", "0", "0", "0", "highway=primary estimated_traffic_class=5", "", "33321", "3321927"],
          ["133284970", "33961161", "11", "15", "1350", "0", "1", "0", "0", "highway=primary estimated_traffic_class=6", "estimated_crossing_class=6", "33323", "3322193"],
          ["133284618", "33961089", "11", "34", "1350", "0", "1", "20", "0", "highway=primary estimated_traffic_class=6", "highway=traffic_signals estimated_crossing_class=0", "33330", "3322826"],
          ["133284494", "33961065", "11", "12", "1350", "0", "0", "20", "0", "highway=primary estimated_traffic_class=6", "highway=traffic_signals estimated_crossing_class=0", "33332", "3323045"],
          ["133283647", "33960921", "13", "80", "1350", "0", "0", "0", "0", "highway=primary estimated_traffic_class=6", "estimated_crossing_class=6", "33352", "3325029"],
          ["133282681", "33960758", "16", "91", "1350", "0", "0", "20", "0", "highway=primary estimated_traffic_class=6", "highway=traffic_signals estimated_crossing_class=0 traffic_signals=signal", "33371", "3326919"],
          ["133281898", "33960616", "13", "74", "1350", "0", "0", "0", "0", "highway=primary estimated_traffic_class=6", "estimated_crossing_class=6", "33382", "3328098"],
          ["133281493", "33960550", "11", "38", "1350", "0", "0", "0", "0", "highway=primary estimated_traffic_class=6", "estimated_crossing_class=6", "33387", "3328522"],
          ["133281158", "33960492", "10", "32", "1350", "0", "0", "20", "0", "highway=primary estimated_traffic_class=6", "highway=traffic_signals estimated_crossing_class=0 traffic_signals=signal", "33390", "3328872"],
          ["133280638", "33960382", "9", "50", "1350", "0", "0", "0", "0", "highway=primary estimated_traffic_class=6", "estimated_crossing_class=6", "33396", "3329404"],
          ["133280529", "33960359", "9", "10", "1350", "0", "0", "0", "0", "highway=primary estimated_traffic_class=6", "estimated_crossing_class=6", "33397", "3329522"],
          ["133279737", "33960181", "9", "76", "1350", "0", "0", "0", "0", "highway=primary estimated_traffic_class=6", "estimated_crossing_class=6", "33406", "3330480"],
          ["133279793", "33959963", "8", "25", "1200", "0", "85", "0", "0", "highway=residential foot=yes bicycle=yes", "", "33409", "3330798"],
          ["133279737", "33960181", "9", "25", "1200", "0", "0", "0", "0", "reversedirection=yes highway=residential foot=yes bicycle=yes", "estimated_crossing_class=6", "33414", "3331273"],
          ["133279290", "33960075", "9", "43", "1350", "0", "96", "20", "0", "highway=primary estimated_traffic_class=6", "highway=traffic_signals estimated_crossing_class=0", "33422", "3332061"],
          ["133278111", "33959817", "6", "113", "1350", "0", "0", "0", "0", "highway=primary estimated_traffic_class=6", "estimated_crossing_class=6", "33436", "3333479"],
          ["133277069", "33959605", "7", "99", "1350", "0", "0", "20", "0", "highway=primary estimated_traffic_class=6", "highway=traffic_signals estimated_crossing_class=0 traffic_signals=signal", "33452", "3335051"],
          ["133275280", "33959214", "8", "171", "1350", "0", "0", "20", "0", "highway=primary estimated_traffic_class=6", "highway=traffic_signals", "33487", "3338592"],
          ["133274857", "33959132", "8", "40", "1350", "0", "0", "0", "0", "highway=primary estimated_traffic_class=6", "estimated_crossing_class=6", "33495", "3339309"],
          ["133274852", "33959131", "8", "1", "1350", "0", "0", "0", "0", "highway=primary estimated_traffic_class=6", "", "33495", "3339326"],
          ["133274579", "33959069", "8", "26", "1290", "0", "0", "0", "0", "highway=primary estimated_traffic_class=5", "estimated_crossing_class=6", "33499", "3339783"],
          ["133273283", "33958804", "7", "123", "1290", "0", "0", "0", "0", "highway=primary estimated_traffic_class=5", "estimated_crossing_class=6", "33517", "3341539"],
          ["133273255", "33958798", "7", "3", "1290", "0", "0", "0", "0", "highway=primary estimated_traffic_class=5", "estimated_crossing_class=6", "33517", "3341582"],
          ["133272924", "33958731", "6", "31", "1290", "0", "0", "20", "0", "highway=primary estimated_traffic_class=5", "highway=traffic_signals estimated_crossing_class=0", "33521", "3341944"],
          ["133272099", "33958537", "5", "79", "1290", "0", "0", "20", "0", "highway=primary estimated_traffic_class=5", "highway=traffic_signals estimated_crossing_class=0", "33530", "3342856"],
          ["133270625", "33958237", "5", "140", "1290", "0", "0", "20", "0", "highway=primary estimated_traffic_class=5", "highway=traffic_signals estimated_crossing_class=0 traffic_signals=signal", "33550", "3344888"],
          ["133270091", "33958125", "3", "51", "1290", "0", "0", "0", "0", "highway=primary estimated_traffic_class=5", "estimated_crossing_class=6", "33556", "3345504"],
          ["133269863", "33958076", "4", "22", "1290", "0", "0", "0", "0", "highway=primary estimated_traffic_class=5", "estimated_crossing_class=6", "33560", "3345828"],
          ["133268855", "33957862", "7", "96", "1290", "0", "0", "20", "0", "highway=primary estimated_traffic_class=5", "highway=traffic_signals estimated_crossing_class=0", "33577", "3347529"],
          ["133267908", "33957656", "5", "90", "1290", "0", "0", "0", "0", "highway=primary estimated_traffic_class=5", "estimated_crossing_class=6", "33595", "3349385"],
          ["133266812", "33957367", "6", "106", "1290", "0", "0", "0", "0", "highway=primary estimated_traffic_class=5", "estimated_crossing_class=6", "33617", "3351575"],
          ["133265865", "33957074", "5", "93", "1290", "0", "0", "0", "0", "highway=primary estimated_traffic_class=5", "estimated_crossing_class=6", "33631", "3352989"],
          ["133263821", "33955827", "5", "239", "1290", "0", "1", "20", "0", "highway=primary estimated_traffic_class=5", "highway=traffic_signals estimated_crossing_class=0", "33669", "3356800"],
          ["133263419", "33955458", "5", "55", "1290", "0", "0", "0", "0", "highway=primary estimated_traffic_class=5", "estimated_crossing_class=5", "33679", "3357778"],
          ["133263138", "33955177", "4", "41", "1290", "0", "0", "0", "0", "highway=primary estimated_traffic_class=5", "estimated_crossing_class=5", "33685", "3358385"],
          ["133262972", "33955011", "4", "24", "1290", "0", "0", "0", "0", "highway=primary estimated_traffic_class=5", "estimated_crossing_class=5", "33689", "3358715"],
          ["133262711", "33954750", "5", "38", "1290", "0", "0", "0", "0", "highway=primary estimated_traffic_class=5", "estimated_crossing_class=5", "33695", "3359360"],
          ["133262409", "33954469", "5", "42", "1290", "0", "0", "20", "0", "highway=primary estimated_traffic_class=5", "highway=traffic_signals estimated_crossing_class=0 traffic_signals=signal", "33703", "3360155"],
          ["133261796", "33954092", "5", "70", "1290", "0", "2", "0", "0", "highway=primary estimated_traffic_class=5", "estimated_crossing_class=5", "33715", "3361354"],
          ["133260160", "33953557", "5", "164", "1290", "0", "1", "0", "0", "highway=primary estimated_traffic_class=5", "estimated_crossing_class=5", "33743", "3364128"],
          ["133259489", "33953388", "6", "65", "1290", "0", "0", "0", "0", "highway=primary estimated_traffic_class=5", "estimated_crossing_class=5", "33756", "3365470"],
          ["133258229", "33953045", "5", "123", "1290", "0", "0", "0", "0", "highway=primary estimated_traffic_class=5", "estimated_crossing_class=5", "33775", "3367393"],
          ["133258063", "33952993", "5", "16", "1290", "0", "0", "0", "0", "highway=primary estimated_traffic_class=5", "estimated_crossing_class=0", "33778", "3367670"],
          ["133257884", "33952936", "5", "18", "1290", "0", "0", "20", "0", "highway=primary estimated_traffic_class=5", "highway=traffic_signals estimated_crossing_class=0 traffic_signals=signal", "33781", "3367979"],
          ["133257594", "33952847", "5", "29", "1290", "0", "0", "0", "0", "highway=primary estimated_traffic_class=5", "estimated_crossing_class=5", "33786", "3368506"],
          ["133256834", "33952630", "4", "74", "1290", "0", "0", "0", "0", "highway=primary estimated_traffic_class=5", "estimated_crossing_class=5", "33797", "3369544"],
          ["133256108", "33952441", "5", "70", "1290", "0", "0", "0", "0", "highway=primary estimated_traffic_class=5", "estimated_crossing_class=5", "33810", "3370848"],
          ["133254635", "33952070", "7", "142", "1290", "0", "0", "20", "0", "highway=primary estimated_traffic_class=5", "highway=traffic_signals estimated_crossing_class=0 traffic_signals=signal", "33841", "3373949"],
          ["133251529", "33951207", "10", "303", "1350", "0", "4", "0", "0", "highway=primary estimated_traffic_class=6 oneway=yes", "estimated_crossing_class=5", "33895", "3379346"],
          ["133250541", "33950938", "8", "96", "1350", "0", "0", "0", "0", "highway=primary estimated_traffic_class=6 oneway=yes", "estimated_crossing_class=5", "33916", "3381470"],
          ["133246596", "33949859", "13", "384", "1350", "0", "0", "20", "0", "highway=primary estimated_traffic_class=6 oneway=yes", "highway=traffic_signals estimated_crossing_class=0 traffic_signals=signal", "33991", "3388945"],
          ["133237665", "33948318", "11", "856", "1350", "0", "2", "0", "0", "highway=primary estimated_traffic_class=6 oneway=yes", "estimated_crossing_class=5", "34173", "3407137"],
          ["133235947", "33948044", "10", "163", "1350", "0", "0", "0", "0", "highway=primary estimated_traffic_class=6 oneway=yes", "highway=crossing estimated_crossing_class=3", "34193", "3409190"],
          ["133235749", "33948043", "11", "18", "1350", "0", "0", "0", "0", "highway=primary estimated_traffic_class=6 oneway=yes", "estimated_crossing_class=5", "34196", "3409413"],
          ["133226316", "33946610", "11", "902", "1290", "0", "0", "0", "0", "highway=primary estimated_traffic_class=5 oneway=yes", "estimated_crossing_class=4", "34386", "3428430"],
          ["133226023", "33946533", "9", "28", "1290", "0", "0", "0", "0", "highway=primary estimated_traffic_class=5 oneway=yes", "estimated_crossing_class=4", "34389", "3428748"],
          ["133225694", "33946432", "8", "32", "1290", "27", "0", "0", "0", "highway=primary estimated_traffic_class=5 oneway=yes", "estimated_crossing_class=4", "34392", "3429085"],
          ["133225366", "33946334", "9", "32", "1290", "0", "0", "0", "0", "highway=primary estimated_traffic_class=5 oneway=yes", "estimated_crossing_class=4", "34397", "3429538"],
          ["133219978", "33944741", "12", "529", "1290", "0", "0", "0", "0", "highway=primary estimated_traffic_class=5 oneway=yes", "estimated_crossing_class=4", "34507", "3440618"],
          ["133217975", "33944046", "10", "201", "1290", "0", "0", "0", "0", "highway=primary estimated_traffic_class=5 oneway=yes", "estimated_crossing_class=4", "34534", "3443273"],
          ["133215894", "33943286", "7", "210", "1290", "0", "0", "0", "0", "highway=primary estimated_traffic_class=5 oneway=yes", "estimated_crossing_class=4", "34560", "3445832"],
          ["133213211", "33942313", "11", "270", "1290", "0", "0", "0", "0", "highway=primary estimated_traffic_class=5 oneway=yes", "estimated_crossing_class=4", "34609", "3450752"],
          ["133211903", "33941599", "10", "147", "1290", "0", "1", "0", "0", "highway=primary estimated_traffic_class=5 oneway=yes", "estimated_crossing_class=4", "34638", "3453699"],
          ["133211717", "33941571", "7", "17", "1060", "0", "19", "0", "0", "highway=tertiary estimated_traffic_class=4", "estimated_crossing_class=4", "34640", "3453892"],
          ["133203151", "33931744", "6", "1486", "1060", "0", "125", "0", "0", "highway=tertiary estimated_traffic_class=4", "estimated_crossing_class=3", "34878", "3477652"],
          ["133203046", "33931571", "6", "22", "1060", "0", "0", "0", "0", "highway=tertiary estimated_traffic_class=4", "estimated_crossing_class=3", "34882", "3478068"],
          ["133198348", "33923027", "7", "1042", "1060", "0", "0", "0", "0", "highway=tertiary estimated_traffic_class=4", "", "35067", "3496531"],
          ["133198121", "33922441", "6", "68", "1030", "0", "0", "20", "0", "highway=tertiary estimated_traffic_class=3", "highway=traffic_signals estimated_crossing_class=0 traffic_signals=signal", "35077", "3497562"],
          ["133197987", "33922442", "6", "12", "1030", "0", "60", "0", "0", "highway=tertiary estimated_traffic_class=3", "highway=crossing crossing=uncontrolled", "35078", "3497728"],
          ["133191790", "33921429", "6", "602", "1030", "0", "0", "20", "0", "highway=tertiary estimated_traffic_class=3", "highway=traffic_signals", "35180", "3507903"],
          ["133185144", "33919545", "6", "649", "1100", "0", "1", "0", "0", "reversedirection=yes highway=unclassified", "estimated_crossing_class=4", "35292", "3519091"],
          ["133185077", "33919531", "6", "6", "1100", "0", "0", "0", "0", "reversedirection=yes highway=unclassified", "", "35293", "3519188"],
          ["133182365", "33919218", "6", "253", "1100", "0", "0", "0", "0", "highway=unclassified", "", "35339", "3523824"],
          ["133180421", "33919222", "7", "180", "1060", "0", "0", "20", "0", "reversedirection=yes highway=tertiary estimated_traffic_class=4", "highway=traffic_signals", "35374", "3527326"],
          ["133180313", "33920028", "6", "90", "1060", "0", "74", "0", "0", "reversedirection=yes highway=tertiary estimated_traffic_class=4", "", "35387", "3528560"],
          ["133180421", "33919222", "7", "90", "1060", "0", "0", "20", "0", "highway=tertiary estimated_traffic_class=4", "highway=traffic_signals", "35406", "3530463"],
          ["133177732", "33918708", "5", "255", "1060", "0", "96", "20", "0", "reversedirection=yes highway=tertiary estimated_traffic_class=4", "highway=traffic_signals estimated_crossing_class=0", "35442", "3534101"],
          ["133176724", "33918459", "6", "98", "1060", "0", "0", "0", "0", "reversedirection=yes highway=tertiary estimated_traffic_class=4", "", "35461", "3535946"],
          ["133161676", "33917777", "3", "1523", "1100", "0", "187", "0", "0", "reversedirection=yes highway=unclassified", "", "35709", "3560772"],
          ["133161224", "33919213", "5", "165", "1030", "0", "90", "0", "0", "highway=tertiary estimated_traffic_class=3", "estimated_crossing_class=3", "35749", "3564827"],
          ["133160922", "33919143", "5", "29", "1290", "0", "91", "0", "0", "highway=primary estimated_traffic_class=5 oneway=yes", "estimated_crossing_class=3", "35755", "3565381"],
          ["133157706", "33918613", "2", "302", "1290", "0", "0", "0", "0", "highway=primary estimated_traffic_class=5 oneway=yes", "", "35797", "3569630"],
          ["133148198", "33917076", "1", "896", "1260", "0", "0", "0", "0", "highway=primary estimated_traffic_class=4", "", "35956", "3585448"],
          ["133147030", "33916883", "1", "110", "1230", "0", "0", "0", "0", "reversedirection=yes highway=primary estimated_traffic_class=3", "estimated_crossing_class=3", "35972", "3587102"],
          ["133144953", "33916553", "1", "195", "1230", "0", "0", "0", "0", "reversedirection=yes highway=primary estimated_traffic_class=3", "estimated_crossing_class=3", "36004", "3590289"],
          ["133138002", "33915449", "1", "654", "1230", "0", "0", "0", "0", "reversedirection=yes highway=primary estimated_traffic_class=3", "estimated_crossing_class=3", "36106", "3600541"],
          ["133136617", "33915384", "0", "129", "1230", "0", "0", "0", "0", "reversedirection=yes highway=primary estimated_traffic_class=3", "", "36125", "3602416"],
          ["133130751", "33916075", "0", "549", "1230", "0", "0", "0", "0", "highway=primary estimated_traffic_class=3", "", "36215", "3611373"],
          ["133128544", "33916944", "0", "227", "1290", "0", "0", "0", "0", "highway=primary surface=asphalt estimated_traffic_class=5", "estimated_crossing_class=4", "36253", "3615228"],
          ["133124710", "33918924", "1", "417", "1290", "0", "1", "20", "0", "highway=primary surface=asphalt estimated_traffic_class=5", "highway=traffic_signals", "36326", "3622493"],
          ["133124756", "33919453", "2", "59", "1130", "0", "57", "0", "0", "highway=secondary estimated_traffic_class=3", "estimated_crossing_class=3", "36337", "3623585"],
          ["133124112", "33920072", "2", "92", "1130", "0", "9", "0", "0", "highway=secondary estimated_traffic_class=3", "estimated_crossing_class=3", "36354", "3625311"],
          ["133119180", "33924233", "2", "649", "1030", "0", "0", "20", "0", "highway=tertiary estimated_traffic_class=3", "highway=traffic_signals", "36470", "3636844"],
          ["133110871", "33932016", "0", "1177", "1030", "0", "10", "0", "0", "highway=tertiary estimated_traffic_class=3", "", "36658", "3655722"],
          ["133102570", "33938853", "2", "1081", "1030", "0", "0", "20", "0", "highway=tertiary estimated_traffic_class=3 oneway=yes", "highway=traffic_signals estimated_crossing_class=0", "36864", "3676320"],
          ["133102399", "33938670", "2", "26", "1130", "0", "97", "0", "0", "highway=secondary estimated_traffic_class=3", "estimated_crossing_class=3", "36868", "3676700"],
          ["133101146", "33937397", "0", "183", "1130", "0", "0", "0", "0", "highway=secondary estimated_traffic_class=3", "estimated_crossing_class=3", "36891", "3678973"],
          ["133100053", "33936296", "0", "158", "1130", "0", "0", "0", "0", "highway=secondary estimated_traffic_class=3", "estimated_crossing_class=3", "36914", "3681256"],
          ["133099289", "33935552", "0", "109", "1130", "0", "0", "0", "0", "highway=secondary estimated_traffic_class=3", "estimated_crossing_class=3", "36930", "3682948"],
          ["133098366", "33934779", "0", "121", "1130", "0", "0", "0", "0", "highway=secondary estimated_traffic_class=3", "estimated_crossing_class=3", "36955", "3685371"],
          ["133097777", "33934372", "2", "71", "1130", "0", "0", "0", "0", "highway=secondary estimated_traffic_class=3", "estimated_crossing_class=3", "36971", "3687006"],
          ["133097162", "33933947", "1", "74", "1130", "0", "0", "0", "0", "highway=secondary estimated_traffic_class=3", "estimated_crossing_class=3", "36985", "3688382"],
          ["133096658", "33933606", "0", "60", "1130", "0", "0", "0", "0", "highway=secondary estimated_traffic_class=3", "estimated_crossing_class=3", "36993", "3689213"],
          ["133095863", "33933076", "2", "94", "1130", "0", "0", "0", "0", "highway=secondary estimated_traffic_class=3", "estimated_crossing_class=3", "37014", "3691272"],
          ["133095493", "33932828", "2", "44", "1130", "0", "0", "0", "0", "highway=secondary estimated_traffic_class=3", "", "37023", "3692158"],
          ["133095453", "33932802", "2", "5", "1100", "0", "0", "0", "0", "highway=secondary estimated_traffic_class=2", "estimated_crossing_class=2", "37024", "3692255"],
          ["133094957", "33932471", "2", "59", "1100", "0", "0", "0", "0", "highway=secondary estimated_traffic_class=2", "estimated_crossing_class=2", "37035", "3693357"],
          ["133093911", "33931773", "5", "124", "1100", "0", "0", "0", "0", "highway=secondary estimated_traffic_class=2", "estimated_crossing_class=2", "37055", "3695450"],
          ["133093253", "33931334", "4", "78", "1100", "0", "0", "20", "0", "highway=secondary estimated_traffic_class=2", "highway=traffic_signals", "37075", "3697385"],
          ["133092044", "33930528", "4", "143", "1230", "0", "0", "0", "0", "reversedirection=yes highway=primary estimated_traffic_class=3", "estimated_crossing_class=3", "37102", "3700136"],
          ["133091880", "33930417", "4", "20", "1230", "0", "0", "0", "0", "reversedirection=yes highway=primary estimated_traffic_class=3", "estimated_crossing_class=3", "37106", "3700490"],
          ["133091024", "33929839", "5", "102", "1230", "0", "0", "0", "0", "reversedirection=yes highway=primary estimated_traffic_class=3", "estimated_crossing_class=3", "37125", "3702418"],
          ["133087047", "33933292", "3", "529", "1000", "0", "82", "0", "0", "highway=tertiary estimated_traffic_class=2", "", "37213", "3711211"],
          ["133083799", "33936643", "2", "479", "1000", "0", "0", "0", "0", "reversedirection=yes highway=tertiary estimated_traffic_class=2", "", "37292", "3719138"],
          ["133081542", "33935174", "3", "265", "1100", "0", "88", "0", "0", "reversedirection=yes highway=unclassified", "estimated_crossing_class=2", "37339", "3723834"],
          ["133081104", "33934956", "4", "47", "1100", "0", "0", "0", "0", "reversedirection=yes highway=secondary estimated_traffic_class=2", "estimated_crossing_class=1", "37347", "3724631"],
          ["133080921", "33934882", "4", "19", "1100", "0", "0", "0", "0", "reversedirection=yes highway=secondary estimated_traffic_class=2", "railway=level_crossing", "37351", "3724967"],
          ["133080851", "33934861", "4", "7", "1100", "0", "0", "0", "0", "reversedirection=yes highway=secondary estimated_traffic_class=2", "estimated_crossing_class=1", "37352", "3725090"],
          ["133080757", "33934832", "4", "9", "1100", "0", "0", "0", "0", "reversedirection=yes highway=secondary estimated_traffic_class=2", "estimated_crossing_class=1", "37353", "3725248"],
          ["133079786", "33934520", "3", "96", "1100", "0", "0", "0", "0", "reversedirection=yes highway=secondary estimated_traffic_class=2", "estimated_crossing_class=2", "37368", "3726705"],
          ["133079352", "33934370", "3", "43", "1100", "0", "0", "0", "0", "reversedirection=yes highway=secondary estimated_traffic_class=2", "estimated_crossing_class=2", "37375", "3727430"],
          ["133079173", "33934308", "3", "18", "1100", "0", "0", "0", "0", "reversedirection=yes highway=secondary estimated_traffic_class=2", "estimated_crossing_class=2", "37378", "3727753"],
          ["133077939", "33934630", "4", "123", "1100", "0", "6", "0", "0", "reversedirection=yes highway=secondary estimated_traffic_class=2", "estimated_crossing_class=2", "37401", "3729963"],
          ["133077862", "33934666", "3", "8", "1100", "0", "0", "0", "0", "reversedirection=yes highway=secondary estimated_traffic_class=2", "estimated_crossing_class=2", "37402", "3730094"],
          ["133077502", "33934842", "3", "38", "1100", "0", "0", "0", "0", "reversedirection=yes highway=secondary estimated_traffic_class=2", "estimated_crossing_class=1", "37408", "3730656"],
          ["133076517", "33935285", "4", "103", "1100", "0", "0", "0", "0", "reversedirection=yes highway=secondary estimated_traffic_class=2", "estimated_crossing_class=1", "37427", "3732579"],
          ["133075433", "33935764", "4", "113", "1100", "0", "0", "0", "0", "reversedirection=yes highway=secondary estimated_traffic_class=2", "estimated_crossing_class=1", "37446", "3734467"],
          ["133074263", "33936262", "3", "122", "1100", "0", "0", "0", "0", "reversedirection=yes highway=secondary estimated_traffic_class=2", "estimated_crossing_class=1", "37465", "3736437"],
          ["133071944", "33937316", "7", "244", "1100", "0", "0", "0", "0", "reversedirection=yes highway=secondary estimated_traffic_class=2", "estimated_crossing_class=1", "37510", "3740953"],
          ["133071910", "33937331", "7", "4", "1100", "0", "0", "0", "0", "reversedirection=yes highway=secondary estimated_traffic_class=2", "estimated_crossing_class=1", "37511", "3741022"],
          ["133071255", "33937898", "7", "87", "1100", "0", "7", "0", "0", "reversedirection=yes highway=secondary estimated_traffic_class=2", "estimated_crossing_class=1", "37526", "3742504"],
          ["133071014", "33938102", "7", "32", "1100", "0", "0", "0", "0", "reversedirection=yes highway=secondary estimated_traffic_class=2", "estimated_crossing_class=1", "37531", "3743046"],
          ["133070965", "33938143", "7", "6", "1100", "0", "0", "0", "0", "reversedirection=yes highway=secondary estimated_traffic_class=2", "estimated_crossing_class=1", "37532", "3743147"],
          ["133070577", "33938489", "8", "53", "1100", "0", "0", "0", "0", "reversedirection=yes highway=secondary estimated_traffic_class=2", "estimated_crossing_class=1", "37542", "3744143"],
          ["133070388", "33938657", "8", "26", "1100", "0", "0", "0", "0", "reversedirection=yes highway=secondary estimated_traffic_class=2", "estimated_crossing_class=1", "37547", "3744613"],
          ["133069807", "33939221", "8", "83", "1100", "0", "0", "0", "0", "reversedirection=yes highway=secondary estimated_traffic_class=2", "estimated_crossing_class=1", "37570", "3746892"],
          ["133069455", "33939566", "8", "50", "1100", "0", "1", "0", "0", "reversedirection=yes highway=secondary estimated_traffic_class=2", "estimated_crossing_class=1", "37583", "3748184"],
          ["133069129", "33939891", "9", "47", "1100", "0", "0", "0", "0", "reversedirection=yes highway=secondary estimated_traffic_class=2", "estimated_crossing_class=1", "37595", "3749366"],
          ["133068833", "33940213", "9", "45", "1100", "0", "0", "0", "0", "reversedirection=yes highway=secondary estimated_traffic_class=2", "estimated_crossing_class=1", "37605", "3750399"],
          ["133068548", "33940501", "9", "41", "1100", "0", "0", "0", "0", "reversedirection=yes highway=secondary estimated_traffic_class=2", "estimated_crossing_class=1", "37614", "3751292"],
          ["133068098", "33940975", "9", "67", "1100", "0", "0", "0", "0", "reversedirection=yes highway=secondary estimated_traffic_class=2", "estimated_crossing_class=1", "37627", "3752602"],
          ["133068005", "33941055", "9", "12", "1100", "0", "0", "0", "0", "reversedirection=yes highway=secondary estimated_traffic_class=2", "estimated_crossing_class=1", "37629", "3752811"],
          ["133067308", "33941770", "9", "102", "1100", "0", "0", "0", "0", "reversedirection=yes highway=secondary estimated_traffic_class=2", "estimated_crossing_class=1", "37646", "3754487"],
          ["133066462", "33942492", "9", "112", "1100", "0", "0", "0", "0", "reversedirection=yes highway=secondary estimated_traffic_class=2", "estimated_crossing_class=1", "37666", "3756515"],
          ["133066414", "33942528", "9", "6", "1100", "0", "0", "0", "0", "reversedirection=yes highway=secondary estimated_traffic_class=2", "estimated_crossing_class=1", "37667", "3756620"],
          ["133065666", "33943136", "10", "97", "1100", "0", "0", "0", "0", "reversedirection=yes highway=secondary estimated_traffic_class=2", "estimated_crossing_class=1", "37686", "3758543"],
          ["133065227", "33943489", "11", "57", "1100", "0", "0", "0", "0", "reversedirection=yes highway=secondary estimated_traffic_class=2", "estimated_crossing_class=1", "37699", "3759757"],
          ["133064846", "33943742", "12", "45", "1100", "0", "0", "0", "0", "reversedirection=yes highway=secondary estimated_traffic_class=2", "estimated_crossing_class=1", "37709", "3760835"],
          ["133064464", "33943973", "11", "44", "1100", "0", "0", "0", "0", "reversedirection=yes highway=secondary estimated_traffic_class=2", "estimated_crossing_class=1", "37718", "3761711"],
          ["133063746", "33944423", "12", "83", "1100", "0", "0", "0", "0", "reversedirection=yes highway=secondary estimated_traffic_class=2", "estimated_crossing_class=1", "37733", "3763219"],
          ["133062244", "33945275", "14", "168", "1100", "0", "0", "0", "0", "reversedirection=yes highway=secondary estimated_traffic_class=2", "estimated_crossing_class=1", "37773", "3767191"],
          ["133061771", "33945676", "15", "62", "1100", "0", "2", "0", "0", "reversedirection=yes highway=secondary estimated_traffic_class=2", "estimated_crossing_class=1", "37789", "3768846"],
          ["133061395", "33945995", "17", "50", "1100", "0", "0", "0", "0", "reversedirection=yes highway=secondary estimated_traffic_class=2", "estimated_crossing_class=1", "37804", "3770276"],
          ["133060825", "33946484", "19", "76", "1100", "0", "0", "0", "0", "reversedirection=yes highway=secondary estimated_traffic_class=2", "estimated_crossing_class=1", "37819", "3771824"],
          ["133060322", "33946941", "19", "69", "1100", "0", "0", "0", "0", "reversedirection=yes highway=secondary estimated_traffic_class=2", "estimated_crossing_class=1", "37833", "3773160"],
          ["133060039", "33947197", "19", "39", "1100", "0", "0", "0", "0", "reversedirection=yes highway=secondary estimated_traffic_class=2", "", "37844", "3774343"],
          ["133059923", "33947304", "19", "16", "1100", "0", "0", "0", "0", "reversedirection=yes highway=secondary estimated_traffic_class=1", "estimated_crossing_class=1", "37849", "3774766"],
          ["133059325", "33947824", "21", "80", "1100", "0", "0", "0", "0", "reversedirection=yes highway=secondary estimated_traffic_class=1", "", "37866", "3776482"],
          ["133059279", "33947861", "22", "6", "1100", "0", "0", "0", "0", "highway=secondary estimated_traffic_class=1", "estimated_crossing_class=1", "37867", "3776608"],
          ["133058952", "33948295", "22", "57", "1100", "0", "1", "0", "0", "highway=secondary estimated_traffic_class=1", "estimated_crossing_class=1", "37879", "3777766"],
          ["133058588", "33948945", "21", "80", "1100", "0", "2", "0", "0", "highway=secondary estimated_traffic_class=1", "estimated_crossing_class=1", "37892", "3779141"],
          ["133058467", "33949559", "20", "69", "1100", "0", "0", "0", "0", "highway=secondary estimated_traffic_class=1", "estimated_crossing_class=1", "37910", "3780895"],
          ["133058403", "33949824", "20", "30", "1100", "0", "0", "0", "0", "highway=secondary estimated_traffic_class=1", "estimated_crossing_class=1", "37916", "3781468"],
          ["133058391", "33949864", "20", "5", "1100", "0", "0", "0", "0", "highway=secondary estimated_traffic_class=1", "estimated_crossing_class=1", "37916", "3781561"],
          ["133058221", "33951024", "16", "130", "1100", "0", "0", "0", "0", "highway=secondary estimated_traffic_class=1", "estimated_crossing_class=1", "37932", "3783109"],
          ["133058186", "33951670", "15", "72", "1100", "0", "0", "0", "0", "highway=secondary estimated_traffic_class=1", "estimated_crossing_class=1", "37940", "3783906"],
          ["133058085", "33952246", "16", "65", "1100", "0", "0", "0", "0", "highway=secondary estimated_traffic_class=1", "estimated_crossing_class=1", "37950", "3784915"],
          ["133058054", "33952633", "16", "43", "1100", "0", "0", "0", "0", "highway=secondary estimated_traffic_class=1", "estimated_crossing_class=1", "37957", "3785644"],
          ["133058044", "33952754", "16", "13", "1100", "0", "0", "0", "0", "highway=secondary estimated_traffic_class=1", "estimated_crossing_class=1", "37960", "3785863"],
          ["133058012", "33953167", "16", "46", "1100", "0", "0", "0", "0", "highway=secondary estimated_traffic_class=1", "estimated_crossing_class=1", "37968", "3786684"],
          ["133057845", "33957742", "14", "508", "1100", "0", "0", "0", "0", "highway=unclassified", "railway=level_crossing", "38044", "3794304"],
          ["133062397", "33971062", "2", "1653", "1100", "0", "64", "0", "0", "highway=unclassified", "", "38287", "3818568"],
          ["133062263", "33971379", "2", "37", "1500", "0", "32", "0", "0", "highway=trunk", "", "38292", "3819082"],
          ["133053949", "33982241", "30", "1556", "1500", "0", "2", "0", "0", "highway=trunk surface=asphalt", "", "38799", "3869828"],
          ["133052521", "33986576", "24", "508", "1500", "0", "2", "0", "0", "highway=trunk", "", "38862", "3876138"],
          ["133052410", "33988924", "25", "270", "1200", "0", "35", "0", "0", "highway=residential", "", "38903", "3880263"],
          ["133051160", "33991581", "17", "324", "1500", "0", "8", "0", "0", "highway=trunk surface=asphalt", "", "38943", "3884192"],
          ["133046865", "33993993", "13", "498", "1100", "0", "54", "0", "0", "highway=unclassified", "", "39006", "3890536"],
          ["133043569", "33996554", "11", "418", "1500", "0", "43", "20", "0", "highway=trunk surface=asphalt oneway=yes", "highway=traffic_signals", "39066", "3896510"],
          ["133040087", "34000454", "6", "540", "1500", "0", "0", "20", "0", "highway=trunk surface=asphalt oneway=yes", "highway=traffic_signals estimated_crossing_class=0 traffic_signals=signal", "39138", "3903750"],
          ["133040186", "34000549", "6", "14", "1230", "0", "87", "20", "0", "reversedirection=yes highway=primary surface=asphalt estimated_traffic_class=3", "highway=traffic_signals traffic_signals=signal", "39141", "3903977"],
          ["133040269", "34000630", "6", "12", "1230", "0", "0", "0", "0", "reversedirection=yes highway=primary surface=asphalt estimated_traffic_class=3", "estimated_crossing_class=0", "39142", "3904172"],
          ["133040159", "34001071", "8", "54", "1230", "0", "16", "0", "0", "reversedirection=yes highway=primary surface=asphalt estimated_traffic_class=3", "estimated_crossing_class=3", "39153", "3905239"],
          ["133039819", "34001552", "9", "62", "1230", "0", "0", "0", "0", "reversedirection=yes highway=primary surface=asphalt estimated_traffic_class=3", "estimated_crossing_class=3", "39168", "3906763"],
          ["133038430", "34004334", "10", "339", "1230", "0", "1", "0", "0", "reversedirection=yes highway=primary surface=asphalt estimated_traffic_class=3", "estimated_crossing_class=3", "39233", "3913193"],
          ["133038471", "34005045", "7", "79", "1230", "0", "1", "0", "0", "reversedirection=yes highway=primary surface=asphalt estimated_traffic_class=3", "estimated_crossing_class=3", "39242", "3914173"],
          ["133038526", "34006615", "5", "174", "1230", "0", "0", "20", "0", "reversedirection=yes highway=primary surface=asphalt estimated_traffic_class=3", "highway=traffic_signals traffic_signals=signal", "39264", "3916347"],
          ["133038564", "34007307", "4", "77", "1200", "0", "0", "0", "0", "reversedirection=yes highway=primary surface=asphalt estimated_traffic_class=2", "estimated_crossing_class=2", "39275", "3917394"],
          ["133038582", "34008181", "4", "97", "1200", "0", "0", "0", "0", "reversedirection=yes highway=primary surface=asphalt estimated_traffic_class=2", "estimated_crossing_class=2", "39290", "3918878"],
          ["133037923", "34010024", "3", "214", "1100", "0", "15", "0", "0", "reversedirection=yes highway=secondary estimated_traffic_class=1", "estimated_crossing_class=1", "39322", "3922135"],
          ["133037814", "34010336", "3", "36", "1100", "0", "0", "0", "0", "reversedirection=yes highway=secondary estimated_traffic_class=1", "estimated_crossing_class=1", "39328", "3922722"],
          ["133037751", "34010619", "3", "32", "1100", "0", "1", "0", "0", "reversedirection=yes highway=secondary estimated_traffic_class=1", "estimated_crossing_class=1", "39333", "3923214"],
          ["133037608", "34010948", "3", "39", "1100", "0", "4", "0", "0", "reversedirection=yes highway=secondary estimated_traffic_class=1", "estimated_crossing_class=1", "39338", "3923774"],
          ["133037559", "34011067", "3", "14", "1100", "0", "0", "0", "0", "reversedirection=yes highway=secondary estimated_traffic_class=1", "estimated_crossing_class=1", "39341", "3924009"],
          ["133037231", "34011876", "5", "95", "1100", "0", "0", "0", "0", "reversedirection=yes highway=secondary estimated_traffic_class=1", "estimated_crossing_class=1", "39364", "3926299"],
          ["133037535", "34012373", "5", "65", "1100", "0", "37", "0", "0", "reversedirection=yes highway=secondary estimated_traffic_class=1", "estimated_crossing_class=1", "39377", "3927646"],
          ["133037382", "34012587", "6", "28", "1100", "0", "54", "0", "0", "reversedirection=yes highway=secondary estimated_traffic_class=1", "", "39383", "3928251"],
          ["133037119", "34013012", "6", "53", "1100", "0", "0", "0", "0", "reversedirection=yes highway=secondary estimated_traffic_class=2", "estimated_crossing_class=2", "39394", "3929364"],
          ["133036913", "34013345", "6", "42", "1100", "0", "0", "0", "0", "reversedirection=yes highway=secondary estimated_traffic_class=2", "estimated_crossing_class=2", "39402", "3930128"],
          ["133036668", "34013742", "6", "50", "1100", "0", "0", "0", "0", "reversedirection=yes highway=secondary estimated_traffic_class=2", "estimated_crossing_class=2", "39411", "3931012"],
          ["133036633", "34013802", "6", "7", "1100", "0", "0", "0", "0", "reversedirection=yes highway=secondary estimated_traffic_class=2", "estimated_crossing_class=2", "39412", "3931134"],
          ["133036490", "34014032", "6", "29", "1100", "0", "0", "0", "0", "reversedirection=yes highway=secondary estimated_traffic_class=2", "estimated_crossing_class=2", "39417", "3931637"],
          ["133036184", "34014544", "6", "63", "1100", "0", "0", "0", "0", "reversedirection=yes highway=secondary estimated_traffic_class=2", "estimated_crossing_class=2", "39428", "3932716"],
          ["133035788", "34015133", "6", "75", "1100", "0", "0", "0", "0", "reversedirection=yes highway=secondary estimated_traffic_class=2", "estimated_crossing_class=2", "39442", "3934119"],
          ["133035289", "34016086", "6", "116", "1100", "0", "0", "0", "0", "reversedirection=yes highway=secondary estimated_traffic_class=2", "estimated_crossing_class=2", "39461", "3936071"],
          ["133035231", "34016234", "6", "17", "1100", "0", "0", "0", "0", "reversedirection=yes highway=secondary estimated_traffic_class=2", "estimated_crossing_class=2", "39464", "3936357"],
          ["133034762", "34017302", "6", "126", "1100", "0", "0", "0", "0", "reversedirection=yes highway=secondary estimated_traffic_class=2", "estimated_crossing_class=2", "39484", "3938321"],
          ["133034254", "34017600", "5", "57", "1100", "0", "16", "0", "0", "reversedirection=yes highway=secondary estimated_traffic_class=2", "estimated_crossing_class=2", "39493", "3939207"],
          ["133033684", "34017956", "5", "66", "1100", "0", "0", "0", "0", "reversedirection=yes highway=secondary estimated_traffic_class=2", "estimated_crossing_class=2", "39503", "3940198"],
          ["133032963", "34018652", "6", "103", "1100", "0", "1", "0", "0", "reversedirection=yes highway=secondary estimated_traffic_class=2", "estimated_crossing_class=2", "39524", "3942291"],
          ["133032653", "34018945", "5", "43", "1100", "0", "0", "0", "0", "reversedirection=yes highway=secondary estimated_traffic_class=2", "estimated_crossing_class=2", "39530", "3942913"],
          ["133031425", "34020102", "5", "171", "1100", "0", "0", "0", "0", "reversedirection=yes highway=secondary estimated_traffic_class=2", "estimated_crossing_class=2", "39555", "3945417"],
          ["133031332", "34020179", "5", "12", "1100", "0", "0", "0", "0", "reversedirection=yes highway=secondary estimated_traffic_class=2", "estimated_crossing_class=2", "39557", "3945626"],
          ["133030902", "34020554", "4", "58", "1100", "0", "0", "0", "0", "reversedirection=yes highway=secondary estimated_traffic_class=2", "estimated_crossing_class=2", "39566", "3946529"],
          ["133030564", "34020848", "4", "45", "1100", "0", "0", "0", "0", "reversedirection=yes highway=secondary estimated_traffic_class=2", "estimated_crossing_class=2", "39573", "3947252"],
          ["133030194", "34021149", "5", "48", "1100", "0", "0", "0", "0", "reversedirection=yes highway=secondary estimated_traffic_class=2", "estimated_crossing_class=2", "39582", "3948174"],
          ["133029702", "34021549", "6", "63", "1100", "0", "0", "0", "0", "reversedirection=yes highway=secondary estimated_traffic_class=2", "estimated_crossing_class=2", "39597", "3949659"],
          ["133029049", "34022087", "8", "85", "1100", "0", "0", "0", "0", "reversedirection=yes highway=secondary estimated_traffic_class=2", "estimated_crossing_class=2", "39619", "3951786"],
          ["133028373", "34022629", "12", "87", "1100", "0", "0", "0", "0", "reversedirection=yes highway=secondary estimated_traffic_class=2", "estimated_crossing_class=2", "39639", "3953872"],
          ["133028071", "34022843", "14", "36", "1100", "0", "0", "0", "0", "reversedirection=yes highway=secondary estimated_traffic_class=2", "estimated_crossing_class=2", "39650", "3954976"],
          ["133027770", "34023115", "14", "42", "1100", "0", "2", "0", "0", "reversedirection=yes highway=secondary estimated_traffic_class=2", "estimated_crossing_class=2", "39663", "3956259"],
          ["133027214", "34023828", "11", "94", "1100", "0", "1", "20", "0", "reversedirection=yes highway=secondary estimated_traffic_class=2", "highway=traffic_signals estimated_crossing_class=0 traffic_signals=signal", "39685", "3958442"],
          ["133030412", "34028241", "33", "594", "1000", "0", "74", "0", "0", "reversedirection=yes highway=tertiary estimated_traffic_class=1", "", "39903", "3980276"],
          ["133029815", "34028970", "32", "98", "1000", "0", "15", "0", "0", "highway=tertiary estimated_traffic_class=1", "", "39923", "3982269"],
          ["133029267", "34029660", "33", "92", "1000", "0", "0", "0", "0", "reversedirection=yes highway=tertiary estimated_traffic_class=1", "", "39943", "3984219"],
          ["133028349", "34030063", "30", "117", "1000", "0", "74", "0", "0", "highway=tertiary estimated_traffic_class=1", "", "39968", "3986784"],
          ["133027919", "34029989", "30", "41", "1000", "0", "0", "0", "0", "reversedirection=yes highway=tertiary estimated_traffic_class=1", "", "39975", "3987437"],
          ["133025797", "34030550", "32", "236", "1000", "0", "17", "0", "0", "highway=tertiary estimated_traffic_class=1", "", "40020", "3991954"],
          ["133025570", "34031445", "30", "103", "1000", "0", "7", "0", "0", "reversedirection=yes highway=tertiary estimated_traffic_class=1", "", "40035", "3993487"],
          ["133025459", "34032197", "26", "84", "1000", "0", "2", "0", "0", "highway=tertiary estimated_traffic_class=1", "", "40047", "3994630"],
          ["133025358", "34032968", "22", "86", "1000", "0", "0", "0", "0", "highway=tertiary estimated_traffic_class=2", "", "40055", "3995411"],
          ["133024513", "34034492", "14", "191", "1000", "110", "4", "0", "0", "reversedirection=yes highway=tertiary estimated_traffic_class=2", "", "40071", "3997016"],
          ["133023874", "34036074", "8", "190", "1000", "158", "5", "20", "0", "highway=tertiary estimated_traffic_class=2", "highway=traffic_signals traffic_signals=signal", "40088", "3998522"],
          ["133020926", "34038263", "6", "365", "1000", "133", "2", "20", "0", "reversedirection=yes highway=tertiary estimated_traffic_class=2", "highway=traffic_signals traffic_signals=signal", "40128", "4002578"],
          ["133019128", "34039696", "6", "230", "1000", "0", "0", "20", "0", "reversedirection=yes highway=tertiary estimated_traffic_class=2", "highway=traffic_signals traffic_signals=signal", "40167", "4006421"],
          ["133014948", "34043026", "6", "535", "1000", "0", "2", "0", "0", "reversedirection=yes highway=tertiary estimated_traffic_class=2", "", "40253", "4015047"],
          ["133011652", "34046343", "5", "487", "1000", "0", "8", "0", "0", "highway=tertiary estimated_traffic_class=2", "", "40337", "4023425"],
          ["133009251", "34048274", "6", "309", "1030", "0", "0", "0", "0", "highway=tertiary estimated_traffic_class=3", "", "40391", "4028842"],
          ["133009153", "34048324", "6", "11", "1030", "0", "2", "20", "0", "highway=tertiary estimated_traffic_class=3 oneway=yes", "highway=traffic_signals traffic_signals=signal", "40393", "4029102"],
          ["133005558", "34050890", "6", "437", "1030", "0", "1", "20", "0", "highway=tertiary estimated_traffic_class=3 oneway=yes", "highway=traffic_signals traffic_signals=signal", "40471", "4036877"],
          ["132999984", "34057375", "6", "936", "1030", "0", "12", "20", "0", "highway=tertiary estimated_traffic_class=3 oneway=yes", "highway=traffic_signals traffic_signals=signal", "40645", "4054246"],
          ["132998051", "34059471", "7", "294", "1030", "0", "2", "0", "0", "highway=tertiary estimated_traffic_class=3", "", "40692", "4058943"],
          ["132997740", "34059863", "8", "52", "1030", "0", "0", "0", "0", "reversedirection=yes highway=tertiary estimated_traffic_class=3", "", "40704", "4060167"],
          ["132996081", "34061746", "9", "260", "1060", "0", "0", "0", "0", "reversedirection=yes highway=tertiary estimated_traffic_class=4", "", "40756", "4065380"],
          ["132997033", "34062604", "8", "130", "1100", "0", "78", "0", "0", "reversedirection=yes highway=unclassified", "", "40776", "4067348"],
          ["132995759", "34063704", "8", "170", "1060", "0", "82", "0", "0", "highway=tertiary surface=asphalt estimated_traffic_class=4", "", "40802", "4069970"],
          ["132996653", "34064484", "7", "120", "1100", "0", "87", "0", "0", "reversedirection=yes highway=unclassified", "", "40821", "4071829"],
          ["132997375", "34065126", "9", "98", "1100", "0", "0", "0", "0", "highway=unclassified", "", "40843", "4074104"],
          ["132998192", "34065847", "9", "110", "1100", "0", "0", "0", "0", "reversedirection=yes highway=unclassified", "", "40863", "4076089"]
        ],
        "times": [0,4.107,7.957,11.874,23.199,25.272,27.657,51.255,55.408,57.884,59.854,80.024,87.587,106.239,109.811,113.249,119.767,132.068,137.149,141.557,145.282,148.739,155.664,155.977,158.367,159.514,161.988,164.334,172.461,177.404,181.367,191.369,197.427,202.059,203.884,207.376,213.224,218.87,223.529,227.307,230.671,233.816,262.728,264.712,265.871,266.637,267.149,269.717,270.486,271.865,284.989,293.807,297.024,300.549,325.221,332.47,343.539,349.753,352.507,356.27,356.98,359.201,364.307,365.084,369.914,374.369,377.28,380.209,393.087,396.084,410.173,416.923,432.608,435.816,439.551,441.284,442.393,446.986,460.504,465.692,470.966,482.575,488.558,500.906,511.938,512.416,516.356,516.817,520.701,522.275,526.568,530.157,541.652,545.813,557.967,564.169,611.675,678.35,737.375,739.286,740.071,751.188,757.121,765.044,771.501,777.73,779.366,783.422,788.316,790.653,792.894,794.892,802.454,804.134,809.837,812.617,819.739,825.625,832.318,839.574,840.645,846.041,851.547,856.128,864.957,866.747,869.523,874.287,885.085,887.838,894.476,906.722,914.151,918.865,934.914,944.136,944.874,945.664,946.457,956.096,962.586,985.368,992.456,993.931,999.279,1022.679,1033.299,1035.774,1039.082,1042.234,1046.472,1056.614,1063.659,1075.907,1078.662,1083.135,1085.502,1086.551,1092.092,1097.402,1109.216,1112.163,1114.268,1118.562,1119.184,1119.652,1121.82,1122.821,1125.326,1130.062,1134.921,1152.189,1153.732,1157.373,1168.63,1173.648,1178.439,1179.379,1181.16,1187.995,1193.948,1200.905,1226.947,1232.75,1239.946,1241.179,1245.082,1246.503,1250.007,1262.708,1274.919,1280.739,1283.182,1285.266,1289.573,1291.636,1294.467,1300.453,1300.727,1303.523,1306.674,1311.177,1312.832,1314.2,1324.877,1327.36,1333.006,1346.607,1370.206,1375.204,1375.609,1378.406,1382.143,1384.162,1390.971,1392.294,1394.166,1396.938,1412.814,1422.527,1427.38,1428.251,1430.057,1438.947,1439.81,1442.888,1445.727,1451.787,1460.114,1460.653,1461.06,1475.87,1477.27,1516.472,1520.647,1524.108,1538.927,1541.963,1557.555,1588.015,1589.84,1604.735,1609.347,1618.918,1628.828,1630.721,1632.751,1636.232,1647.967,1668.063,1685.307,1697.745,1702.536,1707.523,1712.128,1716.34,1717.038,1718.083,1722.688,1728.092,1743.829,1753.167,1754.233,1761.683,1764.432,1780.938,1783.776,1793.411,1797.508,1800.713,1804.764,1808.824,1824.069,1827.165,1835.252,1841.926,1843.865,1845.638,1846.548,1855.76,1871.738,1876.816,1882.236,1888.371,1901.031,1929.073,1932.319,1934.926,1935.446,1940.409,1944.278,1949.806,1955.69,1965.07,1969.766,1973.503,1980.608,1989.117,1993.679,2029.006,2038.01,2040.073,2048.915,2051.927,2054.108,2061.268,2067.527,2071.597,2078.331,2086.211,2093.926,2099.006,2104.432,2122.041,2130.439,2138.606,2143.933,2146.062,2148.84,2151.971,2154.028,2158.345,2162.063,2169.994,2183.972,2187.239,2189.034,2192.547,2213.84,2229.038,2236.601,2238.209,2239.662,2266.984,2267.313,2269.129,2309.34,2310.567,2344.752,2364.523,2366.161,2368.954,2369.942,2394.559,2395.73,2402.428,2405.109,2417.265,2433.109,2449.894,2455.012,2459.281,2464.681,2465.563,2468.984,2471.8,2475.96,2482.302,2490.741,2497.854,2498.733,2502.403,2514.807,2522.674,2533.2,2539.111,2547.28,2558.815,2566.573,2581.198,2584.933,2585.816,2601.289,2609.027,2632.995,2654.262,2655.856,2657.179,2659.497,2660.43,2661.21,2663.284,2668.604,2671.082,2676.179,2684.149,2689.302,2690.269,2697.087,2705.359,2709.36,2713.179,2733.064,2734.658,2736.402,2750.137,2751.985,2765.626,2766.043,2767.697,2769.653,2770.72,2777.696,2780.479,2784.754,2788.138,2798.361,2801.372,2805.036,2810.455,2818.4,2826.89,2828.956,2833.238,2836.967,2840.276,2842.193,2843.238,2850.441,2863.062,2866.813,2872.728,2875.318,2880.667,2898.644,2907.782,2916.24,2919.151,2930.553,2939.689,2958.956,2961.945,2968.037,2973.207,2975.801,2976.588,2982.112,2984.696,2989.593,2991.606,2995.402,2998.282,3004.688,3014.067,3020.104,3025.296,3029.586,3032.696,3033.421,3037.063,3042.224,3051.457,3057.614,3063.637,3068.354,3072.336,3083.198,3089.164,3107.189,3108.08,3109.016,3112.444,3116.153,3148.326,3150.669,3162.449,3171.934,3185.57,3190.788,3196.904,3215.823,3233.063,3242.622,3247.823,3262.311,3273.491,3279.413,3284.355,3289.403,3291.922,3294.539,3296.666,3299.575,3301.507,3306.686,3312.593,3327.457,3333.505,3338.853,3341.275,3343.438,3369.943,3382.777,3390.538,3394.497,3398.094,3400.823,3404.058,3408.291,3412.333,3415.938,3420.781,3439.954,3461.57,3465.553,3469.868,3489.482,3501.127,3505.288,3512.164,3516.757,3519.833,3523.592,3526.379,3529.692,3534.346,3540.887,3551.591,3573.194,3578.774,3580.607,3583.339,3584.184,3588.659,3590.929,3593.433,3596.181,3598.551,3602.076,3605.31,3609.429,3615.404,3668.234,3679.706,3687.995,3688.843,3690.855,3696.323,3728.342,3747.34,3776.912,3780.267,3781.534,3782.377,3787.367,3789.354,3791.04,3801.489,3814.864,3820.505,3823.903,3832.02,3845.51,3857.417,3870.269,3889.36,3953.983,4025.04,4035.581,4049.68,4091.924,4097.269,4102.545,4106.344,4109.543,4111.304,4113.224,4115.943,4122.983,4123.557,4124.608,4125.03,4126.709,4129.097,4131.989,4135.549,4157.442,4162.631,4166.881,4171.781,4175.648,4184.006,4205.546,4210.341,4214.888,4223.193,4225.6,4226.486,4227.909,4232.212,4235.616,4237.894,4240.307,4244.36,4246.414,4247.54,4249.98,4251.907,4253.799,4255.559,4256.199,4257.738,4259.244,4267.72,4283.82,4289.895,4307.853,4312.804,4338.642,4349.536,4374.378,4380.088,4384.623,4391.51,4408.309,4415.869,4421.413,4436.869,4442.581,4447.621,4454.845,4456.021,4458.037,4460.214,4462.204,4463.422,4467.71,4471.207,4478.583,4483.692,4485.128,4494.229,4497.459,4501.164,4505.53,4508.995,4514.844,4519.629,4522.185,4534.73,4541.99,4544.014,4548.564,4576.994,4582.708,4592.119,4647.899,4652.436,4656.972,4671.615,4677.384,4681.776,4687.94,4699.338,4704.793,4713.588,4736.192,4743.782,4753.338,4788.392,4800.94,4809.55,4818.817,4825.886,4830.428,4834.8,4837.6,4850.25,4853.097,4856.557,4861.349,4872.482,4877.958,4882.102,4889.875,4909.021,4916.626,4927.88,4937.442,4946.093,4953.866,4969.874,4977.95,4984.34,4989.719,4995.098,5006.525,5014.087,5017.783,5027.024,5034.585,5044.833,5065.351,5081.112,5102.422,5109.544,5120.188,5135.516,5151.661,5168.132,5182.246,5200.224,5227.441,5238.697,5251.298,5263.898,5273.979,5284.395,5296.659,5312.955,5331.139,5341.73,5382.223,5389.268,5401.777,5408.866,5415.698,5421.058,5421.992,5428.279,5439.398,5443.946,5457.672,5462.001,5468.01,5491.026,5497.445,5501.647,5505.676,5509.892,5515.332,5521.106,5528.559,5537.578,5543.604,5551.934,5560.211,5565.845,5569.699,5609.975,5680.156,5694.301,5707.053,5730.338,5738.583,5749.682,5760.606,5773.042,5778.395,5785.521,5788.16,5798.785,5818.509,5828.6,5835.223,5840.81,5847.228,5853.635,5865.42,5871.724,5877.19,5882.135,5887.104,5895.16,5907.201,5912.907,5923.888,5936.58,5945.297,5959.987,6015.042,6030.55,6045.018,6112.04,6130.811,6151.102,6152.943,6158.164,6176.069,6195.774,6205.21,6218.244,6238.229,6289.622,6292.631,6295.972,6300.963,6306.326,6313.765,6318.826,6354.607,6374.528,6386.865,6401.719,6414.794,6456.709,6469.668,6474.627,6476.885,6479.512,6481.432,6486.562,6489.282,6492.051,6505.752,6510.976,6520.658,6522.921,6526.663,6527.807,6529.444,6535.364,6548.616,6549.409,6552.627,6556.943,6558.984,6560.993,6574.304,6575.966,6585.718,6590.812,6603.395,6614.334,6617.332,6622.242,6626.427,6631.703,6637.539,6640.271,6642.146,6643.849,6646.398,6647.991,6653.789,6655.19,6664.047,6672.188,6673.146,6678.798,6693.837,6701.643,6708.926,6711.238,6713.394,6715.341,6725.008,6726.833,6729.44,6737.181,6745.118,6747.95,6750.752,6755.607,6758.351,6760.815,6763.256,6776.053,6786.581,6789.182,6793.609,6794.363,6798.213,6807.46,6811.223,6816.029,6818.256,6833.085,6840.028,6844.182,6848.647,6858.053,6865.979,6883.977,6886.608,6892.303,6915.872,6930.053,6934.663,6936.033,6952.74,6991.69,6995.216,7001.022,7010.419,7011.194,7023.296,7024.773,7036.447,7039.745,7042.393,7045.064,7047.809,7051.809,7059.997,7063.017,7067.896,7070.779,7071.862,7073.431,7075.606,7075.737,7076.927,7077.194,7086.801,7089.927,7091.763,7094.619,7107.291,7116.209,7119.335,7119.624,7135.702,7140.482,7145.062,7149.07,7152.827,7160.156,7192.593,7193.906,7194.564,7210.175,7213.687,7228.384,7232.064,7245.312,7268.07,7292.008,7295.091,7305.604,7320.144,7329.518,7330.526,7332.318,7333.302,7340.604,7347.325,7353.752,7363.569,7366.846,7372.055,7377.741,7381.933,7387.528,7392.787,7444.296,7451.203,7458.871,7474.376,7483.724,7492.591,7498.016,7507.927,7523.031,7531.561,7541.504,7546.324,7555.026,7571.155,7601.038,7603.017,7603.761,7605.155,7606.786,7614.654,7625.455,7629.062,7631.818,7635.055,7637.771,7639.998,7642.111,7646.188,7647.23,7652.431,7663.002,7665.058,7669.65,7672.863,7675.514,7677.664,7684.535,7686.109,7687.276,7688.485,7697.06,7698.679,7700.058,7700.896,7704.771,7710.023,7711.773,7714.765,7716.461,7719.457,7724.796,7726.775,7728.957,7732.487,7739.826,7746.072,7755.694,7759.111,7760.888,7764.28,7766.823,7767.923,7771.602,7788.881,7791.791,7801.688,7804.924,7812.271,7815.535,7818.902,7839.393,7842.693,7846.853,7852.312,7858.349,7870.442,7884.238,7890.549,7895.337,7901.69,7905.605,7907.303,7910.094,7915.383,7920.886,7923.85,7925.209,7928.456,7930.335,7930.857,7938.44,7963.832,7970.002,7980.062,7983.764,8007.173,8011.385,8014.307,8021.887,8027.352,8032.698,8071.84,8077.051,8081.758,8087.961,8093.134,8099.646,8104.459,8109.573,8118.966,8127.819,8131.263,8132.743,8134.603,8136.667,8138.012,8139.006,8140.3,8144.127,8145.831,8146.984,8147.913,8149.002,8151.512,8154.713,8159.378,8164.466,8176.478,8180.579,8186.912,8188.717,8202.331,8203.952,8210.361,8227.247,8234.507,8239.161,8242.055,8244.759,8247.148,8248.836,8249.766,8251.177,8260.865,8266.52,8267.57,8275.171,8281.488,8284.503,8286.471,8289.185,8305.283,8337.786,8351.603,8361.318,8367.175,8373.016,8375.264,8376.296,8379.915,8381.866,8382.859,8384.732,8389.041,8396.805,8402.469,8415.547,8431.591,8435.399,8441.935,8445.64,8448.834,8451.924,8463.69,8467.41,8474.677,8481.436,8487.679,8507.812,8510.91,8518.095,8526.5,8528.896,8531.25,8531.786,8533.558,8533.973,8543.878,8548.436,8549.744,8575.13,8579.042,8580.223,8581.198,8585.688,8594.833,8601.576,8607.243,8607.896,8614.266,8615.213,8631.098,8644.374,8651.721,8663.835,8669.485,8673.969,8677.686,8685.898,8693.002,8698.69,8710.944,8736.878,8737.369,8739.292,8739.467,8740.512,8744.671,8748.4,8749.541,8750.521,8751.502,8759.663,8764.23,8767.107,8768.534,8770.486,8772.637,8774.694,8779.479,8779.859,8781.864,8782.229,8786.294,8793.025,8797.163,8801.245,8805.962,8810.611,8823.718,8826.886,8833.914,8841.691,8856.939,8892.961,8904.696,8912.947,8916.764,8918.739,8927.515,8936.476,8939.115,8942.649,8945.031,8963.061,8990.478,9037.631,9040.641,9046.879,9057.828,9083.613,9086.807,9095.669,9097.45,9108.915,9127.582,9133.092,9134.318,9153.692,9158.818,9165.153,9196.712,9214.735,9216.335,9218.304,9222.06,9225.597,9230.2,9234.106,9237.665,9244.537,9248.438,9253.691,9269.123,9277.515,9281.107,9289.626,9291.125,9298.492,9304.905,9313.547,9315.725,9325.455,9328.153,9330.891,9338.203,9348.996,9354.341,9357.308,9379.062,9385.87,9409.946,9412.118,9419.199,9427.352,9434.344,9437.405,9448.585,9452.342,9484.364,9632.646,9640.297,9646.432,9654.327,9662.57,9673.853,9677.792,9684.919,9689.822,9696.64,9704.833,9710.712,9719.882,9727.713,9738.878,9763.604,9819.39,9822.385,9840.11,9843.473,9853.737,9857.736,9859.778,9863.674,9866.31,9870.239,9874.986,9877.816,9884.94,9889.859,9897.845,9905.939,9969.994,9986.49,10004.736,10018.559,10077.121,10082.605,10086.63,10090.519,10098.362,10105.84,10113.194,10119.412,10123.23,10126.585,10132.922,10138.151,10149.395,10154.699,10158.906,10170.778,10172.416,10173.207,10174.254,10175.589,10176.86,10180.935,10183.748,10187.711,10191.312,10192.512,10193.372,10194.434,10195.586,10196.563,10201.485,10202.751,10204.505,10205.461,10207.875,10209.572,10211.442,10215.95,10219.031,10228.527,10234.875,10247,10264.492,10275.354,10278.857,10281.653,10283.608,10284.203,10318.943,10333.669,10335.253,10338.771,10367.564,10376.936,10382.284,10383.829,10386.054,10399.34,10401.851,10403.862,10405.203,10406.376,10407.496,10409.906,10419.071,10420.801,10423.95,10425.877,10435.571,10453.633,10466.296,10470.906,10475.921,10482.021,10489.291,10491.632,10501.698,10507.07,10513.164,10516.68,10520.497,10530.128,10539.682,10549.519,10559.229,10560.226,10560.655,10570.852,10581.315,10584.892,10589.193,10598.432,10604.481,10621.984,10638.116,10640.024,10647.27,10658.416,10663.106,10669.56,10673.416,10674.243,10678.584,10680.047,10685.588,10690.063,10694.776,10704.593,10732.617,10736.394,10742.97,10744.491,10747.39,10750.956,10754.9,10758.849,10765.657,10801.235,10813.656,10817.712,10823.577,10824.49,10839.915,10898.927,10910.858,10960.175,10996.282,11009.525,11015.896,11019.046,11019.995,11036.404,11058.752,11071.494,11108.951,11121.608,11132.613,11147.633,11148.926,11153.04,11155.603,11160.933,11167.03,11174.821,11181.993,11198.117,11210.085,11251.542,11256.614,11269.111,11285.616,11306.952,11347.602,11349.643,11350.662,11355.304,11362.238,11396.378,11403.902,11404.119,11421.019,11454.655,11475.06,11476.574,11483.136,11488.013,11501.066,11510.573,11515.272,11520.414,11530.178,11550.917,11563.047,11574.939,11588.679,11590.153,11597.397,11610.879,11614.842,11620.614,11635.732,11651.053,11672.47,11675.5,11681.633,11691.309,11708.55,11714.649,11719.103,11724.657,11736.022,11755.936,11757.737,11759.527,11760.24,11765.903,11767.942,11772.298,11777.732,11781.623,11790.402,11813.235,11830.579,11845.002,11845.613,11858.625,11872.503,11879.537,11888.887,11895.146,11911.783,11923.895,11937.639,11942.645,11943.74,11965.221,11970.193,11973.661,11980.913,11993.188,12011.033,12012.899,12021.993,12025.451,12029.088,12036.078,12038.314,12047.23,12049.637,12054.832,12077.983,12082.774,12090.445,12091.998,12102.586,12110.276,12110.558,12128.112,12156.628,12186.405,12193.818,12198.625,12201.566,12202.163,12202.913,12203.214,12203.97,12207.865,12209.824,12234.986,12252.012,12264.9,12268.108,12271.005,12276.667,12303.747,12338.646,12345.174,12349.916,12353.039,12364.484,12375.387,12394.941,12399.887,12412.161,12432.358,12444.499,12450.666,12454.523,12457.278,12463.46,12480.035,12491.398,12504.316,12547.711,12554.818,12571.782,12583.701,12591.729,12610.796,12634.086,12654.028,12656.729,12658.569,12664.934,12674.19,12682.913,12686.776,12690.883,12695.752,12699.957,12704.182,12707.84,12756.76,12779.691,12782.194,12827.033,12828.03,12845.587,12847.12,12851.844,12857.218,12861.517,12865.354,12868.764,12871.741,12872.161,12878.651,12879.437,12887.34,12892.315,12898.142,12902.48,12906.157,12912.36,12920.517,12925.643,12933.65,12947.192,12969.471,12975.9,12987.996,12990.11,12992.911,12996.468,12999.554,13005.129,13008.826,13009.797,13011.522,13018.986,13020.447,13026.593,13027.409,13029.649,13031.87,13033.956,13036.903,13040.924,13051.069,13067.128,13081.44,13090.993,13101.659,13102.812,13106.757,13117.813,13119.059,13121.758,13124.143,13126.681,13129.741,13134.594,13138.426,13147.909,13154.856,13160.653,13164.415,13167.284,13170.337,13171.406,13174.242,13176.629,13182.948,13184.408,13186.165,13187.03,13199.945,13201.681,13204.845,13208.911,13213.8,13217.591,13221.115,13224.397,13225.842,13227.457,13228.172,13253.337,13257.575,13259.928,13264.633,13267.763,13268.423,13270.187,13276.869,13278.015,13295.001,13297.544,13326.805,13334.42,13335.854,13347.215,13354.173,13358.291,13368.999,13373.257,13381.744,13383.373,13383.648,13384.063,13403.932,13411.658,13412.96,13419.778,13430.507,13463.846,13473.599,13478.698,13480.395,13482.203,13483.82,13488.459,13489.068,13498.058,13500.711,13501.528,13502.633,13503.894,13506.181,13508.974,13510.699,13516.734,13518.14,13523.65,13534.362,13539.782,13542.173,13543.338,13563.393,13573.262,13576.698,13577.121,13582.561,13583.096,13589.119,13592.466,13596.741,13600.146,13604.585,13608.752,13610.722,13612.855,13622.066,13633.382,13636.749,13639.795,13652.2,13656.104,13665.649,13667.304,13671.44,13674.006,13676.371,13697.962,13699.666,13701.071,13702.769,13705.258,13715.826,13724.624,13731.969,13739.182,13745.514,13747.512,13761.816,13766.057,13770.407,13780.641,13783.626,13785.474,13787.083,13789.366,13791.455,13793.122,13795.963,13796.861,13797.251,13815.31,13823.675,13825.612,13836.374,13845.134,13858.346,13860.652,13862.891,13868.797,13869.667,13876.071,13879.184,13883.022,13887.313,13894.461,13896.258,13899.299,13918.513,13926.391,13928.403,13929.913,13939.627,13945.9,13960.068,13968.224,13975.701,13977.393,13980.655,13988.246,13988.695,13989.885,14005.053,14007.102,14007.91,14016.352,14019.573,14019.929,14030.468,14032.086,14037.062,14043.185,14044.146,14064.568,14067.487,14074.902,14087.322,14087.522,14088.165,14088.803,14089.03,14096.269,14100.74,14117.341,14130.992,14132.557,14134.827,14136.624,14138.258,14139.751,14151.787,14155.46,14160.151,14160.688,14163.935,14168.114,14168.896,14169.27,14170.966,14176.139,14179.314,14184.346,14190.436,14192.356,14195.034,14195.691,14199.049,14199.853,14200.802,14202.041,14208.083,14214.687,14218.409,14223.821,14227.212,14231.175,14231.934,14237.979,14239.008,14247.201,14250.836,14254.366,14256.972,14262.433,14267.892,14268.833,14269.907,14270.729,14271.67,14273.951,14274.67,14275.146,14276.086,14293.521,14297.286,14309.933,14315.223,14316.396,14317.687,14330.291,14332.975,14340.672,14349.523,14350.297,14351.257,14360.743,14363.451,14369.671,14384.579,14400.302,14410.287,14416.258,14417.363,14426.324,14442.294,14457.184,14457.929,14458.827,14466.75,14471.951,14474.407,14475.228,14480.466,14482.199,14488.688,14501.273,14502.171,14504.836,14505.589,14510.59,14517.083,14525.088,14528.933,14540.868,14544.964,14545.113,14546.312,14568.248,14570.313,14576.365,14577.317,14580.921,14587.268,14590.794,14602.407,14605.382,14620.312,14621.127,14627.84,14629.563,14631.879,14639.172,14646.205,14651.76,14657.503,14663.273,14683.143,14689.408,14693.324,14703.031,14707.908,14712.396,14728.226,14733.171,14735.15,14736.799,14737.564,14738.712,14754.268,14754.767,14755.341,14756.837,14757.706,14771.011,14788.676,14806.456,14811.214,14814.147,14821.258,14832.326,14841.002,14846.427,14854.138,14860.033,14862.427,14865.604,14871.199,14881.732,14884.247,14885.735,14886.698,14887.255,14892.449,14894.886,14896.938,14898.126,14898.425,14900.687,14904.839,14909.148,14912.47,14913.502,14915.44,14917.865,14921.859,14923.152,14927.3,14929.452,14934.63,14942.918,14954.611,14958.332,14961.516,14969.02,14971.651,14973.687,14977.552,14980.072,14984.002,14987.576,14994.376,15001.356,15003.041,15005.076,15006.657,15008.325,15013.913,15014.873,15016.971,15021.711,15023.58,15025.938,15033.694,15036.053,15040.768,15045.693,15049.035,15056.267,15065.326,15067.676,15085.851,15088.44,15091.658,15093.493,15095.22,15096.321,15097.019,15105.783,15106.238,15110.043,15111.698,15121.544,15138.343,15147.769,15155.199,15161.346,15166.895,15172.262,15188.616,15195.429,15200.808,15205.961,15220.461,15223.648,15226.634,15228.128,15229.794,15231.811,15236.238,15238.851,15244.034,15255.495,15259.796,15262.946,15265.638,15269.458,15274.311,15275.891,15278.778,15293.259,15301.938,15328.572,15335.25,15337.647,15349.441,15357.836,15358.91,15362.505,15371.038,15372.91,15377.419,15385.491,15388.77,15394.17,15408.293,15410.511,15411.101,15419.108,15432.075,15434.36,15439.073,15441.546,15445.15,15451.783,15454.862,15456.421,15460.046,15470.705,15473.406,15484.324,15485.302,15490.828,15498.486,15502.385,15504.308,15518.871,15521.91,15524.388,15530.756,15544.186,15547.891,15549.097,15552.259,15556.521,15561.018,15568.053,15569.561,15576.48,15581.617,15587.575,15600.379,15603.141,15605.719,15621.587,15645.281,15649.785,15655.089,15661.657,15708.844,15719.211,15730.293,15731.562,15732.41,15733.09,15734.748,15736.499,15759.895,15766.434,15797.262,15804.954,15807.308,15808.254,15817.695,15834.485,15841.162,15844.85,15868.459,15884.998,15888.949,15892.681,15894.22,15903.822,15913.94,15925.486,15935.468,15936.246,15937.896,15940.915,15943.883,15945.167,15951.808,15956.557,15960.787,15963.489,15968.288,15985.957,15986.982,15993.965,15996.85,16001.592,16009.617,16016.062,16023.104,16024.979,16032.075,16033.658,16036.158,16037.097,16037.774,16039.21,16041.511,16042.891,16044.894,16048.274,16055.089,16061.122,16064.623,16065.198,16070.876,16082.729,16092.161,16098.974,16102.638,16104.451,16105.979,16109.169,16112.447,16114.32,16121.17,16129.347,16131.178,16152.597,16166.073,16176.203,16179.48,16184.466,16196.212,16205.43,16211.679,16212.872,16217.934,16220.05,16221.409,16227.519,16229.893,16231.703,16233.219,16234.991,16241.549,16242.587,16257.039,16262.915,16267.098,16271.611,16273.53,16279.629,16282.936,16284.75,16286.42,16292.588,16292.914,16299.752,16306.062,16307.139,16309.399,16311.748,16313.574,16322.646,16324.133,16333.59,16336.081,16337.496,16341.884,16348.732,16352.114,16353.761,16355.582,16356.581,16359.334,16361.86,16366.293,16367.646,16369.746,16372.327,16387.965,16390.053,16393.633,16395.111,16400.5,16403.322,16407.02,16413.016,16415.059,16418.215,16420.523,16421.768,16422.797,16426.92,16429.568,16432.121,16435.18,16445.754,16448.82,16450.443,16453.867,16459.463,16465.832,16468.738,16475.117,16478.58,16482.598,16487.068,16487.621,16488.535,16493.133,16495.852,16498.742,16503.607,16509.482,16516.762,16525.1,16530.238,16543.762,16545.385,16547.916,16548.951,16550.098,16551.613,16553.02,16556.754,16587.307,16591.711,16605.654,16608.324,16611.576,16613.592,16621.621,16632.086,16638.936,16642.977,16652.328,16658.816,16662.562,16665.193,16667.145,16670.184,16672.562,16685.66,16725.797,16734.631,16738.719,16746.309,16751.621,16766.889,16784.154,16792.014,16794.811,16803.273,16808.756,16812.838,16814.473,16818.648,16820.32,16821.768,16823.383,16830.705,16832.217,16834.504,16836.385,16839.516,16841.914,16844.965,16849.133,16851.199,16853.402,16856.486,16873.205,16873.924,16879.125,16882.754,16884.893,16888.305,16895.49,16898.189,16901.91,16911.34,16916.043,16920.854,16923.57,16928.955,16929.799,16931.158,16931.918,16932.836,16934.221,16936.123,16938.375,16940.246,16941.348,16943.316,16944.893,16953.926,16965.32,16971.893,16972.854,16979.17,16984.576,16990.445,17007.26,17032.766,17057.172,17067.094,17090.09,17099.361,17104.395,17106.303,17112.688,17118.613,17125.459,17132.441,17138.768,17148.717,17153.971,17165.527,17184.828,17192.996,17197.855,17209.74,17255,17284.865,17287.258,17291.189,17296.191,17299.189,17307.205,17313.062,17317.182,17321.086,17324.666,17328.992,17338.795,17345.086,17349.938,17353.385,17367.881,17371.648,17376.818,17379.912,17385.043,17387.127,17389.359,17392.459,17396.232,17397.123,17398.121,17418.668,17426.211,17438.123,17445.008,17456.684,17461.844,17470.324,17478.605,17488.572,17494.281,17503.348,17517.666,17531.016,17547.566,17548.785,17561.01,17561.74,17563.367,17565.062,17594.348,17645.543,17662.363,17676.805,17693.711,17708.684,17712.246,17714.014,17717.01,17723.9,17727.607,17734.18,17735.438,17751.021,17754.793,17762.428,17776.441,17779.465,17781.678,17791.996,17792.152,17793.195,17794.725,17803.047,17803.582,17821.07,17821.854,17824.062,17824.855,17826.607,17845.787,17859.436,17860.684,17880.324,17888.855,17900.174,17901.572,17902.824,17908.355,17954.787,17956.516,17959.785,17962.346,17965.43,17969.445,17972.371,17978.342,17979.74,17992.689,17996.676,18001.844,18017.859,18035.021,18036.736,18047.002,18047.561,18049.398,18050.896,18051.311,18054.697,18055.129,18055.564,18056.146,18056.877,18058.555,18059.547,18060.496,18061.318,18062.289,18062.852,18063.6,18064.506,18067.988,18069.516,18069.852,18070.883,18072.4,18081.084,18085.438,18089.746,18090.68,18103.301,18108.631,18112.77,18118.039,18119.701,18131.469,18133.336,18134.691,18136.893,18141.967,18148.195,18154.041,18155.828,18163.617,18168.025,18169.803,18171.33,18177.354,18181.861,18189.064,18208.258,18209.623,18227.352,18243.531,18247.336,18254.125,18271.373,18291.4,18308.52,18325.352,18334.75,18353.834,18363.602,18367.449,18375.125,18377.783,18382.512,18387.012,18388.32,18390.76,18392.16,18393.258,18394.766,18396.854,18404.699,18408.645,18413.754,18419.656,18426.285,18428.463,18430.389,18432.221,18433.951,18435.355,18437.248,18439.617,18440.268,18446.045,18446.898,18459.617,18460.992,18462.531,18487.467,18494.055,18505.021,18515.191,18516.613,18519.207,18522.312,18522.494,18524.186,18526.889,18537.865,18538.023,18551.432,18560.812,18561.471,18563.201,18569.213,18570.613,18580.197,18582.047,18587.461,18593.213,18596.889,18602.322,18608.637,18609.043,18625.711,18639.574,18643.27,18647.867,18652.844,18656.232,18657.211,18660.484,18664.434,18671.016,18677.072,18679.047,18689.59,18694.896,18709.939,18711.818,18716.459,18719.844,18725.354,18728.445,18729.248,18730,18731.273,18735.859,18738.762,18740.221,18742.174,18746.859,18748.412,18752.545,18755.037,18762.285,18768.713,18772.748,18778.381,18789.562,18798.793,18811.398,18846.48,18857.906,18859.898,18861.752,18862.066,18863.613,18866.896,18871.729,18883.205,18886.568,18889.875,18897.621,18903.012,18927.016,18932.434,18934.58,18937.061,18939.049,18942.154,18947.477,18949.113,18950.594,18954.062,18958.766,18959.664,18966.965,18980.457,18985.201,18989.002,18993.953,19022.414,19023.746,19024.635,19035.17,19043.426,19051.568,19054.104,19058.5,19063.32,19068.84,19071.777,19073.408,19075.119,19076.197,19078.42,19079.631,19081.457,19082.855,19084.158,19108.596,19110.492,19120.898,19123.631,19127.371,19128.717,19130.359,19130.766,19131.373,19135.143,19137.859,19146.266,19154.885,19160.725,19165.652,19182.178,19200.605,19210.49,19214.9,19223.646,19228.404,19229.949,19234.393,19235.379,19236.746,19242.225,19244.383,19259.129,19287.18,19287.547,19289.432,19299.822,19313.586,19314.996,19319.416,19329.127,19330.01,19330.602,19332.982,19334.004,19336.047,19336.773,19339.66,19344.113,19347.807,19353.064,19356.449,19362.939,19364.344,19369.949,19370.73,19371.43,19385.162,19390.789,19391.52,19394.656,19403.725,19408.387,19411.074,19413.932,19417.713,19419.352,19423.234,19426.695,19439.121,19454.184,19458.438,19460.477,19464.893,19469.318,19469.934,19470.342,19474.941,19475.512,19477.359,19480.068,19481.668,19485.027,19496.568,19502.031,19511.832,19512.82,19521.426,19532.504,19538.889,19543.543,19550.277,19551.129,19552.133,19553.73,19554.611,19554.906,19555.695,19559.41,19576.762,19584.904,19592.295,19596.111,19613.023,19613.416,19617.852,19619.266,19621.377,19623.512,19655.176,19657.92,19673.312,19681.379,19684.238,19690.863,19691.742,19700.533,19729.416,19763.135,19776.01,19777.865,19785.854,19793.973,19796.814,19798.801,19800.365,19830.055,19831.916,19837.752,19856.213,19859.598,19871.529,19883.613,19889.242,19890.75,19905.678,19907.23,19907.576,19919.455,19921.436,19927.742,19932.066,19937.219,19944.119,19954.703,19957.369,19960.014,19970.438,19975.947,19985.623,19986.881,19989.742,19993.58,19997.531,20012.273,20018.133,20020.473,20021.367,20036.258,20043.215,20046.406,20046.998,20047.889,20050.145,20051.207,20059.074,20062.332,20074.348,20080.328,20082.742,20086.176,20088.531,20092.797,20094.164,20120.383,20122.381,20127.158,20132.721,20150.418,20157.814,20162.893,20167.084,20176.688,20187.541,20192.721,20194.789,20205.318,20220.541,20228.613,20240.766,20242.352,20244.145,20247.232,20250.211,20251.998,20254.186,20257.012,20261.361,20264.109,20268.332,20273.34,20275.305,20300.881,20304.893,20305.625,20324.385,20336.584,20342.826,20347.07,20348.457,20351.732,20363.021,20375.684,20379.598,20383.051,20389.457,20393.703,20402.807,20404.453,20405.742,20406.957,20409.566,20410.963,20419.234,20429.99,20439.105,20448.039,20459.596,20460.68,20472.143,20474.855,20485.859,20495.443,20497.387,20501.365,20503.664,20507.07,20511.223,20520.053,20528.541,20529.02,20530.143,20538.625,20547.113,20548.115,20563.547,20568.41,20574.234,20575.24,20579.119,20583.457,20585.439,20588.062,20599.879,20600.547,20603.789,20604.697,20610.992,20611.703,20633.904,20640.602,20648.857,20656.039,20659.096,20663.062,20663.566,20664.723,20667.379,20676.227,20688.275,20691.309,20706.633,20708.285,20709.277,20710.104,20713.586,20714.582,20717.076,20720.406,20723.91,20725.578,20728.086,20743.826,20745.838,20750.367,20752.381,20754.562,20771.352,20773.535,20775.551,20780.926,20782.605,20784.453,20787.645,20788.316,20794.195,20796.715,20798.732,20800.748,20809.316,20813.852,20818.557,20825.277,20830.148,20848.629,20853.668,20870.301,20871.812,20873.326,20874.838,20884.246,20891.471,20898.527,20901.383,20902.895,20916,20923.055,20934.027,20940.643,20941.697,20952.07,20959,20963.455,20968.705,20978.807,20986.012,20990.504,21006.955,21019.707,21026.221,21037.365,21039.924,21047.701,21053.004,21062.424,21066.09,21070.766,21073.348,21077.291,21087,21095.637,21101.715,21106.773,21116.541,21120.916,21125.121,21133.191,21134.873,21137.395,21139.916,21146.471,21150.336,21153.023,21155.713,21159.41,21162.266,21164.787,21166.971,21168.314,21173.188,21182.932,21194.355,21196.373,21198.221,21199.732,21201.078,21212.67,21239.887,21247.109,21262.398,21307.217,21344.711,21360.754,21365.836,21370.963,21376.316,21421.719,21488.064,21495.18,21502.92,21509.438,21512.5,21516.23,21520.074,21525.148,21541.396,21542.924,21544.004,21548.102,21553.502,21558.672,21561.961,21568.932,21572.859,21580.787,21589.932,21592.312,21595.828,21597.967,21598.613,21603.518,21605.859,21609.682,21616.906,21625.457,21644.711,21656.623,21657.631,21662.164,21668.711,21672.742,21679.461,21681.309,21683.324,21690.141,21695.598,21719.443,21724.938,21745.885,21749.404,21749.953,21754.305,21757.875,21760.891,21781.145,21801.943,21804.52,21807.762,21811.68,21812.172,21815.111,21831.756,21837.705,21842.285,21850.369,21859.135,21860.162,21880.678,21885.318,21889.23,21892.574,21895.32,21897.715,21900.615,21902.252,21941.189,22022.625,22029.217,22030.904,22041.078,22043.738,22045.457,22046.783,22049.285,22050.271,22050.982,22052.709,22055.777,22066.264,22071.887,22080.006,22093.262,22100.021,22103.365,22114.574,22120.041,22123.084,22125.02,22133.91,22137.633,22141.76,22145.977,22148.846,22151.785,22152.512,22166.064,22168.33,22169.953,22171.746,22187.699,22205.035,22222.58,22232.195,22236.305,22240.264,22243.031,22245.119,22246.867,22248.914,22268.6,22286.459,22292.887,22307.771,22312.438,22318.746,22321.875,22330.945,22381.354,22389.289,22421.211,22437.318,22472.629,22495.705,22564.879,22594.518,22603.412,22609.084,22613.918,22620.053,22644.227,22649.822,22668.727,22777.82,22786.734,22815.109,22820.463,22822.674,22824.916,22825.889,22829.932,22835.184,22840.357,22842.461,22843.85,22845.242,22847.041,22852.076,22856.354,22878.146,22881.266,22889.623,22907.414,22908.566,22909.879,22913.658,22922.963,22929.902,22940.529,22945.781,22952.068,22962.578,22968.357,22974.15,22974.938,22985.885,22992.309,22992.58,23031.275,23042.094,23052.158,23064.611,23067.324,23070.373,23076.797,23080.934,23084.354,23091.557,23124.115,23132.83,23140.23,23142.219,23155.072,23157.432,23162.652,23172.639,23175.443,23179.166,23184.391,23187.635,23194.51,23199.508,23202.961,23205.07,23208.992,23209.482,23214.609,23217.924,23221.152,23224.699,23226.984,23228.684,23243.461,23246.691,23251.715,23258.312,23270.086,23279.889,23280.703,23281.621,23297.264,23307.863,23312.811,23321.918,23326.906,23329.334,23334.98,23344.379,23346.26,23355.359,23360.104,23379.475,23391.73,23400.906,23405.473,23412.566,23417.332,23422.789,23429.092,23431.809,23435.154,23448.039,23452.273,23475.07,23492.109,23502.883,23524.9,23533.459,23554.373,23568.176,23585.947,23594.703,23598.342,23601.275,23603.32,23611.51,23612.863,23613.619,23615.729,23617.283,23618.646,23621.4,23626.137,23627.838,23628.828,23632.094,23635.262,23636.354,23637.246,23640.537,23642.691,23644.496,23646.023,23647.807,23654.137,23657.762,23660.451,23665.307,23669.818,23680.533,23690.986,23732.438,23737.912,23740.676,23745.516,23748.633,23752.871,23754.713,23757.109,23758.484,23759.096,23769.576,23769.99,23785.527,23796.531,23799.389,23803.373,23814.359,23838.615,23840.037,23847.076,23850.975,23868.605,23879.236,23880.996,23882.748,23893.283,23901.086,23903.885,23914.383,23926.35,23954.449,23967.111,23977.701,23988.041,24000.539,24007.33,24012.998,24016.625,24020.129,24082.74,24102.18,24114.148,24123.525,24188.426,24217.361,24251.711,24263.602,24270.117,24281.5,24285.627,24291.438,24298.781,24303.422,24308.234,24327.338,24331.693,24333.227,24339.035,24355.67,24376.006,24399.258,24407.322,24421.926,24436.898,24446.598,24462.016,24464.258,24476.445,24477.021,24488.117,24504.371,24507.215,24524.354,24528.375,24535.994,24546.207,24564.396,24569.127,24574.674,24580.127,24591.65,24597.146,24601.445,24604.379,24607.15,24609.621,24613.381,24617.713,24623.693,24629.896,24639.518,24653.059,24677.65,24700.904,24735.646,24744.537,24752.57,24761.592,24769.973,24785.467,24823.174,24833.295,24842.656,24846.678,24853.139,24857.867,24858.668,24866.273,24906.803,24913.578,24922.332,24929.363,24937.025,24953.883,25025.564,25027.256,25030.498,25040.533,25048.693,25050.406,25052.053,25053.416,25054.689,25057.08,25057.699,25058.629,25059.436,25061.174,25065,25066.334,25068.836,25115.754,25135.65,25138.062,25153.303,25167.844,25174.967,25176.688,25197.996,25202.176,25211.408,25214.465,25218.844,25224.15,25227.713,25229.461,25237.869,25245.475,25247.885,25258.908,25264.705,25269.566,25271.467,25278.746,25279.596,25280.184,25281.711,25282.955,25284.889,25289.215,25290.666,25292.236,25298.672,25299.537,25301.926,25302.475,25316.121,25318.342,25328.342,25337.656,25340.779,25347.617,25353.34,25362.348,25365.217,25369.146,25371.719,25377.139,25383.469,25386.199,25389.436,25390.086,25392.857,25394.24,25395.945,25397.979,25402.895,25407.236,25411.891,25414.631,25422.293,25427.273,25430.76,25432.717,25434.877,25440.572,25443.33,25453.738,25453.883,25455.77,25457.096,25459.035,25467.404,25469.783,25473.008,25475.896,25477.148,25479.619,25484.371,25507.74,25539.373,25544.229,25549.648,25552.471,25554.557,25557.777,25562.279,25564.488,25565.959,25567.322,25569.275,25575.094,25581.57,25594.082,25602.113,25611.537,25617.865,25621.621,25624.514,25634.676,25636.801,25640.412,25646.898,25652.01,25656.906,25662.352,25664.57,25668.109,25692.73,25702.33,25711.48,25713.432,25721.91,25730.049,25736.398,25746.629,25750.889,25752.539,25756.598,25767.289,25771.428,25772.787,25774.926,25776.934,25780.535,25798.652,25804.762,25807.082,25831.449,25869.375,25874.414,25878.949,25882.309,25885.668,25889.531,25893.229,25896.588,25901.627,25918.428,25922.963,25927.164,25935.061,25949.676,25964.965,25968.828,25972.26,25983.139,25986.115,25988.695,25991.16,25994.6,25998.727,26002.832,26012.01,26020.148,26035.57,26042.586,26049.117,26053.676,26063.209,26068.379,26072.846,26091.688,26099.277,26105.58,26110.473,26115.285,26125.744,26153.262,26201.711,26228.08,26232.75,26237.094,26242.164,26248.525,26254.25,26263.486,26273.748,26279.232,26284.883,26290.389,26293.102,26296.775,26299.551,26302.248,26305.479,26308.801,26311.982,26316.902,26322.283,26328.916,26336.357,26362.562,26368.252,26373.518,26380.223,26387.184,26395.369,26401.494,26433.764,26438.064,26445.02,26453.246,26463.445,26472.703,26477.852,26483.061,26493.105,26498.248,26502.742,26506.076,26512.885,26516.953,26521.656,26526.432,26530.766,26534.309,26538.775,26554.086,26558.5,26562.158,26566.49,26572.328,26577.602,26581.826,26588.373,26591.73,26595.029,26600.035,26604.682,26609.926,26628.441,26662.672,26692.887,26740.984,26746.211,26762.809,26766.395,26771.838,26774.723,26775.971,26778.787,26782.33,26785.605,26787.59,26791.461,26796.391,26798.688,26802.734,26815.02,26829.396,26853.461,26871.297,26894.691,26898.379,26915.555,26916.783,26918.367,26920.518,26921.971,26923.871,26926.479,26929.641,26932.555,26934.98,26936.018,26937.771,26939.191,26941.242,26942.379,26943.67,26946.211,26948.891,26950.814,26953.684,26956.215,26961.816,26969.012,26971.014,26972.875,26975.736,26979.07,26981.83,26984.396,26985.852,26987.418,26988.762,26991.268,26999.949,27009.232,27011.35,27018.752,27019.799,27022.23,27023.043,27031.699,27057.32,27075.494,27081.969,27095.406,27100.258,27103.918,27107.098,27111.355,27122.828,27124.24,27145.809,27154.574,27156.521,27176.027,27181.984,27192.334,27192.848,27195.943,27198.633,27201.453,27204.188,27207.883,27214.451,27219.84,27227.783,27228.508,27238.004,27240.135,27248.033,27254.789,27255.926,27258.355,27270.762,27272.135,27273.262,27277.822,27279.707,27299.461,27302.592,27308.707,27338.355,27357.035,27376.566,27378.561,27379.293,27381.84,27383.078,27384.531,27385.641,27404.656,27408.01,27410.191,27411.701,27414.078,27417.121,27420.779,27421.525,27429.031,27439.385,27450.525,27451.451,27452.471,27453.58,27454.783,27456.191,27457.49,27462.396,27480.078,27493.955,27494.305,27495.523,27495.871,27502.078,27503.158,27509.252,27513.91,27519.848,27530.936,27553.756,27570.615,27572.326,27574.438,27586.518,27591.402,27604.486,27610.104,27622.582,27627.32,27628.861,27634.32,27638.455,27642.656,27655.365,27660.68,27661.402,27664.645,27668.725,27671.436,27675.094,27682.785,27692.475,27700.096,27704.092,27704.875,27707.355,27708.371,27716.143,27721.316,27728.977,27732.309,27749.352,27760.32,27764.6,27776.148,27780.205,27784.254,27789.008,27793.783,27796.428,27799.527,27799.959,27808.465,27815.301,27821.1,27824.9,27830.959,27840.539,27841.631,27849.453,27854.969,27862.609,27870.562,27876.17,27880.57,27886.438,27892.93,27908.082,27916.102,27924.324,27926.145,27934.555,27936.164,27937.611,27964.467,27982.672,27996.52,28002.891,28005.789,28009.48,28033.299,28037.029,28045.047,28051.6,28053.447,28056.975,28073.029,28082.014,28084.576,28087.254,28089.234,28091.133,28094.381,28095.9,28104.201,28110.75,28111.32,28115.938,28125.736,28129.354,28129.713,28135.27,28142.32,28143.434,28144.279,28145.086,28154.207,28157.568,28161.172,28166.604,28172.189,28173.613,28176.383,28182.057,28184.48,28186.568,28188.768,28191.762,28193.66,28199.539,28200.619,28201.527,28205.717,28206.83,28207.914,28216.59,28223.232,28227.109,28228.826,28230.137,28233.217,28235.338,28245.553,28249.82,28252.395,28268.023,28273.387,28279.475,28285.863,28289.201,28291.373,28302.045,28325.08,28328.027,28330.908,28346.082,28353.021,28361.18,28378.33,28381.445,28384.15,28412.955,28442.572,28447.186,28453.309,28461.406,28464.797,28467.693,28483.516,28484.123,28487.625,28495.516,28498.717,28504.135,28509.285,28511.275,28514.188,28539.191,28551.719,28563.037,28582.619,28586.811,28593.355,28598.391,28602.252,28606.617,28611.992,28620.725,28627.107,28647.771,28651.803,28655.834,28670.07,28693.594,28698.051,28701.094,28703.926,28706.59,28709.158,28719.395,28722.367,28730.189,28735.713,28738.66,28741.783,28747.732,28750.387,28753.047,28762.977,28767.717,28771.068,28776.303,28778.391,28850.875,28893.227,28903.488,28905.676,28910.551,28916.266,28925.402,28928.549,28936.24,28938.023,28940.793,28956.307,28971.342,28975.801,28985.318,29008.326,29029.029,29039.207,29042.088,29049.406,29058.982,29066.553,29079.252,29091.951,29103.436,29113.283,29123.145,29136.455,29146.223,29158.506,29170.512,29176.027,29181.65,29196.691,29218.562,29258.967,29273.113,29299.727,29329.441,29336.477,29344.707,29348.604,29353.625,29358.568,29371.334,29371.713,29376.904,29390.127,29400.336,29417.549,29437.17,29439.432,29465.789,29509.002,29545.949,29552.975,29556.375,29561.943,29564.465,29566.213,29568.291,29570.518,29573.609,29577.434,29581.021,29583.105,29607.771,29612.461,29629.428,29638.18,29652.775,29666.791,29675.023,29679.182,29683.502,29695.945,29705.426,29710.211,29715.578,29718.416,29731.428,29740.312,29752.932,29764.98,29768.426,29772.561,29776.988,29787.809,29803.793,29817.086,29827.59,29844.209,29846.154,29849.963,29855.076,29855.797,29865.467,29875.852,29887.145,29895.375,29896.242,29904.076,29904.613,29911.201,29922.109,29933.83,29935.666,29957.018,29961.299,29962.473,29980.521,29982.756,29983.881,30004.756,30009.008,30011.725,30013.969,30016.107,30034.354,30036.324,30041.381,30046.133,30051.078,30054.854,30064.232,30079.105,30098.342,30116.838,30142.562,30148.938,30153.592,30162.369,30178.018,30195.627,30241.15,30245.66,30266.52,30282.51,30292.615,30294.184,30296.025,30314.316,30329.109,30334.734,30340.486,30354.336,30370.271,30388.33,30405.375,30427.018,30442.561,30484.4,30485.758,30486.484,30488.137,30489.879,30496.162,30501.463,30506.236,30512.455,30524.338,30534.338,30537.275,30556.773,30557.855,30567.807,30571.58,30575.631,30581.426,30596.727,30600.516,30623.381,30641.43,30646.672,30664.199,30668.07,30689.875,30717.041,30728.434,30740.984,30746.131,30762.861,30785.672,30789.332,30796.33,30799.543,30829.662,30843.725,30848.467,30865.137,30928.471,30943.293,30980.236,30984.234,30989.342,31067.107,31077.367,31085.984,31133.766,31167.957,31172.836,31175.098,31177.508,31178.914,31183.922,31185.314,31188.18,31191.367,31207.992,31219.281,31222.424,31245.225,31258.645,31314.984,31318.879,31343.631,31346.74,31365.619,31370.066,31376.898,31383.045,31392.594,31405.578,31422.436,31431.055,31437.025,31453.154,31496.184,31560.875,31592.725,31617.912,31630.877,31638.229,31641.207,31642.887,31644.166,31649.047,31650.727,31652.529,31655.035,31657.094,31668.117,31674.074,31676.395,31678.668,31680.107,31683.146,31684.588,31685.707,31687.307,31688.908,31690.348,31691.707,31693.08,31694.602,31696.201,31703.883,31707.088,31708.906,31710.426,31712.826,31714.586,31716.348,31717.947,31719.707,31721.227,31722.426,31726.906,31731.947,31734.107,31735.547,31736.826,31738.188,31739.787,31741.145,31742.645,31745.371,31747.131,31749.451,31750.65,31752.135,31756.055,31758.936,31761.414,31763.254,31765.73,31772.869,31774.686,31779.393,31781.373,31783.252,31785.652,31787.412,31790.051,31792.371,31794.883,31798.346,31799.783,31801.414,31802.777,31805.123,31812.844,31816.363,31821,31833.66,31844.018,31853.266,31858.057,31877.357,31885.729,31891.342,31912.055,31932.877,31937.062,31941.275,31944.27,31946.904,31950.959,31961.348,31967.281,31981.977,31984.986,31985.35,31986.705,31987.752,32001.771,32004.695,32006.424,32009.451,32020.67,32024.418,32026.865,32030.691,32033.926,32038.557,32042.303,32048.818,32053.133,32055.045,32067.547,32068.611,32071.531,32072.891,32086.465,32091.957,32095.951,32098.854,32103.08,32106.881,32116.814,32120.984,32124.875,32130.297,32136.168,32139.686,32144.197,32148.881,32151.67,32154.648,32157.25,32159.99,32173.135,32174.551,32176.471,32183.906,32186.668,32192.717,32198.039,32199.207,32203.684,32205.521,32209.521,32211.396,32215.316,32230.832,32236.621,32251.662,32259.863,32262.844,32266.365,32271.248,32288,32289.398,32291.141,32292.012,32292.531,32298.732,32300.211,32308.586,32312.559,32317.887,32319.752,32339.145,32344.34,32349.91,32354.199,32356.184,32361.463,32366.27,32372.043,32374,32374.887,32378.582,32378.744,32381.191,32385.619,32386.711,32389.6,32400.76,32405.701,32411.52,32414.078,32414.248,32418.586,32426.605,32430.465,32435.012,32439.242,32454.859,32474.506,32482.242,32482.785,32493.246,32503.945,32506.91,32511.104,32519.596,32526.264,32541.881,32549.711,32549.914,32551.523,32551.723,32557.078,32559.051,32562.746,32572.238,32572.822,32580.34,32580.844,32591.418,32592.98,32597.215,32601.084,32610.109,32626.373,32630.039,32667.189,32704.404,32705.523,32720.311,32721.043,32744.869,32754.018,32760.082,32794.152,32807.996,32812.195,32831.746,32838.312,32850.762,32886.742,32893.172,32905.391,32918.176,32939.262,32972.234,32979.176,33005.23,33020.062,33047.387,33056.895,33057.086,33090.891,33104.488,33112.852,33122.211,33129.191,33130.828,33132.836,33134.922,33136.746,33137.223,33178.074,33178.777,33194.043,33196.137,33203.25,33212.676,33241.102,33243.77,33247.336,33259.676,33271.777,33276.625,33285.336,33302.746,33305.215,33320.941,33321.273,33323.582,33323.938,33330.262,33332.445,33352.281,33371.184,33382.973,33387.219,33390.719,33396.035,33397.211,33406.789,33409.969,33414.715,33422.594,33436.773,33449.922,33452.496,33487.902,33495.066,33495.242,33499.465,33499.812,33517.359,33517.797,33521.41,33530.527,33550.828,33556.988,33560.234,33577.242,33595.797,33617.691,33631.832,33636.969,33644.965,33647.207,33651.496,33654.066,33659.758,33669.938,33679.719,33685.785,33689.082,33695.535,33703.488,33707.445,33715.477,33724.477,33743.211,33756.637,33775.867,33778.629,33781.727,33786.996,33797.367,33810.406,33841.414,33846.371,33895.387,33916.621,33991.359,34000.309,34006.969,34009.562,34012.668,34018.207,34043.949,34049.375,34053.469,34059.277,34066.152,34077.32,34085.98,34094.469,34116.617,34127.402,34136.828,34142.301,34156.344,34173.242,34181.387,34184.711,34190.324,34193.766,34196.004,34207.277,34222.492,34241.297,34286.219,34296.629,34312.391,34321.562,34330.191,34337.094,34343.156,34359.652,34386.133,34389.312,34392.68,34397.203,34425.121,34486.527,34507.973,34519.312,34534.52,34560.102,34609.301,34623.188,34628.77,34633.934,34636.543,34638.77,34640.695,34647.484,34649.996,34653.109,34653.711,34654.316,34655.125,34659.676,34674.367,34675.949,34684.918,34686.25,34687.5,34688.695,34690.629,34693.918,34697.551,34705.516,34710.773,34717.742,34725.461,34728.141,34731.211,34741.805,34751.527,34753.254,34755.746,34758.945,34760.395,34763.41,34765.918,34775.59,34779.121,34782.699,34786.234,34789.391,34806.09,34806.945,34811.551,34811.844,34812.77,34812.902,34816.293,34823.469,34829,34831.719,34844.555,34878.262,34882.422,34886.176,34899.57,34902.203,34913.551,34916.754,34921.855,34945.199,34965.684,34975.895,34987.227,35004.219,35026.438,35027.754,35041.473,35048.047,35055.578,35062.832,35066.648,35067.027,35073.266,35074.059,35077.336,35078.992,35081.547,35086.652,35088.785,35091.688,35093.969,35094.406,35101.574,35102.688,35107.051,35110.262,35113.145,35117.008,35119.414,35121.91,35123.68,35124.609,35125.758,35142.082,35149.895,35158.043,35164.605,35180.723,35190.496,35193.746,35199.516,35200.586,35203.906,35210.27,35214.547,35217.035,35217.977,35224.777,35228.461,35230.164,35238.156,35264.281,35267.617,35274.699,35291.461,35292.59,35293.559,35297.77,35306.773,35316.152,35325.902,35330.668,35339.91,35351.914,35354.48,35357.168,35364.316,35370.844,35374.918,35387.262,35406.285,35414.434,35418.492,35424.965,35435.723,35442.664,35445.473,35461.117,35471.387,35477.105,35484.77,35499.34,35501.773,35504.223,35511.906,35520.754,35523.531,35526.109,35527.781,35530.543,35531.477,35533.523,35534.496,35536.73,35537.371,35541.551,35544.414,35548.379,35552.035,35555.445,35565.172,35566.461,35575.832,35578.48,35580.02,35581.812,35583.668,35584.984,35585.711,35589.32,35590.797,35597.312,35603.332,35608.191,35608.664,35615.727,35616.473,35619.918,35624,35626.027,35629.801,35634.699,35643.445,35644.211,35651.953,35671.215,35679.258,35684.594,35686.883,35690.051,35709.324,35749.867,35755.402,35759.359,35773.613,35797.891,35845.875,35887.5,35956.07,35972.605,36004.477,36058.598,36064.578,36094.152,36106.992,36113.863,36125.746,36133.676,36139.5,36147.527,36199.973,36210.383,36215.316,36221.359,36228.496,36234.859,36242.277,36253.859,36260.434,36322.855,36326.508,36329.75,36333.371,36337.426,36338.812,36340.57,36354.688,36427.105,36457.453,36462.789,36470.012,36472.727,36477.25,36500.668,36503,36506.34,36513.195,36528.777,36535.32,36564.707,36608.051,36611.41,36612.082,36613.426,36619.137,36630.023,36631,36632.301,36634.301,36636.633,36646.848,36658.777,36668.312,36703.898,36743.09,36764.207,36776.305,36777.828,36790.441,36796.031,36822.555,36854.723,36861.227,36864.734,36865.742,36868.379,36868.527,36874.859,36891.25,36914.066,36930.988,36951.316,36955.211,36971.555,36985.32,36988.605,36993.633,37014.211,37014.801,37023.074,37024.043,37035.059,37055.992,37075.336,37102.84,37106.391,37125.664,37136.699,37146.383,37154.969,37164.688,37167.219,37175.914,37193.441,37203.914,37210.582,37212.125,37213.578,37216.859,37219.992,37224.723,37234.789,37241.656,37243.406,37245.137,37256.41,37267.824,37275.941,37276.484,37278.859,37287.254,37292.844,37296.898,37308.109,37309.387,37319.191,37322.047,37324.109,37334.465,37339.797,37345.809,37347.77,37351.129,37352.359,37353.938,37368.504,37375.758,37378.984,37381.297,37383.238,37385.168,37387.035,37389.07,37401.086,37402.398,37402.73,37407.309,37408.02,37427.238,37446.125,37456.344,37465.82,37472.719,37497.438,37510.98,37511.668,37513.555,37519.527,37521.227,37526.492,37531.906,37532.922,37542.875,37547.578,37552.027,37562.605,37570.367,37577.711,37583.277,37595.102,37601.918,37605.43,37614.355,37627.453,37629.539,37646.305,37666.578,37667.625,37674.469,37684.684,37686.859,37696.859,37699,37709.777,37718.535,37724.719,37733.609,37738.098,37758.629,37773.32,37789.863,37804.164,37819.637,37833,37844.828,37849.059,37850.57,37866.215,37867.469,37871.805,37874.516,37879.047,37889.043,37891.266,37892.801,37910.34,37916.059,37916.992,37924.613,37928.547,37932.465,37937.996,37940.441,37950.531,37957.816,37960.012,37968.215,37978.902,37986.559,37990.93,37999.031,38000.051,38006.461,38014.648,38024.637,38037.445,38044.414,38045.543,38053.602,38059.398,38061.449,38066.215,38070.516,38072.109,38075.242,38077.312,38085.875,38087.758,38095.582,38103.938,38117.387,38121.527,38122.461,38125.918,38128.645,38133.375,38138.723,38143.77,38149.297,38152.887,38169.777,38172.297,38179.559,38193.805,38195.352,38202.012,38208.852,38213.062,38220.113,38225.242,38229.266,38233.02,38239.102,38244.016,38247.148,38255.539,38264.781,38270.391,38273.816,38279.094,38284.531,38285.832,38287.027,38292.156,38292.734,38304.574,38311.332,38327.34,38328.883,38338.445,38357.547,38360.656,38385.914,38409.309,38418.285,38423.316,38451.289,38472.188,38488.68,38512.23,38528.293,38559.566,38621.301,38720.539,38754.559,38764.051,38767.836,38770.125,38779.25,38785.859,38789.676,38794.836,38798.059,38799.594,38801.559,38806.684,38810.754,38811.246,38815.43,38824.738,38834.223,38843.461,38862.672,38865.152,38877.074,38887.488,38896.391,38900.609,38903.918,38908.648,38917.086,38922.754,38927.676,38930.66,38931.551,38937.516,38943.207,38946.246,38954.879,38961.148,38964.781,38968.375,38976.848,38981.242,38984.371,38997.656,39002.203,39004.527,39006.633,39014.094,39019.398,39024.102,39028.336,39038.598,39047.91,39051.84,39062.969,39066.371,39068.516,39088.75,39089.879,39090.484,39113.242,39116.715,39123.637,39127.242,39130.984,39135.762,39138.758,39141.023,39142.977,39143.672,39144.543,39146.211,39149.531,39153.648,39168.879,39186.543,39193.488,39204.172,39214.277,39221.953,39233.176,39242.973,39264.703,39275.172,39290.012,39293.234,39314.098,39322.582,39328.445,39332.633,39333.367,39338.965,39341.316,39364.207,39366.629,39377.676,39383.727,39394.855,39402.5,39411.332,39412.555,39417.578,39428.379,39442.402,39450.316,39453.684,39461.926,39464.781,39484.426,39493.277,39498.895,39503.184,39508.723,39516.383,39524.113,39526.91,39530.336,39550.281,39555.367,39557.453,39566.484,39573.711,39582.938,39597.781,39619.043,39639.898,39648.242,39650.93,39660.543,39663.766,39667.562,39685.582,39716.641,39796.949,39807.547,39811.039,39819.086,39894.918,39903.883,39908.004,39917.996,39923.809,39943.305,39958.023,39960.52,39967.703,39968.957,39975.484,39989.312,39995.242,39997.016,39999.48,40020.648,40023.934,40028.102,40035.98,40037.57,40047.402,40055.215,40059.793,40061.145,40062.539,40065.492,40069.211,40071.258,40073.82,40078.059,40079.527,40081.234,40083.105,40085.703,40087.211,40088.188,40088.766,40093.465,40094.211,40096.773,40110.25,40115.969,40127.023,40128.746,40129.285,40145.898,40165.32,40167.172,40179.871,40192.055,40192.188,40193.391,40193.527,40193.934,40194.207,40228.098,40228.762,40249.629,40252.023,40253.422,40255.469,40256.359,40271.859,40276.691,40281.016,40290.211,40294.086,40296.125,40296.758,40315.309,40324.562,40326.75,40328.094,40333.266,40337.203,40340.691,40346.633,40350.555,40352.875,40355.098,40356.371,40359.41,40363.516,40369.453,40369.961,40373.922,40377.516,40383.359,40387.445,40391.363,40393.961,40396.918,40404.578,40410.199,40415.656,40419.715,40425.34,40427.047,40434.605,40442.312,40442.859,40471.695,40478.863,40496.078,40515.691,40536.742,40541.078,40546.301,40565.125,40569.09,40574.461,40578.184,40584.809,40619.133,40623.414,40628.266,40630.434,40633.5,40638.332,40642.82,40645.352,40647.418,40656.055,40668.469,40692.32,40704.555,40724.973,40745.594,40756.676,40776.363,40785.754,40793.594,40802.578,40803.992,40821.172,40843.91,40861.656,40863.758]
      },
      "geometry": {
        "type": "LineString",
        "coordinates": [
          [134.54998, 34.06299, 7.25],
          [134.54997, 34.06279, 7.5],
          [134.54970, 34.06286, 6.75],
          [134.54939, 34.06294, 6.0],
          [134.54943, 34.06356, 6.75],
          [134.54943, 34.06367, 7.25],
          [134.54944, 34.06378, 7.5],
          [134.54948, 34.06465, 9.0],
          [134.54949, 34.06482, 9.25],
          [134.54949, 34.06492, 9.5],
          [134.54950, 34.06501, 9.5],
          [134.54955, 34.06584, 10.0],
          [134.54961, 34.06613, 10.75],
          [134.54976, 34.06681, 11.75],
          [134.54980, 34.06697, 11.5],
          [134.54985, 34.06713, 11.25],
          [134.54997, 34.06749, 10.75],
          [134.55011, 34.06797, 12.25],
          [134.55017, 34.06817, 12.75],
          [134.55024, 34.06833, 13.0],
          [134.55043, 34.06850, 11.25],
          [134.55066, 34.06871, 9.5],
          [134.55099, 34.06901, 7.75],
          [134.55100, 34.06902, 7.75],
          [134.55112, 34.06913, 7.25],
          [134.55118, 34.06919, 7.25],
          [134.55126, 34.06931, 7.5],
          [134.55134, 34.06942, 7.5],
          [134.55173, 34.07003, 7.75],
          [134.55192, 34.07034, 7.75],
          [134.55207, 34.07058, 7.75],
          [134.55232, 34.07112, 8.0],
          [134.55248, 34.07144, 8.0],
          [134.55260, 34.07166, 8.25],
          [134.55265, 34.07174, 8.5],
          [134.55282, 34.07169, 9.0],
          [134.55305, 34.07161, 10.0],
          [134.55326, 34.07156, 10.75],
          [134.55346, 34.07153, 10.75],
          [134.55366, 34.07151, 10.0],
          [134.55388, 34.07150, 9.25],
          [134.55413, 34.07151, 8.5],
          [134.55664, 34.07163, 3.0],
          [134.55675, 34.07168, 3.25],
          [134.55681, 34.07172, 3.25],
          [134.55686, 34.07179, 3.5],
          [134.55687, 34.07183, 3.75],
          [134.55689, 34.07203, 4.25],
          [134.55690, 34.07209, 4.5],
          [134.55691, 34.07218, 4.75],
          [134.55699, 34.07278, 6.25],
          [134.55703, 34.07312, 7.25],
          [134.55705, 34.07325, 7.5],
          [134.55707, 34.07338, 7.75],
          [134.55719, 34.07438, 8.25],
          [134.55722, 34.07470, 8.5],
          [134.55731, 34.07537, 7.25],
          [134.55737, 34.07584, 5.75],
          [134.55740, 34.07604, 5.25],
          [134.55746, 34.07633, 4.75],
          [134.55747, 34.07639, 4.5],
          [134.55753, 34.07655, 4.25],
          [134.55766, 34.07691, 4.0],
          [134.55769, 34.07696, 4.0],
          [134.55780, 34.07726, 4.25],
          [134.55789, 34.07752, 4.25],
          [134.55788, 34.07768, 4.5],
          [134.55788, 34.07784, 4.5],
          [134.55820, 34.07842, 5.0],
          [134.55829, 34.07856, 5.0],
          [134.55874, 34.07938, 3.75],
          [134.55897, 34.07975, 3.5],
          [134.55947, 34.08055, 3.5],
          [134.55957, 34.08072, 3.25],
          [134.55983, 34.08071, 3.25],
          [134.55995, 34.08071, 3.25],
          [134.56002, 34.08070, 3.25],
          [134.56022, 34.08094, 2.75],
          [134.56073, 34.08149, 3.5],
          [134.56091, 34.08165, 4.25],
          [134.56108, 34.08179, 5.0],
          [134.56148, 34.08210, 5.25],
          [134.56173, 34.08229, 5.0],
          [134.56235, 34.08266, 4.75],
          [134.56298, 34.08304, 4.25],
          [134.56300, 34.08305, 4.25],
          [134.56322, 34.08320, 4.0],
          [134.56325, 34.08322, 4.0],
          [134.56346, 34.08337, 4.0],
          [134.56354, 34.08343, 4.0],
          [134.56374, 34.08360, 4.0],
          [134.56390, 34.08374, 4.25],
          [134.56431, 34.08417, 4.75],
          [134.56445, 34.08434, 4.75],
          [134.56483, 34.08488, 4.75],
          [134.56502, 34.08518, 4.5],
          [134.56653, 34.08743, 2.75],
          [134.56860, 34.09057, 0.75],
          [134.57099, 34.09414, -1.75],
          [134.57107, 34.09427, -1.75],
          [134.57101, 34.09430, -2.25],
          [134.57046, 34.09457, 0.0],
          [134.57027, 34.09472, 1.25],
          [134.57011, 34.09491, 2.5],
          [134.57001, 34.09511, 2.5],
          [134.56991, 34.09537, 1.75],
          [134.56986, 34.09544, 1.5],
          [134.56999, 34.09562, 1.25],
          [134.57014, 34.09585, 1.25],
          [134.57021, 34.09595, 1.5],
          [134.57029, 34.09602, 2.0],
          [134.57039, 34.09607, 2.0],
          [134.57076, 34.09619, 2.25],
          [134.57082, 34.09624, 2.5],
          [134.57105, 34.09642, 2.25],
          [134.57113, 34.09655, 2.0],
          [134.57138, 34.09690, 1.5],
          [134.57165, 34.09720, 1.0],
          [134.57185, 34.09753, 1.25],
          [134.57207, 34.09784, 1.75],
          [134.57211, 34.09788, 1.75],
          [134.57217, 34.09812, 2.25],
          [134.57227, 34.09835, 2.5],
          [134.57234, 34.09856, 2.25],
          [134.57234, 34.09906, 1.75],
          [134.57239, 34.09915, 1.75],
          [134.57247, 34.09929, 1.75],
          [134.57242, 34.09955, 1.75],
          [134.57252, 34.10010, 2.0],
          [134.57248, 34.10024, 2.0],
          [134.57218, 34.10051, 1.75],
          [134.57228, 34.10108, 2.5],
          [134.57231, 34.10145, 2.5],
          [134.57235, 34.10167, 2.75],
          [134.57269, 34.10272, 0.75],
          [134.57285, 34.10330, 0.25],
          [134.57290, 34.10333, 0.25],
          [134.57292, 34.10336, 0.5],
          [134.57293, 34.10341, 0.5],
          [134.57297, 34.10389, 1.0],
          [134.57297, 34.10419, 1.5],
          [134.57292, 34.10500, 3.25],
          [134.57286, 34.10529, 3.5],
          [134.57284, 34.10535, 3.5],
          [134.57271, 34.10557, 3.25],
          [134.57191, 34.10655, 3.25],
          [134.57144, 34.10699, 3.0],
          [134.57130, 34.10707, 3.0],
          [134.57110, 34.10713, 3.0],
          [134.57092, 34.10721, 3.0],
          [134.57064, 34.10728, 2.75],
          [134.57084, 34.10777, 3.25],
          [134.57097, 34.10808, 3.75],
          [134.57124, 34.10867, 3.5],
          [134.57130, 34.10881, 3.25],
          [134.57146, 34.10903, 3.0],
          [134.57158, 34.10914, 2.75],
          [134.57163, 34.10918, 2.75],
          [134.57198, 34.10939, 2.25],
          [134.57231, 34.10960, 2.0],
          [134.57308, 34.11007, 1.25],
          [134.57323, 34.11019, 1.25],
          [134.57332, 34.11030, 1.25],
          [134.57345, 34.11053, 1.25],
          [134.57347, 34.11057, 1.25],
          [134.57348, 34.11059, 1.25],
          [134.57354, 34.11070, 1.5],
          [134.57357, 34.11075, 1.5],
          [134.57364, 34.11087, 1.5],
          [134.57382, 34.11109, 1.25],
          [134.57399, 34.11134, 1.0],
          [134.57435, 34.11210, 2.0],
          [134.57436, 34.11218, 2.25],
          [134.57439, 34.11234, 2.5],
          [134.57450, 34.11286, 2.5],
          [134.57455, 34.11314, 2.0],
          [134.57463, 34.11341, 1.75],
          [134.57465, 34.11346, 1.75],
          [134.57471, 34.11355, 1.5],
          [134.57491, 34.11395, 1.25],
          [134.57500, 34.11431, 1.0],
          [134.57499, 34.11468, 1.5],
          [134.57496, 34.11603, 1.75],
          [134.57495, 34.11637, 1.25],
          [134.57488, 34.11679, 1.0],
          [134.57487, 34.11686, 1.0],
          [134.57483, 34.11709, 1.0],
          [134.57482, 34.11717, 1.0],
          [134.57481, 34.11737, 1.0],
          [134.57486, 34.11801, 1.5],
          [134.57502, 34.11860, 1.75],
          [134.57508, 34.11889, 1.75],
          [134.57511, 34.11902, 1.75],
          [134.57513, 34.11913, 1.75],
          [134.57519, 34.11938, 1.25],
          [134.57521, 34.11950, 1.0],
          [134.57525, 34.11968, 0.5],
          [134.57541, 34.12008, 0.0],
          [134.57541, 34.12010, 0.0],
          [134.57543, 34.12028, 0.0],
          [134.57544, 34.12049, -0.25],
          [134.57546, 34.12079, -0.5],
          [134.57547, 34.12089, -0.25],
          [134.57549, 34.12098, -0.25],
          [134.57562, 34.12156, 0.0],
          [134.57565, 34.12169, 0.0],
          [134.57575, 34.12199, 0.0],
          [134.57597, 34.12263, 0.5],
          [134.57626, 34.12344, 2.5],
          [134.57632, 34.12365, 2.5],
          [134.57632, 34.12367, 2.5],
          [134.57636, 34.12379, 2.5],
          [134.57640, 34.12395, 2.75],
          [134.57644, 34.12404, 2.75],
          [134.57656, 34.12434, 2.75],
          [134.57658, 34.12439, 2.75],
          [134.57662, 34.12448, 2.75],
          [134.57663, 34.12462, 2.75],
          [134.57649, 34.12537, 3.0],
          [134.57641, 34.12584, 3.25],
          [134.57637, 34.12613, 2.5],
          [134.57636, 34.12618, 2.25],
          [134.57636, 34.12630, 2.0],
          [134.57660, 34.12686, 1.5],
          [134.57662, 34.12691, 1.5],
          [134.57667, 34.12709, 1.5],
          [134.57670, 34.12727, 1.25],
          [134.57672, 34.12768, 0.75],
          [134.57673, 34.12823, 0.25],
          [134.57673, 34.12827, 0.0],
          [134.57673, 34.12829, 0.0],
          [134.57676, 34.12920, 0.5],
          [134.57677, 34.12928, 0.5],
          [134.57690, 34.13144, 1.75],
          [134.57690, 34.13166, 1.75],
          [134.57689, 34.13180, 2.0],
          [134.57681, 34.13234, 2.0],
          [134.57680, 34.13246, 2.25],
          [134.57683, 34.13325, 1.5],
          [134.57844, 34.13323, 2.75],
          [134.57845, 34.13331, 2.75],
          [134.57870, 34.13412, 2.25],
          [134.57877, 34.13436, 2.25],
          [134.57896, 34.13499, 1.0],
          [134.57918, 34.13568, 0.0],
          [134.57929, 34.13573, 0.5],
          [134.57941, 34.13577, 0.75],
          [134.57959, 34.13578, 1.5],
          [134.57996, 34.13602, 3.0],
          [134.58089, 34.13667, 2.0],
          [134.58169, 34.13723, 2.25],
          [134.58228, 34.13775, 1.75],
          [134.58251, 34.13798, 1.25],
          [134.58274, 34.13820, 1.25],
          [134.58292, 34.13841, 1.5],
          [134.58305, 34.13859, 1.75],
          [134.58309, 34.13861, 1.75],
          [134.58313, 34.13865, 1.75],
          [134.58315, 34.13888, 2.0],
          [134.58324, 34.13914, 2.0],
          [134.58364, 34.14018, 0.0],
          [134.58380, 34.14079, -0.75],
          [134.58385, 34.14084, -0.5],
          [134.58407, 34.14119, 0.0],
          [134.58408, 34.14132, 0.25],
          [134.58427, 34.14210, 0.5],
          [134.58432, 34.14225, 0.25],
          [134.58466, 34.14283, -1.0],
          [134.58484, 34.14307, -1.5],
          [134.58500, 34.14322, -1.5],
          [134.58520, 34.14338, -1.0],
          [134.58536, 34.14352, -0.5],
          [134.58577, 34.14402, 0.75],
          [134.58586, 34.14412, 1.0],
          [134.58611, 34.14451, 0.0],
          [134.58638, 34.14489, -1.0],
          [134.58651, 34.14496, -1.5],
          [134.58662, 34.14505, -1.75],
          [134.58666, 34.14510, -1.75],
          [134.58697, 34.14549, -0.5],
          [134.58745, 34.14600, 0.75],
          [134.58760, 34.14618, 1.0],
          [134.58779, 34.14636, 1.0],
          [134.58799, 34.14660, 1.0],
          [134.58839, 34.14708, 1.25],
          [134.59003, 34.14806, 0.0],
          [134.59021, 34.14816, 0.0],
          [134.59032, 34.14826, 0.25],
          [134.59034, 34.14828, 0.25],
          [134.59052, 34.14855, -0.5],
          [134.59073, 34.14872, -0.75],
          [134.59103, 34.14893, -0.75],
          [134.59134, 34.14916, -0.75],
          [134.59181, 34.14943, -0.25],
          [134.59207, 34.14953, -0.25],
          [134.59230, 34.14962, -0.5],
          [134.59272, 34.14975, -0.25],
          [134.59321, 34.14989, 0.0],
          [134.59319, 34.15015, -0.5],
          [134.59309, 34.15157, 1.75],
          [134.59307, 34.15194, 2.5],
          [134.59306, 34.15203, 2.5],
          [134.59355, 34.15209, 2.5],
          [134.59372, 34.15208, 2.5],
          [134.59384, 34.15207, 2.75],
          [134.59387, 34.15244, 2.25],
          [134.59386, 34.15280, 2.0],
          [134.59383, 34.15305, 1.5],
          [134.59382, 34.15351, 0.75],
          [134.59377, 34.15409, -0.25],
          [134.59374, 34.15458, -0.25],
          [134.59371, 34.15488, -0.25],
          [134.59366, 34.15522, -0.5],
          [134.59353, 34.15618, -0.25],
          [134.59346, 34.15661, 0.0],
          [134.59341, 34.15706, -0.25],
          [134.59336, 34.15738, -0.75],
          [134.59336, 34.15751, -0.75],
          [134.59333, 34.15767, -0.75],
          [134.59328, 34.15784, -0.75],
          [134.59325, 34.15796, -0.75],
          [134.59320, 34.15819, -0.75],
          [134.59317, 34.15840, -0.75],
          [134.59316, 34.15877, 0.0],
          [134.59306, 34.15932, 1.0],
          [134.59306, 34.15946, 1.0],
          [134.59307, 34.15954, 1.0],
          [134.59314, 34.15970, 1.0],
          [134.59358, 34.16059, 1.5],
          [134.59392, 34.16134, 1.25],
          [134.59372, 34.16178, 0.5],
          [134.59370, 34.16187, 0.75],
          [134.59364, 34.16194, 0.75],
          [134.59494, 34.16303, 0.5],
          [134.59496, 34.16304, 0.5],
          [134.59504, 34.16311, 0.5],
          [134.59719, 34.16490, -1.25],
          [134.59725, 34.16495, -1.5],
          [134.59845, 34.16594, 0.75],
          [134.59940, 34.16672, 0.0],
          [134.59948, 34.16678, 0.0],
          [134.59961, 34.16689, 0.0],
          [134.59966, 34.16693, 0.0],
          [134.60079, 34.16788, 0.0],
          [134.60084, 34.16792, 0.0],
          [134.60114, 34.16818, 0.0],
          [134.60127, 34.16828, 0.0],
          [134.60180, 34.16871, 0.25],
          [134.60243, 34.16926, 0.75],
          [134.60314, 34.16983, 1.0],
          [134.60338, 34.17000, 1.0],
          [134.60358, 34.17012, 1.25],
          [134.60383, 34.17026, 1.5],
          [134.60382, 34.17030, 1.25],
          [134.60377, 34.17050, 0.75],
          [134.60355, 34.17046, 0.25],
          [134.60323, 34.17042, 0.0],
          [134.60281, 34.17041, 0.5],
          [134.60231, 34.17042, 1.0],
          [134.60188, 34.17045, 1.0],
          [134.60188, 34.17040, 1.0],
          [134.60185, 34.17021, 1.0],
          [134.60151, 34.16956, 0.5],
          [134.60112, 34.16982, 0.75],
          [134.60050, 34.17003, 0.75],
          [134.60009, 34.17018, -0.75],
          [134.60050, 34.17003, 0.75],
          [134.60112, 34.16982, 0.75],
          [134.60151, 34.16956, 0.5],
          [134.60185, 34.17021, 1.0],
          [134.60188, 34.17040, 1.0],
          [134.60188, 34.17045, 1.0],
          [134.60187, 34.17118, 1.5],
          [134.60184, 34.17150, 2.25],
          [134.60348, 34.17172, 1.0],
          [134.60314, 34.17272, 1.75],
          [134.60312, 34.17279, 1.75],
          [134.60310, 34.17286, 1.5],
          [134.60306, 34.17298, 1.5],
          [134.60304, 34.17303, 1.25],
          [134.60303, 34.17308, 1.25],
          [134.60299, 34.17320, 1.0],
          [134.60290, 34.17351, 1.0],
          [134.60287, 34.17364, 1.25],
          [134.60282, 34.17390, 1.5],
          [134.60276, 34.17427, 2.0],
          [134.60266, 34.17449, 2.25],
          [134.60265, 34.17453, 2.25],
          [134.60240, 34.17472, 2.75],
          [134.60206, 34.17490, 3.25],
          [134.60199, 34.17505, 3.5],
          [134.60191, 34.17520, 3.5],
          [134.60152, 34.17603, 6.75],
          [134.60148, 34.17608, 7.5],
          [134.60142, 34.17610, 8.5],
          [134.60120, 34.17649, 9.0],
          [134.60119, 34.17658, 8.25],
          [134.60118, 34.17711, 6.0],
          [134.60117, 34.17713, 6.0],
          [134.60113, 34.17720, 6.0],
          [134.60106, 34.17724, 6.25],
          [134.60102, 34.17728, 6.25],
          [134.60088, 34.17765, 5.25],
          [134.60083, 34.17780, 5.25],
          [134.60073, 34.17798, 5.75],
          [134.60064, 34.17816, 5.25],
          [134.60016, 34.17879, 3.5],
          [134.60000, 34.17898, 2.75],
          [134.59982, 34.17921, 2.25],
          [134.59961, 34.17951, 2.75],
          [134.59936, 34.17986, 3.5],
          [134.59905, 34.18031, 2.75],
          [134.59895, 34.18041, 2.25],
          [134.59926, 34.18056, 1.75],
          [134.59953, 34.18065, 1.75],
          [134.59977, 34.18072, 1.75],
          [134.59989, 34.18078, 1.75],
          [134.59987, 34.18085, 1.75],
          [134.59965, 34.18123, 1.75],
          [134.59916, 34.18181, 1.75],
          [134.59899, 34.18196, 1.75],
          [134.59872, 34.18216, 2.0],
          [134.59863, 34.18228, 2.0],
          [134.59845, 34.18253, 1.75],
          [134.59941, 34.18311, 1.75],
          [134.59912, 34.18352, 2.0],
          [134.59896, 34.18394, 2.0],
          [134.59890, 34.18409, 2.0],
          [134.59878, 34.18468, 2.0],
          [134.59870, 34.18517, 2.0],
          [134.59845, 34.18609, 2.5],
          [134.59840, 34.18624, 2.5],
          [134.59829, 34.18652, 2.75],
          [134.59817, 34.18674, 3.0],
          [134.59809, 34.18684, 3.25],
          [134.59805, 34.18686, 3.25],
          [134.59789, 34.18707, 3.5],
          [134.59782, 34.18718, 3.25],
          [134.59772, 34.18741, 3.25],
          [134.59770, 34.18751, 3.0],
          [134.59770, 34.18773, 2.75],
          [134.59769, 34.18789, 2.75],
          [134.59761, 34.18830, 2.0],
          [134.59751, 34.18875, 3.0],
          [134.59746, 34.18901, 3.5],
          [134.59738, 34.18925, 3.5],
          [134.59728, 34.18944, 3.5],
          [134.59720, 34.18958, 3.5],
          [134.59718, 34.18961, 3.5],
          [134.59712, 34.18978, 3.75],
          [134.59705, 34.19001, 4.0],
          [134.59693, 34.19044, 4.0],
          [134.59687, 34.19074, 4.0],
          [134.59684, 34.19105, 4.0],
          [134.59682, 34.19129, 4.0],
          [134.59678, 34.19150, 4.0],
          [134.59665, 34.19199, 4.5],
          [134.59663, 34.19225, 5.0],
          [134.59661, 34.19304, 5.5],
          [134.59662, 34.19308, 5.25],
          [134.59664, 34.19313, 4.75],
          [134.59655, 34.19322, 6.75],
          [134.59643, 34.19334, 9.25],
          [134.59522, 34.19451, 9.25],
          [134.59517, 34.19456, 8.75],
          [134.59453, 34.19517, 1.75],
          [134.59403, 34.19566, 1.25],
          [134.59338, 34.19628, 1.0],
          [134.59312, 34.19649, 1.5],
          [134.59279, 34.19669, 2.25],
          [134.59170, 34.19721, 4.25],
          [134.59077, 34.19765, 6.0],
          [134.59047, 34.19784, 6.25],
          [134.59026, 34.19800, 5.5],
          [134.58939, 34.19882, 3.0],
          [134.58885, 34.19934, 1.75],
          [134.58857, 34.19959, 1.0],
          [134.58817, 34.19985, 1.25],
          [134.58783, 34.20009, 1.5],
          [134.58766, 34.20018, 1.5],
          [134.58750, 34.20029, 1.75],
          [134.58737, 34.20037, 1.75],
          [134.58719, 34.20047, 2.0],
          [134.58707, 34.20053, 2.0],
          [134.58674, 34.20067, 2.25],
          [134.58647, 34.20077, 2.5],
          [134.58584, 34.20097, 2.5],
          [134.58563, 34.20103, 3.75],
          [134.58545, 34.20106, 4.5],
          [134.58529, 34.20107, 5.5],
          [134.58518, 34.20109, 6.0],
          [134.58359, 34.20117, 6.0],
          [134.58297, 34.20121, 4.25],
          [134.58252, 34.20123, 4.0],
          [134.58228, 34.20125, 3.75],
          [134.58206, 34.20129, 3.75],
          [134.58188, 34.20135, 3.5],
          [134.58169, 34.20143, 3.5],
          [134.58149, 34.20155, 4.0],
          [134.58133, 34.20168, 4.25],
          [134.58120, 34.20180, 4.5],
          [134.58108, 34.20196, 5.0],
          [134.58066, 34.20291, 7.25],
          [134.58018, 34.20395, 4.5],
          [134.58010, 34.20420, 3.5],
          [134.58001, 34.20449, 3.0],
          [134.57980, 34.20533, 5.0],
          [134.57966, 34.20586, 8.25],
          [134.57957, 34.20606, 8.0],
          [134.57947, 34.20625, 7.25],
          [134.57936, 34.20642, 6.25],
          [134.57924, 34.20659, 4.75],
          [134.57904, 34.20680, 4.0],
          [134.57888, 34.20694, 3.75],
          [134.57868, 34.20710, 3.5],
          [134.57834, 34.20731, 2.75],
          [134.57805, 34.20746, 4.75],
          [134.57771, 34.20758, 6.75],
          [134.57639, 34.20792, 8.0],
          [134.57618, 34.20797, 7.0],
          [134.57611, 34.20799, 6.5],
          [134.57595, 34.20803, 5.75],
          [134.57589, 34.20804, 5.5],
          [134.57552, 34.20815, 4.0],
          [134.57532, 34.20818, 3.75],
          [134.57511, 34.20819, 3.75],
          [134.57490, 34.20819, 4.0],
          [134.57473, 34.20817, 4.0],
          [134.57449, 34.20814, 4.25],
          [134.57428, 34.20808, 4.25],
          [134.57407, 34.20800, 5.0],
          [134.57385, 34.20791, 6.25],
          [134.57132, 34.20659, 9.25],
          [134.57087, 34.20637, 10.75],
          [134.57050, 34.20624, 11.0],
          [134.57046, 34.20623, 11.0],
          [134.57036, 34.20620, 11.25],
          [134.57011, 34.20613, 11.5],
          [134.56904, 34.20592, 14.25],
          [134.56842, 34.20575, 16.0],
          [134.56727, 34.20542, 17.0],
          [134.56711, 34.20534, 16.75],
          [134.56706, 34.20529, 16.5],
          [134.56704, 34.20525, 16.25],
          [134.56701, 34.20508, 15.5],
          [134.56699, 34.20501, 15.25],
          [134.56690, 34.20502, 15.25],
          [134.56643, 34.20510, 15.25],
          [134.56595, 34.20522, 16.75],
          [134.56576, 34.20531, 17.25],
          [134.56563, 34.20535, 17.25],
          [134.56533, 34.20547, 17.75],
          [134.56495, 34.20571, 19.0],
          [134.56466, 34.20596, 23.0],
          [134.56451, 34.20616, 26.0],
          [134.56436, 34.20644, 28.5],
          [134.56404, 34.20719, 35.0],
          [134.56341, 34.20861, 38.0],
          [134.56327, 34.20882, 40.5],
          [134.56307, 34.20906, 42.0],
          [134.56163, 34.21027, 38.0],
          [134.56149, 34.21041, 39.5],
          [134.56127, 34.21066, 37.5],
          [134.56107, 34.21092, 32.75],
          [134.56088, 34.21125, 27.5],
          [134.56080, 34.21144, 24.25],
          [134.56073, 34.21164, 22.0],
          [134.56066, 34.21194, 20.5],
          [134.56052, 34.21273, 17.25],
          [134.56051, 34.21279, 17.0],
          [134.56049, 34.21291, 16.5],
          [134.56048, 34.21296, 16.5],
          [134.56043, 34.21314, 16.0],
          [134.56035, 34.21338, 15.25],
          [134.56022, 34.21363, 15.25],
          [134.56005, 34.21390, 15.0],
          [134.55924, 34.21507, 18.75],
          [134.55912, 34.21527, 20.0],
          [134.55902, 34.21548, 22.25],
          [134.55897, 34.21569, 23.0],
          [134.55895, 34.21588, 22.75],
          [134.55896, 34.21628, 20.0],
          [134.55911, 34.21797, 13.0],
          [134.55913, 34.21828, 12.75],
          [134.55911, 34.21858, 12.25],
          [134.55902, 34.21916, 11.5],
          [134.55898, 34.21934, 10.75],
          [134.55893, 34.21937, 11.5],
          [134.55884, 34.21947, 12.5],
          [134.55861, 34.21977, 12.25],
          [134.55839, 34.22001, 11.25],
          [134.55828, 34.22010, 13.0],
          [134.55825, 34.22022, 13.5],
          [134.55823, 34.22047, 12.5],
          [134.55819, 34.22058, 12.75],
          [134.55819, 34.22066, 12.25],
          [134.55825, 34.22080, 9.25],
          [134.55828, 34.22097, 7.25],
          [134.55829, 34.22117, 5.5],
          [134.55831, 34.22136, 4.0],
          [134.55832, 34.22143, 3.25],
          [134.55816, 34.22152, 4.0],
          [134.55801, 34.22157, 3.75],
          [134.55726, 34.22176, 3.75],
          [134.55609, 34.22204, 3.5],
          [134.55567, 34.22211, 3.5],
          [134.55447, 34.22224, 3.25],
          [134.55416, 34.22230, 3.25],
          [134.55259, 34.22280, 3.0],
          [134.55192, 34.22298, 3.0],
          [134.55038, 34.22335, 2.75],
          [134.55002, 34.22341, 2.75],
          [134.54972, 34.22344, 2.5],
          [134.54928, 34.22347, 2.5],
          [134.54820, 34.22348, 2.25],
          [134.54772, 34.22351, 2.25],
          [134.54736, 34.22357, 2.25],
          [134.54641, 34.22381, 2.0],
          [134.54605, 34.22387, 2.0],
          [134.54572, 34.22387, 2.0],
          [134.54525, 34.22384, 2.0],
          [134.54519, 34.22388, 2.0],
          [134.54507, 34.22391, 2.0],
          [134.54489, 34.22397, 1.75],
          [134.54472, 34.22406, 2.0],
          [134.54461, 34.22409, 1.75],
          [134.54424, 34.22419, 1.5],
          [134.54399, 34.22431, 1.5],
          [134.54356, 34.22466, 1.5],
          [134.54330, 34.22491, 1.25],
          [134.54323, 34.22498, 1.25],
          [134.54269, 34.22548, 3.0],
          [134.54256, 34.22563, 3.5],
          [134.54245, 34.22580, 3.5],
          [134.54231, 34.22598, 3.75],
          [134.54216, 34.22611, 3.75],
          [134.54183, 34.22626, 4.0],
          [134.54153, 34.22633, 4.0],
          [134.54137, 34.22633, 4.25],
          [134.54058, 34.22623, 4.5],
          [134.54011, 34.22618, 4.75],
          [134.53999, 34.22614, 4.75],
          [134.53969, 34.22614, 5.0],
          [134.53787, 34.22595, 6.0],
          [134.53750, 34.22592, 6.25],
          [134.53690, 34.22593, 6.5],
          [134.53331, 34.22625, 8.25],
          [134.53302, 34.22630, 8.5],
          [134.53274, 34.22637, 8.5],
          [134.53219, 34.22660, 8.5],
          [134.53192, 34.22668, 8.75],
          [134.53170, 34.22671, 8.75],
          [134.53136, 34.22670, 9.0],
          [134.53089, 34.22666, 9.25],
          [134.53056, 34.22659, 9.25],
          [134.53029, 34.22650, 9.0],
          [134.52941, 34.22612, 8.25],
          [134.52905, 34.22599, 8.0],
          [134.52854, 34.22585, 7.75],
          [134.52645, 34.22537, 6.5],
          [134.52566, 34.22522, 6.0],
          [134.52511, 34.22517, 5.5],
          [134.52451, 34.22513, 5.25],
          [134.52406, 34.22510, 5.0],
          [134.52376, 34.22511, 4.75],
          [134.52348, 34.22513, 4.5],
          [134.52320, 34.22519, 4.5],
          [134.52228, 34.22540, 4.5],
          [134.52198, 34.22546, 5.25],
          [134.52168, 34.22549, 5.5],
          [134.52130, 34.22549, 6.0],
          [134.52048, 34.22549, 7.0],
          [134.52011, 34.22550, 7.25],
          [134.51983, 34.22552, 7.75],
          [134.51931, 34.22559, 8.25],
          [134.51824, 34.22582, 8.25],
          [134.51778, 34.22587, 8.25],
          [134.51707, 34.22590, 8.25],
          [134.51646, 34.22590, 8.25],
          [134.51592, 34.22588, 8.25],
          [134.51542, 34.22591, 8.25],
          [134.51440, 34.22605, 8.25],
          [134.51388, 34.22609, 8.25],
          [134.51347, 34.22610, 8.25],
          [134.51313, 34.22608, 8.25],
          [134.51278, 34.22604, 8.25],
          [134.51206, 34.22592, 8.25],
          [134.51157, 34.22585, 8.25],
          [134.51134, 34.22584, 8.25],
          [134.51074, 34.22584, 8.25],
          [134.51025, 34.22586, 8.25],
          [134.50959, 34.22587, 8.25],
          [134.50883, 34.22582, 8.5],
          [134.50787, 34.22576, 8.25],
          [134.50653, 34.22574, 8.0],
          [134.50607, 34.22571, 7.75],
          [134.50540, 34.22560, 7.75],
          [134.50446, 34.22535, 7.5],
          [134.50346, 34.22510, 7.25],
          [134.50241, 34.22490, 7.0],
          [134.50151, 34.22477, 6.75],
          [134.50036, 34.22467, 6.5],
          [134.49861, 34.22456, 6.25],
          [134.49788, 34.22450, 6.0],
          [134.49707, 34.22440, 6.0],
          [134.49628, 34.22426, 5.75],
          [134.49565, 34.22411, 5.75],
          [134.49504, 34.22388, 5.5],
          [134.49434, 34.22356, 5.25],
          [134.49349, 34.22304, 5.25],
          [134.49251, 34.22238, 4.75],
          [134.49197, 34.22200, 4.5],
          [134.48994, 34.22059, 3.75],
          [134.48964, 34.22031, 3.75],
          [134.48890, 34.21968, 3.5],
          [134.48851, 34.21941, 3.5],
          [134.48810, 34.21922, 3.5],
          [134.48775, 34.21912, 3.25],
          [134.48769, 34.21911, 3.25],
          [134.48723, 34.21900, 2.75],
          [134.48639, 34.21883, 2.25],
          [134.48608, 34.21876, 2.25],
          [134.48521, 34.21855, 2.5],
          [134.48495, 34.21846, 2.75],
          [134.48462, 34.21828, 3.0],
          [134.48322, 34.21712, 3.0],
          [134.48287, 34.21682, 2.5],
          [134.48263, 34.21663, 2.25],
          [134.48244, 34.21643, 2.0],
          [134.48228, 34.21620, 2.0],
          [134.48215, 34.21590, 2.0],
          [134.48208, 34.21555, 1.75],
          [134.48200, 34.21507, 1.25],
          [134.48192, 34.21459, 1.75],
          [134.48184, 34.21432, 2.25],
          [134.48172, 34.21406, 4.0],
          [134.48147, 34.21375, 6.25],
          [134.48128, 34.21357, 6.75],
          [134.48112, 34.21345, 6.5],
          [134.47916, 34.21229, 6.75],
          [134.47640, 34.21062, 5.0],
          [134.47567, 34.21019, 4.5],
          [134.47498, 34.20984, 4.25],
          [134.47369, 34.20920, 3.5],
          [134.47322, 34.20901, 3.25],
          [134.47255, 34.20878, 2.75],
          [134.47188, 34.20859, 2.5],
          [134.47111, 34.20841, 2.25],
          [134.47060, 34.20830, 2.0],
          [134.47003, 34.20823, 2.0],
          [134.46974, 34.20822, 2.75],
          [134.46906, 34.20821, 5.0],
          [134.46836, 34.20823, 11.0],
          [134.46772, 34.20826, 9.25],
          [134.46730, 34.20826, 8.0],
          [134.46695, 34.20822, 7.0],
          [134.46655, 34.20813, 5.75],
          [134.46616, 34.20801, 4.75],
          [134.46549, 34.20770, 2.75],
          [134.46499, 34.20748, 1.25],
          [134.46455, 34.20733, 1.25],
          [134.46414, 34.20725, 1.0],
          [134.46380, 34.20723, 1.5],
          [134.46304, 34.20723, 2.5],
          [134.46203, 34.20724, 2.0],
          [134.46163, 34.20721, 2.25],
          [134.46128, 34.20716, 3.0],
          [134.46078, 34.20708, 4.0],
          [134.46039, 34.20699, 4.75],
          [134.45965, 34.20674, 6.5],
          [134.45657, 34.20549, 13.75],
          [134.45561, 34.20527, 16.0],
          [134.45468, 34.20517, 17.75],
          [134.45373, 34.20519, 16.5],
          [134.45328, 34.20522, 16.0],
          [134.45259, 34.20528, 15.5],
          [134.45252, 34.20529, 15.25],
          [134.45229, 34.20531, 15.0],
          [134.45139, 34.20538, 14.0],
          [134.45022, 34.20547, 12.75],
          [134.44965, 34.20553, 12.25],
          [134.44884, 34.20567, 11.25],
          [134.44761, 34.20596, 10.0],
          [134.44245, 34.20734, 4.0],
          [134.44218, 34.20737, 4.25],
          [134.44196, 34.20739, 5.25],
          [134.44174, 34.20736, 7.0],
          [134.44156, 34.20732, 8.0],
          [134.44134, 34.20724, 9.0],
          [134.44113, 34.20712, 10.75],
          [134.44059, 34.20675, 17.0],
          [134.44032, 34.20661, 21.0],
          [134.44016, 34.20655, 23.0],
          [134.43996, 34.20651, 25.0],
          [134.43977, 34.20650, 25.75],
          [134.43897, 34.20647, 26.75],
          [134.43819, 34.20644, 23.5],
          [134.43794, 34.20643, 21.5],
          [134.43775, 34.20645, 19.25],
          [134.43752, 34.20650, 16.0],
          [134.43732, 34.20659, 15.25],
          [134.43688, 34.20684, 13.75],
          [134.43667, 34.20694, 13.25],
          [134.43645, 34.20701, 12.5],
          [134.43545, 34.20731, 9.75],
          [134.43511, 34.20742, 8.75],
          [134.43451, 34.20765, 7.0],
          [134.43437, 34.20770, 6.75],
          [134.43415, 34.20779, 6.0],
          [134.43411, 34.20774, 5.75],
          [134.43399, 34.20775, 5.5],
          [134.43324, 34.20797, 3.25],
          [134.43182, 34.20837, 3.5],
          [134.43175, 34.20837, 3.75],
          [134.43165, 34.20859, 3.25],
          [134.43149, 34.20889, 2.5],
          [134.43139, 34.20902, 2.25],
          [134.43123, 34.20908, 2.25],
          [134.43033, 34.20950, 2.25],
          [134.43023, 34.20956, 2.25],
          [134.42949, 34.20996, 3.5],
          [134.42914, 34.21013, 3.5],
          [134.42845, 34.21052, 2.75],
          [134.42785, 34.21084, 2.25],
          [134.42768, 34.21093, 2.0],
          [134.42730, 34.21119, 1.5],
          [134.42700, 34.21135, 1.75],
          [134.42669, 34.21149, 2.5],
          [134.42635, 34.21163, 2.75],
          [134.42619, 34.21168, 2.75],
          [134.42608, 34.21172, 2.75],
          [134.42605, 34.21163, 2.75],
          [134.42600, 34.21150, 2.75],
          [134.42596, 34.21142, 2.5],
          [134.42579, 34.21110, 2.25],
          [134.42574, 34.21104, 2.25],
          [134.42548, 34.21061, 2.5],
          [134.42531, 34.21027, 3.25],
          [134.42528, 34.21023, 3.25],
          [134.42496, 34.21033, 3.0],
          [134.42422, 34.21067, 3.5],
          [134.42372, 34.21088, 2.75],
          [134.42321, 34.21111, 2.0],
          [134.42307, 34.21117, 2.25],
          [134.42294, 34.21123, 2.5],
          [134.42283, 34.21125, 2.75],
          [134.42241, 34.21122, 4.25],
          [134.42233, 34.21122, 4.25],
          [134.42221, 34.21123, 4.5],
          [134.42186, 34.21135, 4.5],
          [134.42145, 34.21156, 4.0],
          [134.42128, 34.21160, 4.0],
          [134.42112, 34.21161, 4.5],
          [134.42089, 34.21161, 5.0],
          [134.42075, 34.21162, 5.0],
          [134.42063, 34.21166, 5.0],
          [134.42052, 34.21172, 4.75],
          [134.41980, 34.21221, 3.75],
          [134.41922, 34.21257, 3.75],
          [134.41906, 34.21265, 3.5],
          [134.41877, 34.21278, 3.25],
          [134.41872, 34.21280, 3.25],
          [134.41846, 34.21292, 2.75],
          [134.41789, 34.21319, 3.0],
          [134.41769, 34.21326, 3.5],
          [134.41743, 34.21329, 4.0],
          [134.41731, 34.21329, 4.5],
          [134.41648, 34.21323, 7.25],
          [134.41610, 34.21322, 7.75],
          [134.41589, 34.21320, 8.0],
          [134.41566, 34.21316, 8.25],
          [134.41522, 34.21325, 8.75],
          [134.41483, 34.21339, 8.75],
          [134.41420, 34.21376, 7.25],
          [134.41408, 34.21380, 7.25],
          [134.41378, 34.21390, 7.0],
          [134.41273, 34.21436, 8.0],
          [134.41221, 34.21460, 9.5],
          [134.41203, 34.21468, 10.0],
          [134.41206, 34.21473, 9.75],
          [134.41153, 34.21495, 11.5],
          [134.40958, 34.21581, 11.0],
          [134.40940, 34.21589, 11.25],
          [134.40909, 34.21602, 11.25],
          [134.40830, 34.21637, 8.5],
          [134.40824, 34.21640, 8.5],
          [134.40757, 34.21669, 9.75],
          [134.40749, 34.21672, 10.0],
          [134.40687, 34.21700, 10.0],
          [134.40670, 34.21712, 9.75],
          [134.40658, 34.21724, 9.5],
          [134.40648, 34.21738, 9.0],
          [134.40640, 34.21755, 8.75],
          [134.40632, 34.21779, 8.75],
          [134.40614, 34.21828, 8.5],
          [134.40602, 34.21844, 8.5],
          [134.40578, 34.21868, 8.0],
          [134.40561, 34.21883, 7.5],
          [134.40555, 34.21888, 7.5],
          [134.40546, 34.21896, 7.25],
          [134.40533, 34.21906, 7.0],
          [134.40533, 34.21907, 7.0],
          [134.40526, 34.21913, 7.0],
          [134.40525, 34.21914, 7.0],
          [134.40460, 34.21970, 5.25],
          [134.40440, 34.21985, 5.0],
          [134.40427, 34.21991, 5.0],
          [134.40406, 34.22000, 5.0],
          [134.40321, 34.22031, 5.0],
          [134.40249, 34.22062, 3.25],
          [134.40227, 34.22071, 3.5],
          [134.40225, 34.22072, 3.5],
          [134.40118, 34.22115, 3.25],
          [134.40085, 34.22123, 3.0],
          [134.40050, 34.22130, 2.5],
          [134.40019, 34.22133, 2.25],
          [134.39991, 34.22133, 2.25],
          [134.39925, 34.22130, 1.0],
          [134.39699, 34.22120, 1.25],
          [134.39690, 34.22120, 1.25],
          [134.39686, 34.22120, 1.25],
          [134.39593, 34.22115, 1.75],
          [134.39592, 34.22132, 1.75],
          [134.39603, 34.22216, 1.25],
          [134.39604, 34.22238, 1.0],
          [134.39600, 34.22306, 1.5],
          [134.39478, 34.22300, 2.5],
          [134.39372, 34.22294, 4.25],
          [134.39357, 34.22296, 4.5],
          [134.39310, 34.22299, 5.25],
          [134.39238, 34.22298, 5.5],
          [134.39188, 34.22309, 5.5],
          [134.39188, 34.22313, 5.75],
          [134.39187, 34.22321, 5.75],
          [134.39187, 34.22326, 5.75],
          [134.39148, 34.22328, 6.0],
          [134.39115, 34.22331, 6.5],
          [134.39085, 34.22336, 7.0],
          [134.39047, 34.22346, 8.0],
          [134.39035, 34.22350, 8.5],
          [134.39019, 34.22356, 9.5],
          [134.38989, 34.22368, 10.75],
          [134.38970, 34.22376, 11.25],
          [134.38944, 34.22389, 11.25],
          [134.38916, 34.22405, 10.75],
          [134.38805, 34.22475, 16.75],
          [134.38779, 34.22496, 16.0],
          [134.38748, 34.22526, 15.5],
          [134.38719, 34.22564, 15.25],
          [134.38696, 34.22596, 14.75],
          [134.38678, 34.22632, 14.75],
          [134.38666, 34.22662, 14.0],
          [134.38656, 34.22698, 15.75],
          [134.38643, 34.22770, 18.25],
          [134.38633, 34.22803, 19.25],
          [134.38618, 34.22838, 20.0],
          [134.38607, 34.22859, 19.5],
          [134.38593, 34.22883, 18.5],
          [134.38563, 34.22929, 19.0],
          [134.38472, 34.23070, 17.75],
          [134.38463, 34.23067, 18.75],
          [134.38459, 34.23066, 19.25],
          [134.38453, 34.23066, 19.75],
          [134.38448, 34.23069, 19.75],
          [134.38421, 34.23103, 18.25],
          [134.38378, 34.23151, 15.0],
          [134.38355, 34.23171, 13.25],
          [134.38335, 34.23185, 12.75],
          [134.38314, 34.23200, 13.0],
          [134.38300, 34.23214, 13.0],
          [134.38292, 34.23226, 13.25],
          [134.38285, 34.23237, 13.25],
          [134.38274, 34.23261, 13.0],
          [134.38270, 34.23266, 13.0],
          [134.38242, 34.23290, 12.75],
          [134.38204, 34.23343, 12.75],
          [134.38199, 34.23354, 12.75],
          [134.38183, 34.23379, 12.25],
          [134.38166, 34.23396, 11.75],
          [134.38147, 34.23404, 11.75],
          [134.38136, 34.23414, 11.75],
          [134.38103, 34.23464, 9.75],
          [134.38093, 34.23474, 9.25],
          [134.38084, 34.23479, 9.25],
          [134.38073, 34.23482, 8.75],
          [134.37986, 34.23501, 7.25],
          [134.37973, 34.23505, 7.75],
          [134.37966, 34.23511, 7.75],
          [134.37962, 34.23516, 7.75],
          [134.37952, 34.23539, 7.75],
          [134.37920, 34.23574, 8.75],
          [134.37909, 34.23583, 9.0],
          [134.37886, 34.23594, 8.75],
          [134.37872, 34.23598, 8.75],
          [134.37849, 34.23600, 9.0],
          [134.37810, 34.23602, 9.0],
          [134.37796, 34.23604, 9.0],
          [134.37781, 34.23609, 8.75],
          [134.37757, 34.23619, 8.5],
          [134.37708, 34.23631, 8.75],
          [134.37667, 34.23638, 8.75],
          [134.37604, 34.23648, 8.75],
          [134.37581, 34.23654, 8.5],
          [134.37570, 34.23660, 8.25],
          [134.37549, 34.23675, 7.75],
          [134.37533, 34.23685, 7.5],
          [134.37525, 34.23689, 7.5],
          [134.37496, 34.23689, 7.5],
          [134.37388, 34.23693, 8.25],
          [134.37372, 34.23688, 8.75],
          [134.37335, 34.23667, 9.75],
          [134.37320, 34.23665, 10.0],
          [134.37283, 34.23661, 10.0],
          [134.37266, 34.23662, 10.0],
          [134.37249, 34.23665, 10.0],
          [134.37111, 34.23706, 8.75],
          [134.37088, 34.23715, 8.25],
          [134.37061, 34.23732, 7.75],
          [134.37021, 34.23760, 6.25],
          [134.36975, 34.23786, 5.75],
          [134.36897, 34.23825, 6.0],
          [134.36829, 34.23851, 7.25],
          [134.36793, 34.23864, 7.0],
          [134.36762, 34.23873, 6.5],
          [134.36722, 34.23883, 6.75],
          [134.36700, 34.23890, 7.0],
          [134.36691, 34.23895, 7.25],
          [134.36678, 34.23902, 7.25],
          [134.36652, 34.23917, 7.25],
          [134.36626, 34.23932, 7.5],
          [134.36611, 34.23938, 7.75],
          [134.36605, 34.23940, 7.75],
          [134.36587, 34.23944, 7.75],
          [134.36576, 34.23946, 7.75],
          [134.36573, 34.23946, 7.5],
          [134.36513, 34.23957, 6.25],
          [134.36318, 34.23986, 5.25],
          [134.36273, 34.23984, 5.0],
          [134.36205, 34.23977, 5.0],
          [134.36180, 34.23977, 5.0],
          [134.36037, 34.23984, 5.5],
          [134.36010, 34.23990, 5.25],
          [134.35990, 34.23996, 5.0],
          [134.35939, 34.24017, 4.5],
          [134.35903, 34.24034, 4.25],
          [134.35866, 34.24055, 3.5],
          [134.35696, 34.24151, 6.0],
          [134.35667, 34.24164, 5.75],
          [134.35641, 34.24177, 5.75],
          [134.35603, 34.24193, 5.5],
          [134.35572, 34.24208, 5.5],
          [134.35535, 34.24228, 5.25],
          [134.35504, 34.24243, 5.0],
          [134.35474, 34.24259, 5.0],
          [134.35426, 34.24291, 5.25],
          [134.35381, 34.24316, 5.5],
          [134.35363, 34.24328, 5.25],
          [134.35354, 34.24332, 5.25],
          [134.35342, 34.24335, 5.0],
          [134.35328, 34.24340, 4.75],
          [134.35321, 34.24345, 4.75],
          [134.35319, 34.24351, 4.5],
          [134.35320, 34.24359, 4.5],
          [134.35292, 34.24363, 4.5],
          [134.35278, 34.24365, 4.25],
          [134.35280, 34.24372, 4.25],
          [134.35279, 34.24378, 4.5],
          [134.35274, 34.24382, 4.5],
          [134.35258, 34.24385, 4.5],
          [134.35239, 34.24393, 4.75],
          [134.35218, 34.24405, 5.5],
          [134.35202, 34.24421, 6.0],
          [134.35174, 34.24460, 6.75],
          [134.35165, 34.24476, 6.75],
          [134.35154, 34.24504, 6.5],
          [134.35151, 34.24514, 6.0],
          [134.35083, 34.24568, 5.75],
          [134.35075, 34.24574, 5.75],
          [134.35047, 34.24594, 6.25],
          [134.34962, 34.24644, 6.25],
          [134.34925, 34.24672, 5.75],
          [134.34903, 34.24694, 5.5],
          [134.34891, 34.24711, 5.0],
          [134.34884, 34.24727, 4.75],
          [134.34874, 34.24741, 4.5],
          [134.34862, 34.24747, 4.25],
          [134.34855, 34.24748, 4.25],
          [134.34843, 34.24745, 4.0],
          [134.34774, 34.24743, 4.5],
          [134.34739, 34.24739, 5.0],
          [134.34732, 34.24739, 5.0],
          [134.34691, 34.24749, 5.5],
          [134.34659, 34.24754, 6.0],
          [134.34643, 34.24755, 6.0],
          [134.34634, 34.24759, 6.0],
          [134.34620, 34.24767, 5.75],
          [134.34495, 34.24822, 3.25],
          [134.34369, 34.24883, 6.25],
          [134.34315, 34.24904, 7.5],
          [134.34264, 34.24923, 7.0],
          [134.34220, 34.24938, 5.5],
          [134.34166, 34.24952, 4.0],
          [134.34149, 34.24959, 4.0],
          [134.34141, 34.24963, 4.0],
          [134.34117, 34.24975, 4.0],
          [134.34102, 34.24979, 4.0],
          [134.34094, 34.24979, 4.0],
          [134.34080, 34.24979, 4.0],
          [134.34052, 34.24978, 4.5],
          [134.34012, 34.24980, 5.5],
          [134.33983, 34.24982, 5.75],
          [134.33925, 34.24989, 6.75],
          [134.33840, 34.25003, 6.75],
          [134.33821, 34.25007, 7.0],
          [134.33790, 34.25017, 7.5],
          [134.33772, 34.25023, 7.5],
          [134.33756, 34.25027, 7.75],
          [134.33740, 34.25029, 7.75],
          [134.33664, 34.25038, 7.0],
          [134.33642, 34.25040, 7.25],
          [134.33602, 34.25040, 7.75],
          [134.33565, 34.25036, 8.0],
          [134.33531, 34.25035, 8.25],
          [134.33408, 34.25046, 8.0],
          [134.33388, 34.25049, 8.0],
          [134.33343, 34.25053, 8.0],
          [134.33278, 34.25056, 7.0],
          [134.33259, 34.25055, 6.5],
          [134.33241, 34.25049, 6.25],
          [134.33237, 34.25048, 6.25],
          [134.33223, 34.25045, 6.25],
          [134.33220, 34.25044, 6.25],
          [134.33155, 34.25029, 6.75],
          [134.33126, 34.25022, 6.75],
          [134.33118, 34.25019, 6.75],
          [134.32980, 34.24974, 7.5],
          [134.32958, 34.24967, 7.75],
          [134.32952, 34.24967, 8.0],
          [134.32947, 34.24967, 8.0],
          [134.32922, 34.24974, 7.75],
          [134.32870, 34.24993, 7.75],
          [134.32830, 34.25005, 7.75],
          [134.32793, 34.25012, 7.5],
          [134.32789, 34.25012, 7.5],
          [134.32745, 34.25018, 7.25],
          [134.32739, 34.25019, 7.25],
          [134.32642, 34.25028, 7.75],
          [134.32567, 34.25039, 8.25],
          [134.32516, 34.25047, 7.5],
          [134.32422, 34.25053, 6.75],
          [134.32383, 34.25057, 6.75],
          [134.32354, 34.25058, 7.0],
          [134.32331, 34.25062, 7.25],
          [134.32286, 34.25070, 7.75],
          [134.32249, 34.25077, 8.0],
          [134.32212, 34.25081, 7.5],
          [134.32114, 34.25087, 6.25],
          [134.31936, 34.25100, 6.25],
          [134.31933, 34.25101, 6.25],
          [134.31921, 34.25101, 6.5],
          [134.31920, 34.25100, 6.5],
          [134.31914, 34.25099, 6.5],
          [134.31890, 34.25090, 6.5],
          [134.31867, 34.25082, 6.25],
          [134.31860, 34.25079, 6.25],
          [134.31855, 34.25076, 6.25],
          [134.31849, 34.25073, 6.25],
          [134.31812, 34.25044, 6.5],
          [134.31791, 34.25030, 6.75],
          [134.31776, 34.25023, 6.75],
          [134.31768, 34.25021, 6.75],
          [134.31756, 34.25020, 6.75],
          [134.31742, 34.25019, 6.5],
          [134.31726, 34.25019, 6.0],
          [134.31683, 34.25025, 4.75],
          [134.31680, 34.25026, 4.75],
          [134.31662, 34.25030, 4.25],
          [134.31659, 34.25030, 4.25],
          [134.31635, 34.25010, 4.25],
          [134.31602, 34.24984, 5.0],
          [134.31581, 34.24970, 5.25],
          [134.31559, 34.24964, 5.75],
          [134.31536, 34.24960, 6.25],
          [134.31514, 34.24955, 6.75],
          [134.31455, 34.24944, 7.25],
          [134.31438, 34.24944, 7.25],
          [134.31401, 34.24946, 7.25],
          [134.31357, 34.24949, 7.25],
          [134.31267, 34.24964, 7.25],
          [134.31060, 34.24988, 8.0],
          [134.30997, 34.24997, 8.75],
          [134.30952, 34.25009, 8.75],
          [134.30932, 34.25018, 8.75],
          [134.30924, 34.25024, 8.75],
          [134.30895, 34.25059, 9.0],
          [134.30860, 34.25094, 9.0],
          [134.30848, 34.25104, 9.0],
          [134.30831, 34.25114, 9.25],
          [134.30818, 34.25117, 9.25],
          [134.30718, 34.25130, 9.75],
          [134.30593, 34.25141, 11.5],
          [134.30346, 34.25157, 12.75],
          [134.30329, 34.25159, 13.0],
          [134.30294, 34.25164, 13.25],
          [134.30241, 34.25170, 14.0],
          [134.30135, 34.25184, 15.75],
          [134.30119, 34.25187, 16.0],
          [134.30079, 34.25192, 16.5],
          [134.30071, 34.25194, 16.5],
          [134.30004, 34.25201, 16.0],
          [134.29924, 34.25208, 17.75],
          [134.29895, 34.25211, 17.75],
          [134.29889, 34.25211, 17.75],
          [134.29790, 34.25226, 18.25],
          [134.29764, 34.25228, 18.75],
          [134.29736, 34.25229, 19.5],
          [134.29583, 34.25225, 20.25],
          [134.29495, 34.25226, 21.25],
          [134.29486, 34.25227, 21.25],
          [134.29478, 34.25232, 21.25],
          [134.29461, 34.25228, 22.0],
          [134.29451, 34.25220, 22.75],
          [134.29438, 34.25200, 24.5],
          [134.29420, 34.25215, 24.25],
          [134.29401, 34.25225, 24.25],
          [134.29367, 34.25231, 25.25],
          [134.29347, 34.25234, 25.5],
          [134.29325, 34.25238, 26.25],
          [134.29263, 34.25254, 27.0],
          [134.29220, 34.25264, 26.75],
          [134.29198, 34.25268, 26.25],
          [134.29170, 34.25272, 26.0],
          [134.29164, 34.25272, 26.0],
          [134.29137, 34.25274, 26.25],
          [134.29113, 34.25275, 26.5],
          [134.29079, 34.25273, 27.0],
          [134.29070, 34.25273, 27.25],
          [134.29036, 34.25270, 28.25],
          [134.29027, 34.25268, 28.5],
          [134.29018, 34.25267, 28.75],
          [134.28995, 34.25261, 29.5],
          [134.28957, 34.25252, 29.75],
          [134.28940, 34.25246, 30.5],
          [134.28931, 34.25242, 31.0],
          [134.28864, 34.25213, 34.75],
          [134.28842, 34.25204, 35.5],
          [134.28781, 34.25179, 38.0],
          [134.28773, 34.25178, 38.0],
          [134.28750, 34.25172, 38.5],
          [134.28719, 34.25168, 38.5],
          [134.28686, 34.25166, 38.25],
          [134.28671, 34.25165, 38.0],
          [134.28621, 34.25165, 39.0],
          [134.28605, 34.25165, 39.5],
          [134.28549, 34.25165, 45.75],
          [134.28227, 34.25165, 55.5],
          [134.28200, 34.25165, 54.25],
          [134.28165, 34.25169, 52.75],
          [134.28122, 34.25173, 53.25],
          [134.28085, 34.25177, 54.25],
          [134.28047, 34.25179, 56.0],
          [134.28024, 34.25178, 57.25],
          [134.27994, 34.25175, 58.75],
          [134.27968, 34.25170, 58.25],
          [134.27934, 34.25162, 58.5],
          [134.27908, 34.25152, 60.5],
          [134.27893, 34.25147, 62.0],
          [134.27875, 34.25138, 63.75],
          [134.27860, 34.25130, 64.25],
          [134.27833, 34.25114, 64.0],
          [134.27796, 34.25086, 67.5],
          [134.27695, 34.24993, 70.0],
          [134.27687, 34.24986, 70.25],
          [134.27617, 34.24924, 66.25],
          [134.27601, 34.24911, 66.0],
          [134.27561, 34.24883, 70.0],
          [134.27550, 34.24876, 71.75],
          [134.27553, 34.24871, 71.75],
          [134.27560, 34.24858, 71.5],
          [134.27561, 34.24849, 71.75],
          [134.27561, 34.24838, 72.5],
          [134.27559, 34.24825, 73.0],
          [134.27557, 34.24817, 73.25],
          [134.27549, 34.24798, 73.75],
          [134.27541, 34.24786, 74.25],
          [134.27527, 34.24770, 75.0],
          [134.27510, 34.24752, 75.5],
          [134.27457, 34.24703, 85.75],
          [134.27437, 34.24692, 88.0],
          [134.27412, 34.24683, 89.5],
          [134.27386, 34.24679, 89.0],
          [134.27183, 34.24681, 89.5],
          [134.27153, 34.24680, 89.5],
          [134.27129, 34.24678, 89.25],
          [134.27105, 34.24673, 89.0],
          [134.27080, 34.24667, 88.75],
          [134.27059, 34.24658, 89.5],
          [134.27036, 34.24653, 90.0],
          [134.27013, 34.24652, 90.0],
          [134.26997, 34.24655, 89.75],
          [134.26981, 34.24662, 89.0],
          [134.26938, 34.24687, 87.25],
          [134.26900, 34.24716, 85.75],
          [134.26852, 34.24764, 84.0],
          [134.26828, 34.24787, 83.75],
          [134.26802, 34.24805, 83.0],
          [134.26720, 34.24850, 82.25],
          [134.26713, 34.24857, 82.75],
          [134.26709, 34.24863, 83.25],
          [134.26705, 34.24871, 84.0],
          [134.26704, 34.24879, 85.0],
          [134.26703, 34.24885, 85.75],
          [134.26672, 34.24894, 84.5],
          [134.26645, 34.24903, 82.75],
          [134.26603, 34.24920, 78.0],
          [134.26560, 34.24940, 74.0],
          [134.26546, 34.24948, 73.25],
          [134.26551, 34.24955, 73.75],
          [134.26557, 34.24964, 74.25],
          [134.26560, 34.24973, 74.5],
          [134.26557, 34.24981, 74.5],
          [134.26519, 34.25026, 71.0],
          [134.26508, 34.25036, 70.0],
          [134.26492, 34.25050, 69.25],
          [134.26484, 34.25057, 69.0],
          [134.26461, 34.25074, 68.25],
          [134.26445, 34.25085, 67.75],
          [134.26429, 34.25094, 68.25],
          [134.26400, 34.25107, 69.75],
          [134.26371, 34.25117, 70.75],
          [134.26298, 34.25136, 71.25],
          [134.26236, 34.25150, 69.25],
          [134.26122, 34.25174, 67.75],
          [134.26012, 34.25197, 68.75],
          [134.25938, 34.25214, 68.25],
          [134.25911, 34.25222, 67.5],
          [134.25890, 34.25231, 67.0],
          [134.25874, 34.25240, 66.25],
          [134.25869, 34.25242, 66.25],
          [134.25668, 34.25351, 64.0],
          [134.25572, 34.25401, 63.0],
          [134.25563, 34.25406, 62.75],
          [134.25536, 34.25419, 61.75],
          [134.25343, 34.25521, 61.0],
          [134.25282, 34.25554, 63.25],
          [134.25241, 34.25581, 61.5],
          [134.25233, 34.25589, 61.75],
          [134.25221, 34.25599, 62.25],
          [134.25153, 34.25686, 57.0],
          [134.25138, 34.25701, 56.0],
          [134.25122, 34.25715, 54.5],
          [134.25110, 34.25724, 53.5],
          [134.25097, 34.25732, 52.5],
          [134.25085, 34.25738, 51.25],
          [134.25056, 34.25749, 51.0],
          [134.24966, 34.25784, 50.5],
          [134.24951, 34.25790, 50.25],
          [134.24924, 34.25801, 49.75],
          [134.24908, 34.25806, 49.75],
          [134.24820, 34.25839, 51.25],
          [134.24742, 34.25869, 54.0],
          [134.24697, 34.25886, 55.5],
          [134.24680, 34.25894, 55.75],
          [134.24657, 34.25904, 55.25],
          [134.24617, 34.25928, 53.5],
          [134.24572, 34.25957, 53.25],
          [134.24560, 34.25965, 53.5],
          [134.24515, 34.25993, 54.5],
          [134.24491, 34.26007, 54.75],
          [134.24463, 34.26023, 54.75],
          [134.24444, 34.26031, 54.75],
          [134.24424, 34.26039, 54.75],
          [134.24358, 34.26061, 53.75],
          [134.24276, 34.26092, 51.75],
          [134.24216, 34.26118, 49.5],
          [134.24144, 34.26148, 48.25],
          [134.24137, 34.26151, 48.25],
          [134.24134, 34.26152, 48.25],
          [134.24071, 34.26172, 48.75],
          [134.24006, 34.26190, 48.75],
          [134.23972, 34.26200, 49.5],
          [134.23943, 34.26206, 50.75],
          [134.23875, 34.26214, 50.25],
          [134.23815, 34.26221, 48.25],
          [134.23695, 34.26227, 46.25],
          [134.23552, 34.26233, 47.0],
          [134.23537, 34.26233, 46.75],
          [134.23477, 34.26236, 46.25],
          [134.23371, 34.26244, 44.25],
          [134.23324, 34.26250, 42.75],
          [134.23262, 34.26259, 42.0],
          [134.23231, 34.26264, 42.25],
          [134.23225, 34.26265, 42.25],
          [134.23194, 34.26269, 42.5],
          [134.23184, 34.26270, 42.75],
          [134.23151, 34.26278, 43.0],
          [134.23127, 34.26285, 43.5],
          [134.23103, 34.26296, 43.5],
          [134.23050, 34.26326, 43.0],
          [134.22893, 34.26422, 39.5],
          [134.22873, 34.26435, 39.5],
          [134.22835, 34.26456, 39.25],
          [134.22821, 34.26463, 39.5],
          [134.22795, 34.26475, 39.75],
          [134.22766, 34.26484, 40.0],
          [134.22730, 34.26493, 39.25],
          [134.22688, 34.26500, 37.75],
          [134.22643, 34.26505, 36.5],
          [134.22377, 34.26536, 35.0],
          [134.22267, 34.26548, 33.0],
          [134.22232, 34.26550, 32.25],
          [134.22169, 34.26552, 30.25],
          [134.22160, 34.26552, 30.25],
          [134.22042, 34.26554, 30.75],
          [134.21644, 34.26566, 30.5],
          [134.21539, 34.26569, 31.5],
          [134.21289, 34.26575, 34.5],
          [134.20999, 34.26583, 31.75],
          [134.20907, 34.26585, 31.5],
          [134.20852, 34.26587, 30.25],
          [134.20826, 34.26587, 30.0],
          [134.20819, 34.26587, 30.0],
          [134.20707, 34.26590, 30.5],
          [134.20582, 34.26593, 31.5],
          [134.20489, 34.26597, 30.5],
          [134.20259, 34.26602, 31.25],
          [134.20182, 34.26604, 31.5],
          [134.20123, 34.26605, 32.25],
          [134.20039, 34.26607, 32.5],
          [134.20031, 34.26607, 32.5],
          [134.20005, 34.26607, 32.25],
          [134.19989, 34.26608, 32.25],
          [134.19951, 34.26608, 31.75],
          [134.19904, 34.26609, 31.25],
          [134.19840, 34.26611, 30.5],
          [134.19788, 34.26612, 30.75],
          [134.19698, 34.26614, 31.75],
          [134.19625, 34.26616, 31.75],
          [134.19375, 34.26621, 32.25],
          [134.19345, 34.26620, 32.5],
          [134.19269, 34.26610, 32.5],
          [134.19171, 34.26593, 32.75],
          [134.19034, 34.26569, 32.5],
          [134.18832, 34.26535, 34.5],
          [134.18820, 34.26534, 34.25],
          [134.18813, 34.26533, 34.25],
          [134.18782, 34.26529, 34.0],
          [134.18733, 34.26525, 33.75],
          [134.18554, 34.26517, 35.5],
          [134.18518, 34.26515, 36.5],
          [134.18517, 34.26515, 36.5],
          [134.18452, 34.26512, 38.0],
          [134.18311, 34.26505, 39.5],
          [134.18181, 34.26498, 38.75],
          [134.18171, 34.26497, 38.75],
          [134.18129, 34.26496, 38.75],
          [134.18097, 34.26494, 38.75],
          [134.18017, 34.26489, 39.0],
          [134.17952, 34.26486, 38.5],
          [134.17918, 34.26485, 38.25],
          [134.17883, 34.26484, 38.25],
          [134.17819, 34.26485, 38.5],
          [134.17717, 34.26490, 40.0],
          [134.17662, 34.26492, 41.0],
          [134.17588, 34.26495, 40.25],
          [134.17485, 34.26499, 39.25],
          [134.17475, 34.26499, 39.5],
          [134.17436, 34.26502, 40.25],
          [134.17372, 34.26505, 41.25],
          [134.17352, 34.26506, 41.5],
          [134.17325, 34.26507, 41.75],
          [134.17226, 34.26512, 40.75],
          [134.17125, 34.26516, 40.75],
          [134.17003, 34.26523, 41.5],
          [134.16985, 34.26524, 41.5],
          [134.16943, 34.26526, 41.0],
          [134.16877, 34.26529, 41.0],
          [134.16755, 34.26535, 40.5],
          [134.16712, 34.26536, 40.25],
          [134.16680, 34.26540, 40.0],
          [134.16638, 34.26548, 39.5],
          [134.16552, 34.26569, 39.0],
          [134.16444, 34.26596, 40.25],
          [134.16433, 34.26599, 40.25],
          [134.16423, 34.26602, 40.25],
          [134.16418, 34.26603, 40.25],
          [134.16383, 34.26611, 40.0],
          [134.16370, 34.26615, 39.75],
          [134.16339, 34.26621, 39.5],
          [134.16299, 34.26621, 39.25],
          [134.16270, 34.26620, 39.0],
          [134.16193, 34.26617, 37.75],
          [134.16060, 34.26617, 39.25],
          [134.15932, 34.26619, 38.25],
          [134.15823, 34.26620, 37.5],
          [134.15818, 34.26621, 37.5],
          [134.15718, 34.26623, 36.75],
          [134.15637, 34.26625, 37.75],
          [134.15589, 34.26627, 37.25],
          [134.15509, 34.26632, 35.75],
          [134.15457, 34.26632, 35.25],
          [134.15344, 34.26630, 35.75],
          [134.15250, 34.26631, 34.75],
          [134.15158, 34.26633, 35.0],
          [134.15128, 34.26636, 35.5],
          [134.15122, 34.26636, 35.5],
          [134.14987, 34.26655, 35.25],
          [134.14952, 34.26662, 34.75],
          [134.14926, 34.26667, 34.25],
          [134.14884, 34.26678, 35.25],
          [134.14832, 34.26692, 36.75],
          [134.14690, 34.26730, 33.75],
          [134.14676, 34.26733, 33.25],
          [134.14612, 34.26750, 33.5],
          [134.14590, 34.26754, 33.75],
          [134.14566, 34.26756, 33.75],
          [134.14513, 34.26758, 33.0],
          [134.14497, 34.26758, 33.0],
          [134.14414, 34.26760, 31.25],
          [134.14394, 34.26761, 31.0],
          [134.14349, 34.26767, 30.5],
          [134.14190, 34.26787, 31.0],
          [134.14161, 34.26790, 31.5],
          [134.14120, 34.26796, 32.0],
          [134.14111, 34.26797, 32.0],
          [134.14044, 34.26805, 31.5],
          [134.13981, 34.26815, 30.25],
          [134.13979, 34.26815, 30.25],
          [134.13859, 34.26833, 30.5],
          [134.13693, 34.26863, 31.25],
          [134.13475, 34.26901, 29.75],
          [134.13420, 34.26914, 29.0],
          [134.13385, 34.26925, 28.75],
          [134.13365, 34.26931, 28.75],
          [134.13361, 34.26932, 28.75],
          [134.13355, 34.26934, 28.75],
          [134.13353, 34.26934, 28.75],
          [134.13348, 34.26936, 28.75],
          [134.13323, 34.26942, 29.0],
          [134.13310, 34.26946, 29.0],
          [134.13148, 34.26989, 28.75],
          [134.13033, 34.27019, 28.25],
          [134.12948, 34.27042, 28.0],
          [134.12928, 34.27049, 28.0],
          [134.12909, 34.27057, 27.75],
          [134.12868, 34.27077, 26.75],
          [134.12703, 34.27154, 27.0],
          [134.12497, 34.27245, 26.75],
          [134.12450, 34.27268, 25.5],
          [134.12415, 34.27289, 24.5],
          [134.12396, 34.27303, 24.75],
          [134.12336, 34.27353, 24.75],
          [134.12265, 34.27412, 22.75],
          [134.12177, 34.27486, 23.75],
          [134.12153, 34.27505, 23.5],
          [134.12072, 34.27576, 21.0],
          [134.11989, 34.27646, 22.5],
          [134.11934, 34.27692, 22.25],
          [134.11905, 34.27719, 22.0],
          [134.11891, 34.27737, 22.0],
          [134.11881, 34.27749, 22.0],
          [134.11859, 34.27782, 21.5],
          [134.11794, 34.27882, 20.25],
          [134.11761, 34.27932, 21.0],
          [134.11719, 34.27998, 20.5],
          [134.11568, 34.28228, 19.25],
          [134.11542, 34.28267, 18.5],
          [134.11497, 34.28337, 19.75],
          [134.11449, 34.28411, 17.75],
          [134.11413, 34.28466, 16.25],
          [134.11348, 34.28564, 16.75],
          [134.11277, 34.28672, 17.0],
          [134.11224, 34.28755, 17.75],
          [134.11214, 34.28766, 17.75],
          [134.11203, 34.28772, 17.5],
          [134.11168, 34.28788, 17.5],
          [134.11093, 34.28818, 15.5],
          [134.11033, 34.28844, 15.5],
          [134.11010, 34.28853, 16.0],
          [134.10989, 34.28864, 16.25],
          [134.10967, 34.28879, 16.5],
          [134.10948, 34.28893, 16.5],
          [134.10929, 34.28909, 16.25],
          [134.10913, 34.28925, 16.0],
          [134.10739, 34.29156, 15.75],
          [134.10643, 34.29282, 14.25],
          [134.10634, 34.29294, 14.25],
          [134.10470, 34.29512, 13.75],
          [134.10467, 34.29516, 13.75],
          [134.10395, 34.29613, 12.5],
          [134.10389, 34.29620, 12.5],
          [134.10367, 34.29643, 12.25],
          [134.10339, 34.29667, 12.0],
          [134.10313, 34.29683, 11.75],
          [134.10291, 34.29692, 12.25],
          [134.10273, 34.29698, 12.75],
          [134.10258, 34.29702, 13.0],
          [134.10256, 34.29703, 13.25],
          [134.10222, 34.29709, 13.25],
          [134.10218, 34.29710, 13.25],
          [134.10172, 34.29720, 13.0],
          [134.10141, 34.29726, 12.75],
          [134.10105, 34.29737, 12.75],
          [134.10079, 34.29747, 12.75],
          [134.10058, 34.29756, 12.75],
          [134.10027, 34.29774, 13.0],
          [134.09996, 34.29796, 14.0],
          [134.09980, 34.29811, 14.5],
          [134.09960, 34.29833, 15.25],
          [134.09905, 34.29897, 13.5],
          [134.09833, 34.29984, 14.5],
          [134.09811, 34.30008, 14.75],
          [134.09768, 34.30057, 14.75],
          [134.09760, 34.30066, 14.75],
          [134.09750, 34.30078, 14.75],
          [134.09738, 34.30091, 15.25],
          [134.09729, 34.30102, 15.5],
          [134.09710, 34.30124, 15.25],
          [134.09697, 34.30141, 14.75],
          [134.09693, 34.30146, 14.75],
          [134.09686, 34.30156, 14.25],
          [134.09660, 34.30202, 13.5],
          [134.09655, 34.30211, 13.25],
          [134.09633, 34.30251, 12.75],
          [134.09630, 34.30256, 12.75],
          [134.09620, 34.30269, 12.5],
          [134.09608, 34.30283, 12.0],
          [134.09596, 34.30294, 11.75],
          [134.09575, 34.30309, 11.25],
          [134.09548, 34.30328, 11.0],
          [134.09493, 34.30364, 11.75],
          [134.09426, 34.30408, 13.0],
          [134.09367, 34.30448, 13.5],
          [134.09320, 34.30481, 13.0],
          [134.09258, 34.30522, 12.25],
          [134.09252, 34.30526, 12.0],
          [134.09225, 34.30543, 11.25],
          [134.09147, 34.30592, 10.25],
          [134.09139, 34.30597, 10.25],
          [134.09125, 34.30607, 10.75],
          [134.09114, 34.30615, 11.0],
          [134.09102, 34.30624, 11.25],
          [134.09089, 34.30633, 11.5],
          [134.09067, 34.30648, 11.5],
          [134.09050, 34.30660, 11.5],
          [134.08998, 34.30696, 10.75],
          [134.08959, 34.30722, 10.5],
          [134.08924, 34.30744, 10.0],
          [134.08902, 34.30756, 10.25],
          [134.08886, 34.30763, 10.5],
          [134.08868, 34.30769, 10.75],
          [134.08862, 34.30770, 10.75],
          [134.08846, 34.30775, 11.0],
          [134.08833, 34.30777, 11.25],
          [134.08802, 34.30779, 11.75],
          [134.08795, 34.30780, 11.75],
          [134.08786, 34.30780, 12.0],
          [134.08782, 34.30780, 12.0],
          [134.08724, 34.30783, 12.75],
          [134.08715, 34.30784, 12.75],
          [134.08699, 34.30785, 12.75],
          [134.08677, 34.30788, 12.75],
          [134.08650, 34.30794, 12.75],
          [134.08631, 34.30802, 12.75],
          [134.08614, 34.30812, 12.75],
          [134.08599, 34.30822, 12.75],
          [134.08592, 34.30827, 12.75],
          [134.08585, 34.30832, 12.75],
          [134.08582, 34.30835, 12.75],
          [134.08451, 34.30960, 10.75],
          [134.08432, 34.30982, 10.25],
          [134.08421, 34.30995, 10.0],
          [134.08404, 34.31019, 10.25],
          [134.08396, 34.31035, 10.5],
          [134.08394, 34.31038, 10.5],
          [134.08390, 34.31047, 10.75],
          [134.08377, 34.31076, 11.25],
          [134.08375, 34.31081, 11.25],
          [134.08350, 34.31159, 11.5],
          [134.08346, 34.31172, 11.25],
          [134.08282, 34.31370, 8.5],
          [134.08267, 34.31416, 8.0],
          [134.08264, 34.31424, 8.25],
          [134.08248, 34.31473, 9.25],
          [134.08238, 34.31502, 9.75],
          [134.08232, 34.31520, 9.5],
          [134.08210, 34.31586, 8.25],
          [134.08198, 34.31612, 7.75],
          [134.08163, 34.31673, 6.0],
          [134.08157, 34.31683, 6.25],
          [134.08156, 34.31685, 6.25],
          [134.08154, 34.31688, 6.25],
          [134.08093, 34.31796, 6.25],
          [134.08071, 34.31835, 6.25],
          [134.08067, 34.31841, 6.25],
          [134.08050, 34.31869, 7.0],
          [134.08029, 34.31913, 7.5],
          [134.07963, 34.32070, 7.5],
          [134.07943, 34.32119, 7.5],
          [134.07933, 34.32144, 7.5],
          [134.07929, 34.32153, 7.5],
          [134.07925, 34.32161, 7.75],
          [134.07921, 34.32169, 7.75],
          [134.07910, 34.32195, 7.0],
          [134.07908, 34.32198, 7.0],
          [134.07882, 34.32258, 5.75],
          [134.07875, 34.32275, 5.5],
          [134.07872, 34.32280, 5.5],
          [134.07868, 34.32286, 5.5],
          [134.07862, 34.32293, 5.5],
          [134.07850, 34.32304, 5.5],
          [134.07833, 34.32311, 5.75],
          [134.07823, 34.32315, 5.75],
          [134.07776, 34.32333, 4.5],
          [134.07764, 34.32336, 4.25],
          [134.07726, 34.32347, 4.75],
          [134.07679, 34.32361, 6.5],
          [134.07656, 34.32369, 7.0],
          [134.07645, 34.32372, 7.25],
          [134.07641, 34.32374, 7.25],
          [134.07561, 34.32399, 8.25],
          [134.07494, 34.32425, 6.5],
          [134.07469, 34.32433, 6.0],
          [134.07466, 34.32435, 6.0],
          [134.07422, 34.32448, 5.0],
          [134.07418, 34.32448, 5.25],
          [134.07379, 34.32456, 6.0],
          [134.07359, 34.32459, 6.5],
          [134.07336, 34.32461, 6.75],
          [134.07316, 34.32464, 6.75],
          [134.07290, 34.32467, 6.75],
          [134.07266, 34.32472, 6.75],
          [134.07255, 34.32475, 6.75],
          [134.07242, 34.32472, 6.75],
          [134.07164, 34.32481, 5.0],
          [134.07085, 34.32491, 5.25],
          [134.07064, 34.32498, 5.5],
          [134.07048, 34.32505, 5.75],
          [134.06994, 34.32530, 6.75],
          [134.06972, 34.32543, 5.75],
          [134.06896, 34.32585, 3.5],
          [134.06887, 34.32592, 3.75],
          [134.06866, 34.32609, 4.25],
          [134.06855, 34.32619, 4.5],
          [134.06846, 34.32628, 4.75],
          [134.06774, 34.32700, 5.75],
          [134.06769, 34.32707, 5.75],
          [134.06768, 34.32713, 6.0],
          [134.06770, 34.32720, 6.25],
          [134.06758, 34.32726, 6.25],
          [134.06711, 34.32749, 6.5],
          [134.06658, 34.32777, 5.5],
          [134.06616, 34.32799, 5.5],
          [134.06577, 34.32818, 5.75],
          [134.06546, 34.32833, 6.25],
          [134.06537, 34.32838, 6.5],
          [134.06481, 34.32868, 7.5],
          [134.06464, 34.32877, 7.75],
          [134.06448, 34.32886, 8.25],
          [134.06408, 34.32908, 8.5],
          [134.06393, 34.32917, 7.75],
          [134.06383, 34.32924, 7.25],
          [134.06375, 34.32932, 7.0],
          [134.06356, 34.32926, 6.25],
          [134.06336, 34.32922, 5.25],
          [134.06320, 34.32923, 5.0],
          [134.06296, 34.32927, 5.25],
          [134.06288, 34.32929, 5.25],
          [134.06284, 34.32930, 5.25],
          [134.06151, 34.32950, 5.25],
          [134.06103, 34.32957, 6.0],
          [134.06092, 34.32959, 6.25],
          [134.06027, 34.32970, 6.0],
          [134.05976, 34.32978, 6.25],
          [134.05921, 34.32986, 8.0],
          [134.05911, 34.32988, 8.0],
          [134.05900, 34.32990, 8.0],
          [134.05873, 34.32994, 8.25],
          [134.05869, 34.32995, 8.25],
          [134.05840, 34.33000, 8.75],
          [134.05825, 34.33002, 8.75],
          [134.05806, 34.33004, 8.75],
          [134.05784, 34.33007, 8.75],
          [134.05742, 34.33014, 8.5],
          [134.05732, 34.33013, 8.5],
          [134.05715, 34.33015, 8.75],
          [134.05606, 34.33034, 9.0],
          [134.05556, 34.33042, 8.75],
          [134.05544, 34.33044, 8.75],
          [134.05534, 34.33046, 8.75],
          [134.05478, 34.33055, 9.25],
          [134.05448, 34.33060, 10.0],
          [134.05362, 34.33075, 9.5],
          [134.05303, 34.33085, 8.75],
          [134.05252, 34.33095, 8.75],
          [134.05242, 34.33097, 9.0],
          [134.05224, 34.33099, 9.5],
          [134.05190, 34.33104, 10.5],
          [134.05187, 34.33105, 10.5],
          [134.05183, 34.33106, 10.75],
          [134.05111, 34.33119, 11.0],
          [134.05100, 34.33121, 11.0],
          [134.05096, 34.33121, 11.0],
          [134.05048, 34.33131, 10.75],
          [134.05029, 34.33134, 10.75],
          [134.05027, 34.33134, 10.75],
          [134.04966, 34.33146, 11.0],
          [134.04956, 34.33147, 11.0],
          [134.04926, 34.33148, 11.0],
          [134.04892, 34.33150, 11.5],
          [134.04892, 34.33154, 11.5],
          [134.04910, 34.33237, 12.5],
          [134.04913, 34.33249, 12.75],
          [134.04867, 34.33251, 12.25],
          [134.04804, 34.33255, 13.25],
          [134.04803, 34.33255, 13.25],
          [134.04800, 34.33255, 13.5],
          [134.04796, 34.33255, 13.5],
          [134.04795, 34.33255, 13.75],
          [134.04767, 34.33256, 14.75],
          [134.04739, 34.33257, 16.25],
          [134.04691, 34.33258, 20.0],
          [134.04652, 34.33259, 21.25],
          [134.04647, 34.33259, 21.0],
          [134.04638, 34.33260, 20.75],
          [134.04631, 34.33260, 20.5],
          [134.04623, 34.33260, 20.25],
          [134.04614, 34.33260, 20.0],
          [134.04552, 34.33263, 17.25],
          [134.04521, 34.33264, 15.5],
          [134.04472, 34.33267, 13.5],
          [134.04467, 34.33268, 13.25],
          [134.04431, 34.33273, 12.25],
          [134.04394, 34.33281, 12.5],
          [134.04388, 34.33283, 12.75],
          [134.04387, 34.33286, 12.5],
          [134.04386, 34.33298, 12.25],
          [134.04381, 34.33339, 11.5],
          [134.04370, 34.33360, 11.5],
          [134.04355, 34.33390, 11.5],
          [134.04338, 34.33427, 11.25],
          [134.04330, 34.33438, 11.0],
          [134.04317, 34.33453, 10.5],
          [134.04314, 34.33456, 10.5],
          [134.04295, 34.33474, 10.25],
          [134.04291, 34.33477, 10.25],
          [134.04285, 34.33481, 10.25],
          [134.04279, 34.33487, 10.25],
          [134.04257, 34.33516, 10.75],
          [134.04230, 34.33547, 10.5],
          [134.04217, 34.33567, 10.25],
          [134.04200, 34.33599, 9.75],
          [134.04204, 34.33619, 10.0],
          [134.04171, 34.33623, 9.0],
          [134.04164, 34.33624, 8.75],
          [134.04110, 34.33632, 8.0],
          [134.04106, 34.33639, 8.0],
          [134.04122, 34.33692, 7.75],
          [134.04130, 34.33717, 7.25],
          [134.04136, 34.33740, 7.0],
          [134.04140, 34.33758, 7.0],
          [134.04148, 34.33791, 7.0],
          [134.04158, 34.33826, 6.5],
          [134.04160, 34.33832, 6.25],
          [134.04161, 34.33838, 6.75],
          [134.04161, 34.33843, 7.0],
          [134.04161, 34.33847, 7.5],
          [134.04163, 34.33856, 8.25],
          [134.04159, 34.33857, 8.5],
          [134.04157, 34.33856, 8.5],
          [134.04153, 34.33856, 8.5],
          [134.04066, 34.33875, 11.5],
          [134.04043, 34.33879, 11.25],
          [134.03999, 34.33888, 10.75],
          [134.03978, 34.33893, 10.75],
          [134.03974, 34.33896, 10.5],
          [134.03973, 34.33901, 10.25],
          [134.04000, 34.33999, 6.0],
          [134.04004, 34.34015, 6.0],
          [134.04014, 34.34054, 6.5],
          [134.04025, 34.34093, 7.25],
          [134.04020, 34.34094, 7.25],
          [134.04015, 34.34095, 7.25],
          [134.03961, 34.34104, 7.25],
          [134.03945, 34.34107, 7.25],
          [134.03907, 34.34113, 7.25],
          [134.03816, 34.34128, 7.25],
          [134.03730, 34.34142, 8.0],
          [134.03659, 34.34153, 7.0],
          [134.03606, 34.34162, 5.5],
          [134.03597, 34.34164, 5.25],
          [134.03537, 34.34173, 6.25],
          [134.03442, 34.34189, 6.75],
          [134.03337, 34.34206, 6.0],
          [134.03332, 34.34207, 5.75],
          [134.03326, 34.34208, 5.75],
          [134.03268, 34.34217, 5.5],
          [134.03234, 34.34223, 5.75],
          [134.03218, 34.34226, 5.75],
          [134.03213, 34.34227, 5.75],
          [134.03181, 34.34232, 6.0],
          [134.03171, 34.34234, 6.0],
          [134.03126, 34.34241, 5.5],
          [134.03046, 34.34254, 5.75],
          [134.03040, 34.34255, 6.0],
          [134.03026, 34.34258, 6.25],
          [134.03022, 34.34259, 6.25],
          [134.03011, 34.34281, 6.25],
          [134.02993, 34.34310, 6.25],
          [134.02969, 34.34348, 6.0],
          [134.02958, 34.34367, 6.0],
          [134.02923, 34.34444, 4.5],
          [134.02913, 34.34467, 4.5],
          [134.02912, 34.34468, 4.5],
          [134.02909, 34.34475, 4.5],
          [134.02780, 34.34480, 5.5],
          [134.02768, 34.34480, 5.75],
          [134.02735, 34.34481, 6.0],
          [134.02730, 34.34481, 6.0],
          [134.02710, 34.34480, 6.25],
          [134.02677, 34.34480, 6.5],
          [134.02658, 34.34478, 6.5],
          [134.02573, 34.34472, 5.25],
          [134.02554, 34.34470, 5.75],
          [134.02483, 34.34457, 7.0],
          [134.02479, 34.34456, 7.0],
          [134.02444, 34.34453, 7.25],
          [134.02435, 34.34452, 7.5],
          [134.02423, 34.34453, 7.5],
          [134.02398, 34.34462, 9.0],
          [134.02362, 34.34471, 11.0],
          [134.02336, 34.34476, 11.75],
          [134.02312, 34.34479, 12.5],
          [134.02290, 34.34481, 13.25],
          [134.02217, 34.34483, 14.25],
          [134.02185, 34.34483, 13.75],
          [134.02162, 34.34483, 13.5],
          [134.02110, 34.34478, 14.0],
          [134.02084, 34.34475, 14.25],
          [134.02060, 34.34470, 14.25],
          [134.01998, 34.34456, 13.0],
          [134.01963, 34.34448, 11.25],
          [134.01947, 34.34444, 10.25],
          [134.01930, 34.34441, 9.0],
          [134.01921, 34.34440, 8.25],
          [134.01914, 34.34440, 7.75],
          [134.01812, 34.34443, 7.75],
          [134.01808, 34.34443, 7.75],
          [134.01805, 34.34439, 8.0],
          [134.01799, 34.34427, 8.0],
          [134.01795, 34.34420, 8.25],
          [134.01753, 34.34360, 13.25],
          [134.01721, 34.34311, 12.75],
          [134.01677, 34.34252, 13.0],
          [134.01658, 34.34224, 11.25],
          [134.01643, 34.34203, 9.75],
          [134.01614, 34.34171, 8.25],
          [134.01567, 34.34114, 7.5],
          [134.01530, 34.34073, 7.5],
          [134.01503, 34.34052, 7.5],
          [134.01459, 34.34026, 7.25],
          [134.01412, 34.33994, 7.75],
          [134.01395, 34.33984, 7.75],
          [134.01369, 34.33976, 7.75],
          [134.01326, 34.33967, 7.75],
          [134.01246, 34.33947, 7.25],
          [134.01226, 34.33943, 7.0],
          [134.01215, 34.33942, 6.75],
          [134.01207, 34.33942, 6.75],
          [134.01203, 34.33944, 6.75],
          [134.01165, 34.33959, 6.5],
          [134.01149, 34.33965, 6.5],
          [134.01135, 34.33970, 6.5],
          [134.01126, 34.33971, 6.5],
          [134.01124, 34.33971, 6.5],
          [134.01108, 34.33972, 6.5],
          [134.01079, 34.33968, 6.5],
          [134.01048, 34.33963, 6.25],
          [134.01024, 34.33957, 6.0],
          [134.01016, 34.33955, 6.0],
          [134.01004, 34.33951, 6.0],
          [134.00988, 34.33945, 6.0],
          [134.00968, 34.33932, 6.5],
          [134.00963, 34.33927, 6.75],
          [134.00951, 34.33912, 7.25],
          [134.00946, 34.33904, 7.5],
          [134.00936, 34.33886, 8.0],
          [134.00925, 34.33861, 9.0],
          [134.00905, 34.33825, 9.5],
          [134.00900, 34.33809, 9.0],
          [134.00898, 34.33794, 8.75],
          [134.00896, 34.33753, 8.25],
          [134.00894, 34.33738, 8.0],
          [134.00892, 34.33727, 8.0],
          [134.00884, 34.33707, 8.25],
          [134.00878, 34.33695, 8.25],
          [134.00868, 34.33676, 8.5],
          [134.00858, 34.33660, 8.75],
          [134.00837, 34.33634, 9.0],
          [134.00807, 34.33598, 7.75],
          [134.00798, 34.33590, 7.5],
          [134.00786, 34.33580, 7.25],
          [134.00775, 34.33574, 7.0],
          [134.00764, 34.33567, 6.75],
          [134.00723, 34.33548, 6.5],
          [134.00717, 34.33544, 6.5],
          [134.00705, 34.33536, 6.5],
          [134.00682, 34.33516, 6.75],
          [134.00675, 34.33507, 6.75],
          [134.00668, 34.33495, 6.75],
          [134.00651, 34.33457, 7.0],
          [134.00646, 34.33445, 7.0],
          [134.00632, 34.33422, 7.0],
          [134.00617, 34.33397, 6.75],
          [134.00605, 34.33381, 6.5],
          [134.00575, 34.33341, 6.0],
          [134.00541, 34.33301, 6.5],
          [134.00530, 34.33292, 6.5],
          [134.00438, 34.33218, 6.0],
          [134.00425, 34.33208, 5.75],
          [134.00406, 34.33196, 5.5],
          [134.00393, 34.33190, 5.25],
          [134.00381, 34.33192, 5.25],
          [134.00373, 34.33194, 5.0],
          [134.00368, 34.33194, 5.0],
          [134.00304, 34.33205, 5.0],
          [134.00301, 34.33205, 5.0],
          [134.00292, 34.33187, 5.5],
          [134.00289, 34.33179, 5.75],
          [134.00273, 34.33136, 6.25],
          [134.00239, 34.33050, 5.75],
          [134.00218, 34.33000, 5.5],
          [134.00202, 34.32972, 6.75],
          [134.00189, 34.32953, 7.5],
          [134.00172, 34.32937, 7.75],
          [134.00154, 34.32922, 7.75],
          [134.00085, 34.32875, 7.75],
          [134.00054, 34.32853, 7.75],
          [134.00033, 34.32833, 7.75],
          [134.00013, 34.32810, 7.5],
          [133.99972, 34.32748, 8.0],
          [133.99963, 34.32733, 8.0],
          [133.99950, 34.32722, 8.0],
          [133.99946, 34.32715, 8.25],
          [133.99942, 34.32707, 8.25],
          [133.99940, 34.32697, 8.25],
          [133.99936, 34.32676, 8.5],
          [133.99934, 34.32665, 8.75],
          [133.99928, 34.32643, 9.0],
          [133.99913, 34.32597, 9.5],
          [133.99906, 34.32577, 9.25],
          [133.99898, 34.32557, 8.0],
          [133.99888, 34.32538, 7.0],
          [133.99868, 34.32508, 5.5],
          [133.99844, 34.32476, 5.5],
          [133.99836, 34.32468, 5.75],
          [133.99822, 34.32455, 6.25],
          [133.99771, 34.32420, 8.25],
          [133.99743, 34.32405, 9.5],
          [133.99645, 34.32365, 10.5],
          [133.99616, 34.32357, 11.0],
          [133.99606, 34.32355, 11.25],
          [133.99555, 34.32339, 11.5],
          [133.99509, 34.32322, 11.0],
          [133.99503, 34.32319, 11.0],
          [133.99486, 34.32311, 11.25],
          [133.99448, 34.32286, 11.5],
          [133.99441, 34.32280, 11.5],
          [133.99430, 34.32261, 11.75],
          [133.99417, 34.32223, 11.75],
          [133.99407, 34.32209, 11.75],
          [133.99388, 34.32185, 11.5],
          [133.99337, 34.32126, 11.75],
          [133.99329, 34.32118, 12.0],
          [133.99327, 34.32116, 12.25],
          [133.99308, 34.32088, 13.0],
          [133.99276, 34.32044, 13.5],
          [133.99270, 34.32036, 13.5],
          [133.99255, 34.32020, 13.75],
          [133.99248, 34.32011, 13.75],
          [133.99243, 34.31996, 13.75],
          [133.99233, 34.31960, 13.0],
          [133.99225, 34.31943, 12.75],
          [133.99221, 34.31935, 12.75],
          [133.99210, 34.31916, 12.75],
          [133.99182, 34.31865, 13.0],
          [133.99175, 34.31852, 13.0],
          [133.99144, 34.31797, 12.75],
          [133.99141, 34.31792, 12.75],
          [133.99125, 34.31768, 13.25],
          [133.99103, 34.31739, 13.75],
          [133.99091, 34.31726, 14.0],
          [133.99084, 34.31720, 14.25],
          [133.99038, 34.31683, 15.25],
          [133.99029, 34.31674, 15.5],
          [133.99022, 34.31666, 15.5],
          [133.99006, 34.31644, 15.75],
          [133.98973, 34.31599, 16.25],
          [133.98962, 34.31585, 16.25],
          [133.98958, 34.31581, 16.25],
          [133.98946, 34.31572, 16.5],
          [133.98926, 34.31564, 16.5],
          [133.98902, 34.31557, 16.5],
          [133.98860, 34.31543, 16.0],
          [133.98851, 34.31540, 16.0],
          [133.98813, 34.31524, 16.25],
          [133.98789, 34.31511, 16.75],
          [133.98765, 34.31499, 17.5],
          [133.98705, 34.31456, 16.75],
          [133.98690, 34.31449, 16.75],
          [133.98674, 34.31444, 16.75],
          [133.98582, 34.31420, 17.0],
          [133.98497, 34.31397, 19.75],
          [133.98482, 34.31391, 20.5],
          [133.98466, 34.31382, 21.25],
          [133.98450, 34.31368, 21.5],
          [133.98311, 34.31232, 22.5],
          [133.98244, 34.31174, 19.75],
          [133.98184, 34.31133, 20.25],
          [133.98175, 34.31135, 20.25],
          [133.98171, 34.31137, 20.5],
          [133.98167, 34.31139, 20.5],
          [133.98160, 34.31143, 21.25],
          [133.98154, 34.31148, 22.0],
          [133.98039, 34.31095, 24.5],
          [133.98018, 34.31087, 23.75],
          [133.97895, 34.31034, 24.0],
          [133.97856, 34.31014, 23.75],
          [133.97843, 34.31007, 23.5],
          [133.97837, 34.31003, 23.25],
          [133.97787, 34.30975, 23.5],
          [133.97694, 34.30921, 23.25],
          [133.97663, 34.30905, 24.0],
          [133.97649, 34.30897, 24.75],
          [133.97551, 34.30843, 25.25],
          [133.97480, 34.30801, 25.75],
          [133.97462, 34.30790, 25.75],
          [133.97445, 34.30781, 26.0],
          [133.97437, 34.30777, 26.0],
          [133.97395, 34.30754, 26.5],
          [133.97352, 34.30733, 27.0],
          [133.97305, 34.30709, 27.75],
          [133.97260, 34.30685, 27.75],
          [133.97256, 34.30683, 27.75],
          [133.97248, 34.30684, 28.0],
          [133.97230, 34.30683, 27.75],
          [133.97213, 34.30683, 27.75],
          [133.97206, 34.30682, 27.75],
          [133.97163, 34.30682, 27.5],
          [133.97133, 34.30682, 27.5],
          [133.97106, 34.30683, 27.5],
          [133.97090, 34.30682, 27.75],
          [133.97060, 34.30684, 27.75],
          [133.96951, 34.30671, 27.75],
          [133.96944, 34.30671, 27.75],
          [133.96900, 34.30666, 27.75],
          [133.96882, 34.30663, 27.75],
          [133.96852, 34.30657, 27.75],
          [133.96810, 34.30649, 28.5],
          [133.96778, 34.30644, 29.0],
          [133.96746, 34.30635, 29.5],
          [133.96736, 34.30633, 29.0],
          [133.96687, 34.30618, 28.0],
          [133.96676, 34.30615, 27.75],
          [133.96658, 34.30607, 27.5],
          [133.96652, 34.30605, 27.25],
          [133.96647, 34.30603, 27.25],
          [133.96639, 34.30596, 27.0],
          [133.96621, 34.30591, 26.75],
          [133.96609, 34.30588, 26.5],
          [133.96590, 34.30586, 26.0],
          [133.96561, 34.30583, 26.0],
          [133.96507, 34.30575, 26.0],
          [133.96470, 34.30570, 26.75],
          [133.96451, 34.30567, 27.25],
          [133.96447, 34.30567, 27.25],
          [133.96420, 34.30563, 28.0],
          [133.96374, 34.30555, 29.25],
          [133.96335, 34.30546, 29.5],
          [133.96296, 34.30538, 28.75],
          [133.96272, 34.30532, 28.25],
          [133.96260, 34.30530, 28.0],
          [133.96249, 34.30528, 28.0],
          [133.96225, 34.30522, 27.5],
          [133.96201, 34.30514, 27.25],
          [133.96187, 34.30509, 27.0],
          [133.96151, 34.30497, 28.5],
          [133.96112, 34.30485, 32.0],
          [133.96104, 34.30481, 32.5],
          [133.96056, 34.30454, 35.75],
          [133.96022, 34.30433, 36.5],
          [133.95978, 34.30413, 35.5],
          [133.95963, 34.30408, 35.75],
          [133.95941, 34.30402, 36.25],
          [133.95872, 34.30387, 35.5],
          [133.95835, 34.30376, 34.0],
          [133.95795, 34.30363, 32.5],
          [133.95786, 34.30361, 32.25],
          [133.95748, 34.30361, 32.0],
          [133.95733, 34.30364, 31.75],
          [133.95722, 34.30365, 31.5],
          [133.95674, 34.30379, 31.0],
          [133.95655, 34.30384, 30.75],
          [133.95640, 34.30386, 30.5],
          [133.95627, 34.30388, 30.25],
          [133.95611, 34.30387, 29.75],
          [133.95552, 34.30381, 29.25],
          [133.95543, 34.30380, 29.25],
          [133.95449, 34.30383, 30.25],
          [133.95413, 34.30383, 30.5],
          [133.95391, 34.30382, 31.0],
          [133.95368, 34.30378, 31.25],
          [133.95358, 34.30376, 31.5],
          [133.95327, 34.30373, 31.75],
          [133.95310, 34.30369, 31.75],
          [133.95302, 34.30365, 31.75],
          [133.95293, 34.30362, 31.5],
          [133.95256, 34.30346, 31.0],
          [133.95253, 34.30345, 31.0],
          [133.95216, 34.30340, 31.75],
          [133.95185, 34.30336, 32.5],
          [133.95180, 34.30335, 32.5],
          [133.95169, 34.30334, 32.75],
          [133.95158, 34.30335, 33.0],
          [133.95149, 34.30337, 33.0],
          [133.95108, 34.30348, 33.25],
          [133.95101, 34.30349, 33.25],
          [133.95049, 34.30349, 33.25],
          [133.95035, 34.30349, 33.25],
          [133.95026, 34.30348, 33.0],
          [133.94999, 34.30343, 33.0],
          [133.94965, 34.30334, 33.75],
          [133.94949, 34.30328, 34.0],
          [133.94943, 34.30324, 34.0],
          [133.94937, 34.30317, 34.0],
          [133.94935, 34.30313, 34.0],
          [133.94929, 34.30302, 34.0],
          [133.94924, 34.30289, 33.75],
          [133.94921, 34.30264, 33.25],
          [133.94916, 34.30257, 33.0],
          [133.94907, 34.30247, 33.25],
          [133.94895, 34.30241, 33.75],
          [133.94828, 34.30225, 35.25],
          [133.94818, 34.30224, 35.5],
          [133.94801, 34.30225, 35.75],
          [133.94795, 34.30226, 36.0],
          [133.94775, 34.30231, 36.75],
          [133.94763, 34.30231, 37.0],
          [133.94750, 34.30228, 37.25],
          [133.94723, 34.30220, 36.75],
          [133.94713, 34.30216, 36.5],
          [133.94699, 34.30206, 36.0],
          [133.94687, 34.30197, 35.5],
          [133.94679, 34.30193, 35.5],
          [133.94673, 34.30190, 35.25],
          [133.94644, 34.30180, 35.0],
          [133.94625, 34.30175, 35.0],
          [133.94607, 34.30172, 35.0],
          [133.94586, 34.30169, 35.0],
          [133.94513, 34.30169, 35.0],
          [133.94492, 34.30169, 35.0],
          [133.94482, 34.30168, 35.0],
          [133.94459, 34.30166, 35.0],
          [133.94420, 34.30165, 34.75],
          [133.94377, 34.30165, 34.75],
          [133.94357, 34.30165, 34.75],
          [133.94317, 34.30163, 35.0],
          [133.94296, 34.30162, 35.25],
          [133.94273, 34.30158, 35.5],
          [133.94249, 34.30150, 35.5],
          [133.94246, 34.30148, 35.5],
          [133.94241, 34.30147, 35.5],
          [133.94214, 34.30138, 35.25],
          [133.94198, 34.30134, 35.25],
          [133.94181, 34.30132, 35.5],
          [133.94149, 34.30128, 35.25],
          [133.94110, 34.30120, 35.0],
          [133.94063, 34.30108, 35.0],
          [133.94018, 34.30100, 35.75],
          [133.93992, 34.30091, 36.0],
          [133.93944, 34.30066, 37.5],
          [133.93940, 34.30061, 37.5],
          [133.93934, 34.30051, 37.25],
          [133.93933, 34.30046, 37.25],
          [133.93932, 34.30041, 37.0],
          [133.93926, 34.30036, 37.0],
          [133.93920, 34.30032, 37.25],
          [133.93906, 34.30020, 37.25],
          [133.93791, 34.29907, 37.5],
          [133.93770, 34.29886, 36.75],
          [133.93697, 34.29814, 35.75],
          [133.93682, 34.29799, 35.0],
          [133.93663, 34.29779, 34.0],
          [133.93650, 34.29766, 33.25],
          [133.93605, 34.29722, 30.5],
          [133.93533, 34.29652, 27.75],
          [133.93486, 34.29603, 25.5],
          [133.93457, 34.29573, 24.0],
          [133.93391, 34.29500, 21.5],
          [133.93356, 34.29462, 21.5],
          [133.93336, 34.29446, 22.0],
          [133.93316, 34.29431, 23.0],
          [133.93303, 34.29423, 23.75],
          [133.93286, 34.29413, 24.5],
          [133.93273, 34.29408, 25.0],
          [133.93194, 34.29376, 24.5],
          [133.92943, 34.29283, 24.0],
          [133.92879, 34.29262, 23.0],
          [133.92845, 34.29253, 22.25],
          [133.92791, 34.29239, 22.5],
          [133.92758, 34.29232, 23.0],
          [133.92687, 34.29223, 24.5],
          [133.92587, 34.29212, 27.25],
          [133.92562, 34.29209, 27.0],
          [133.92552, 34.29208, 27.0],
          [133.92517, 34.29207, 26.75],
          [133.92486, 34.29210, 26.0],
          [133.92448, 34.29217, 23.5],
          [133.92437, 34.29226, 23.25],
          [133.92415, 34.29241, 21.5],
          [133.92406, 34.29248, 21.25],
          [133.92399, 34.29255, 21.0],
          [133.92395, 34.29265, 21.0],
          [133.92380, 34.29311, 20.5],
          [133.92375, 34.29320, 20.25],
          [133.92363, 34.29332, 19.75],
          [133.92350, 34.29339, 19.5],
          [133.92326, 34.29351, 19.25],
          [133.92310, 34.29364, 18.75],
          [133.92295, 34.29382, 18.75],
          [133.92271, 34.29409, 17.5],
          [133.92259, 34.29426, 16.25],
          [133.92247, 34.29444, 15.5],
          [133.92237, 34.29467, 16.0],
          [133.92201, 34.29570, 16.25],
          [133.92198, 34.29574, 16.0],
          [133.92187, 34.29606, 15.75],
          [133.92178, 34.29628, 15.5],
          [133.92173, 34.29640, 15.75],
          [133.92162, 34.29658, 15.75],
          [133.92140, 34.29699, 15.25],
          [133.92132, 34.29715, 15.0],
          [133.92126, 34.29736, 15.25],
          [133.92099, 34.29790, 14.75],
          [133.92087, 34.29819, 14.25],
          [133.92075, 34.29847, 14.25],
          [133.92065, 34.29870, 15.0],
          [133.92046, 34.29902, 16.0],
          [133.92043, 34.29907, 16.0],
          [133.92037, 34.29913, 16.25],
          [133.92034, 34.29916, 16.25],
          [133.92028, 34.29919, 16.25],
          [133.92020, 34.29923, 16.25],
          [133.92006, 34.29928, 16.0],
          [133.91992, 34.29935, 15.75],
          [133.91982, 34.29944, 15.75],
          [133.91975, 34.29949, 15.5],
          [133.91968, 34.29960, 15.5],
          [133.91961, 34.29968, 15.5],
          [133.91912, 34.30016, 14.5],
          [133.91848, 34.30085, 13.0],
          [133.91810, 34.30118, 12.5],
          [133.91804, 34.30122, 12.5],
          [133.91767, 34.30145, 12.75],
          [133.91737, 34.30157, 13.25],
          [133.91698, 34.30169, 12.75],
          [133.91601, 34.30201, 13.25],
          [133.91475, 34.30249, 14.25],
          [133.91314, 34.30313, 13.0],
          [133.91243, 34.30343, 12.0],
          [133.91145, 34.30385, 14.25],
          [133.91110, 34.30403, 15.25],
          [133.91093, 34.30414, 15.75],
          [133.91084, 34.30417, 15.75],
          [133.91035, 34.30439, 13.0],
          [133.90985, 34.30465, 11.5],
          [133.90943, 34.30491, 12.0],
          [133.90902, 34.30521, 11.75],
          [133.90868, 34.30548, 11.5],
          [133.90823, 34.30590, 11.75],
          [133.90800, 34.30613, 11.5],
          [133.90753, 34.30662, 11.75],
          [133.90684, 34.30732, 12.5],
          [133.90652, 34.30769, 12.0],
          [133.90627, 34.30792, 11.25],
          [133.90561, 34.30859, 10.0],
          [133.90370, 34.31049, 10.5],
          [133.90199, 34.31181, 8.75],
          [133.90186, 34.31189, 8.75],
          [133.90166, 34.31200, 9.0],
          [133.90140, 34.31210, 9.5],
          [133.90125, 34.31215, 9.5],
          [133.90080, 34.31230, 9.5],
          [133.90048, 34.31243, 9.5],
          [133.90022, 34.31249, 9.25],
          [133.89996, 34.31256, 9.0],
          [133.89976, 34.31261, 9.5],
          [133.89952, 34.31267, 9.75],
          [133.89894, 34.31277, 9.75],
          [133.89849, 34.31282, 9.0],
          [133.89813, 34.31286, 8.75],
          [133.89787, 34.31286, 8.5],
          [133.89658, 34.31294, 6.75],
          [133.89627, 34.31298, 6.25],
          [133.89588, 34.31310, 6.0],
          [133.89567, 34.31320, 6.0],
          [133.89535, 34.31337, 6.0],
          [133.89525, 34.31345, 6.25],
          [133.89514, 34.31353, 6.5],
          [133.89502, 34.31365, 6.75],
          [133.89489, 34.31381, 6.75],
          [133.89487, 34.31385, 6.75],
          [133.89480, 34.31383, 6.75],
          [133.89358, 34.31338, 7.25],
          [133.89315, 34.31318, 7.5],
          [133.89245, 34.31289, 7.75],
          [133.89204, 34.31274, 8.0],
          [133.89155, 34.31254, 8.25],
          [133.89134, 34.31244, 8.25],
          [133.89103, 34.31228, 9.0],
          [133.89074, 34.31211, 9.5],
          [133.89032, 34.31221, 10.0],
          [133.89006, 34.31226, 10.25],
          [133.88962, 34.31235, 10.25],
          [133.88884, 34.31251, 10.25],
          [133.88791, 34.31271, 9.25],
          [133.88665, 34.31296, 8.25],
          [133.88657, 34.31298, 8.25],
          [133.88561, 34.31318, 7.25],
          [133.88556, 34.31319, 7.25],
          [133.88544, 34.31322, 7.25],
          [133.88531, 34.31324, 7.0],
          [133.88333, 34.31365, 7.0],
          [133.87949, 34.31444, 4.5],
          [133.87847, 34.31465, 4.75],
          [133.87782, 34.31480, 6.25],
          [133.87715, 34.31487, 7.75],
          [133.87636, 34.31498, 7.5],
          [133.87616, 34.31504, 7.25],
          [133.87605, 34.31506, 7.25],
          [133.87588, 34.31508, 7.5],
          [133.87544, 34.31514, 7.25],
          [133.87519, 34.31515, 7.0],
          [133.87480, 34.31514, 7.5],
          [133.87473, 34.31514, 7.5],
          [133.87372, 34.31505, 7.25],
          [133.87342, 34.31504, 6.25],
          [133.87290, 34.31505, 3.75],
          [133.87177, 34.31513, 5.5],
          [133.87157, 34.31515, 6.0],
          [133.87147, 34.31506, 5.75],
          [133.87111, 34.31459, 6.0],
          [133.87111, 34.31458, 5.75],
          [133.87104, 34.31455, 5.5],
          [133.87091, 34.31453, 4.75],
          [133.87017, 34.31447, 4.0],
          [133.87012, 34.31447, 4.0],
          [133.86883, 34.31440, 4.0],
          [133.86877, 34.31440, 4.0],
          [133.86862, 34.31439, 4.0],
          [133.86857, 34.31438, 4.0],
          [133.86845, 34.31437, 4.0],
          [133.86700, 34.31424, 3.0],
          [133.86634, 34.31419, 4.75],
          [133.86627, 34.31418, 4.75],
          [133.86501, 34.31408, 4.0],
          [133.86432, 34.31402, 2.75],
          [133.86349, 34.31395, 2.75],
          [133.86339, 34.31394, 2.75],
          [133.86330, 34.31393, 2.75],
          [133.86295, 34.31390, 3.0],
          [133.86032, 34.31369, 4.25],
          [133.86021, 34.31369, 4.25],
          [133.86001, 34.31372, 4.25],
          [133.85987, 34.31377, 4.5],
          [133.85970, 34.31382, 4.75],
          [133.85949, 34.31386, 5.0],
          [133.85933, 34.31388, 5.0],
          [133.85908, 34.31389, 6.25],
          [133.85903, 34.31388, 6.75],
          [133.85863, 34.31385, 11.25],
          [133.85852, 34.31384, 12.5],
          [133.85840, 34.31383, 13.75],
          [133.85803, 34.31380, 14.75],
          [133.85741, 34.31379, 14.0],
          [133.85730, 34.31379, 12.5],
          [133.85641, 34.31378, 4.75],
          [133.85637, 34.31378, 4.75],
          [133.85622, 34.31377, 4.75],
          [133.85610, 34.31378, 4.5],
          [133.85607, 34.31378, 4.5],
          [133.85581, 34.31378, 4.5],
          [133.85578, 34.31377, 4.5],
          [133.85575, 34.31375, 4.5],
          [133.85573, 34.31372, 4.5],
          [133.85573, 34.31367, 4.5],
          [133.85573, 34.31356, 4.25],
          [133.85574, 34.31350, 4.25],
          [133.85575, 34.31344, 4.0],
          [133.85576, 34.31339, 4.0],
          [133.85574, 34.31333, 4.0],
          [133.85571, 34.31329, 4.0],
          [133.85567, 34.31327, 4.25],
          [133.85560, 34.31325, 4.25],
          [133.85522, 34.31321, 4.75],
          [133.85507, 34.31322, 4.75],
          [133.85504, 34.31322, 4.75],
          [133.85495, 34.31323, 4.75],
          [133.85480, 34.31321, 4.25],
          [133.85421, 34.31316, 2.75],
          [133.85391, 34.31313, 2.75],
          [133.85360, 34.31311, 2.5],
          [133.85353, 34.31310, 2.5],
          [133.85268, 34.31305, 5.5],
          [133.85236, 34.31303, 6.0],
          [133.85211, 34.31303, 6.0],
          [133.85181, 34.31303, 6.25],
          [133.85171, 34.31304, 6.25],
          [133.85097, 34.31306, 6.0],
          [133.85085, 34.31307, 6.0],
          [133.85076, 34.31307, 6.0],
          [133.85061, 34.31308, 6.0],
          [133.85028, 34.31309, 6.0],
          [133.84985, 34.31310, 5.75],
          [133.84940, 34.31311, 5.0],
          [133.84925, 34.31311, 4.75],
          [133.84859, 34.31307, 4.0],
          [133.84821, 34.31303, 3.25],
          [133.84804, 34.31301, 2.75],
          [133.84790, 34.31299, 2.5],
          [133.84735, 34.31288, 1.75],
          [133.84698, 34.31280, 1.75],
          [133.84646, 34.31268, 2.0],
          [133.84554, 34.31244, 3.75],
          [133.84546, 34.31243, 3.75],
          [133.84460, 34.31221, 4.5],
          [133.84394, 34.31205, 6.0],
          [133.84379, 34.31201, 6.5],
          [133.84354, 34.31193, 7.25],
          [133.84287, 34.31173, 10.75],
          [133.84240, 34.31155, 14.25],
          [133.84202, 34.31139, 16.0],
          [133.84169, 34.31123, 18.0],
          [133.84149, 34.31112, 18.5],
          [133.84087, 34.31079, 17.75],
          [133.84054, 34.31063, 18.75],
          [133.84039, 34.31057, 18.75],
          [133.84001, 34.31046, 18.25],
          [133.83989, 34.31043, 19.0],
          [133.83998, 34.31025, 19.25],
          [133.84009, 34.31008, 19.75],
          [133.84011, 34.31003, 20.0],
          [133.84010, 34.30995, 20.0],
          [133.84008, 34.30991, 20.25],
          [133.84006, 34.30988, 20.25],
          [133.84001, 34.30984, 20.0],
          [133.83994, 34.30980, 20.25],
          [133.83968, 34.30968, 21.0],
          [133.83953, 34.30962, 21.0],
          [133.83927, 34.30950, 20.0],
          [133.83903, 34.30939, 18.0],
          [133.83849, 34.30916, 12.0],
          [133.83827, 34.30907, 10.0],
          [133.83805, 34.30899, 8.75],
          [133.83783, 34.30893, 8.0],
          [133.83762, 34.30889, 7.25],
          [133.83745, 34.30889, 6.75],
          [133.83723, 34.30889, 6.75],
          [133.83699, 34.30892, 6.75],
          [133.83693, 34.30893, 6.75],
          [133.83632, 34.30910, 5.25],
          [133.83624, 34.30913, 5.0],
          [133.83512, 34.30944, 4.5],
          [133.83502, 34.30947, 4.5],
          [133.83491, 34.30950, 4.5],
          [133.83261, 34.31014, 0.75],
          [133.83201, 34.31031, 2.0],
          [133.83138, 34.31048, 3.5],
          [133.83088, 34.31060, 4.5],
          [133.83083, 34.31055, 4.5],
          [133.83076, 34.31046, 4.5],
          [133.83065, 34.31034, 4.25],
          [133.83064, 34.31033, 4.25],
          [133.83056, 34.31027, 4.0],
          [133.83042, 34.31017, 3.75],
          [133.82977, 34.30982, 3.5],
          [133.82976, 34.30981, 3.5],
          [133.82921, 34.30950, 5.0],
          [133.82886, 34.30929, 5.75],
          [133.82884, 34.30927, 5.75],
          [133.82882, 34.30921, 5.75],
          [133.82855, 34.30908, 5.75],
          [133.82847, 34.30906, 5.75],
          [133.82800, 34.30884, 5.75],
          [133.82789, 34.30885, 5.75],
          [133.82763, 34.30873, 6.0],
          [133.82733, 34.30863, 6.25],
          [133.82716, 34.30856, 6.5],
          [133.82689, 34.30847, 6.75],
          [133.82661, 34.30833, 7.0],
          [133.82660, 34.30832, 7.0],
          [133.82596, 34.30803, 8.25],
          [133.82542, 34.30777, 9.0],
          [133.82525, 34.30772, 9.25],
          [133.82504, 34.30766, 9.25],
          [133.82478, 34.30762, 9.25],
          [133.82459, 34.30760, 9.25],
          [133.82454, 34.30761, 9.25],
          [133.82436, 34.30761, 9.25],
          [133.82413, 34.30760, 9.25],
          [133.82374, 34.30762, 9.25],
          [133.82334, 34.30766, 9.0],
          [133.82323, 34.30767, 9.25],
          [133.82274, 34.30771, 10.5],
          [133.82250, 34.30774, 11.0],
          [133.82172, 34.30791, 10.75],
          [133.82162, 34.30796, 10.75],
          [133.82149, 34.30820, 10.0],
          [133.82139, 34.30840, 9.5],
          [133.82118, 34.30875, 8.75],
          [133.82105, 34.30897, 7.75],
          [133.82101, 34.30903, 7.5],
          [133.82098, 34.30908, 7.0],
          [133.82088, 34.30905, 7.75],
          [133.82058, 34.30892, 8.25],
          [133.82042, 34.30883, 8.5],
          [133.82034, 34.30877, 8.5],
          [133.82025, 34.30869, 8.5],
          [133.82008, 34.30849, 8.75],
          [133.82002, 34.30843, 8.75],
          [133.81986, 34.30823, 8.25],
          [133.81976, 34.30811, 8.25],
          [133.81947, 34.30774, 8.0],
          [133.81922, 34.30743, 8.0],
          [133.81910, 34.30728, 8.75],
          [133.81895, 34.30709, 9.5],
          [133.81857, 34.30664, 9.0],
          [133.81830, 34.30637, 10.25],
          [133.81775, 34.30587, 12.25],
          [133.81685, 34.30510, 15.75],
          [133.81647, 34.30476, 13.0],
          [133.81639, 34.30469, 12.5],
          [133.81631, 34.30461, 12.25],
          [133.81630, 34.30460, 12.0],
          [133.81622, 34.30452, 11.5],
          [133.81602, 34.30430, 9.75],
          [133.81580, 34.30405, 7.75],
          [133.81525, 34.30334, 6.25],
          [133.81511, 34.30316, 6.25],
          [133.81495, 34.30298, 6.0],
          [133.81459, 34.30261, 6.0],
          [133.81434, 34.30235, 5.75],
          [133.81331, 34.30128, 5.75],
          [133.81308, 34.30105, 5.75],
          [133.81295, 34.30100, 5.75],
          [133.81282, 34.30091, 5.75],
          [133.81272, 34.30085, 5.75],
          [133.81240, 34.30075, 6.0],
          [133.81197, 34.30061, 6.5],
          [133.81186, 34.30053, 6.25],
          [133.81182, 34.30043, 6.0],
          [133.81167, 34.30014, 4.5],
          [133.81146, 34.29984, 4.75],
          [133.81138, 34.29984, 4.75],
          [133.81092, 34.29993, 5.75],
          [133.81024, 34.30011, 6.75],
          [133.81000, 34.30014, 7.25],
          [133.80979, 34.30021, 6.75],
          [133.80971, 34.30002, 7.5],
          [133.80883, 34.29863, 6.5],
          [133.80879, 34.29856, 6.5],
          [133.80876, 34.29852, 6.75],
          [133.80850, 34.29814, 7.75],
          [133.80823, 34.29781, 7.5],
          [133.80780, 34.29737, 5.75],
          [133.80766, 34.29726, 5.5],
          [133.80740, 34.29705, 5.25],
          [133.80712, 34.29686, 5.25],
          [133.80678, 34.29664, 5.0],
          [133.80658, 34.29654, 4.75],
          [133.80647, 34.29648, 4.5],
          [133.80634, 34.29643, 4.25],
          [133.80626, 34.29640, 4.25],
          [133.80610, 34.29634, 4.0],
          [133.80600, 34.29632, 4.0],
          [133.80586, 34.29632, 3.75],
          [133.80575, 34.29635, 3.5],
          [133.80564, 34.29633, 3.5],
          [133.80436, 34.29586, 5.25],
          [133.80426, 34.29582, 5.5],
          [133.80381, 34.29566, 6.5],
          [133.80368, 34.29563, 6.75],
          [133.80352, 34.29560, 7.25],
          [133.80348, 34.29556, 7.0],
          [133.80345, 34.29548, 6.75],
          [133.80344, 34.29547, 6.75],
          [133.80341, 34.29546, 6.75],
          [133.80321, 34.29541, 6.75],
          [133.80305, 34.29538, 6.5],
          [133.80253, 34.29527, 6.25],
          [133.80189, 34.29510, 5.25],
          [133.80145, 34.29497, 4.75],
          [133.80111, 34.29485, 4.75],
          [133.80031, 34.29456, 6.25],
          [133.79925, 34.29417, 6.0],
          [133.79868, 34.29396, 6.0],
          [133.79841, 34.29387, 6.0],
          [133.79793, 34.29369, 6.25],
          [133.79769, 34.29361, 6.75],
          [133.79762, 34.29356, 6.75],
          [133.79740, 34.29349, 7.0],
          [133.79735, 34.29347, 7.0],
          [133.79737, 34.29341, 7.0],
          [133.79749, 34.29319, 7.25],
          [133.79738, 34.29315, 7.25],
          [133.79674, 34.29292, 8.25],
          [133.79539, 34.29241, 8.75],
          [133.79537, 34.29240, 8.75],
          [133.79528, 34.29236, 9.25],
          [133.79490, 34.29221, 10.5],
          [133.79424, 34.29192, 10.0],
          [133.79416, 34.29189, 9.75],
          [133.79387, 34.29177, 9.0],
          [133.79314, 34.29143, 7.75],
          [133.79308, 34.29141, 8.0],
          [133.79305, 34.29139, 8.0],
          [133.79291, 34.29133, 8.25],
          [133.79285, 34.29131, 8.5],
          [133.79273, 34.29126, 8.5],
          [133.79270, 34.29124, 8.75],
          [133.79255, 34.29116, 8.75],
          [133.79233, 34.29103, 8.75],
          [133.79215, 34.29091, 8.75],
          [133.79188, 34.29073, 8.5],
          [133.79168, 34.29061, 8.0],
          [133.79122, 34.29038, 7.25],
          [133.79112, 34.29034, 7.25],
          [133.79132, 34.28996, 6.25],
          [133.79135, 34.28990, 6.25],
          [133.79129, 34.28989, 6.5],
          [133.79022, 34.28954, 5.5],
          [133.78984, 34.28937, 5.25],
          [133.78979, 34.28935, 5.25],
          [133.78961, 34.28924, 5.5],
          [133.78918, 34.28896, 6.0],
          [133.78892, 34.28879, 5.5],
          [133.78879, 34.28869, 5.5],
          [133.78864, 34.28856, 5.25],
          [133.78844, 34.28840, 5.0],
          [133.78836, 34.28833, 5.0],
          [133.78815, 34.28816, 4.75],
          [133.78797, 34.28804, 5.0],
          [133.78741, 34.28771, 6.0],
          [133.78690, 34.28737, 7.5],
          [133.78675, 34.28729, 8.0],
          [133.78668, 34.28724, 8.25],
          [133.78657, 34.28714, 8.75],
          [133.78635, 34.28707, 8.0],
          [133.78633, 34.28707, 8.0],
          [133.78630, 34.28706, 8.0],
          [133.78598, 34.28697, 6.75],
          [133.78594, 34.28695, 6.5],
          [133.78579, 34.28691, 5.75],
          [133.78554, 34.28684, 5.0],
          [133.78539, 34.28679, 4.75],
          [133.78511, 34.28666, 4.25],
          [133.78434, 34.28629, 4.75],
          [133.78402, 34.28614, 5.0],
          [133.78344, 34.28589, 5.0],
          [133.78338, 34.28587, 5.0],
          [133.78286, 34.28570, 5.0],
          [133.78225, 34.28550, 5.5],
          [133.78188, 34.28537, 5.25],
          [133.78156, 34.28527, 4.75],
          [133.78106, 34.28510, 4.0],
          [133.78100, 34.28507, 4.0],
          [133.78094, 34.28505, 4.0],
          [133.78083, 34.28500, 4.0],
          [133.78078, 34.28498, 4.0],
          [133.78075, 34.28497, 4.0],
          [133.78071, 34.28495, 4.25],
          [133.78050, 34.28485, 4.5],
          [133.77950, 34.28443, 4.5],
          [133.77900, 34.28424, 4.25],
          [133.77858, 34.28408, 4.5],
          [133.77837, 34.28400, 4.75],
          [133.77760, 34.28371, 5.75],
          [133.77757, 34.28370, 5.75],
          [133.77736, 34.28359, 5.75],
          [133.77728, 34.28355, 5.5],
          [133.77716, 34.28349, 5.5],
          [133.77704, 34.28344, 5.25],
          [133.77501, 34.28245, 4.0],
          [133.77483, 34.28237, 3.75],
          [133.77393, 34.28193, 3.75],
          [133.77338, 34.28169, 3.0],
          [133.77321, 34.28161, 3.5],
          [133.77291, 34.28148, 4.5],
          [133.77287, 34.28146, 4.75],
          [133.77255, 34.28133, 5.75],
          [133.77066, 34.28054, 0.25],
          [133.76864, 34.27968, 3.0],
          [133.76778, 34.27934, 2.25],
          [133.76767, 34.27929, 2.25],
          [133.76720, 34.27908, 2.5],
          [133.76682, 34.27891, 3.25],
          [133.76668, 34.27885, 3.5],
          [133.76658, 34.27881, 3.5],
          [133.76650, 34.27877, 3.5],
          [133.76468, 34.27802, 2.5],
          [133.76457, 34.27797, 2.25],
          [133.76418, 34.27780, 1.75],
          [133.76340, 34.27744, 3.75],
          [133.76324, 34.27737, 4.0],
          [133.76274, 34.27717, 4.75],
          [133.76224, 34.27694, 5.25],
          [133.76196, 34.27679, 4.75],
          [133.76188, 34.27675, 4.5],
          [133.76115, 34.27627, 4.75],
          [133.76108, 34.27622, 4.75],
          [133.76106, 34.27620, 4.75],
          [133.76060, 34.27587, 5.75],
          [133.76051, 34.27581, 5.75],
          [133.76019, 34.27560, 5.25],
          [133.75995, 34.27547, 5.0],
          [133.75964, 34.27538, 5.25],
          [133.75927, 34.27529, 5.75],
          [133.75866, 34.27516, 5.75],
          [133.75850, 34.27513, 5.75],
          [133.75834, 34.27511, 5.75],
          [133.75770, 34.27502, 5.75],
          [133.75733, 34.27501, 5.5],
          [133.75651, 34.27493, 4.0],
          [133.75641, 34.27491, 4.0],
          [133.75619, 34.27490, 4.0],
          [133.75591, 34.27487, 4.0],
          [133.75563, 34.27485, 4.0],
          [133.75463, 34.27476, 4.0],
          [133.75429, 34.27472, 4.5],
          [133.75414, 34.27470, 4.5],
          [133.75410, 34.27467, 4.5],
          [133.75329, 34.27417, 4.0],
          [133.75291, 34.27389, 3.5],
          [133.75271, 34.27378, 3.25],
          [133.75268, 34.27376, 3.25],
          [133.75262, 34.27373, 3.25],
          [133.75249, 34.27365, 3.25],
          [133.75241, 34.27363, 3.25],
          [133.75195, 34.27356, 4.0],
          [133.75179, 34.27351, 4.5],
          [133.75134, 34.27332, 5.75],
          [133.75109, 34.27322, 6.0],
          [133.75098, 34.27322, 6.25],
          [133.75084, 34.27322, 6.75],
          [133.75073, 34.27320, 6.5],
          [133.75051, 34.27310, 5.75],
          [133.75043, 34.27306, 5.5],
          [133.74892, 34.27235, 5.25],
          [133.74881, 34.27229, 5.25],
          [133.74856, 34.27216, 5.5],
          [133.74832, 34.27197, 5.75],
          [133.74744, 34.27269, 5.0],
          [133.74711, 34.27242, 5.25],
          [133.74690, 34.27223, 5.5],
          [133.74672, 34.27207, 5.25],
          [133.74629, 34.27159, 4.5],
          [133.74594, 34.27114, 5.25],
          [133.74578, 34.27094, 5.75],
          [133.74572, 34.27086, 6.0],
          [133.74507, 34.27079, 8.5],
          [133.74437, 34.27072, 10.0],
          [133.74400, 34.27069, 10.5],
          [133.74339, 34.27062, 10.75],
          [133.74329, 34.27063, 10.25],
          [133.74324, 34.27065, 9.25],
          [133.74307, 34.27068, 7.75],
          [133.74287, 34.27067, 7.0],
          [133.74275, 34.27063, 6.75],
          [133.74268, 34.27054, 7.5],
          [133.74265, 34.27043, 8.5],
          [133.74263, 34.27029, 9.5],
          [133.74262, 34.27016, 11.0],
          [133.74266, 34.27004, 13.0],
          [133.74260, 34.26988, 13.0],
          [133.74256, 34.26981, 12.75],
          [133.74214, 34.26892, 13.5],
          [133.74205, 34.26875, 13.5],
          [133.74202, 34.26872, 13.25],
          [133.74144, 34.26780, 6.75],
          [133.74135, 34.26702, 5.75],
          [133.74128, 34.26663, 5.5],
          [133.74123, 34.26638, 5.5],
          [133.74119, 34.26631, 5.5],
          [133.74109, 34.26613, 5.5],
          [133.74061, 34.26557, 5.0],
          [133.73986, 34.26477, 5.5],
          [133.73969, 34.26454, 5.25],
          [133.73957, 34.26434, 5.25],
          [133.73937, 34.26398, 5.25],
          [133.73925, 34.26372, 4.75],
          [133.73904, 34.26311, 4.0],
          [133.73900, 34.26301, 4.25],
          [133.73900, 34.26294, 4.5],
          [133.73893, 34.26289, 4.25],
          [133.73881, 34.26278, 4.25],
          [133.73875, 34.26272, 4.25],
          [133.73845, 34.26238, 4.75],
          [133.73815, 34.26194, 5.25],
          [133.73780, 34.26156, 5.0],
          [133.73741, 34.26114, 4.5],
          [133.73697, 34.26072, 5.25],
          [133.73693, 34.26068, 5.25],
          [133.73655, 34.26029, 6.0],
          [133.73647, 34.26020, 6.25],
          [133.73612, 34.25982, 6.5],
          [133.73571, 34.25937, 5.5],
          [133.73563, 34.25927, 5.25],
          [133.73546, 34.25905, 4.75],
          [133.73538, 34.25892, 4.5],
          [133.73518, 34.25873, 3.75],
          [133.73496, 34.25846, 3.0],
          [133.73434, 34.25834, 3.75],
          [133.73377, 34.25822, 3.75],
          [133.73374, 34.25822, 3.75],
          [133.73366, 34.25821, 3.75],
          [133.73318, 34.25807, 4.25],
          [133.73267, 34.25790, 4.0],
          [133.73261, 34.25788, 4.0],
          [133.73191, 34.25761, 5.25],
          [133.73169, 34.25753, 5.75],
          [133.73141, 34.25742, 5.75],
          [133.73137, 34.25740, 5.75],
          [133.73118, 34.25730, 5.5],
          [133.73094, 34.25715, 5.0],
          [133.73084, 34.25707, 4.75],
          [133.73070, 34.25696, 4.5],
          [133.72995, 34.25639, 3.25],
          [133.72990, 34.25637, 3.0],
          [133.72966, 34.25626, 2.5],
          [133.72959, 34.25624, 2.5],
          [133.72912, 34.25601, 2.0],
          [133.72908, 34.25599, 2.25],
          [133.72829, 34.25579, 5.75],
          [133.72801, 34.25573, 6.0],
          [133.72762, 34.25564, 6.0],
          [133.72702, 34.25550, 3.5],
          [133.72673, 34.25541, 3.5],
          [133.72641, 34.25529, 3.5],
          [133.72637, 34.25527, 3.5],
          [133.72629, 34.25523, 3.5],
          [133.72609, 34.25515, 3.5],
          [133.72552, 34.25485, 3.5],
          [133.72480, 34.25448, 3.5],
          [133.72462, 34.25440, 3.5],
          [133.72367, 34.25408, 3.5],
          [133.72357, 34.25407, 3.5],
          [133.72351, 34.25404, 3.5],
          [133.72349, 34.25400, 3.5],
          [133.72346, 34.25381, 3.5],
          [133.72343, 34.25376, 3.5],
          [133.72329, 34.25369, 3.5],
          [133.72314, 34.25355, 3.5],
          [133.72297, 34.25343, 3.5],
          [133.72288, 34.25338, 3.5],
          [133.72274, 34.25332, 3.5],
          [133.72178, 34.25304, 3.5],
          [133.72165, 34.25302, 3.5],
          [133.72136, 34.25301, 3.5],
          [133.72123, 34.25300, 3.5],
          [133.72109, 34.25297, 3.5],
          [133.72010, 34.25261, 3.5],
          [133.71997, 34.25255, 3.5],
          [133.71986, 34.25249, 3.5],
          [133.71960, 34.25229, 3.5],
          [133.71952, 34.25223, 3.5],
          [133.71943, 34.25217, 3.5],
          [133.71924, 34.25210, 3.5],
          [133.71920, 34.25208, 3.5],
          [133.71884, 34.25201, 3.75],
          [133.71868, 34.25195, 3.75],
          [133.71857, 34.25189, 3.75],
          [133.71847, 34.25182, 3.75],
          [133.71808, 34.25149, 3.75],
          [133.71789, 34.25130, 3.75],
          [133.71773, 34.25108, 3.75],
          [133.71752, 34.25077, 3.75],
          [133.71736, 34.25054, 3.75],
          [133.71670, 34.24971, 3.75],
          [133.71652, 34.24948, 3.75],
          [133.71597, 34.24872, 3.75],
          [133.71592, 34.24864, 3.75],
          [133.71582, 34.24865, 3.75],
          [133.71572, 34.24865, 3.75],
          [133.71530, 34.24829, 3.75],
          [133.71495, 34.24803, 3.75],
          [133.71456, 34.24782, 3.75],
          [133.71440, 34.24775, 3.75],
          [133.71435, 34.24769, 3.75],
          [133.71398, 34.24705, 3.75],
          [133.71372, 34.24674, 3.75],
          [133.71347, 34.24640, 3.75],
          [133.71328, 34.24618, 3.75],
          [133.71325, 34.24615, 3.75],
          [133.71300, 34.24572, 4.0],
          [133.71279, 34.24543, 4.0],
          [133.71264, 34.24528, 4.0],
          [133.71246, 34.24507, 4.0],
          [133.71208, 34.24462, 4.25],
          [133.71184, 34.24432, 4.25],
          [133.71170, 34.24416, 4.75],
          [133.71111, 34.24360, 5.0],
          [133.71059, 34.24309, 7.75],
          [133.71039, 34.24288, 8.75],
          [133.71010, 34.24247, 9.0],
          [133.71000, 34.24238, 9.0],
          [133.70970, 34.24211, 9.0],
          [133.70952, 34.24189, 9.0],
          [133.70924, 34.24148, 9.25],
          [133.70916, 34.24130, 9.25],
          [133.70908, 34.24107, 9.25],
          [133.70900, 34.24096, 9.25],
          [133.70884, 34.24079, 9.25],
          [133.70845, 34.24040, 9.5],
          [133.70808, 34.24005, 9.5],
          [133.70778, 34.23984, 9.5],
          [133.70750, 34.23969, 9.75],
          [133.70696, 34.23943, 9.75],
          [133.70670, 34.23934, 9.75],
          [133.70644, 34.23926, 9.75],
          [133.70595, 34.23910, 10.0],
          [133.70585, 34.23907, 10.0],
          [133.70569, 34.23904, 10.0],
          [133.70553, 34.23903, 10.0],
          [133.70511, 34.23902, 10.0],
          [133.70486, 34.23901, 10.25],
          [133.70469, 34.23902, 10.25],
          [133.70452, 34.23900, 10.25],
          [133.70431, 34.23890, 10.25],
          [133.70414, 34.23883, 10.25],
          [133.70401, 34.23875, 10.25],
          [133.70393, 34.23865, 10.25],
          [133.70388, 34.23859, 10.25],
          [133.70375, 34.23835, 10.5],
          [133.70352, 34.23787, 10.5],
          [133.70322, 34.23731, 10.75],
          [133.70317, 34.23721, 10.75],
          [133.70313, 34.23712, 10.75],
          [133.70315, 34.23704, 10.75],
          [133.70321, 34.23699, 10.75],
          [133.70271, 34.23652, 10.75],
          [133.70154, 34.23543, 11.25],
          [133.70120, 34.23517, 11.25],
          [133.70036, 34.23473, 11.5],
          [133.69835, 34.23367, 12.0],
          [133.69665, 34.23277, 12.0],
          [133.69613, 34.23245, 11.0],
          [133.69583, 34.23228, 9.25],
          [133.69555, 34.23207, 9.0],
          [133.69529, 34.23182, 8.75],
          [133.69393, 34.23009, 13.75],
          [133.69295, 34.22884, 20.5],
          [133.69279, 34.22861, 20.75],
          [133.69262, 34.22839, 18.5],
          [133.69239, 34.22788, 11.5],
          [133.69231, 34.22761, 9.75],
          [133.69226, 34.22727, 9.0],
          [133.69224, 34.22697, 9.25],
          [133.69224, 34.22664, 9.75],
          [133.69240, 34.22574, 10.0],
          [133.69226, 34.22572, 8.5],
          [133.69214, 34.22570, 7.25],
          [133.69218, 34.22540, 8.0],
          [133.69214, 34.22505, 8.25],
          [133.69206, 34.22466, 7.0],
          [133.69202, 34.22440, 6.25],
          [133.69195, 34.22386, 5.5],
          [133.69189, 34.22357, 5.0],
          [133.69186, 34.22305, 5.25],
          [133.69175, 34.22234, 6.5],
          [133.69170, 34.22219, 6.5],
          [133.69155, 34.22196, 6.0],
          [133.69145, 34.22183, 5.75],
          [133.69142, 34.22180, 5.75],
          [133.69118, 34.22152, 5.5],
          [133.69098, 34.22154, 5.25],
          [133.69068, 34.22156, 5.25],
          [133.69019, 34.22157, 5.75],
          [133.68968, 34.22157, 6.25],
          [133.68843, 34.22161, 5.5],
          [133.68765, 34.22162, 5.25],
          [133.68759, 34.22163, 5.25],
          [133.68729, 34.22164, 5.0],
          [133.68687, 34.22164, 4.75],
          [133.68661, 34.22163, 4.75],
          [133.68618, 34.22160, 4.5],
          [133.68606, 34.22159, 4.5],
          [133.68593, 34.22157, 4.5],
          [133.68533, 34.22147, 4.0],
          [133.68491, 34.22140, 4.25],
          [133.68320, 34.22110, 4.0],
          [133.68282, 34.22104, 3.75],
          [133.68176, 34.22161, 4.5],
          [133.68160, 34.22172, 4.75],
          [133.68158, 34.22174, 4.75],
          [133.68143, 34.22191, 4.75],
          [133.68128, 34.22204, 4.75],
          [133.68115, 34.22214, 5.0],
          [133.68006, 34.22268, 4.75],
          [133.68115, 34.22214, 5.0],
          [133.68128, 34.22204, 4.75],
          [133.68143, 34.22191, 4.75],
          [133.68158, 34.22174, 4.75],
          [133.68160, 34.22172, 4.75],
          [133.68176, 34.22161, 4.5],
          [133.68282, 34.22104, 3.75],
          [133.68320, 34.22110, 4.0],
          [133.68344, 34.22097, 4.25],
          [133.68385, 34.22078, 4.5],
          [133.68426, 34.22059, 5.0],
          [133.68430, 34.22056, 5.25],
          [133.68418, 34.21945, 4.5],
          [133.68404, 34.21920, 4.0],
          [133.68391, 34.21900, 4.25],
          [133.68382, 34.21887, 4.75],
          [133.68396, 34.21879, 4.5],
          [133.68409, 34.21872, 4.5],
          [133.68426, 34.21867, 4.5],
          [133.68425, 34.21859, 4.75],
          [133.68517, 34.21654, 1.0],
          [133.68681, 34.21292, 6.0],
          [133.68702, 34.21262, 6.0],
          [133.68708, 34.21255, 6.0],
          [133.68727, 34.21224, 8.0],
          [133.68736, 34.21217, 8.0],
          [133.68744, 34.21213, 7.25],
          [133.68752, 34.21212, 6.75],
          [133.68770, 34.21210, 6.25],
          [133.68777, 34.21207, 6.0],
          [133.68779, 34.21202, 6.0],
          [133.68785, 34.21193, 6.0],
          [133.68795, 34.21174, 5.75],
          [133.68819, 34.21134, 7.5],
          [133.68839, 34.21106, 6.5],
          [133.68861, 34.21072, 7.25],
          [133.68888, 34.21020, 8.0],
          [133.68902, 34.20982, 7.0],
          [133.68904, 34.20963, 7.25],
          [133.68906, 34.20914, 8.25],
          [133.68904, 34.20886, 7.75],
          [133.68900, 34.20869, 7.5],
          [133.68897, 34.20858, 7.5],
          [133.68880, 34.20816, 8.0],
          [133.68873, 34.20799, 8.0],
          [133.68863, 34.20778, 7.75],
          [133.68848, 34.20754, 7.0],
          [133.68857, 34.20733, 5.75],
          [133.68864, 34.20708, 4.5],
          [133.68866, 34.20703, 4.25],
          [133.68894, 34.20628, 3.0],
          [133.68903, 34.20618, 3.0],
          [133.68900, 34.20610, 3.0],
          [133.68900, 34.20599, 3.0],
          [133.68936, 34.20477, 0.0],
          [133.68963, 34.20378, 0.25],
          [133.68996, 34.20269, -0.75],
          [133.69018, 34.20211, -1.25],
          [133.69028, 34.20189, -1.25],
          [133.69038, 34.20169, -1.0],
          [133.69052, 34.20149, 0.0],
          [133.69062, 34.20137, 0.5],
          [133.69054, 34.20127, 0.5],
          [133.69050, 34.20115, 0.75],
          [133.69045, 34.20022, 2.0],
          [133.69036, 34.19927, 4.75],
          [133.69033, 34.19897, 5.25],
          [133.69022, 34.19833, 6.0],
          [133.69020, 34.19815, 6.75],
          [133.69016, 34.19793, 7.5],
          [133.69012, 34.19783, 7.75],
          [133.68997, 34.19759, 8.75],
          [133.68886, 34.19578, 9.5],
          [133.68866, 34.19544, 9.75],
          [133.68816, 34.19466, 13.25],
          [133.68795, 34.19429, 15.25],
          [133.68738, 34.19336, 16.75],
          [133.68708, 34.19286, 19.75],
          [133.68635, 34.19167, 25.5],
          [133.68585, 34.19093, 27.25],
          [133.68572, 34.19069, 28.25],
          [133.68563, 34.19056, 29.25],
          [133.68558, 34.19042, 29.5],
          [133.68554, 34.19023, 29.5],
          [133.68525, 34.18921, 29.0],
          [133.68520, 34.18900, 29.75],
          [133.68504, 34.18848, 32.0],
          [133.68460, 34.18690, 42.75],
          [133.68450, 34.18673, 44.75],
          [133.68416, 34.18626, 47.0],
          [133.68415, 34.18611, 46.5],
          [133.68418, 34.18603, 46.25],
          [133.68424, 34.18597, 46.0],
          [133.68423, 34.18593, 46.0],
          [133.68419, 34.18574, 45.25],
          [133.68418, 34.18557, 44.0],
          [133.68417, 34.18528, 42.0],
          [133.68420, 34.18513, 40.75],
          [133.68423, 34.18501, 39.75],
          [133.68428, 34.18491, 39.5],
          [133.68428, 34.18476, 39.5],
          [133.68453, 34.18441, 38.75],
          [133.68475, 34.18414, 38.5],
          [133.68544, 34.18318, 40.0],
          [133.68553, 34.18305, 40.5],
          [133.68578, 34.18274, 40.75],
          [133.68678, 34.18168, 37.5],
          [133.68680, 34.18161, 37.5],
          [133.68681, 34.18153, 37.5],
          [133.68677, 34.18132, 37.75],
          [133.68665, 34.18084, 38.0],
          [133.68650, 34.18043, 37.25],
          [133.68622, 34.17973, 36.25],
          [133.68610, 34.17943, 36.25],
          [133.68597, 34.17912, 36.75],
          [133.68567, 34.17865, 37.0],
          [133.68568, 34.17826, 35.75],
          [133.68566, 34.17786, 35.25],
          [133.68571, 34.17782, 35.0],
          [133.68570, 34.17699, 33.75],
          [133.68569, 34.17654, 33.25],
          [133.68569, 34.17653, 33.25],
          [133.68573, 34.17391, 31.25],
          [133.68571, 34.17308, 29.0],
          [133.68571, 34.17238, 28.5],
          [133.68566, 34.17172, 29.25],
          [133.68563, 34.17158, 29.25],
          [133.68561, 34.17141, 29.25],
          [133.68561, 34.17107, 29.25],
          [133.68564, 34.17084, 29.0],
          [133.68568, 34.17066, 29.25],
          [133.68577, 34.17031, 29.5],
          [133.68730, 34.16855, 27.0],
          [133.68706, 34.16818, 27.75],
          [133.68702, 34.16788, 28.5],
          [133.68699, 34.16780, 28.75],
          [133.68673, 34.16740, 29.75],
          [133.68672, 34.16729, 29.5],
          [133.68677, 34.16706, 29.25],
          [133.68692, 34.16642, 27.75],
          [133.68689, 34.16623, 27.25],
          [133.68676, 34.16601, 27.0],
          [133.68658, 34.16571, 27.0],
          [133.68650, 34.16552, 27.0],
          [133.68642, 34.16513, 27.0],
          [133.68629, 34.16481, 26.25],
          [133.68631, 34.16456, 25.5],
          [133.68626, 34.16442, 25.25],
          [133.68609, 34.16415, 24.5],
          [133.68606, 34.16412, 24.5],
          [133.68586, 34.16382, 24.75],
          [133.68578, 34.16363, 25.0],
          [133.68578, 34.16344, 25.0],
          [133.68583, 34.16323, 24.75],
          [133.68583, 34.16308, 24.5],
          [133.68577, 34.16299, 24.75],
          [133.68580, 34.16206, 24.0],
          [133.68577, 34.16188, 24.0],
          [133.68567, 34.16160, 24.0],
          [133.68549, 34.16128, 24.25],
          [133.68518, 34.16077, 24.75],
          [133.68482, 34.16031, 24.25],
          [133.68478, 34.16028, 24.25],
          [133.68478, 34.16022, 24.0],
          [133.68444, 34.15910, 22.0],
          [133.68431, 34.15853, 22.5],
          [133.68423, 34.15826, 22.5],
          [133.68406, 34.15768, 21.5],
          [133.68393, 34.15737, 21.0],
          [133.68397, 34.15720, 20.5],
          [133.68379, 34.15680, 19.75],
          [133.68355, 34.15611, 18.75],
          [133.68353, 34.15599, 18.75],
          [133.68337, 34.15533, 17.75],
          [133.68332, 34.15498, 17.0],
          [133.68311, 34.15429, 20.0],
          [133.68310, 34.15367, 19.5],
          [133.68289, 34.15329, 20.0],
          [133.68276, 34.15311, 20.25],
          [133.68256, 34.15288, 21.0],
          [133.68249, 34.15271, 21.25],
          [133.68241, 34.15250, 21.5],
          [133.68237, 34.15215, 20.25],
          [133.68234, 34.15198, 20.0],
          [133.68227, 34.15179, 19.75],
          [133.68188, 34.15121, 20.5],
          [133.68177, 34.15103, 20.75],
          [133.68141, 34.14968, 19.5],
          [133.68109, 34.14902, 21.0],
          [133.68078, 34.14852, 20.5],
          [133.68004, 34.14768, 24.25],
          [133.67969, 34.14743, 24.75],
          [133.67886, 34.14671, 25.0],
          [133.67836, 34.14636, 26.25],
          [133.67784, 34.14596, 24.75],
          [133.67794, 34.14559, 24.5],
          [133.67794, 34.14536, 23.25],
          [133.67792, 34.14515, 22.25],
          [133.67787, 34.14499, 21.25],
          [133.67749, 34.14453, 18.75],
          [133.67743, 34.14447, 19.0],
          [133.67740, 34.14443, 19.0],
          [133.67733, 34.14432, 19.25],
          [133.67724, 34.14422, 20.0],
          [133.67724, 34.14411, 20.25],
          [133.67733, 34.14391, 20.0],
          [133.67753, 34.14355, 19.0],
          [133.67751, 34.14343, 19.5],
          [133.67749, 34.14337, 19.75],
          [133.67755, 34.14315, 19.25],
          [133.67776, 34.14293, 17.25],
          [133.67781, 34.14283, 16.75],
          [133.67782, 34.14276, 16.5],
          [133.67781, 34.14246, 16.0],
          [133.67780, 34.14234, 15.0],
          [133.67776, 34.14223, 14.25],
          [133.67767, 34.14214, 13.75],
          [133.67755, 34.14205, 13.25],
          [133.67713, 34.14177, 13.25],
          [133.67679, 34.14161, 14.25],
          [133.67661, 34.14149, 15.0],
          [133.67643, 34.14118, 14.5],
          [133.67621, 34.14089, 13.75],
          [133.67573, 34.14051, 15.25],
          [133.67533, 34.14017, 15.75],
          [133.67413, 34.13975, 23.0],
          [133.67390, 34.13966, 23.0],
          [133.67375, 34.13959, 22.0],
          [133.67343, 34.13941, 18.0],
          [133.67322, 34.13927, 14.25],
          [133.67287, 34.13902, 12.25],
          [133.67273, 34.13893, 12.5],
          [133.67257, 34.13886, 13.25],
          [133.67247, 34.13883, 13.5],
          [133.67249, 34.13879, 12.5],
          [133.67305, 34.13770, 4.5],
          [133.67307, 34.13766, 4.75],
          [133.67365, 34.13682, 6.0],
          [133.67407, 34.13620, 8.25],
          [133.67416, 34.13606, 8.5],
          [133.67424, 34.13587, 9.0],
          [133.67441, 34.13536, 9.25],
          [133.67478, 34.13425, 9.75],
          [133.67481, 34.13418, 9.75],
          [133.67504, 34.13380, 9.0],
          [133.67518, 34.13358, 8.5],
          [133.67582, 34.13255, 7.75],
          [133.67614, 34.13203, 8.0],
          [133.67619, 34.13195, 8.25],
          [133.67621, 34.13186, 8.25],
          [133.67623, 34.13128, 8.0],
          [133.67623, 34.13082, 7.5],
          [133.67624, 34.13066, 7.75],
          [133.67625, 34.13018, 8.5],
          [133.67565, 34.12999, 9.0],
          [133.67385, 34.12941, 8.0],
          [133.67312, 34.12915, 8.25],
          [133.67218, 34.12882, 5.5],
          [133.67139, 34.12851, 5.0],
          [133.67046, 34.12816, 4.25],
          [133.67007, 34.12800, 4.75],
          [133.66972, 34.12785, 4.5],
          [133.66950, 34.12775, 4.25],
          [133.66927, 34.12765, 4.0],
          [133.66620, 34.12626, 6.25],
          [133.66507, 34.12574, 6.0],
          [133.66437, 34.12544, 6.0],
          [133.66382, 34.12517, 5.75],
          [133.66028, 34.12347, 6.25],
          [133.65887, 34.12282, 7.25],
          [133.66073, 34.12201, 7.5],
          [133.66041, 34.12150, 8.0],
          [133.66019, 34.12112, 6.75],
          [133.65980, 34.12043, 6.0],
          [133.65967, 34.12023, 6.5],
          [133.66004, 34.12006, 5.75],
          [133.65967, 34.12023, 6.5],
          [133.65955, 34.12006, 7.25],
          [133.65946, 34.11986, 7.25],
          [133.65888, 34.11900, 6.75],
          [133.65880, 34.11879, 7.0],
          [133.65874, 34.11873, 7.25],
          [133.65857, 34.11849, 7.25],
          [133.65752, 34.11897, 6.25],
          [133.65652, 34.11943, 7.25],
          [133.65516, 34.12006, 6.75],
          [133.65492, 34.11969, 7.0],
          [133.65453, 34.11899, 7.0],
          [133.65410, 34.11817, 6.25],
          [133.65378, 34.11754, 5.0],
          [133.65341, 34.11686, 6.25],
          [133.65336, 34.11677, 6.75],
          [133.65310, 34.11628, 7.0],
          [133.65308, 34.11625, 7.0],
          [133.65282, 34.11573, 6.75],
          [133.65235, 34.11484, 6.0],
          [133.65226, 34.11468, 5.5],
          [133.65173, 34.11373, 5.25],
          [133.65162, 34.11353, 5.5],
          [133.65146, 34.11318, 5.75],
          [133.65117, 34.11264, 5.25],
          [133.65073, 34.11175, 5.5],
          [133.65064, 34.11151, 5.5],
          [133.65055, 34.11124, 5.75],
          [133.65048, 34.11096, 5.75],
          [133.65033, 34.11034, 5.5],
          [133.65026, 34.11003, 5.25],
          [133.65018, 34.10977, 4.75],
          [133.65012, 34.10958, 4.25],
          [133.65004, 34.10940, 4.0],
          [133.64995, 34.10926, 4.0],
          [133.64982, 34.10906, 4.25],
          [133.64968, 34.10886, 4.75],
          [133.64951, 34.10864, 5.5],
          [133.64938, 34.10841, 6.0],
          [133.64922, 34.10806, 6.5],
          [133.64894, 34.10746, 6.25],
          [133.64833, 34.10625, 6.0],
          [133.64776, 34.10515, 6.25],
          [133.64694, 34.10355, 6.75],
          [133.64674, 34.10312, 6.75],
          [133.64653, 34.10265, 6.0],
          [133.64632, 34.10212, 5.75],
          [133.64616, 34.10168, 6.0],
          [133.64594, 34.10097, 6.75],
          [133.64539, 34.09932, 7.75],
          [133.64519, 34.09874, 7.0],
          [133.64502, 34.09823, 7.0],
          [133.64495, 34.09803, 7.5],
          [133.64484, 34.09776, 8.0],
          [133.64474, 34.09757, 8.25],
          [133.64472, 34.09754, 8.25],
          [133.64450, 34.09714, 7.25],
          [133.64351, 34.09538, 8.5],
          [133.64332, 34.09500, 7.75],
          [133.64314, 34.09457, 8.25],
          [133.64301, 34.09424, 8.5],
          [133.64288, 34.09384, 8.25],
          [133.64261, 34.09292, 8.0],
          [133.64161, 34.08953, 9.5],
          [133.64158, 34.08944, 9.5],
          [133.64153, 34.08928, 9.75],
          [133.64135, 34.08868, 8.75],
          [133.64117, 34.08805, 6.75],
          [133.64114, 34.08793, 6.5],
          [133.64112, 34.08781, 6.5],
          [133.64113, 34.08771, 6.25],
          [133.64117, 34.08762, 6.25],
          [133.64128, 34.08747, 5.75],
          [133.64128, 34.08742, 5.75],
          [133.64126, 34.08736, 6.0],
          [133.64121, 34.08732, 6.0],
          [133.64111, 34.08725, 6.25],
          [133.64092, 34.08712, 6.75],
          [133.64088, 34.08705, 6.75],
          [133.64083, 34.08692, 6.75],
          [133.63998, 34.08402, 4.5],
          [133.63979, 34.08345, 7.5],
          [133.63976, 34.08337, 7.75],
          [133.63960, 34.08276, 7.5],
          [133.63940, 34.08213, 7.75],
          [133.63933, 34.08181, 8.0],
          [133.63929, 34.08173, 8.0],
          [133.63908, 34.08082, 8.75],
          [133.63903, 34.08064, 9.0],
          [133.63895, 34.08023, 9.25],
          [133.63893, 34.08008, 9.25],
          [133.63893, 34.07988, 9.5],
          [133.63893, 34.07965, 9.75],
          [133.63895, 34.07949, 10.0],
          [133.63895, 34.07942, 10.25],
          [133.63897, 34.07910, 10.75],
          [133.63900, 34.07877, 10.75],
          [133.63899, 34.07866, 10.75],
          [133.63901, 34.07812, 10.5],
          [133.63901, 34.07782, 10.5],
          [133.63903, 34.07757, 10.5],
          [133.63906, 34.07747, 10.5],
          [133.63937, 34.07696, 8.25],
          [133.63939, 34.07691, 8.0],
          [133.63938, 34.07686, 7.75],
          [133.63928, 34.07676, 6.75],
          [133.63920, 34.07666, 6.0],
          [133.63906, 34.07653, 6.0],
          [133.63881, 34.07627, 6.25],
          [133.63873, 34.07620, 6.5],
          [133.63867, 34.07612, 6.75],
          [133.63865, 34.07579, 7.5],
          [133.63864, 34.07574, 7.5],
          [133.63861, 34.07563, 7.75],
          [133.63860, 34.07561, 7.75],
          [133.63842, 34.07507, 8.75],
          [133.63840, 34.07498, 8.75],
          [133.63831, 34.07445, 8.25],
          [133.63822, 34.07386, 7.25],
          [133.63824, 34.07366, 7.0],
          [133.63831, 34.07325, 7.0],
          [133.63832, 34.07294, 7.25],
          [133.63842, 34.07250, 7.75],
          [133.63845, 34.07237, 8.0],
          [133.63850, 34.07218, 8.0],
          [133.63853, 34.07206, 8.0],
          [133.63848, 34.07180, 8.0],
          [133.63837, 34.07144, 7.5],
          [133.63830, 34.07130, 7.5],
          [133.63822, 34.07114, 7.5],
          [133.63819, 34.07111, 7.5],
          [133.63811, 34.07096, 7.5],
          [133.63808, 34.07088, 7.25],
          [133.63807, 34.07078, 7.25],
          [133.63808, 34.07066, 7.25],
          [133.63815, 34.07039, 7.25],
          [133.63814, 34.07015, 7.25],
          [133.63819, 34.06991, 7.5],
          [133.63822, 34.06975, 7.25],
          [133.63835, 34.06935, 7.25],
          [133.63845, 34.06908, 7.0],
          [133.63848, 34.06888, 7.0],
          [133.63847, 34.06877, 6.75],
          [133.63845, 34.06863, 6.5],
          [133.63832, 34.06825, 5.75],
          [133.63826, 34.06806, 5.25],
          [133.63789, 34.06743, 5.0],
          [133.63789, 34.06742, 5.0],
          [133.63783, 34.06731, 5.0],
          [133.63778, 34.06724, 5.0],
          [133.63768, 34.06715, 5.0],
          [133.63725, 34.06691, 5.5],
          [133.63714, 34.06682, 5.5],
          [133.63700, 34.06669, 5.5],
          [133.63691, 34.06656, 5.75],
          [133.63687, 34.06651, 5.75],
          [133.63680, 34.06640, 6.0],
          [133.63671, 34.06620, 6.25],
          [133.63618, 34.06518, 6.5],
          [133.63553, 34.06380, 7.25],
          [133.63543, 34.06358, 7.5],
          [133.63531, 34.06335, 7.75],
          [133.63527, 34.06321, 7.75],
          [133.63525, 34.06310, 7.5],
          [133.63524, 34.06291, 7.0],
          [133.63525, 34.06263, 6.5],
          [133.63525, 34.06248, 6.25],
          [133.63523, 34.06238, 6.0],
          [133.63519, 34.06230, 6.0],
          [133.63510, 34.06220, 6.0],
          [133.63477, 34.06194, 5.75],
          [133.63447, 34.06160, 5.5],
          [133.63407, 34.06110, 6.5],
          [133.63384, 34.06071, 6.25],
          [133.63357, 34.06020, 5.75],
          [133.63338, 34.05988, 5.75],
          [133.63326, 34.05970, 6.0],
          [133.63316, 34.05957, 6.0],
          [133.63276, 34.05911, 5.75],
          [133.63268, 34.05902, 5.75],
          [133.63252, 34.05888, 5.75],
          [133.63224, 34.05866, 6.25],
          [133.63207, 34.05848, 6.75],
          [133.63196, 34.05830, 7.25],
          [133.63179, 34.05811, 7.25],
          [133.63173, 34.05802, 7.25],
          [133.63165, 34.05787, 7.25],
          [133.63107, 34.05646, 5.75],
          [133.63079, 34.05589, 5.0],
          [133.63054, 34.05542, 5.25],
          [133.63050, 34.05533, 5.25],
          [133.63028, 34.05492, 5.5],
          [133.63006, 34.05455, 5.75],
          [133.62988, 34.05427, 5.75],
          [133.62959, 34.05383, 6.0],
          [133.62942, 34.05367, 6.0],
          [133.62933, 34.05361, 5.75],
          [133.62910, 34.05348, 5.5],
          [133.62836, 34.05311, 5.25],
          [133.62812, 34.05296, 5.25],
          [133.62803, 34.05292, 5.25],
          [133.62789, 34.05288, 5.25],
          [133.62775, 34.05288, 5.0],
          [133.62755, 34.05276, 5.0],
          [133.62650, 34.05225, 4.75],
          [133.62617, 34.05206, 4.75],
          [133.62607, 34.05198, 4.75],
          [133.62496, 34.05104, 4.5],
          [133.62324, 34.04959, 4.0],
          [133.62301, 34.04940, 4.0],
          [133.62278, 34.04926, 4.0],
          [133.62259, 34.04915, 4.0],
          [133.62241, 34.04907, 3.75],
          [133.62219, 34.04898, 3.75],
          [133.62196, 34.04891, 3.75],
          [133.62175, 34.04885, 3.75],
          [133.62143, 34.04880, 3.75],
          [133.62036, 34.04863, 3.5],
          [133.62008, 34.04857, 3.5],
          [133.61983, 34.04850, 3.5],
          [133.61936, 34.04832, 3.25],
          [133.61850, 34.04799, 3.25],
          [133.61761, 34.04764, 3.0],
          [133.61738, 34.04756, 3.0],
          [133.61709, 34.04748, 3.0],
          [133.61628, 34.04727, 3.0],
          [133.61608, 34.04721, 3.0],
          [133.61591, 34.04715, 3.0],
          [133.61575, 34.04708, 3.0],
          [133.61554, 34.04697, 3.0],
          [133.61532, 34.04683, 3.0],
          [133.61508, 34.04665, 3.0],
          [133.61467, 34.04630, 3.0],
          [133.61434, 34.04603, 3.5],
          [133.61371, 34.04556, 4.0],
          [133.61340, 34.04536, 4.25],
          [133.61311, 34.04518, 4.5],
          [133.61289, 34.04507, 4.5],
          [133.61231, 34.04486, 4.0],
          [133.61200, 34.04472, 3.75],
          [133.61175, 34.04458, 3.75],
          [133.61067, 34.04391, 3.25],
          [133.61021, 34.04363, 2.75],
          [133.60982, 34.04345, 2.75],
          [133.60951, 34.04335, 2.75],
          [133.60920, 34.04327, 2.75],
          [133.60872, 34.04319, 4.25],
          [133.60729, 34.04298, 4.75],
          [133.60485, 34.04263, 6.5],
          [133.60312, 34.04238, 6.0],
          [133.60270, 34.04235, 4.5],
          [133.60233, 34.04233, 4.25],
          [133.60203, 34.04233, 5.5],
          [133.60173, 34.04234, 6.5],
          [133.60151, 34.04236, 7.5],
          [133.60118, 34.04240, 8.5],
          [133.60083, 34.04244, 9.25],
          [133.60062, 34.04246, 9.5],
          [133.60042, 34.04247, 10.0],
          [133.60023, 34.04247, 10.75],
          [133.60014, 34.04246, 11.25],
          [133.59995, 34.04243, 12.5],
          [133.59980, 34.04239, 12.5],
          [133.59967, 34.04235, 12.75],
          [133.59952, 34.04229, 13.0],
          [133.59938, 34.04221, 13.0],
          [133.59923, 34.04210, 12.5],
          [133.59911, 34.04201, 12.0],
          [133.59898, 34.04189, 12.0],
          [133.59875, 34.04161, 10.25],
          [133.59844, 34.04126, 9.25],
          [133.59746, 34.04006, 6.0],
          [133.59719, 34.03975, 5.25],
          [133.59693, 34.03946, 4.75],
          [133.59661, 34.03913, 4.5],
          [133.59629, 34.03882, 4.0],
          [133.59594, 34.03846, 3.75],
          [133.59569, 34.03818, 3.25],
          [133.59450, 34.03674, 1.75],
          [133.59421, 34.03638, 1.5],
          [133.59382, 34.03592, 1.5],
          [133.59342, 34.03548, 2.25],
          [133.59296, 34.03500, 3.5],
          [133.59254, 34.03459, 3.75],
          [133.59230, 34.03439, 3.75],
          [133.59205, 34.03419, 4.0],
          [133.59153, 34.03385, 4.25],
          [133.59126, 34.03369, 4.5],
          [133.59101, 34.03357, 4.5],
          [133.59082, 34.03348, 4.75],
          [133.59039, 34.03333, 4.75],
          [133.59017, 34.03327, 5.0],
          [133.58995, 34.03322, 5.5],
          [133.58971, 34.03319, 5.75],
          [133.58948, 34.03318, 5.75],
          [133.58928, 34.03318, 5.5],
          [133.58899, 34.03318, 5.25],
          [133.58755, 34.03325, 2.25],
          [133.58725, 34.03326, 2.75],
          [133.58704, 34.03326, 3.5],
          [133.58684, 34.03324, 4.25],
          [133.58658, 34.03319, 4.75],
          [133.58633, 34.03312, 4.5],
          [133.58612, 34.03303, 4.5],
          [133.58582, 34.03286, 4.5],
          [133.58567, 34.03274, 4.75],
          [133.58554, 34.03262, 4.75],
          [133.58539, 34.03246, 4.75],
          [133.58526, 34.03227, 5.0],
          [133.58511, 34.03205, 5.0],
          [133.58463, 34.03120, 5.75],
          [133.58354, 34.02925, 7.25],
          [133.58275, 34.02796, 7.25],
          [133.58213, 34.02698, 12.75],
          [133.58205, 34.02684, 13.5],
          [133.58144, 34.02582, 6.75],
          [133.58139, 34.02564, 7.5],
          [133.58124, 34.02541, 7.75],
          [133.58111, 34.02527, 6.75],
          [133.58106, 34.02520, 6.5],
          [133.58089, 34.02501, 4.75],
          [133.58074, 34.02475, 4.5],
          [133.58066, 34.02451, 4.5],
          [133.58058, 34.02438, 4.0],
          [133.58040, 34.02410, 3.25],
          [133.58020, 34.02385, 4.25],
          [133.58010, 34.02373, 5.5],
          [133.57993, 34.02355, 7.5],
          [133.57953, 34.02317, 12.5],
          [133.57928, 34.02297, 13.5],
          [133.57864, 34.02250, 15.75],
          [133.57837, 34.02229, 17.0],
          [133.57794, 34.02189, 17.0],
          [133.57780, 34.02175, 15.0],
          [133.57691, 34.02093, 7.5],
          [133.57685, 34.02086, 7.0],
          [133.57677, 34.02078, 6.75],
          [133.57668, 34.02067, 7.0],
          [133.57660, 34.02055, 7.75],
          [133.57652, 34.02041, 8.25],
          [133.57644, 34.02025, 8.75],
          [133.57637, 34.02006, 9.0],
          [133.57630, 34.01986, 8.25],
          [133.57626, 34.01967, 7.5],
          [133.57624, 34.01959, 7.25],
          [133.57639, 34.01954, 7.5],
          [133.57649, 34.01948, 7.5],
          [133.57660, 34.01936, 7.0],
          [133.57665, 34.01928, 6.5],
          [133.57666, 34.01917, 6.0],
          [133.57670, 34.01895, 5.25],
          [133.57669, 34.01872, 4.75],
          [133.57667, 34.01856, 4.5],
          [133.57657, 34.01834, 4.0],
          [133.57647, 34.01816, 4.25],
          [133.57626, 34.01783, 4.5],
          [133.57599, 34.01752, 5.25],
          [133.57594, 34.01743, 5.5],
          [133.57591, 34.01733, 5.25],
          [133.57593, 34.01717, 5.0],
          [133.57617, 34.01719, 4.75],
          [133.57638, 34.01719, 4.25],
          [133.57658, 34.01718, 4.25],
          [133.57668, 34.01716, 4.25],
          [133.57679, 34.01713, 4.5],
          [133.57686, 34.01710, 4.75],
          [133.57683, 34.01698, 5.0],
          [133.57681, 34.01662, 6.0],
          [133.57686, 34.01621, 6.0],
          [133.57689, 34.01612, 6.0],
          [133.57682, 34.01574, 5.75],
          [133.57677, 34.01573, 5.75],
          [133.57661, 34.01573, 5.75],
          [133.57659, 34.01569, 5.5],
          [133.57647, 34.01515, 4.75],
          [133.57614, 34.01380, 5.25],
          [133.57595, 34.01301, 6.25],
          [133.57600, 34.01273, 6.75],
          [133.57617, 34.01225, 7.75],
          [133.57623, 34.01207, 8.25],
          [133.57626, 34.01193, 8.5],
          [133.57629, 34.01183, 9.0],
          [133.57630, 34.01169, 9.25],
          [133.57632, 34.01116, 8.5],
          [133.57630, 34.01109, 8.25],
          [133.57639, 34.00980, 7.25],
          [133.57641, 34.00943, 8.5],
          [133.57642, 34.00936, 8.75],
          [133.57649, 34.00850, 9.0],
          [133.57652, 34.00820, 8.75],
          [133.57662, 34.00766, 8.75],
          [133.57663, 34.00763, 8.75],
          [133.57666, 34.00748, 9.0],
          [133.57671, 34.00736, 9.25],
          [133.57680, 34.00726, 9.5],
          [133.57690, 34.00718, 9.75],
          [133.57692, 34.00703, 10.0],
          [133.57713, 34.00682, 10.25],
          [133.57730, 34.00662, 10.0],
          [133.57754, 34.00628, 10.0],
          [133.57757, 34.00625, 10.0],
          [133.57779, 34.00590, 10.75],
          [133.57783, 34.00581, 11.0],
          [133.57791, 34.00547, 11.0],
          [133.57799, 34.00510, 10.25],
          [133.57799, 34.00504, 10.25],
          [133.57793, 34.00493, 10.5],
          [133.57749, 34.00467, 12.25],
          [133.57744, 34.00464, 12.25],
          [133.57741, 34.00460, 12.25],
          [133.57728, 34.00445, 12.25],
          [133.57720, 34.00439, 12.25],
          [133.57629, 34.00378, 12.0],
          [133.57613, 34.00367, 11.75],
          [133.57583, 34.00342, 11.5],
          [133.57479, 34.00265, 16.75],
          [133.57418, 34.00223, 15.25],
          [133.57358, 34.00183, 16.75],
          [133.57350, 34.00178, 17.0],
          [133.57347, 34.00178, 17.0],
          [133.57337, 34.00177, 17.25],
          [133.57331, 34.00177, 17.25],
          [133.57325, 34.00176, 17.25],
          [133.57321, 34.00173, 17.0],
          [133.57229, 34.00088, 12.25],
          [133.57209, 34.00072, 11.25],
          [133.57195, 34.00062, 11.0],
          [133.57185, 34.00056, 10.75],
          [133.57166, 34.00046, 10.25],
          [133.57146, 34.00033, 10.5],
          [133.57125, 34.00019, 10.75],
          [133.57121, 34.00016, 10.75],
          [133.57079, 33.99989, 10.75],
          [133.57026, 33.99951, 10.75],
          [133.56945, 33.99893, 11.25],
          [133.56940, 33.99888, 11.25],
          [133.56935, 33.99883, 11.0],
          [133.56927, 33.99879, 10.75],
          [133.56917, 33.99874, 10.5],
          [133.56906, 33.99867, 9.75],
          [133.56896, 33.99860, 9.0],
          [133.56873, 33.99839, 8.0],
          [133.56763, 33.99762, 9.5],
          [133.56700, 33.99715, 10.25],
          [133.56698, 33.99714, 10.25],
          [133.56692, 33.99709, 10.25],
          [133.56691, 33.99708, 10.25],
          [133.56659, 33.99687, 10.0],
          [133.56653, 33.99683, 9.75],
          [133.56614, 33.99656, 8.75],
          [133.56581, 33.99635, 8.0],
          [133.56546, 33.99612, 8.25],
          [133.56486, 33.99569, 8.25],
          [133.56379, 33.99493, 8.75],
          [133.56308, 33.99448, 9.75],
          [133.56301, 33.99443, 9.75],
          [133.56291, 33.99436, 9.5],
          [133.56210, 33.99380, 7.5],
          [133.56179, 33.99357, 6.75],
          [133.56122, 33.99310, 8.0],
          [133.56101, 33.99293, 8.75],
          [133.56054, 33.99258, 9.25],
          [133.56036, 33.99242, 9.25],
          [133.56029, 33.99237, 9.25],
          [133.56001, 33.99225, 9.25],
          [133.55980, 33.99211, 9.0],
          [133.55959, 33.99196, 8.75],
          [133.55885, 33.99145, 8.0],
          [133.55853, 33.99123, 7.5],
          [133.55849, 33.99120, 7.5],
          [133.55832, 33.99107, 7.5],
          [133.55816, 33.99090, 8.0],
          [133.55804, 33.99081, 8.25],
          [133.55789, 33.99070, 8.75],
          [133.55760, 33.99053, 9.5],
          [133.55724, 33.99033, 10.0],
          [133.55693, 33.99013, 10.0],
          [133.55678, 33.99000, 10.0],
          [133.55675, 33.98997, 10.0],
          [133.55668, 33.98989, 10.25],
          [133.55664, 33.98985, 10.25],
          [133.55641, 33.98963, 11.0],
          [133.55625, 33.98950, 11.5],
          [133.55600, 33.98930, 11.75],
          [133.55588, 33.98921, 11.75],
          [133.55534, 33.98884, 13.0],
          [133.55495, 33.98856, 13.25],
          [133.55480, 33.98846, 13.75],
          [133.55443, 33.98827, 15.0],
          [133.55430, 33.98819, 15.25],
          [133.55418, 33.98810, 15.5],
          [133.55401, 33.98795, 14.75],
          [133.55380, 33.98775, 14.0],
          [133.55367, 33.98765, 13.75],
          [133.55348, 33.98752, 13.25],
          [133.55346, 33.98750, 13.25],
          [133.55301, 33.98715, 13.25],
          [133.55261, 33.98690, 13.0],
          [133.55221, 33.98661, 11.5],
          [133.55195, 33.98640, 10.75],
          [133.55150, 33.98613, 10.25],
          [133.55085, 33.98568, 9.5],
          [133.55079, 33.98563, 9.5],
          [133.55046, 33.98537, 10.75],
          [133.55023, 33.98523, 11.25],
          [133.54991, 33.98506, 11.75],
          [133.54952, 33.98478, 11.0],
          [133.54920, 33.98455, 10.25],
          [133.54892, 33.98436, 9.5],
          [133.54861, 33.98412, 9.75],
          [133.54886, 33.98385, 10.25],
          [133.54928, 33.98341, 12.0],
          [133.54949, 33.98323, 13.25],
          [133.54983, 33.98298, 15.25],
          [133.54990, 33.98292, 15.5],
          [133.55013, 33.98269, 16.5],
          [133.55018, 33.98264, 16.5],
          [133.55022, 33.98260, 16.75],
          [133.55080, 33.98202, 19.0],
          [133.55028, 33.98163, 20.0],
          [133.54989, 33.98135, 21.25],
          [133.54970, 33.98121, 21.5],
          [133.54963, 33.98114, 21.75],
          [133.54960, 33.98103, 22.25],
          [133.54955, 33.98022, 23.0],
          [133.54955, 33.98007, 23.0],
          [133.54997, 33.98012, 23.25],
          [133.54955, 33.98007, 23.0],
          [133.54944, 33.98006, 23.0],
          [133.54922, 33.98004, 23.0],
          [133.54832, 33.98001, 23.75],
          [133.54758, 33.98001, 22.0],
          [133.54736, 33.98001, 21.5],
          [133.54712, 33.98002, 21.0],
          [133.54694, 33.98001, 20.5],
          [133.54675, 33.97999, 20.0],
          [133.54648, 33.97992, 20.25],
          [133.54636, 33.97989, 20.5],
          [133.54593, 33.97973, 21.75],
          [133.54560, 33.98021, 18.75],
          [133.54557, 33.98025, 18.5],
          [133.54533, 33.98056, 18.0],
          [133.54489, 33.98118, 17.5],
          [133.54473, 33.98142, 16.75],
          [133.54471, 33.98144, 16.5],
          [133.54444, 33.98182, 15.75],
          [133.54414, 33.98224, 15.75],
          [133.54410, 33.98230, 15.75],
          [133.54406, 33.98235, 15.75],
          [133.54403, 33.98239, 15.5],
          [133.54357, 33.98297, 11.25],
          [133.54337, 33.98320, 9.75],
          [133.54318, 33.98352, 8.0],
          [133.54291, 33.98404, 5.75],
          [133.54264, 33.98458, 3.5],
          [133.54250, 33.98451, 3.0],
          [133.54228, 33.98440, 3.75],
          [133.54193, 33.98420, 4.5],
          [133.54170, 33.98407, 5.0],
          [133.54154, 33.98396, 5.25],
          [133.54140, 33.98386, 5.5],
          [133.54125, 33.98370, 6.0],
          [133.54112, 33.98370, 6.0],
          [133.54065, 33.98367, 5.5],
          [133.54057, 33.98366, 5.25],
          [133.54050, 33.98363, 5.0],
          [133.54023, 33.98342, 4.5],
          [133.54015, 33.98338, 4.25],
          [133.54005, 33.98336, 4.0],
          [133.53942, 33.98330, 4.75],
          [133.53890, 33.98324, 4.0],
          [133.53853, 33.98321, 2.5],
          [133.53837, 33.98318, 2.25],
          [133.53826, 33.98315, 2.25],
          [133.53808, 33.98305, 3.25],
          [133.53798, 33.98299, 3.75],
          [133.53769, 33.98273, 5.5],
          [133.53760, 33.98261, 6.25],
          [133.53754, 33.98256, 6.5],
          [133.53711, 33.98215, 6.75],
          [133.53692, 33.98200, 6.75],
          [133.53666, 33.98183, 6.5],
          [133.53635, 33.98167, 6.5],
          [133.53620, 33.98158, 7.0],
          [133.53611, 33.98153, 7.25],
          [133.53577, 33.98133, 8.5],
          [133.53488, 33.98079, 8.75],
          [133.53474, 33.98072, 8.75],
          [133.53461, 33.98064, 8.75],
          [133.53391, 33.98023, 9.0],
          [133.53361, 33.98007, 9.75],
          [133.53330, 33.97989, 10.25],
          [133.53274, 33.97951, 11.5],
          [133.53264, 33.97944, 11.75],
          [133.53255, 33.97937, 12.0],
          [133.53062, 33.97809, 7.75],
          [133.52955, 33.97740, 10.25],
          [133.52933, 33.97727, 10.0],
          [133.52899, 33.97716, 10.0],
          [133.52852, 33.97702, 10.0],
          [133.52829, 33.97697, 9.5],
          [133.52802, 33.97693, 8.0],
          [133.52663, 33.97676, 4.0],
          [133.52659, 33.97675, 4.25],
          [133.52623, 33.97671, 5.0],
          [133.52543, 33.97664, 4.0],
          [133.52514, 33.97655, 4.0],
          [133.52470, 33.97637, 4.0],
          [133.52434, 33.97622, 4.0],
          [133.52421, 33.97615, 4.25],
          [133.52404, 33.97604, 4.25],
          [133.52278, 33.97506, 4.5],
          [133.52219, 33.97458, 4.75],
          [133.52165, 33.97415, 4.75],
          [133.52068, 33.97348, 5.0],
          [133.52046, 33.97334, 5.0],
          [133.52013, 33.97312, 5.25],
          [133.51987, 33.97296, 5.25],
          [133.51965, 33.97285, 5.25],
          [133.51939, 33.97276, 5.25],
          [133.51906, 33.97267, 5.5],
          [133.51853, 33.97252, 5.5],
          [133.51814, 33.97241, 5.5],
          [133.51688, 33.97207, 5.75],
          [133.51663, 33.97199, 6.0],
          [133.51640, 33.97189, 6.0],
          [133.51570, 33.97153, 6.25],
          [133.51491, 33.97114, 6.25],
          [133.51470, 33.97106, 6.0],
          [133.51453, 33.97101, 5.5],
          [133.51435, 33.97098, 5.25],
          [133.51415, 33.97095, 4.75],
          [133.51395, 33.97095, 4.5],
          [133.51322, 33.97096, 4.25],
          [133.51301, 33.97096, 4.25],
          [133.51249, 33.97100, 4.0],
          [133.51212, 33.97102, 3.75],
          [133.51193, 33.97102, 3.75],
          [133.51172, 33.97100, 3.5],
          [133.51134, 33.97094, 3.5],
          [133.51118, 33.97090, 3.25],
          [133.51101, 33.97085, 3.25],
          [133.51026, 33.97056, 3.0],
          [133.50993, 33.97045, 3.0],
          [133.50972, 33.97040, 3.5],
          [133.50944, 33.97036, 4.25],
          [133.50932, 33.97036, 4.5],
          [133.50557, 33.97000, 6.5],
          [133.50288, 33.96975, 4.5],
          [133.50224, 33.96967, 4.0],
          [133.50210, 33.96964, 3.75],
          [133.50180, 33.96956, 3.5],
          [133.50148, 33.96941, 3.25],
          [133.50092, 33.96913, 4.0],
          [133.50073, 33.96905, 4.25],
          [133.50023, 33.96893, 4.75],
          [133.50011, 33.96892, 5.0],
          [133.49992, 33.96890, 5.25],
          [133.49882, 33.96883, 6.5],
          [133.49803, 33.96878, 6.75],
          [133.49776, 33.96877, 6.5],
          [133.49705, 33.96873, 5.5],
          [133.49524, 33.96861, 4.25],
          [133.49348, 33.96853, 2.25],
          [133.49283, 33.96855, 2.75],
          [133.49266, 33.96856, 3.0],
          [133.49223, 33.96860, 3.25],
          [133.49160, 33.96868, 2.75],
          [133.49111, 33.96869, 2.75],
          [133.49024, 33.96870, 2.5],
          [133.48944, 33.96880, 2.75],
          [133.48883, 33.96901, 3.25],
          [133.48825, 33.96927, 2.75],
          [133.48772, 33.96954, 3.0],
          [133.48708, 33.96981, 3.75],
          [133.48668, 33.96999, 4.75],
          [133.48596, 33.97029, 3.75],
          [133.48535, 33.97058, 4.25],
          [133.48504, 33.97068, 4.25],
          [133.48468, 33.97074, 4.0],
          [133.48358, 33.97081, 3.25],
          [133.48222, 33.97089, 3.75],
          [133.47933, 33.97104, 2.5],
          [133.47832, 33.97106, 2.0],
          [133.47691, 33.97106, 3.5],
          [133.47508, 33.97107, 3.5],
          [133.47478, 33.97131, 3.75],
          [133.47434, 33.97160, 3.25],
          [133.47409, 33.97173, 2.75],
          [133.47374, 33.97188, 2.25],
          [133.47338, 33.97201, 2.0],
          [133.47271, 33.97217, 3.5],
          [133.47269, 33.97218, 3.5],
          [133.47244, 33.97222, 4.25],
          [133.47182, 33.97231, 4.75],
          [133.47128, 33.97241, 4.75],
          [133.47028, 33.97258, 4.75],
          [133.46893, 33.97281, 4.0],
          [133.46878, 33.97283, 4.0],
          [133.46669, 33.97319, 2.0],
          [133.46468, 33.97353, 4.75],
          [133.46238, 33.97392, 4.5],
          [133.46191, 33.97399, 4.25],
          [133.46173, 33.97387, 4.25],
          [133.46147, 33.97362, 4.0],
          [133.46138, 33.97350, 4.0],
          [133.46133, 33.97341, 4.0],
          [133.46129, 33.97330, 4.0],
          [133.46127, 33.97319, 4.25],
          [133.46127, 33.97304, 4.5],
          [133.46129, 33.97286, 4.75],
          [133.46129, 33.97270, 5.0],
          [133.46128, 33.97261, 5.25],
          [133.46092, 33.97172, 6.5],
          [133.46085, 33.97153, 6.75],
          [133.46059, 33.97089, 7.5],
          [133.46043, 33.97058, 8.25],
          [133.46017, 33.97008, 9.0],
          [133.45991, 33.96954, 9.25],
          [133.45974, 33.96921, 9.5],
          [133.45967, 33.96904, 9.75],
          [133.45964, 33.96887, 10.25],
          [133.45963, 33.96846, 11.5],
          [133.45928, 33.96831, 12.0],
          [133.45909, 33.96826, 12.25],
          [133.45885, 33.96820, 12.25],
          [133.45873, 33.96819, 12.5],
          [133.45799, 33.96815, 12.0],
          [133.45743, 33.96811, 11.75],
          [133.45659, 33.96810, 11.5],
          [133.45580, 33.96802, 11.5],
          [133.45557, 33.96800, 11.25],
          [133.45526, 33.96796, 10.75],
          [133.45490, 33.96793, 10.25],
          [133.45411, 33.96784, 10.25],
          [133.45295, 33.96767, 9.75],
          [133.45183, 33.96759, 8.25],
          [133.45092, 33.96748, 7.0],
          [133.44963, 33.96732, 6.5],
          [133.44950, 33.96731, 6.75],
          [133.44927, 33.96725, 7.0],
          [133.44899, 33.96716, 7.25],
          [133.44895, 33.96715, 7.25],
          [133.44846, 33.96705, 8.0],
          [133.44792, 33.96699, 8.25],
          [133.44730, 33.96695, 8.5],
          [133.44679, 33.96693, 8.25],
          [133.44673, 33.96693, 8.25],
          [133.44627, 33.96693, 8.5],
          [133.44624, 33.96693, 8.5],
          [133.44589, 33.96688, 9.0],
          [133.44536, 33.96682, 9.75],
          [133.44477, 33.96673, 10.0],
          [133.44466, 33.96672, 9.75],
          [133.44331, 33.96654, 9.5],
          [133.44300, 33.96650, 8.75],
          [133.44291, 33.96647, 8.75],
          [133.44202, 33.96591, 9.5],
          [133.44191, 33.96583, 9.5],
          [133.44184, 33.96581, 9.25],
          [133.44044, 33.96559, 9.0],
          [133.44021, 33.96552, 9.5],
          [133.44007, 33.96547, 9.75],
          [133.43998, 33.96540, 10.0],
          [133.43995, 33.96532, 10.25],
          [133.43984, 33.96471, 11.75],
          [133.43981, 33.96463, 12.0],
          [133.43973, 33.96448, 12.5],
          [133.43963, 33.96435, 13.0],
          [133.43949, 33.96422, 13.25],
          [133.43937, 33.96416, 13.75],
          [133.43902, 33.96410, 14.0],
          [133.43831, 33.96408, 14.0],
          [133.43757, 33.96403, 15.75],
          [133.43653, 33.96397, 18.25],
          [133.43525, 33.96391, 19.5],
          [133.43488, 33.96389, 19.5],
          [133.43462, 33.96388, 19.75],
          [133.43417, 33.96385, 20.25],
          [133.43318, 33.96387, 19.75],
          [133.43251, 33.96389, 19.25],
          [133.42998, 33.96396, 22.25],
          [133.42970, 33.96397, 22.25],
          [133.42888, 33.96417, 21.5],
          [133.42766, 33.96399, 19.25],
          [133.42678, 33.96388, 17.75],
          [133.42666, 33.96386, 17.5],
          [133.42652, 33.96383, 17.75],
          [133.42547, 33.96354, 18.75],
          [133.42470, 33.96337, 19.5],
          [133.42432, 33.96328, 18.75],
          [133.42393, 33.96319, 18.5],
          [133.42314, 33.96300, 19.25],
          [133.42239, 33.96284, 20.5],
          [133.42157, 33.96273, 21.5],
          [133.42086, 33.96262, 22.75],
          [133.41956, 33.96238, 22.0],
          [133.41844, 33.96216, 21.0],
          [133.41593, 33.96168, 24.75],
          [133.41584, 33.96167, 24.75],
          [133.41580, 33.96167, 25.0],
          [133.41572, 33.96168, 25.5],
          [133.41563, 33.96170, 25.75],
          [133.41540, 33.96176, 27.0],
          [133.41522, 33.96178, 27.75],
          [133.41506, 33.96178, 28.5],
          [133.41485, 33.96178, 28.75],
          [133.41444, 33.96178, 29.25],
          [133.41381, 33.96178, 27.5],
          [133.41372, 33.96178, 27.0],
          [133.41279, 33.96179, 26.25],
          [133.41273, 33.96179, 26.5],
          [133.41237, 33.96178, 28.0],
          [133.41224, 33.96176, 28.75],
          [133.41212, 33.96171, 29.0],
          [133.41195, 33.96162, 29.5],
          [133.41133, 33.96130, 31.75],
          [133.41115, 33.96119, 31.5],
          [133.41019, 33.96085, 30.0],
          [133.40929, 33.96054, 33.25],
          [133.40907, 33.96045, 34.25],
          [133.40837, 33.96010, 34.75],
          [133.40813, 33.96003, 34.0],
          [133.40723, 33.95991, 36.25],
          [133.40631, 33.95980, 38.75],
          [133.40587, 33.95979, 39.5],
          [133.40540, 33.95980, 40.5],
          [133.40521, 33.95977, 41.0],
          [133.40475, 33.95963, 43.0],
          [133.40403, 33.95934, 43.75],
          [133.40386, 33.95925, 43.0],
          [133.40355, 33.95905, 43.0],
          [133.40341, 33.95899, 43.5],
          [133.40255, 33.95866, 46.75],
          [133.40204, 33.95848, 47.25],
          [133.40185, 33.95843, 47.5],
          [133.40090, 33.95823, 46.75],
          [133.39908, 33.95787, 52.75],
          [133.39838, 33.95773, 53.0],
          [133.39724, 33.95761, 56.75],
          [133.39708, 33.95758, 57.0],
          [133.39686, 33.95752, 56.75],
          [133.39488, 33.95706, 63.5],
          [133.39436, 33.95694, 63.25],
          [133.39386, 33.95682, 63.0],
          [133.39212, 33.95641, 66.75],
          [133.39121, 33.95620, 71.0],
          [133.39107, 33.95613, 71.25],
          [133.39103, 33.95605, 70.75],
          [133.39101, 33.95593, 69.75],
          [133.39101, 33.95590, 69.25],
          [133.39098, 33.95575, 68.75],
          [133.39097, 33.95571, 68.75],
          [133.39094, 33.95562, 69.0],
          [133.39087, 33.95555, 69.25],
          [133.39041, 33.95525, 70.25],
          [133.39007, 33.95502, 70.75],
          [133.38995, 33.95497, 71.0],
          [133.38909, 33.95467, 75.0],
          [133.38861, 33.95450, 76.25],
          [133.38705, 33.95396, 80.5],
          [133.38690, 33.95392, 81.0],
          [133.38592, 33.95386, 82.25],
          [133.38581, 33.95378, 82.5],
          [133.38543, 33.95321, 83.5],
          [133.38523, 33.95319, 83.75],
          [133.38496, 33.95313, 84.5],
          [133.38478, 33.95306, 85.75],
          [133.38451, 33.95296, 86.75],
          [133.38414, 33.95286, 87.75],
          [133.38382, 33.95281, 91.25],
          [133.38366, 33.95282, 93.25],
          [133.38358, 33.95286, 94.5],
          [133.38347, 33.95300, 97.75],
          [133.38324, 33.95328, 104.5],
          [133.38283, 33.95358, 111.5],
          [133.38256, 33.95372, 114.0],
          [133.38219, 33.95382, 112.75],
          [133.38183, 33.95389, 110.75],
          [133.38155, 33.95389, 107.25],
          [133.38123, 33.95386, 99.75],
          [133.38100, 33.95389, 94.25],
          [133.38085, 33.95396, 90.25],
          [133.38033, 33.95429, 85.75],
          [133.38020, 33.95445, 86.5],
          [133.38013, 33.95463, 88.25],
          [133.38012, 33.95479, 90.0],
          [133.38016, 33.95496, 91.75],
          [133.38036, 33.95538, 97.75],
          [133.38049, 33.95551, 96.75],
          [133.38067, 33.95559, 93.0],
          [133.38092, 33.95566, 87.75],
          [133.38112, 33.95567, 85.75],
          [133.38152, 33.95558, 83.0],
          [133.38171, 33.95560, 81.5],
          [133.38185, 33.95565, 80.5],
          [133.38200, 33.95578, 77.0],
          [133.38211, 33.95594, 75.75],
          [133.38215, 33.95611, 76.25],
          [133.38213, 33.95626, 76.75],
          [133.38206, 33.95640, 76.5],
          [133.38191, 33.95653, 75.5],
          [133.38172, 33.95661, 73.75],
          [133.38117, 33.95679, 77.5],
          [133.38095, 33.95690, 76.75],
          [133.38080, 33.95703, 74.75],
          [133.38069, 33.95715, 73.75],
          [133.38053, 33.95739, 69.25],
          [133.38043, 33.95757, 67.25],
          [133.38038, 33.95777, 66.75],
          [133.38039, 33.95795, 65.5],
          [133.38045, 33.95814, 64.5],
          [133.38049, 33.95831, 64.0],
          [133.38051, 33.95844, 63.5],
          [133.38050, 33.95895, 61.75],
          [133.38048, 33.95952, 56.5],
          [133.38044, 33.95976, 53.5],
          [133.38040, 33.95992, 51.5],
          [133.38030, 33.96003, 50.5],
          [133.38015, 33.96012, 50.75],
          [133.37995, 33.96019, 51.0],
          [133.37981, 33.96025, 51.75],
          [133.37969, 33.96034, 52.0],
          [133.37949, 33.96053, 51.0],
          [133.37930, 33.96066, 48.0],
          [133.37904, 33.96081, 45.25],
          [133.37893, 33.96091, 45.75],
          [133.37882, 33.96103, 46.25],
          [133.37856, 33.96141, 43.0],
          [133.37834, 33.96168, 37.0],
          [133.37811, 33.96188, 37.0],
          [133.37791, 33.96200, 37.25],
          [133.37764, 33.96213, 37.0],
          [133.37704, 33.96240, 37.75],
          [133.37686, 33.96249, 36.0],
          [133.37644, 33.96280, 34.5],
          [133.37626, 33.96291, 33.75],
          [133.37607, 33.96301, 32.75],
          [133.37579, 33.96315, 30.5],
          [133.37558, 33.96324, 28.75],
          [133.37527, 33.96340, 27.0],
          [133.37502, 33.96356, 26.75],
          [133.37476, 33.96373, 26.0],
          [133.37441, 33.96396, 24.75],
          [133.37426, 33.96405, 23.75],
          [133.37407, 33.96414, 22.75],
          [133.37392, 33.96419, 23.0],
          [133.37368, 33.96424, 23.25],
          [133.37303, 33.96433, 23.75],
          [133.37277, 33.96437, 24.0],
          [133.37248, 33.96446, 24.25],
          [133.37140, 33.96482, 25.0],
          [133.37050, 33.96503, 20.75],
          [133.36983, 33.96518, 20.75],
          [133.36948, 33.96530, 20.25],
          [133.36800, 33.96595, 21.5],
          [133.36767, 33.96607, 23.75],
          [133.36742, 33.96610, 24.0],
          [133.36634, 33.96611, 24.0],
          [133.36434, 33.96609, 16.75],
          [133.36392, 33.96604, 14.75],
          [133.36348, 33.96599, 13.75],
          [133.36319, 33.96600, 13.5],
          [133.36298, 33.96606, 13.75],
          [133.36271, 33.96620, 14.0],
          [133.36192, 33.96657, 12.75],
          [133.36140, 33.96682, 14.0],
          [133.36030, 33.96728, 13.75],
          [133.36007, 33.96740, 12.5],
          [133.36004, 33.96742, 12.5],
          [133.35995, 33.96748, 12.5],
          [133.35990, 33.96752, 13.25],
          [133.35943, 33.96790, 15.25],
          [133.35933, 33.96804, 14.25],
          [133.35928, 33.96816, 13.0],
          [133.35924, 33.96833, 10.75],
          [133.35915, 33.96906, 10.0],
          [133.35914, 33.96928, 10.0],
          [133.35909, 33.96950, 10.5],
          [133.35897, 33.96980, 10.5],
          [133.35885, 33.97003, 10.25],
          [133.35864, 33.97029, 10.5],
          [133.35842, 33.97058, 8.5],
          [133.35812, 33.97105, 8.0],
          [133.35791, 33.97130, 8.0],
          [133.35781, 33.97140, 7.75],
          [133.35731, 33.97193, 5.75],
          [133.35724, 33.97201, 6.0],
          [133.35705, 33.97222, 5.75],
          [133.35698, 33.97232, 5.5],
          [133.35651, 33.97304, 3.75],
          [133.35631, 33.97331, 3.75],
          [133.35615, 33.97349, 3.75],
          [133.35602, 33.97361, 3.75],
          [133.35581, 33.97377, 3.75],
          [133.35558, 33.97391, 3.25],
          [133.35486, 33.97430, 2.0],
          [133.35462, 33.97445, 2.25],
          [133.35443, 33.97459, 2.5],
          [133.35410, 33.97490, 3.75],
          [133.35375, 33.97526, 3.0],
          [133.35355, 33.97543, 3.0],
          [133.35329, 33.97562, 3.25],
          [133.35302, 33.97579, 3.25],
          [133.35285, 33.97584, 3.5],
          [133.35267, 33.97586, 3.75],
          [133.35252, 33.97587, 4.0],
          [133.35238, 33.97584, 4.25],
          [133.35188, 33.97549, 5.0],
          [133.35181, 33.97546, 5.0],
          [133.35171, 33.97544, 5.25],
          [133.35125, 33.97531, 4.25],
          [133.35105, 33.97525, 3.75],
          [133.35052, 33.97509, 2.25],
          [133.35007, 33.97495, 1.75],
          [133.34999, 33.97492, 1.75],
          [133.34965, 33.97482, 1.75],
          [133.34951, 33.97479, 1.75],
          [133.34924, 33.97475, 2.0],
          [133.34910, 33.97475, 2.0],
          [133.34887, 33.97476, 2.5],
          [133.34800, 33.97485, 3.0],
          [133.34765, 33.97477, 2.75],
          [133.34697, 33.97453, 4.0],
          [133.34664, 33.97442, 5.0],
          [133.34651, 33.97438, 5.0],
          [133.34634, 33.97439, 5.25],
          [133.34612, 33.97445, 5.25],
          [133.34516, 33.97469, 4.75],
          [133.34508, 33.97466, 4.75],
          [133.34497, 33.97464, 4.75],
          [133.34492, 33.97462, 4.75],
          [133.34489, 33.97462, 4.75],
          [133.34449, 33.97452, 4.5],
          [133.34440, 33.97448, 4.5],
          [133.34380, 33.97443, 4.0],
          [133.34351, 33.97444, 3.75],
          [133.34313, 33.97445, 3.75],
          [133.34300, 33.97447, 3.75],
          [133.34170, 33.97477, 3.5],
          [133.34136, 33.97482, 3.5],
          [133.34099, 33.97483, 3.5],
          [133.34071, 33.97482, 3.5],
          [133.34057, 33.97482, 3.5],
          [133.34025, 33.97481, 3.75],
          [133.33998, 33.97476, 4.0],
          [133.33964, 33.97469, 4.0],
          [133.33953, 33.97466, 4.0],
          [133.33948, 33.97465, 4.0],
          [133.33925, 33.97462, 4.0],
          [133.33925, 33.97462, 3.75],
          [133.33910, 33.97459, 4.0],
          [133.33885, 33.97455, 4.25],
          [133.33879, 33.97453, 4.25],
          [133.33863, 33.97449, 4.25],
          [133.33802, 33.97431, 4.5],
          [133.33770, 33.97421, 4.0],
          [133.33736, 33.97410, 4.25],
          [133.33721, 33.97405, 4.25],
          [133.33720, 33.97405, 4.25],
          [133.33695, 33.97399, 4.5],
          [133.33640, 33.97384, 3.75],
          [133.33606, 33.97377, 2.25],
          [133.33563, 33.97370, 1.5],
          [133.33530, 33.97364, 1.75],
          [133.33429, 33.97348, 2.5],
          [133.33315, 33.97328, 3.0],
          [133.33270, 33.97320, 3.25],
          [133.33267, 33.97320, 3.25],
          [133.33205, 33.97309, 3.25],
          [133.33136, 33.97295, 3.0],
          [133.33116, 33.97292, 2.75],
          [133.33082, 33.97286, 2.0],
          [133.33017, 33.97276, 1.75],
          [133.32975, 33.97268, 2.25],
          [133.32902, 33.97254, 3.75],
          [133.32863, 33.97249, 4.0],
          [133.32862, 33.97249, 4.0],
          [133.32854, 33.97248, 4.0],
          [133.32853, 33.97247, 4.0],
          [133.32820, 33.97242, 3.5],
          [133.32806, 33.97239, 3.0],
          [133.32777, 33.97233, 2.25],
          [133.32704, 33.97220, 2.0],
          [133.32700, 33.97220, 2.0],
          [133.32651, 33.97217, 2.5],
          [133.32648, 33.97216, 2.5],
          [133.32586, 33.97199, 2.75],
          [133.32577, 33.97195, 2.75],
          [133.32551, 33.97188, 2.5],
          [133.32524, 33.97184, 2.25],
          [133.32473, 33.97162, 2.5],
          [133.32403, 33.97133, 4.0],
          [133.32385, 33.97130, 4.25],
          [133.32230, 33.97066, 5.75],
          [133.32027, 33.96980, 5.75],
          [133.32021, 33.96977, 5.5],
          [133.31913, 33.96931, 4.0],
          [133.31908, 33.96929, 4.0],
          [133.31776, 33.96873, 4.75],
          [133.31713, 33.96846, 3.75],
          [133.31664, 33.96825, 2.25],
          [133.31537, 33.96772, 6.25],
          [133.31480, 33.96746, 7.0],
          [133.31461, 33.96739, 7.25],
          [133.31378, 33.96715, 8.25],
          [133.31346, 33.96705, 8.25],
          [133.31274, 33.96688, 8.0],
          [133.31074, 33.96644, 8.75],
          [133.31036, 33.96638, 9.0],
          [133.30970, 33.96628, 9.5],
          [133.30902, 33.96620, 10.0],
          [133.30788, 33.96608, 10.5],
          [133.30598, 33.96602, 11.0],
          [133.30555, 33.96600, 11.0],
          [133.30390, 33.96591, 11.0],
          [133.30304, 33.96586, 11.5],
          [133.30128, 33.96580, 11.25],
          [133.30076, 33.96577, 12.0],
          [133.30075, 33.96577, 12.0],
          [133.29897, 33.96568, 13.0],
          [133.29818, 33.96563, 13.25],
          [133.29759, 33.96553, 12.5],
          [133.29702, 33.96531, 12.5],
          [133.29661, 33.96511, 12.5],
          [133.29652, 33.96507, 12.5],
          [133.29638, 33.96503, 12.25],
          [133.29624, 33.96496, 11.75],
          [133.29610, 33.96490, 11.0],
          [133.29606, 33.96487, 10.75],
          [133.29359, 33.96367, 11.25],
          [133.29356, 33.96366, 11.5],
          [133.29272, 33.96327, 14.5],
          [133.29267, 33.96325, 14.25],
          [133.29243, 33.96315, 13.75],
          [133.29187, 33.96300, 12.25],
          [133.28965, 33.96241, 9.75],
          [133.28950, 33.96237, 10.25],
          [133.28930, 33.96231, 10.5],
          [133.28870, 33.96215, 11.25],
          [133.28808, 33.96199, 11.5],
          [133.28777, 33.96192, 11.0],
          [133.28724, 33.96176, 11.0],
          [133.28626, 33.96150, 11.5],
          [133.28612, 33.96147, 11.5],
          [133.28514, 33.96120, 11.25],
          [133.28512, 33.96119, 11.25],
          [133.28498, 33.96116, 11.5],
          [133.28497, 33.96116, 11.5],
          [133.28461, 33.96108, 11.75],
          [133.28449, 33.96106, 11.75],
          [133.28364, 33.96092, 13.5],
          [133.28268, 33.96075, 16.75],
          [133.28189, 33.96061, 13.0],
          [133.28149, 33.96055, 11.0],
          [133.28115, 33.96049, 10.25],
          [133.28063, 33.96038, 9.25],
          [133.28052, 33.96035, 9.25],
          [133.27973, 33.96018, 9.0],
          [133.27979, 33.95996, 8.5],
          [133.27973, 33.96018, 9.0],
          [133.27929, 33.96007, 9.0],
          [133.27811, 33.95981, 6.75],
          [133.27722, 33.95963, 7.0],
          [133.27706, 33.95960, 7.25],
          [133.27528, 33.95921, 8.75],
          [133.27485, 33.95913, 8.75],
          [133.27485, 33.95913, 8.75],
          [133.27459, 33.95907, 8.75],
          [133.27457, 33.95906, 8.75],
          [133.27328, 33.95880, 7.5],
          [133.27325, 33.95879, 7.25],
          [133.27292, 33.95873, 6.0],
          [133.27209, 33.95853, 5.0],
          [133.27062, 33.95823, 5.0],
          [133.27009, 33.95812, 3.5],
          [133.26986, 33.95807, 4.0],
          [133.26885, 33.95786, 7.75],
          [133.26790, 33.95765, 5.75],
          [133.26681, 33.95736, 6.5],
          [133.26586, 33.95707, 5.5],
          [133.26551, 33.95696, 5.25],
          [133.26506, 33.95679, 5.75],
          [133.26494, 33.95673, 5.75],
          [133.26472, 33.95661, 5.75],
          [133.26458, 33.95652, 5.5],
          [133.26426, 33.95628, 5.0],
          [133.26382, 33.95582, 5.0],
          [133.26341, 33.95545, 5.5],
          [133.26313, 33.95517, 4.75],
          [133.26297, 33.95501, 4.25],
          [133.26271, 33.95475, 5.0],
          [133.26240, 33.95446, 5.5],
          [133.26223, 33.95432, 5.25],
          [133.26179, 33.95409, 5.25],
          [133.26129, 33.95386, 5.25],
          [133.26016, 33.95355, 5.25],
          [133.25948, 33.95338, 6.25],
          [133.25822, 33.95304, 5.25],
          [133.25806, 33.95299, 5.5],
          [133.25788, 33.95293, 5.5],
          [133.25759, 33.95284, 5.75],
          [133.25683, 33.95263, 4.5],
          [133.25610, 33.95244, 5.5],
          [133.25463, 33.95207, 7.0],
          [133.25439, 33.95195, 7.25],
          [133.25152, 33.95120, 10.25],
          [133.25054, 33.95093, 8.75],
          [133.24659, 33.94985, 13.25],
          [133.24616, 33.94972, 11.25],
          [133.24565, 33.94963, 9.5],
          [133.24543, 33.94960, 9.0],
          [133.24517, 33.94959, 8.75],
          [133.24472, 33.94961, 8.5],
          [133.24371, 33.94969, 12.0],
          [133.24339, 33.94969, 14.25],
          [133.24319, 33.94968, 15.0],
          [133.24295, 33.94967, 16.0],
          [133.24274, 33.94962, 17.5],
          [133.24250, 33.94956, 20.0],
          [133.24230, 33.94949, 20.25],
          [133.24207, 33.94941, 20.0],
          [133.24135, 33.94911, 17.5],
          [133.24092, 33.94895, 17.75],
          [133.24047, 33.94883, 17.75],
          [133.24012, 33.94875, 17.0],
          [133.23919, 33.94857, 13.75],
          [133.23766, 33.94831, 11.0],
          [133.23700, 33.94818, 10.25],
          [133.23673, 33.94813, 9.75],
          [133.23631, 33.94807, 10.0],
          [133.23594, 33.94804, 10.5],
          [133.23574, 33.94804, 11.25],
          [133.23511, 33.94805, 16.0],
          [133.23452, 33.94808, 18.0],
          [133.23376, 33.94811, 19.0],
          [133.23232, 33.94817, 22.5],
          [133.23202, 33.94816, 24.75],
          [133.23169, 33.94813, 27.75],
          [133.23130, 33.94807, 25.25],
          [133.23099, 33.94801, 23.5],
          [133.23066, 33.94792, 22.75],
          [133.23033, 33.94783, 22.5],
          [133.22872, 33.94733, 14.75],
          [133.22631, 33.94661, 11.0],
          [133.22602, 33.94653, 9.5],
          [133.22569, 33.94643, 8.5],
          [133.22536, 33.94633, 9.5],
          [133.22334, 33.94574, 11.5],
          [133.22136, 33.94516, 20.0],
          [133.21997, 33.94474, 12.75],
          [133.21894, 33.94440, 10.0],
          [133.21797, 33.94404, 10.5],
          [133.21589, 33.94328, 7.5],
          [133.21321, 33.94231, 11.75],
          [133.21272, 33.94211, 14.0],
          [133.21251, 33.94202, 14.25],
          [133.21222, 33.94187, 12.75],
          [133.21205, 33.94174, 11.5],
          [133.21190, 33.94159, 10.0],
          [133.21171, 33.94157, 7.25],
          [133.21101, 33.94146, 5.75],
          [133.21079, 33.94143, 5.75],
          [133.21082, 33.94124, 6.5],
          [133.21080, 33.94121, 6.5],
          [133.21078, 33.94118, 6.5],
          [133.21072, 33.94118, 6.75],
          [133.21042, 33.94118, 6.75],
          [133.20944, 33.94100, 6.5],
          [133.20933, 33.94099, 6.0],
          [133.20871, 33.94096, 6.25],
          [133.20856, 33.94094, 6.5],
          [133.20843, 33.94091, 6.75],
          [133.20832, 33.94088, 6.75],
          [133.20816, 33.94080, 6.75],
          [133.20799, 33.94068, 8.0],
          [133.20785, 33.94055, 8.75],
          [133.20760, 33.94031, 9.5],
          [133.20746, 33.94012, 9.75],
          [133.20729, 33.93989, 10.25],
          [133.20707, 33.93952, 9.25],
          [133.20698, 33.93938, 8.75],
          [133.20681, 33.93917, 7.25],
          [133.20638, 33.93863, 5.0],
          [133.20595, 33.93820, 5.0],
          [133.20582, 33.93807, 5.25],
          [133.20567, 33.93789, 5.25],
          [133.20552, 33.93768, 5.5],
          [133.20548, 33.93759, 5.75],
          [133.20540, 33.93741, 6.0],
          [133.20534, 33.93727, 6.0],
          [133.20510, 33.93673, 6.0],
          [133.20502, 33.93655, 6.25],
          [133.20495, 33.93638, 6.5],
          [133.20488, 33.93622, 6.5],
          [133.20481, 33.93606, 6.5],
          [133.20455, 33.93521, 6.5],
          [133.20454, 33.93517, 6.5],
          [133.20446, 33.93489, 5.75],
          [133.20446, 33.93488, 5.75],
          [133.20444, 33.93482, 5.25],
          [133.20444, 33.93480, 5.25],
          [133.20439, 33.93452, 3.75],
          [133.20426, 33.93393, 2.75],
          [133.20416, 33.93360, 3.5],
          [133.20410, 33.93345, 3.75],
          [133.20383, 33.93295, 5.0],
          [133.20315, 33.93174, 6.5],
          [133.20304, 33.93157, 6.5],
          [133.20295, 33.93138, 6.0],
          [133.20252, 33.93063, 5.25],
          [133.20244, 33.93048, 5.25],
          [133.20212, 33.92993, 5.5],
          [133.20204, 33.92978, 5.75],
          [133.20190, 33.92954, 5.75],
          [133.20123, 33.92836, 5.25],
          [133.20084, 33.92766, 7.25],
          [133.20044, 33.92696, 4.25],
          [133.20010, 33.92636, 4.75],
          [133.19972, 33.92569, 6.0],
          [133.19908, 33.92457, 5.25],
          [133.19904, 33.92450, 5.25],
          [133.19875, 33.92398, 6.5],
          [133.19862, 33.92375, 7.25],
          [133.19851, 33.92348, 7.75],
          [133.19841, 33.92321, 8.0],
          [133.19835, 33.92304, 7.5],
          [133.19834, 33.92302, 7.5],
          [133.19822, 33.92268, 6.75],
          [133.19820, 33.92263, 6.75],
          [133.19812, 33.92244, 6.25],
          [133.19798, 33.92244, 6.0],
          [133.19777, 33.92246, 5.5],
          [133.19733, 33.92252, 5.0],
          [133.19716, 33.92254, 5.0],
          [133.19693, 33.92257, 5.0],
          [133.19676, 33.92258, 5.0],
          [133.19673, 33.92259, 5.0],
          [133.19629, 33.92264, 5.75],
          [133.19623, 33.92264, 6.0],
          [133.19601, 33.92267, 6.5],
          [133.19584, 33.92269, 6.75],
          [133.19570, 33.92268, 7.0],
          [133.19551, 33.92267, 7.25],
          [133.19540, 33.92266, 7.25],
          [133.19528, 33.92264, 7.5],
          [133.19519, 33.92262, 7.5],
          [133.19515, 33.92261, 7.75],
          [133.19510, 33.92259, 7.75],
          [133.19398, 33.92222, 5.75],
          [133.19355, 33.92208, 6.5],
          [133.19307, 33.92192, 6.25],
          [133.19267, 33.92176, 6.0],
          [133.19179, 33.92142, 6.5],
          [133.19135, 33.92125, 7.5],
          [133.19119, 33.92120, 7.75],
          [133.19091, 33.92111, 7.75],
          [133.19085, 33.92110, 8.0],
          [133.19067, 33.92106, 7.75],
          [133.19025, 33.92099, 7.0],
          [133.18996, 33.92090, 6.75],
          [133.18980, 33.92085, 6.75],
          [133.18974, 33.92083, 6.75],
          [133.18929, 33.92068, 6.5],
          [133.18904, 33.92059, 6.25],
          [133.18891, 33.92055, 6.0],
          [133.18825, 33.92033, 4.75],
          [133.18697, 33.91991, 7.0],
          [133.18679, 33.91987, 7.25],
          [133.18635, 33.91978, 6.75],
          [133.18521, 33.91955, 6.25],
          [133.18514, 33.91954, 6.25],
          [133.18507, 33.91953, 6.25],
          [133.18483, 33.91948, 6.75],
          [133.18435, 33.91942, 7.25],
          [133.18390, 33.91937, 8.0],
          [133.18343, 33.91933, 8.5],
          [133.18316, 33.91930, 8.0],
          [133.18236, 33.91921, 6.0],
          [133.18162, 33.91916, 7.0],
          [133.18146, 33.91916, 7.25],
          [133.18132, 33.91916, 7.75],
          [133.18099, 33.91918, 8.5],
          [133.18067, 33.91920, 8.5],
          [133.18042, 33.91922, 7.75],
          [133.18031, 33.92002, 6.25],
          [133.18042, 33.91922, 7.75],
          [133.17986, 33.91919, 7.0],
          [133.17959, 33.91916, 7.0],
          [133.17911, 33.91905, 6.25],
          [133.17813, 33.91881, 4.25],
          [133.17773, 33.91870, 5.5],
          [133.17758, 33.91866, 5.75],
          [133.17672, 33.91845, 6.0],
          [133.17652, 33.91901, 5.5],
          [133.17639, 33.91931, 5.5],
          [133.17625, 33.91969, 5.75],
          [133.17516, 33.91946, 4.5],
          [133.17500, 33.91941, 4.5],
          [133.17485, 33.91937, 5.0],
          [133.17450, 33.91924, 6.0],
          [133.17413, 33.91909, 6.5],
          [133.17398, 33.91903, 6.0],
          [133.17383, 33.91897, 5.5],
          [133.17372, 33.91893, 5.25],
          [133.17351, 33.91888, 4.75],
          [133.17344, 33.91886, 4.5],
          [133.17327, 33.91884, 4.5],
          [133.17319, 33.91884, 4.5],
          [133.17305, 33.91885, 5.0],
          [133.17300, 33.91885, 5.0],
          [133.17275, 33.91885, 5.5],
          [133.17260, 33.91884, 6.0],
          [133.17239, 33.91881, 6.0],
          [133.17219, 33.91878, 6.0],
          [133.17200, 33.91874, 6.25],
          [133.17148, 33.91861, 6.25],
          [133.17140, 33.91860, 6.25],
          [133.17084, 33.91855, 6.25],
          [133.17063, 33.91853, 5.25],
          [133.17051, 33.91850, 4.75],
          [133.17036, 33.91846, 4.25],
          [133.17019, 33.91839, 3.5],
          [133.17007, 33.91835, 3.25],
          [133.17000, 33.91834, 2.75],
          [133.16967, 33.91832, 3.25],
          [133.16955, 33.91832, 3.5],
          [133.16908, 33.91830, 3.75],
          [133.16866, 33.91832, 3.75],
          [133.16835, 33.91833, 4.0],
          [133.16832, 33.91833, 3.75],
          [133.16779, 33.91835, 3.25],
          [133.16773, 33.91835, 3.25],
          [133.16748, 33.91828, 3.0],
          [133.16721, 33.91821, 3.25],
          [133.16709, 33.91818, 3.5],
          [133.16686, 33.91815, 3.75],
          [133.16658, 33.91814, 4.0],
          [133.16594, 33.91812, 3.0],
          [133.16588, 33.91812, 3.0],
          [133.16542, 33.91811, 3.75],
          [133.16400, 33.91809, 2.5],
          [133.16348, 33.91808, 2.75],
          [133.16316, 33.91808, 3.0],
          [133.16302, 33.91808, 3.0],
          [133.16285, 33.91803, 3.25],
          [133.16167, 33.91777, 3.0],
          [133.16122, 33.91921, 5.75],
          [133.16092, 33.91914, 5.75],
          [133.16063, 33.91907, 4.75],
          [133.15943, 33.91888, 3.25],
          [133.15770, 33.91861, 2.75],
          [133.15463, 33.91810, 2.25],
          [133.15199, 33.91769, 1.75],
          [133.14819, 33.91707, 1.0],
          [133.14703, 33.91688, 1.0],
          [133.14495, 33.91655, 1.0],
          [133.14152, 33.91600, 1.0],
          [133.14093, 33.91591, 1.5],
          [133.13890, 33.91557, 2.25],
          [133.13800, 33.91544, 1.75],
          [133.13746, 33.91539, 1.0],
          [133.13661, 33.91538, 0.75],
          [133.13608, 33.91539, 0.5],
          [133.13569, 33.91542, 0.5],
          [133.13517, 33.91547, 0.5],
          [133.13180, 33.91587, 0.0],
          [133.13114, 33.91597, 0.0],
          [133.13075, 33.91607, -0.25],
          [133.13031, 33.91619, -0.25],
          [133.12988, 33.91634, 0.25],
          [133.12954, 33.91646, 0.75],
          [133.12915, 33.91663, 0.75],
          [133.12854, 33.91694, 0.75],
          [133.12821, 33.91712, 1.0],
          [133.12493, 33.91884, 1.25],
          [133.12471, 33.91892, 1.0],
          [133.12472, 33.91909, 1.25],
          [133.12475, 33.91927, 1.5],
          [133.12475, 33.91945, 2.0],
          [133.12473, 33.91951, 2.0],
          [133.12468, 33.91958, 2.0],
          [133.12411, 33.92007, 2.0],
          [133.12153, 33.92225, 4.75],
          [133.11974, 33.92373, 2.0],
          [133.11952, 33.92392, 2.5],
          [133.11918, 33.92423, 2.25],
          [133.11902, 33.92431, 2.25],
          [133.11877, 33.92445, 2.25],
          [133.11748, 33.92514, 2.25],
          [133.11735, 33.92522, 2.25],
          [133.11717, 33.92532, 2.25],
          [133.11682, 33.92555, 2.25],
          [133.11615, 33.92617, 2.0],
          [133.11587, 33.92643, 2.0],
          [133.11462, 33.92762, 2.0],
          [133.11279, 33.92937, 1.75],
          [133.11267, 33.92952, 1.75],
          [133.11266, 33.92955, 1.75],
          [133.11262, 33.92962, 1.75],
          [133.11250, 33.92991, 1.75],
          [133.11227, 33.93049, 1.5],
          [133.11226, 33.93054, 1.75],
          [133.11225, 33.93061, 1.75],
          [133.11218, 33.93072, 1.5],
          [133.11210, 33.93083, 1.5],
          [133.11148, 33.93142, -0.5],
          [133.11087, 33.93201, -0.75],
          [133.11048, 33.93233, 0.25],
          [133.10946, 33.93326, 2.75],
          [133.10752, 33.93499, 0.75],
          [133.10698, 33.93550, 3.5],
          [133.10657, 33.93586, 6.5],
          [133.10651, 33.93591, 6.25],
          [133.10615, 33.93623, 4.75],
          [133.10592, 33.93641, 4.0],
          [133.10484, 33.93722, 4.75],
          [133.10318, 33.93842, 1.0],
          [133.10277, 33.93870, 2.75],
          [133.10257, 33.93885, 2.75],
          [133.10252, 33.93880, 2.75],
          [133.10240, 33.93867, 2.75],
          [133.10239, 33.93867, 2.75],
          [133.10208, 33.93835, 2.25],
          [133.10114, 33.93739, 0.25],
          [133.10005, 33.93629, -0.25],
          [133.09928, 33.93555, -0.5],
          [133.09853, 33.93490, 0.75],
          [133.09836, 33.93477, 0.75],
          [133.09777, 33.93437, 2.0],
          [133.09716, 33.93394, 1.75],
          [133.09698, 33.93382, 1.0],
          [133.09665, 33.93360, 0.25],
          [133.09586, 33.93307, 2.5],
          [133.09583, 33.93305, 2.5],
          [133.09549, 33.93282, 2.75],
          [133.09545, 33.93280, 2.75],
          [133.09495, 33.93247, 2.75],
          [133.09391, 33.93177, 5.5],
          [133.09325, 33.93133, 4.5],
          [133.09204, 33.93052, 4.5],
          [133.09188, 33.93041, 4.5],
          [133.09102, 33.92983, 5.0],
          [133.09050, 33.93028, 4.5],
          [133.09002, 33.93071, 4.0],
          [133.08957, 33.93110, 3.5],
          [133.08905, 33.93155, 3.0],
          [133.08894, 33.93165, 3.5],
          [133.08862, 33.93191, 4.5],
          [133.08808, 33.93237, 5.75],
          [133.08760, 33.93278, 4.75],
          [133.08721, 33.93313, 3.25],
          [133.08712, 33.93321, 3.0],
          [133.08704, 33.93329, 3.0],
          [133.08688, 33.93346, 3.0],
          [133.08674, 33.93362, 3.25],
          [133.08656, 33.93386, 3.25],
          [133.08619, 33.93436, 3.75],
          [133.08597, 33.93461, 4.0],
          [133.08590, 33.93467, 4.0],
          [133.08584, 33.93473, 4.0],
          [133.08539, 33.93514, 4.0],
          [133.08498, 33.93553, 4.5],
          [133.08466, 33.93583, 4.5],
          [133.08464, 33.93585, 4.5],
          [133.08453, 33.93595, 4.0],
          [133.08410, 33.93635, 3.25],
          [133.08379, 33.93664, 2.5],
          [133.08355, 33.93647, 2.5],
          [133.08302, 33.93609, 3.25],
          [133.08296, 33.93604, 3.5],
          [133.08256, 33.93575, 4.0],
          [133.08243, 33.93567, 4.0],
          [133.08233, 33.93561, 4.0],
          [133.08182, 33.93533, 4.0],
          [133.08154, 33.93517, 3.75],
          [133.08121, 33.93500, 3.75],
          [133.08110, 33.93495, 4.0],
          [133.08092, 33.93488, 4.0],
          [133.08085, 33.93486, 4.0],
          [133.08075, 33.93483, 4.0],
          [133.07978, 33.93452, 3.25],
          [133.07935, 33.93437, 3.5],
          [133.07917, 33.93430, 3.75],
          [133.07902, 33.93429, 3.75],
          [133.07891, 33.93429, 3.75],
          [133.07879, 33.93430, 3.75],
          [133.07869, 33.93432, 4.0],
          [133.07858, 33.93436, 4.0],
          [133.07793, 33.93463, 4.0],
          [133.07786, 33.93466, 3.75],
          [133.07784, 33.93467, 3.75],
          [133.07754, 33.93481, 3.25],
          [133.07750, 33.93484, 3.0],
          [133.07651, 33.93528, 4.25],
          [133.07543, 33.93576, 4.0],
          [133.07483, 33.93605, 3.75],
          [133.07426, 33.93626, 3.75],
          [133.07395, 33.93641, 4.75],
          [133.07269, 33.93699, 7.75],
          [133.07194, 33.93731, 7.75],
          [133.07191, 33.93733, 7.75],
          [133.07182, 33.93739, 7.75],
          [133.07155, 33.93761, 7.75],
          [133.07149, 33.93769, 7.75],
          [133.07125, 33.93789, 7.75],
          [133.07101, 33.93810, 7.75],
          [133.07096, 33.93814, 7.75],
          [133.07057, 33.93848, 8.25],
          [133.07038, 33.93865, 8.25],
          [133.07023, 33.93883, 8.25],
          [133.07000, 33.93905, 8.0],
          [133.06980, 33.93922, 8.25],
          [133.06962, 33.93942, 8.25],
          [133.06945, 33.93956, 8.5],
          [133.06912, 33.93989, 9.0],
          [133.06894, 33.94010, 9.25],
          [133.06883, 33.94021, 9.25],
          [133.06854, 33.94050, 9.5],
          [133.06809, 33.94097, 9.5],
          [133.06800, 33.94105, 9.25],
          [133.06730, 33.94177, 9.0],
          [133.06646, 33.94249, 9.5],
          [133.06641, 33.94252, 9.5],
          [133.06615, 33.94272, 10.25],
          [133.06575, 33.94307, 10.25],
          [133.06566, 33.94313, 10.5],
          [133.06530, 33.94343, 11.0],
          [133.06522, 33.94348, 11.25],
          [133.06484, 33.94374, 12.0],
          [133.06446, 33.94397, 11.75],
          [133.06412, 33.94417, 11.0],
          [133.06374, 33.94442, 12.0],
          [133.06354, 33.94453, 12.25],
          [133.06278, 33.94497, 13.5],
          [133.06224, 33.94527, 14.5],
          [133.06177, 33.94567, 15.75],
          [133.06139, 33.94599, 17.0],
          [133.06082, 33.94648, 19.5],
          [133.06032, 33.94694, 19.75],
          [133.06003, 33.94719, 19.0],
          [133.05992, 33.94730, 19.0],
          [133.05988, 33.94734, 19.0],
          [133.05932, 33.94782, 21.75],
          [133.05927, 33.94786, 22.0],
          [133.05914, 33.94800, 22.25],
          [133.05907, 33.94810, 22.25],
          [133.05895, 33.94829, 22.0],
          [133.05866, 33.94876, 21.75],
          [133.05860, 33.94886, 21.75],
          [133.05858, 33.94894, 21.75],
          [133.05846, 33.94955, 20.75],
          [133.05840, 33.94982, 20.25],
          [133.05839, 33.94986, 20.25],
          [133.05825, 33.95040, 18.25],
          [133.05822, 33.95070, 17.25],
          [133.05822, 33.95102, 16.5],
          [133.05821, 33.95148, 15.5],
          [133.05818, 33.95167, 15.25],
          [133.05808, 33.95224, 16.25],
          [133.05805, 33.95263, 16.5],
          [133.05804, 33.95275, 16.5],
          [133.05801, 33.95316, 16.75],
          [133.05799, 33.95388, 15.25],
          [133.05798, 33.95443, 14.25],
          [133.05794, 33.95473, 14.0],
          [133.05791, 33.95526, 13.75],
          [133.05790, 33.95532, 13.75],
          [133.05785, 33.95572, 13.5],
          [133.05781, 33.95621, 13.5],
          [133.05782, 33.95675, 13.75],
          [133.05784, 33.95741, 14.0],
          [133.05784, 33.95774, 14.5],
          [133.05784, 33.95779, 14.5],
          [133.05787, 33.95814, 15.0],
          [133.05791, 33.95839, 15.25],
          [133.05791, 33.95850, 15.0],
          [133.05793, 33.95877, 14.25],
          [133.05798, 33.95905, 13.5],
          [133.05798, 33.95916, 13.25],
          [133.05795, 33.95938, 13.0],
          [133.05796, 33.95952, 12.75],
          [133.05794, 33.96014, 12.0],
          [133.05794, 33.96026, 12.25],
          [133.05791, 33.96068, 12.75],
          [133.05789, 33.96113, 12.75],
          [133.05774, 33.96210, 10.75],
          [133.05770, 33.96242, 9.5],
          [133.05765, 33.96248, 9.25],
          [133.05748, 33.96275, 8.0],
          [133.05758, 33.96298, 7.25],
          [133.05771, 33.96338, 6.5],
          [133.05779, 33.96376, 6.75],
          [133.05783, 33.96409, 6.75],
          [133.05791, 33.96444, 6.5],
          [133.05800, 33.96467, 6.25],
          [133.05859, 33.96574, 5.0],
          [133.05866, 33.96588, 5.0],
          [133.05878, 33.96628, 5.25],
          [133.05887, 33.96722, 4.0],
          [133.05891, 33.96731, 3.75],
          [133.05914, 33.96763, 4.25],
          [133.05938, 33.96787, 5.0],
          [133.05954, 33.96802, 5.25],
          [133.05987, 33.96824, 5.0],
          [133.06014, 33.96837, 5.0],
          [133.06037, 33.96843, 5.0],
          [133.06061, 33.96848, 4.75],
          [133.06098, 33.96861, 4.75],
          [133.06125, 33.96873, 5.0],
          [133.06141, 33.96881, 5.0],
          [133.06165, 33.96913, 5.75],
          [133.06192, 33.96960, 5.0],
          [133.06206, 33.96992, 4.5],
          [133.06213, 33.97014, 4.0],
          [133.06220, 33.97051, 3.25],
          [133.06230, 33.97091, 2.5],
          [133.06234, 33.97099, 2.5],
          [133.06239, 33.97106, 2.5],
          [133.06226, 33.97137, 2.5],
          [133.06224, 33.97141, 2.5],
          [133.06201, 33.97196, 3.5],
          [133.06188, 33.97223, 4.25],
          [133.06162, 33.97303, 3.75],
          [133.06160, 33.97311, 3.75],
          [133.06148, 33.97363, 3.5],
          [133.06130, 33.97470, 3.25],
          [133.06127, 33.97487, 3.25],
          [133.06101, 33.97641, 2.25],
          [133.06083, 33.97760, 5.75],
          [133.06076, 33.97786, 8.25],
          [133.06072, 33.97797, 9.75],
          [133.06057, 33.97829, 15.5],
          [133.06043, 33.97852, 18.0],
          [133.06031, 33.97870, 19.5],
          [133.06012, 33.97892, 22.0],
          [133.05997, 33.97906, 24.0],
          [133.05971, 33.97924, 29.25],
          [133.05929, 33.97947, 37.75],
          [133.05763, 33.98020, 38.25],
          [133.05628, 33.98075, 35.75],
          [133.05571, 33.98098, 35.0],
          [133.05553, 33.98106, 35.75],
          [133.05543, 33.98111, 36.0],
          [133.05506, 33.98130, 36.5],
          [133.05470, 33.98152, 35.5],
          [133.05444, 33.98171, 33.75],
          [133.05418, 33.98194, 31.5],
          [133.05402, 33.98214, 30.5],
          [133.05394, 33.98224, 30.5],
          [133.05385, 33.98235, 30.5],
          [133.05365, 33.98266, 30.75],
          [133.05351, 33.98289, 31.0],
          [133.05349, 33.98294, 31.0],
          [133.05331, 33.98325, 31.25],
          [133.05295, 33.98385, 31.0],
          [133.05267, 33.98455, 29.5],
          [133.05258, 33.98510, 30.0],
          [133.05252, 33.98657, 24.25],
          [133.05240, 33.98669, 24.25],
          [133.05221, 33.98731, 24.75],
          [133.05219, 33.98787, 24.75],
          [133.05225, 33.98834, 24.75],
          [133.05229, 33.98867, 25.75],
          [133.05241, 33.98892, 25.0],
          [133.05238, 33.98925, 25.25],
          [133.05231, 33.98972, 23.0],
          [133.05219, 33.99013, 21.5],
          [133.05201, 33.99052, 20.0],
          [133.05186, 33.99075, 18.75],
          [133.05182, 33.99082, 18.25],
          [133.05149, 33.99122, 18.25],
          [133.05116, 33.99158, 17.5],
          [133.05091, 33.99166, 17.5],
          [133.05040, 33.99194, 18.0],
          [133.05000, 33.99216, 17.5],
          [133.04978, 33.99226, 17.75],
          [133.04944, 33.99236, 18.5],
          [133.04879, 33.99249, 19.25],
          [133.04851, 33.99257, 19.5],
          [133.04832, 33.99269, 19.0],
          [133.04725, 33.99345, 12.5],
          [133.04704, 33.99366, 13.0],
          [133.04684, 33.99380, 13.5],
          [133.04686, 33.99399, 13.5],
          [133.04634, 33.99431, 13.75],
          [133.04594, 33.99457, 12.5],
          [133.04555, 33.99483, 11.0],
          [133.04525, 33.99505, 11.0],
          [133.04483, 33.99539, 12.75],
          [133.04441, 33.99574, 12.5],
          [133.04420, 33.99593, 11.5],
          [133.04373, 33.99638, 12.25],
          [133.04356, 33.99655, 11.5],
          [133.04344, 33.99668, 10.5],
          [133.04263, 33.99764, 8.25],
          [133.04259, 33.99770, 8.25],
          [133.04256, 33.99772, 8.0],
          [133.04148, 33.99905, 9.0],
          [133.04133, 33.99923, 8.75],
          [133.04094, 33.99967, 7.0],
          [133.04072, 33.99990, 6.0],
          [133.04049, 34.00011, 6.0],
          [133.04025, 34.00032, 6.5],
          [133.04008, 34.00045, 6.5],
          [133.04018, 34.00054, 6.75],
          [133.04026, 34.00063, 6.75],
          [133.04029, 34.00065, 7.0],
          [133.04031, 34.00069, 7.0],
          [133.04031, 34.00077, 7.25],
          [133.04024, 34.00091, 7.5],
          [133.04015, 34.00107, 8.0],
          [133.03981, 34.00155, 9.0],
          [133.03908, 34.00259, 6.25],
          [133.03886, 34.00291, 9.75],
          [133.03869, 34.00325, 11.75],
          [133.03853, 34.00365, 11.5],
          [133.03846, 34.00399, 11.5],
          [133.03843, 34.00433, 10.5],
          [133.03847, 34.00504, 7.0],
          [133.03852, 34.00661, 5.25],
          [133.03856, 34.00730, 4.5],
          [133.03858, 34.00818, 4.5],
          [133.03848, 34.00833, 4.75],
          [133.03808, 34.00956, 3.75],
          [133.03792, 34.01002, 3.75],
          [133.03781, 34.01033, 3.75],
          [133.03775, 34.01057, 3.5],
          [133.03775, 34.01061, 3.25],
          [133.03760, 34.01094, 3.0],
          [133.03755, 34.01106, 3.5],
          [133.03723, 34.01187, 5.5],
          [133.03719, 34.01197, 5.75],
          [133.03753, 34.01237, 5.75],
          [133.03738, 34.01258, 6.25],
          [133.03711, 34.01301, 6.5],
          [133.03691, 34.01334, 6.25],
          [133.03666, 34.01374, 6.25],
          [133.03663, 34.01380, 6.25],
          [133.03649, 34.01403, 6.25],
          [133.03618, 34.01454, 6.25],
          [133.03578, 34.01513, 6.75],
          [133.03556, 34.01550, 6.5],
          [133.03547, 34.01567, 6.5],
          [133.03528, 34.01608, 6.5],
          [133.03523, 34.01623, 6.5],
          [133.03476, 34.01730, 6.0],
          [133.03425, 34.01760, 5.75],
          [133.03391, 34.01780, 5.25],
          [133.03368, 34.01795, 5.5],
          [133.03348, 34.01813, 6.5],
          [133.03328, 34.01832, 7.75],
          [133.03296, 34.01865, 6.25],
          [133.03283, 34.01878, 5.75],
          [133.03265, 34.01894, 5.5],
          [133.03164, 34.01991, 4.75],
          [133.03142, 34.02010, 5.25],
          [133.03133, 34.02017, 5.25],
          [133.03090, 34.02055, 4.75],
          [133.03056, 34.02084, 4.75],
          [133.03019, 34.02114, 5.5],
          [133.02970, 34.02154, 6.75],
          [133.02904, 34.02208, 8.0],
          [133.02837, 34.02262, 12.0],
          [133.02815, 34.02279, 13.75],
          [133.02807, 34.02284, 14.0],
          [133.02785, 34.02304, 14.75],
          [133.02777, 34.02311, 14.5],
          [133.02766, 34.02323, 14.25],
          [133.02721, 34.02382, 11.75],
          [133.02819, 34.02466, 16.25],
          [133.02962, 34.02590, 23.75],
          [133.02986, 34.02618, 24.75],
          [133.02995, 34.02629, 24.5],
          [133.03009, 34.02659, 24.75],
          [133.03038, 34.02798, 32.5],
          [133.03041, 34.02824, 33.25],
          [133.03032, 34.02837, 32.75],
          [133.02999, 34.02877, 32.0],
          [133.02981, 34.02897, 32.75],
          [133.02926, 34.02966, 33.25],
          [133.02893, 34.03005, 32.0],
          [133.02888, 34.03015, 31.5],
          [133.02843, 34.03007, 30.75],
          [133.02834, 34.03006, 30.5],
          [133.02791, 34.02998, 30.5],
          [133.02706, 34.02983, 30.75],
          [133.02670, 34.02979, 31.0],
          [133.02660, 34.02980, 31.0],
          [133.02648, 34.02987, 31.0],
          [133.02579, 34.03055, 32.25],
          [133.02569, 34.03066, 32.5],
          [133.02564, 34.03085, 32.5],
          [133.02557, 34.03144, 30.0],
          [133.02553, 34.03155, 30.0],
          [133.02545, 34.03219, 26.75],
          [133.02535, 34.03296, 22.75],
          [133.02527, 34.03343, 20.25],
          [133.02523, 34.03356, 19.5],
          [133.02516, 34.03369, 18.75],
          [133.02493, 34.03395, 17.25],
          [133.02464, 34.03429, 15.5],
          [133.02451, 34.03449, 14.25],
          [133.02445, 34.03477, 12.5],
          [133.02437, 34.03524, 10.75],
          [133.02433, 34.03538, 10.75],
          [133.02426, 34.03553, 10.5],
          [133.02417, 34.03569, 10.25],
          [133.02403, 34.03589, 9.5],
          [133.02393, 34.03600, 9.25],
          [133.02387, 34.03607, 8.75],
          [133.02382, 34.03611, 8.5],
          [133.02337, 34.03644, 6.25],
          [133.02331, 34.03649, 6.0],
          [133.02306, 34.03665, 5.0],
          [133.02226, 34.03725, 6.5],
          [133.02181, 34.03759, 7.0],
          [133.02102, 34.03818, 6.0],
          [133.02092, 34.03826, 6.0],
          [133.02089, 34.03828, 6.0],
          [133.02001, 34.03899, 6.0],
          [133.01921, 34.03962, 7.0],
          [133.01912, 34.03969, 6.75],
          [133.01838, 34.04030, 5.25],
          [133.01753, 34.04096, 3.0],
          [133.01753, 34.04097, 3.0],
          [133.01745, 34.04103, 3.0],
          [133.01745, 34.04103, 3.0],
          [133.01742, 34.04105, 3.0],
          [133.01740, 34.04106, 3.0],
          [133.01577, 34.04236, 3.5],
          [133.01574, 34.04238, 3.5],
          [133.01507, 34.04292, 5.5],
          [133.01499, 34.04298, 6.0],
          [133.01494, 34.04302, 6.0],
          [133.01487, 34.04308, 6.0],
          [133.01484, 34.04310, 6.0],
          [133.01424, 34.04357, 6.0],
          [133.01405, 34.04378, 5.5],
          [133.01392, 34.04402, 5.0],
          [133.01373, 34.04455, 4.75],
          [133.01357, 34.04473, 4.75],
          [133.01349, 34.04483, 4.75],
          [133.01347, 34.04485, 4.75],
          [133.01261, 34.04553, 5.0],
          [133.01219, 34.04589, 5.0],
          [133.01209, 34.04597, 5.0],
          [133.01203, 34.04602, 5.0],
          [133.01180, 34.04621, 5.25],
          [133.01165, 34.04634, 5.5],
          [133.01151, 34.04646, 5.5],
          [133.01124, 34.04668, 5.25],
          [133.01104, 34.04685, 4.75],
          [133.01091, 34.04695, 4.5],
          [133.01080, 34.04705, 4.5],
          [133.01073, 34.04710, 4.25],
          [133.01056, 34.04723, 4.25],
          [133.01036, 34.04739, 4.5],
          [133.01008, 34.04761, 4.75],
          [133.01006, 34.04763, 4.75],
          [133.00989, 34.04776, 5.0],
          [133.00974, 34.04788, 5.25],
          [133.00952, 34.04805, 5.75],
          [133.00938, 34.04816, 6.25],
          [133.00925, 34.04827, 6.5],
          [133.00915, 34.04832, 6.75],
          [133.00904, 34.04840, 6.75],
          [133.00869, 34.04865, 6.0],
          [133.00840, 34.04887, 5.5],
          [133.00810, 34.04911, 5.0],
          [133.00787, 34.04929, 4.5],
          [133.00752, 34.04956, 4.0],
          [133.00741, 34.04963, 3.75],
          [133.00690, 34.04998, 3.0],
          [133.00652, 34.05023, 4.0],
          [133.00650, 34.05025, 4.25],
          [133.00555, 34.05089, 6.5],
          [133.00529, 34.05106, 7.0],
          [133.00474, 34.05143, 8.25],
          [133.00383, 34.05206, 10.5],
          [133.00305, 34.05259, 9.0],
          [133.00283, 34.05276, 8.0],
          [133.00248, 34.05300, 6.75],
          [133.00156, 34.05366, 7.75],
          [133.00136, 34.05381, 7.5],
          [133.00110, 34.05408, 6.75],
          [133.00096, 34.05429, 6.5],
          [133.00084, 34.05465, 7.0],
          [133.00080, 34.05588, 9.75],
          [133.00080, 34.05609, 9.5],
          [133.00074, 34.05635, 9.0],
          [133.00069, 34.05648, 8.5],
          [133.00058, 34.05667, 8.0],
          [133.00034, 34.05697, 7.0],
          [133.00008, 34.05722, 6.75],
          [132.99998, 34.05737, 6.75],
          [132.99987, 34.05747, 6.75],
          [132.99945, 34.05796, 6.0],
          [132.99885, 34.05861, 5.5],
          [132.99805, 34.05947, 7.0],
          [132.99774, 34.05986, 8.25],
          [132.99715, 34.06055, 8.75],
          [132.99645, 34.06137, 8.75],
          [132.99608, 34.06174, 9.5],
          [132.99703, 34.06260, 8.25],
          [132.99659, 34.06301, 8.0],
          [132.99615, 34.06339, 7.0],
          [132.99575, 34.06370, 8.0],
          [132.99581, 34.06375, 8.0],
          [132.99665, 34.06448, 7.25],
          [132.99737, 34.06512, 9.25],
          [132.99810, 34.06577, 9.0],
          [132.99819, 34.06584, 9.75]
        ]
      }
    }
  ]
}
