{
  "type": "FeatureCollection",
  "features": [
    {
      "type": "Feature",
      "properties": {
        "creator": "BRouter-1.7.10",
        "name": "brouter_fastbike-asia-pacific_0",
        "track-length": "69910",
        "filtered ascend": "342",
        "plain-ascend": "-3",
        "total-time": "13631",
        "total-energy": "1349376",
        "cost": "120153",
        "messages": [
          ["Longitude", "Latitude", "Elevation", "Distance", "CostPerKm", "ElevCost", "TurnCost", "NodeCost", "InitialCost", "WayTags", "NodeTags", "Time", "Energy"],
          ["132997375", "34065126", "9", "110", "1100", "0", "0", "0", "0", "highway=unclassified", "", "19", "1921"],
          ["132996653", "34064484", "7", "98", "1100", "0", "0", "0", "0", "reversedirection=yes highway=unclassified", "", "31", "3146"],
          ["132995759", "34063704", "8", "120", "1100", "0", "0", "0", "0", "highway=unclassified", "", "51", "5173"],
          ["132994930", "34064391", "12", "108", "1060", "0", "93", "0", "0", "highway=tertiary surface=asphalt estimated_traffic_class=4", "", "81", "8158"],
          ["132994211", "34064976", "10", "99", "1060", "0", "22", "0", "0", "highway=tertiary surface=asphalt estimated_traffic_class=4 oneway=yes", "", "100", "10055"],
          ["132994154", "34065024", "9", "7", "1060", "0", "11", "0", "0", "highway=tertiary estimated_traffic_class=4", "", "101", "10157"],
          ["132991609", "34067102", "7", "330", "1060", "0", "0", "0", "0", "highway=tertiary surface=asphalt estimated_traffic_class=4", "estimated_crossing_class=5", "146", "14605"],
          ["132990894", "34067706", "7", "94", "1060", "0", "0", "0", "0", "highway=tertiary estimated_traffic_class=4", "", "162", "16292"],
          ["132990890", "34067710", "7", "1", "1030", "0", "0", "20", "0", "highway=tertiary estimated_traffic_class=3", "highway=traffic_signals traffic_signals=signal", "163", "16310"],
          ["132988269", "34070264", "5", "374", "1030", "0", "0", "20", "0", "highway=tertiary estimated_traffic_class=3", "highway=traffic_signals traffic_signals=signal", "220", "22011"],
          ["132987629", "34071056", "7", "106", "1030", "0", "0", "20", "0", "highway=tertiary estimated_traffic_class=3", "highway=traffic_signals traffic_signals=signal", "241", "24158"],
          ["132984575", "34082235", "8", "1278", "1030", "0", "0", "20", "0", "highway=tertiary estimated_traffic_class=3", "highway=traffic_signals traffic_signals=signal", "490", "49034"],
          ["132984680", "34087143", "8", "548", "1030", "0", "0", "20", "0", "highway=tertiary estimated_traffic_class=3", "highway=traffic_signals traffic_signals=signal", "568", "56899"],
          ["132983435", "34090130", "8", "362", "1030", "0", "1", "20", "0", "highway=tertiary estimated_traffic_class=3", "highway=traffic_signals", "636", "63699"],
          ["132977486", "34093150", "14", "652", "1500", "0", "87", "20", "0", "highway=trunk oneway=yes", "highway=traffic_signals", "780", "78081"],
          ["132975127", "34095093", "8", "306", "1500", "0", "0", "20", "0", "highway=trunk oneway=yes", "highway=traffic_signals estimated_crossing_class=0", "822", "82250"],
          ["132974883", "34095553", "8", "56", "1160", "0", "8", "0", "0", "reversedirection=yes highway=secondary estimated_traffic_class=4", "estimated_crossing_class=4", "831", "83151"],
          ["132973719", "34097664", "4", "258", "1160", "0", "0", "0", "0", "reversedirection=yes highway=secondary estimated_traffic_class=4", "estimated_crossing_class=4", "864", "86453"],
          ["132973586", "34097991", "4", "38", "1160", "0", "0", "0", "0", "reversedirection=yes highway=secondary estimated_traffic_class=4", "estimated_crossing_class=4", "868", "86915"],
          ["132973476", "34098206", "4", "26", "1160", "0", "0", "0", "0", "reversedirection=yes highway=secondary estimated_traffic_class=4", "estimated_crossing_class=4", "872", "87241"],
          ["132973407", "34098393", "4", "22", "1160", "0", "0", "0", "0", "reversedirection=yes highway=secondary estimated_traffic_class=4", "estimated_crossing_class=4", "875", "87534"],
          ["132973236", "34099018", "3", "71", "1160", "0", "0", "0", "0", "reversedirection=yes highway=secondary estimated_traffic_class=4", "estimated_crossing_class=4", "883", "88403"],
          ["132973220", "34099205", "2", "21", "1160", "0", "1", "0", "0", "reversedirection=yes highway=secondary estimated_traffic_class=4", "estimated_crossing_class=4", "886", "88675"],
          ["132973218", "34099234", "2", "3", "1160", "0", "0", "0", "0", "reversedirection=yes highway=secondary estimated_traffic_class=4", "estimated_crossing_class=4", "886", "88715"],
          ["132973204", "34099841", "2", "67", "1160", "0", "0", "0", "0", "reversedirection=yes highway=secondary estimated_traffic_class=4", "estimated_crossing_class=4", "895", "89570"],
          ["132973426", "34101032", "3", "134", "1160", "0", "1", "0", "0", "reversedirection=yes highway=secondary estimated_traffic_class=4", "estimated_crossing_class=4", "911", "91203"],
          ["132973446", "34101111", "3", "9", "1160", "0", "0", "0", "0", "reversedirection=yes highway=secondary estimated_traffic_class=4", "estimated_crossing_class=4", "913", "91333"],
          ["132973481", "34101309", "3", "22", "1160", "0", "0", "0", "0", "reversedirection=yes highway=secondary estimated_traffic_class=4", "estimated_crossing_class=4", "916", "91679"],
          ["132973737", "34102503", "5", "135", "1160", "0", "0", "0", "0", "reversedirection=yes highway=secondary estimated_traffic_class=4", "estimated_crossing_class=4", "946", "94654"],
          ["132973816", "34102853", "5", "40", "1160", "0", "0", "0", "0", "reversedirection=yes highway=secondary estimated_traffic_class=4", "estimated_crossing_class=4", "953", "95320"],
          ["132973887", "34103170", "5", "36", "1160", "0", "0", "0", "0", "reversedirection=yes highway=secondary estimated_traffic_class=4", "estimated_crossing_class=4", "958", "95888"],
          ["132973953", "34103462", "5", "33", "1160", "0", "0", "0", "0", "reversedirection=yes highway=secondary estimated_traffic_class=4", "estimated_crossing_class=4", "964", "96419"],
          ["132974026", "34103787", "4", "37", "1160", "0", "0", "0", "0", "reversedirection=yes highway=secondary estimated_traffic_class=4", "estimated_crossing_class=4", "969", "96989"],
          ["132974088", "34104062", "4", "31", "1160", "0", "0", "0", "0", "reversedirection=yes highway=secondary estimated_traffic_class=4", "estimated_crossing_class=4", "974", "97429"],
          ["132974164", "34104399", "4", "38", "1160", "0", "0", "0", "0", "reversedirection=yes highway=secondary estimated_traffic_class=4", "estimated_crossing_class=4", "980", "98025"],
          ["132974170", "34104425", "4", "3", "1160", "0", "0", "0", "0", "reversedirection=yes highway=secondary estimated_traffic_class=4", "estimated_crossing_class=4", "980", "98073"],
          ["132974332", "34105122", "7", "79", "1160", "0", "0", "0", "0", "reversedirection=yes highway=secondary estimated_traffic_class=4", "estimated_crossing_class=4", "1001", "100136"],
          ["132974361", "34105213", "7", "10", "1160", "0", "0", "0", "0", "reversedirection=yes highway=secondary estimated_traffic_class=4", "estimated_crossing_class=4", "1003", "100389"],
          ["132974400", "34105336", "8", "14", "1160", "0", "0", "0", "0", "reversedirection=yes highway=secondary estimated_traffic_class=4", "estimated_crossing_class=4", "1007", "100797"],
          ["132974434", "34105469", "9", "15", "1160", "0", "0", "0", "0", "reversedirection=yes highway=secondary estimated_traffic_class=4", "estimated_crossing_class=4", "1012", "101310"],
          ["132974451", "34105536", "9", "8", "1160", "0", "0", "0", "0", "reversedirection=yes highway=secondary estimated_traffic_class=4", "estimated_crossing_class=4", "1015", "101596"],
          ["132975687", "34106844", "16", "195", "1160", "0", "6", "0", "0", "reversedirection=yes highway=secondary estimated_traffic_class=4", "estimated_crossing_class=4", "1075", "107577"],
          ["132975762", "34109535", "28", "313", "1160", "0", "12", "0", "0", "reversedirection=yes highway=secondary estimated_traffic_class=4", "estimated_crossing_class=4", "1204", "120472"],
          ["132976181", "34110336", "41", "98", "1160", "0", "3", "0", "0", "reversedirection=yes highway=secondary estimated_traffic_class=4", "estimated_crossing_class=4", "1281", "128129"],
          ["132975941", "34111267", "45", "312", "1130", "38", "62", "0", "0", "reversedirection=yes highway=secondary estimated_traffic_class=3 route_bicycle_ncn=yes", "nodeaccessgranted=yes estimated_crossing_class=2", "1456", "145665"],
          ["132975985", "34111135", "44", "15", "2000", "0", "87", "0", "0", "highway=path surface=asphalt foot=designated bicycle=yes route_bicycle_ncn=yes", "", "1458", "145917"],
          ["132976888", "34111417", "47", "511", "2000", "0", "95", "0", "0", "reversedirection=yes highway=footway surface=asphalt foot=designated bicycle=yes route_bicycle_ncn=yes", "", "1563", "156350"],
          ["132978196", "34112767", "47", "195", "2000", "0", "0", "0", "0", "reversedirection=yes highway=footway surface=paved foot=designated bicycle=yes route_bicycle_ncn=yes", "", "1596", "159635"],
          ["132986446", "34116082", "47", "849", "2000", "0", "22", "0", "0", "reversedirection=yes highway=footway surface=asphalt foot=designated bicycle=yes route_bicycle_ncn=yes", "", "1738", "173901"],
          ["133016373", "34128187", "28", "3175", "2000", "0", "145", "0", "0", "reversedirection=yes highway=footway surface=asphalt foot=designated bicycle=yes smoothness=excellent route_bicycle_ncn=yes", "", "2271", "227132"],
          ["133016190", "34127837", "32", "200", "2000", "552", "62", "0", "0", "reversedirection=yes highway=footway surface=asphalt foot=designated bicycle=yes route_bicycle_ncn=yes", "", "2288", "227777"],
          ["133017775", "34129000", "24", "242", "2000", "0", "73", "0", "0", "reversedirection=yes highway=path surface=asphalt foot=designated bicycle=yes route_bicycle_ncn=yes", "", "2318", "230764"],
          ["133017787", "34129087", "25", "10", "5000", "0", "32", "0", "0", "reversedirection=yes highway=path", "", "2319", "230888"],
          ["133018328", "34128676", "5", "149", "6100", "824", "186", "0", "0", "highway=unclassified bicycle=no", "", "2332", "231359"],
          ["133018989", "34128704", "8", "63", "1100", "0", "81", "0", "0", "highway=unclassified bicycle=yes", "estimated_crossing_class=2", "2337", "231434"],
          ["133019244", "34128377", "5", "44", "1200", "0", "46", "0", "0", "reversedirection=yes highway=primary estimated_traffic_class=2 route_bicycle_ncn=yes", "nodeaccessgranted=yes estimated_crossing_class=2", "2341", "231478"],
          ["133019297", "34128335", "5", "7", "1200", "0", "0", "0", "0", "reversedirection=yes highway=primary estimated_traffic_class=2 route_bicycle_ncn=yes", "nodeaccessgranted=yes estimated_crossing_class=2", "2341", "231486"],
          ["133019577", "34128223", "4", "29", "1200", "0", "4", "0", "0", "reversedirection=yes highway=primary estimated_traffic_class=2 route_bicycle_ncn=yes", "nodeaccessgranted=yes estimated_crossing_class=2", "2343", "231652"],
          ["133019655", "34128207", "4", "7", "1200", "0", "0", "0", "0", "reversedirection=yes highway=primary estimated_traffic_class=2 route_bicycle_ncn=yes", "", "2344", "231711"],
          ["133020216", "34128363", "5", "56", "1500", "0", "7", "0", "0", "reversedirection=yes highway=trunk route_bicycle_ncn=yes", "nodeaccessgranted=yes highway=crossing crossing=marked", "2350", "232304"],
          ["133022393", "34127323", "2", "264", "1500", "0", "10", "0", "0", "reversedirection=yes highway=trunk route_bicycle_ncn=yes", "nodeaccessgranted=yes highway=crossing crossing=marked", "2385", "235837"],
          ["133023342", "34126866", "3", "125", "1500", "0", "15", "0", "0", "reversedirection=yes highway=trunk route_bicycle_ncn=yes", "nodeaccessgranted=yes highway=crossing crossing=marked", "2401", "237369"],
          ["133028799", "34129483", "43", "592", "1500", "0", "0", "0", "0", "reversedirection=yes highway=trunk route_bicycle_ncn=yes", "", "2736", "270868"],
          ["133028971", "34129490", "42", "16", "1100", "0", "4", "0", "0", "reversedirection=yes highway=unclassified", "highway=crossing crossing=unmarked", "2741", "271401"],
          ["133030252", "34129896", "35", "133", "1100", "0", "7", "0", "0", "reversedirection=yes highway=unclassified", "highway=crossing crossing=unmarked", "2765", "273776"],
          ["133030324", "34130015", "35", "15", "1100", "0", "5", "0", "0", "reversedirection=yes highway=unclassified", "highway=crossing crossing=unmarked", "2766", "273947"],
          ["133033597", "34131343", "24", "395", "1100", "126", "22", "0", "0", "reversedirection=yes highway=unclassified", "highway=crossing crossing=unmarked", "2808", "278124"],
          ["133033666", "34131361", "24", "7", "5000", "0", "14", "0", "0", "reversedirection=yes highway=footway foot=yes bicycle=yes", "highway=crossing crossing=unmarked", "2809", "278220"],
          ["133040375", "34139925", "2", "1467", "1100", "330", "463", "0", "0", "reversedirection=yes highway=unclassified", "highway=crossing", "2994", "295994"],
          ["133040427", "34139939", "2", "5", "1100", "0", "0", "0", "0", "reversedirection=yes highway=unclassified", "", "2995", "296102"],
          ["133040485", "34139951", "3", "6", "1100", "0", "0", "0", "0", "highway=unclassified", "highway=crossing", "2997", "296248"],
          ["133040870", "34140068", "5", "38", "1100", "0", "0", "0", "0", "highway=unclassified", "", "3004", "296971"],
          ["133040873", "34140305", "5", "26", "1100", "0", "58", "0", "0", "reversedirection=yes highway=unclassified", "", "3009", "297479"],
          ["133041588", "34141866", "4", "189", "1100", "0", "36", "0", "0", "highway=unclassified", "", "3064", "302957"],
          ["133045273", "34146409", "4", "632", "1100", "0", "51", "0", "0", "reversedirection=yes highway=unclassified", "", "3176", "314191"],
          ["133045495", "34146467", "4", "21", "1500", "0", "34", "0", "0", "reversedirection=yes highway=trunk surface=asphalt route_bicycle_ncn=yes", "nodeaccessgranted=yes highway=crossing crossing=marked", "3179", "314448"],
          ["133051069", "34148709", "8", "575", "1500", "0", "0", "20", "0", "reversedirection=yes highway=trunk surface=asphalt route_bicycle_ncn=yes", "nodeaccessgranted=yes highway=crossing crossing=traffic_signals bicycle=yes foot=yes", "3290", "325575"],
          ["133051189", "34148770", "7", "13", "1500", "0", "0", "20", "0", "reversedirection=yes highway=trunk surface=asphalt route_bicycle_ncn=yes", "nodeaccessgranted=yes highway=traffic_signals", "3292", "325796"],
          ["133051293", "34148819", "7", "11", "1500", "0", "0", "20", "0", "reversedirection=yes highway=trunk surface=asphalt route_bicycle_ncn=yes", "nodeaccessgranted=yes highway=traffic_signals", "3294", "325984"],
          ["133051467", "34148774", "7", "17", "1100", "0", "28", "20", "0", "reversedirection=yes highway=unclassified surface=asphalt", "highway=crossing crossing=traffic_signals bicycle=yes foot=yes", "3297", "326239"],
          ["133053620", "34148657", "7", "199", "1100", "0", "3", "0", "0", "reversedirection=yes highway=unclassified surface=asphalt", "", "3329", "329436"],
          ["133057670", "34151998", "21", "597", "1100", "0", "39", "20", "0", "highway=unclassified", "highway=crossing crossing=traffic_signals bicycle=yes foot=yes", "3473", "343874"],
          ["133057632", "34152053", "20", "7", "1100", "0", "4", "20", "0", "highway=unclassified", "highway=traffic_signals", "3476", "344134"],
          ["133057760", "34152124", "22", "14", "1500", "0", "84", "20", "0", "reversedirection=yes highway=trunk surface=asphalt route_bicycle_ncn=yes", "nodeaccessgranted=yes highway=crossing crossing=traffic_signals", "3482", "344782"],
          ["133064759", "34166739", "34", "2187", "1500", "1259", "18", "20", "0", "reversedirection=yes highway=trunk surface=asphalt route_bicycle_ncn=yes", "nodeaccessgranted=yes highway=traffic_signals", "4234", "417990"],
          ["133064921", "34166791", "33", "16", "1500", "30", "0", "20", "0", "reversedirection=yes highway=trunk surface=asphalt route_bicycle_ncn=yes", "nodeaccessgranted=yes highway=crossing crossing=traffic_signals", "4235", "417990"],
          ["133066578", "34167895", "27", "197", "1500", "336", "0", "0", "0", "reversedirection=yes highway=trunk surface=asphalt route_bicycle_ncn=yes", "nodeaccessgranted=yes highway=crossing crossing=marked", "4251", "418598"],
          ["133066685", "34167968", "27", "13", "1500", "0", "0", "0", "0", "reversedirection=yes highway=trunk surface=asphalt route_bicycle_ncn=yes", "", "4252", "418715"],
          ["133066794", "34167930", "26", "11", "1100", "0", "48", "0", "0", "reversedirection=yes highway=unclassified", "highway=crossing crossing=marked", "4253", "418815"],
          ["133068340", "34167632", "22", "149", "1100", "35", "9", "0", "0", "reversedirection=yes highway=unclassified", "", "4267", "420205"],
          ["133068778", "34167765", "23", "43", "1000", "0", "3", "0", "0", "reversedirection=yes highway=tertiary estimated_traffic_class=1", "", "4272", "420712"],
          ["133070901", "34169904", "14", "309", "1100", "132", "2", "0", "0", "reversedirection=yes highway=unclassified", "", "4304", "423887"],
          ["133075763", "34174436", "6", "693", "1100", "122", "31", "0", "0", "highway=unclassified", "", "4388", "432318"],
          ["133076730", "34175413", "4", "144", "1100", "0", "10", "0", "0", "reversedirection=yes highway=unclassified", "estimated_crossing_class=0", "4405", "433956"],
          ["133076703", "34175482", "4", "8", "1200", "0", "92", "20", "0", "reversedirection=yes highway=primary estimated_traffic_class=2", "highway=traffic_signals estimated_crossing_class=0", "4406", "434046"],
          ["133076667", "34175587", "3", "12", "1200", "0", "0", "20", "0", "reversedirection=yes highway=primary estimated_traffic_class=2 route_bicycle_ncn=yes", "nodeaccessgranted=yes highway=crossing estimated_crossing_class=0 crossing=traffic_signals", "4407", "434186"],
          ["133076552", "34175844", "3", "31", "1200", "0", "1", "0", "0", "reversedirection=yes highway=primary estimated_traffic_class=2 route_bicycle_ncn=yes", "nodeaccessgranted=yes estimated_crossing_class=2", "4412", "434662"],
          ["133076137", "34176658", "4", "98", "1200", "0", "0", "0", "0", "reversedirection=yes highway=primary estimated_traffic_class=2 route_bicycle_ncn=yes", "nodeaccessgranted=yes estimated_crossing_class=2", "4423", "435840"],
          ["133076063", "34177110", "5", "51", "1200", "0", "1", "0", "0", "reversedirection=yes highway=primary estimated_traffic_class=2 route_bicycle_ncn=yes", "nodeaccessgranted=yes estimated_crossing_class=2", "4431", "436588"],
          ["133075987", "34177576", "6", "52", "1200", "0", "0", "0", "0", "reversedirection=yes highway=primary estimated_traffic_class=2 route_bicycle_ncn=yes", "nodeaccessgranted=yes estimated_crossing_class=2", "4439", "437392"],
          ["133075888", "34178211", "8", "71", "1200", "0", "0", "0", "0", "reversedirection=yes highway=primary estimated_traffic_class=2 route_bicycle_ncn=yes", "nodeaccessgranted=yes estimated_crossing_class=2", "4450", "438532"],
          ["133075882", "34178358", "8", "16", "1200", "0", "0", "0", "0", "reversedirection=yes highway=primary estimated_traffic_class=2 route_bicycle_ncn=yes", "nodeaccessgranted=yes estimated_crossing_class=2", "4453", "438794"],
          ["133075921", "34178706", "9", "39", "1200", "0", "0", "0", "0", "reversedirection=yes highway=primary estimated_traffic_class=2 route_bicycle_ncn=yes", "nodeaccessgranted=yes estimated_crossing_class=2", "4459", "439434"],
          ["133076494", "34180875", "14", "251", "1200", "0", "5", "0", "0", "reversedirection=yes highway=primary estimated_traffic_class=2 route_bicycle_ncn=yes", "nodeaccessgranted=yes estimated_crossing_class=2", "4501", "443623"],
          ["133076703", "34181721", "17", "109", "1200", "0", "22", "0", "0", "reversedirection=yes highway=primary estimated_traffic_class=2 route_bicycle_ncn=yes", "nodeaccessgranted=yes estimated_crossing_class=2", "4520", "445453"],
          ["133076331", "34184052", "11", "271", "1200", "0", "12", "0", "0", "reversedirection=yes highway=primary estimated_traffic_class=2 route_bicycle_ncn=yes", "nodeaccessgranted=yes estimated_crossing_class=2", "4603", "453795"],
          ["133076183", "34184672", "12", "75", "1200", "0", "8", "0", "0", "reversedirection=yes highway=primary estimated_traffic_class=2 route_bicycle_ncn=yes", "nodeaccessgranted=yes estimated_crossing_class=2", "4616", "455062"],
          ["133074767", "34187132", "18", "321", "1200", "0", "25", "0", "0", "reversedirection=yes highway=primary estimated_traffic_class=2 route_bicycle_ncn=yes", "nodeaccessgranted=yes estimated_crossing_class=2", "4703", "463782"],
          ["133074730", "34187168", "18", "5", "1200", "0", "0", "0", "0", "reversedirection=yes highway=primary estimated_traffic_class=2 route_bicycle_ncn=yes", "nodeaccessgranted=yes estimated_crossing_class=2", "4705", "463959"],
          ["133074213", "34187600", "16", "68", "1200", "0", "0", "0", "0", "reversedirection=yes highway=primary estimated_traffic_class=2 route_bicycle_ncn=yes", "nodeaccessgranted=yes estimated_crossing_class=2", "4724", "465932"],
          ["133073288", "34188385", "14", "122", "1200", "0", "1", "0", "0", "reversedirection=yes highway=primary estimated_traffic_class=2 route_bicycle_ncn=yes", "nodeaccessgranted=yes estimated_crossing_class=2", "4750", "468499"],
          ["133071322", "34189604", "17", "229", "1200", "0", "5", "0", "0", "reversedirection=yes highway=primary estimated_traffic_class=2 route_bicycle_ncn=yes", "nodeaccessgranted=yes estimated_crossing_class=2", "4785", "472038"],
          ["133070800", "34189996", "18", "65", "1200", "0", "0", "0", "0", "reversedirection=yes highway=primary estimated_traffic_class=2 route_bicycle_ncn=yes", "nodeaccessgranted=yes estimated_crossing_class=2", "4796", "473114"],
          ["133070283", "34190326", "14", "60", "1200", "0", "0", "0", "0", "reversedirection=yes highway=primary estimated_traffic_class=2 route_bicycle_ncn=yes", "nodeaccessgranted=yes estimated_crossing_class=2", "4807", "474241"],
          ["133070230", "34190354", "14", "6", "1200", "0", "0", "0", "0", "reversedirection=yes highway=primary estimated_traffic_class=2 route_bicycle_ncn=yes", "nodeaccessgranted=yes estimated_crossing_class=2", "4808", "474350"],
          ["133069653", "34190451", "11", "55", "1200", "0", "4", "0", "0", "reversedirection=yes highway=primary estimated_traffic_class=2 route_bicycle_ncn=yes", "nodeaccessgranted=yes estimated_crossing_class=2", "4818", "475330"],
          ["133069054", "34190782", "7", "69", "1200", "132", "8", "0", "0", "reversedirection=yes highway=primary estimated_traffic_class=2 route_bicycle_ncn=yes", "nodeaccessgranted=yes estimated_crossing_class=2", "4828", "476199"],
          ["133068888", "34190841", "8", "17", "1100", "0", "19", "0", "0", "highway=unclassified", "highway=crossing", "4830", "476326"],
          ["133068770", "34190861", "8", "11", "2000", "0", "29", "0", "0", "reversedirection=yes highway=footway surface=asphalt foot=designated bicycle=yes route_bicycle_ncn=yes", "nodeaccessgranted=yes barrier=bollard", "4831", "476429"],
          ["133068919", "34188840", "43", "819", "2000", "190", "364", "0", "0", "reversedirection=yes highway=footway surface=asphalt foot=designated bicycle=yes route_bicycle_ncn=yes", "", "5134", "506766"],
          ["133069274", "34188771", "41", "36", "2000", "0", "47", "0", "0", "reversedirection=yes highway=path surface=paved foot=designated bicycle=yes route_bicycle_ncn=yes", "", "5151", "508433"],
          ["133069285", "34188779", "41", "1", "1200", "0", "2", "0", "0", "reversedirection=yes highway=path surface=paved foot=designated bicycle=designated route_bicycle_ncn=yes", "nodeaccessgranted=yes barrier=toll_booth bicycle=yes foot=yes", "5151", "508471"],
          ["133069295", "34188786", "41", "1", "1200", "0", "0", "0", "0", "reversedirection=yes highway=path surface=paved foot=designated bicycle=designated route_bicycle_ncn=yes", "", "5152", "508508"],
          ["133069389", "34188861", "40", "12", "2000", "0", "1", "0", "0", "reversedirection=yes highway=path surface=paved foot=designated bicycle=yes route_bicycle_ncn=yes", "", "5155", "508880"],
          ["133078320", "34199864", "27", "1485", "2000", "393", "11", "0", "0", "reversedirection=yes highway=path surface=asphalt foot=designated bicycle=yes route_bicycle_ncn=yes", "", "5397", "532534"],
          ["133077451", "34198991", "15", "567", "2000", "224", "163", "0", "0", "reversedirection=yes highway=footway surface=asphalt foot=yes bicycle=yes route_bicycle_ncn=yes", "", "5477", "539621"],
          ["133075618", "34204278", "6", "616", "1200", "0", "141", "0", "0", "reversedirection=yes highway=footway foot=designated bicycle=designated", "highway=crossing crossing=unmarked", "5560", "547163"],
          ["133075584", "34204358", "6", "9", "1200", "0", "0", "0", "0", "reversedirection=yes highway=footway foot=designated bicycle=designated", "highway=crossing crossing=unmarked", "5562", "547298"],
          ["133075361", "34204851", "5", "60", "1200", "0", "19", "0", "0", "reversedirection=yes highway=footway foot=designated bicycle=designated", "", "5571", "548178"],
          ["133075329", "34204926", "5", "9", "1200", "0", "0", "20", "0", "reversedirection=yes highway=footway bicycle=designated", "highway=crossing crossing=traffic_signals", "5572", "548308"],
          ["133075309", "34204972", "5", "5", "1200", "0", "0", "20", "0", "reversedirection=yes highway=footway bicycle=designated", "highway=crossing crossing=traffic_signals", "5573", "548381"],
          ["133075276", "34205050", "5", "9", "1200", "0", "0", "0", "0", "reversedirection=yes highway=footway bicycle=designated", "", "5574", "548513"],
          ["133073338", "34208663", "7", "444", "1200", "0", "98", "0", "0", "reversedirection=yes highway=footway foot=designated bicycle=designated", "", "5640", "555095"],
          ["133073307", "34208692", "7", "4", "5000", "0", "2", "0", "0", "reversedirection=yes highway=footway bicycle=yes", "highway=crossing", "5641", "555194"],
          ["133073185", "34208569", "6", "18", "1030", "0", "104", "0", "0", "reversedirection=yes highway=tertiary estimated_traffic_class=3", "", "5644", "555546"],
          ["133073099", "34208506", "6", "11", "1100", "0", "1", "0", "0", "highway=unclassified", "highway=crossing", "5646", "555731"],
          ["133069940", "34210909", "10", "409", "1100", "0", "50", "0", "0", "highway=unclassified", "highway=crossing crossing=marked", "5732", "564340"],
          ["133068800", "34213426", "18", "309", "1100", "0", "22", "0", "0", "highway=unclassified", "", "5817", "572780"],
          ["133058388", "34213591", "44", "1391", "1100", "0", "261", "0", "0", "reversedirection=yes highway=unclassified surface=paved foot=designated bicycle=designated route_bicycle_ncn=yes", "", "6231", "614218"],
          ["133058404", "34213347", "48", "28", "10000", "0", "67", "0", "0", "highway=footway", "", "6247", "615806"],
          ["133052875", "34217791", "39", "770", "2000", "88", "179", "0", "0", "reversedirection=yes highway=path surface=asphalt foot=designated bicycle=yes route_bicycle_ncn=yes", "nodeaccessgranted=yes barrier=toll_booth", "6377", "628858"],
          ["133052557", "34217508", "37", "43", "2000", "0", "5", "0", "0", "reversedirection=yes highway=path surface=asphalt foot=designated bicycle=yes route_bicycle_ncn=yes", "nodeaccessgranted=yes barrier=bollard", "6384", "629511"],
          ["133052566", "34217416", "37", "12", "2000", "0", "60", "0", "0", "reversedirection=yes highway=path surface=asphalt foot=designated bicycle=yes route_bicycle_ncn=yes", "", "6385", "629670"],
          ["133050090", "34223772", "6", "1120", "1100", "1505", "173", "0", "0", "highway=unclassified", "estimated_crossing_class=2", "6594", "647439"],
          ["133050625", "34224796", "5", "126", "1200", "0", "33", "0", "0", "highway=primary estimated_traffic_class=2", "estimated_crossing_class=2", "6608", "648821"],
          ["133050397", "34226531", "7", "200", "1100", "0", "79", "0", "0", "highway=unclassified", "", "6635", "651532"],
          ["133050701", "34227328", "6", "94", "1100", "0", "11", "0", "0", "reversedirection=yes highway=unclassified", "", "6647", "652775"],
          ["133050688", "34229130", "8", "213", "1100", "0", "16", "0", "0", "highway=unclassified", "", "6686", "656614"],
          ["133051077", "34229183", "7", "36", "1100", "0", "41", "0", "0", "reversedirection=yes highway=unclassified", "", "6691", "657178"],
          ["133051982", "34231581", "6", "292", "1100", "0", "73", "0", "0", "highway=unclassified", "", "6737", "661758"],
          ["133051871", "34233412", "5", "212", "1100", "0", "15", "0", "0", "reversedirection=yes highway=unclassified", "", "6771", "665198"],
          ["133051544", "34234765", "7", "154", "1500", "0", "20", "0", "0", "reversedirection=yes highway=trunk route_bicycle_ncn=yes", "", "6799", "668002"],
          ["133051252", "34235748", "7", "113", "1100", "0", "29", "0", "0", "reversedirection=yes highway=unclassified", "highway=crossing", "6825", "670552"],
          ["133050833", "34241789", "5", "678", "1100", "0", "5", "0", "0", "reversedirection=yes highway=unclassified", "", "6927", "680786"],
          ["133051102", "34248362", "2", "767", "1100", "0", "47", "0", "0", "highway=unclassified", "", "7068", "694887"],
          ["133052349", "34253154", "11", "565", "1100", "0", "21", "0", "0", "reversedirection=yes highway=unclassified", "", "7180", "706075"],
          ["133053598", "34254799", "12", "225", "1100", "0", "6", "20", "0", "highway=unclassified", "highway=traffic_signals", "7257", "713779"],
          ["133053555", "34254908", "13", "13", "1500", "0", "87", "20", "0", "reversedirection=yes highway=trunk", "highway=traffic_signals traffic_signals=signal", "7259", "714004"],
          ["133053607", "34254948", "13", "7", "1100", "0", "52", "0", "0", "highway=unclassified", "highway=crossing crossing=unmarked", "7261", "714117"],
          ["133055640", "34257396", "31", "362", "1100", "0", "79", "0", "0", "highway=unclassified", "", "7393", "727378"],
          ["133055588", "34257401", "31", "5", "2000", "0", "46", "0", "0", "reversedirection=yes highway=path surface=asphalt foot=designated bicycle=yes route_bicycle_ncn=yes", "nodeaccessgranted=yes barrier=bollard", "7396", "727647"],
          ["133054176", "34256767", "32", "268", "2000", "0", "129", "0", "0", "reversedirection=yes highway=path surface=asphalt foot=designated bicycle=yes route_bicycle_ncn=yes", "", "7473", "735350"],
          ["133072139", "34261070", "35", "1925", "2000", "0", "200", "0", "0", "reversedirection=yes highway=footway surface=asphalt foot=designated bicycle=yes route_bicycle_ncn=yes", "", "7811", "769162"],
          ["133072562", "34261143", "36", "39", "2000", "0", "0", "0", "0", "highway=footway surface=asphalt foot=designated bicycle=yes route_bicycle_ncn=yes", "nodeaccessgranted=yes barrier=toll_booth", "7822", "770314"],
          ["133073093", "34261062", "36", "53", "2000", "0", "19", "0", "0", "highway=footway surface=asphalt foot=designated bicycle=yes route_bicycle_ncn=yes", "", "7843", "772376"],
          ["133073391", "34261110", "39", "28", "10000", "0", "77", "0", "0", "reversedirection=yes highway=footway", "", "7855", "773538"],
          ["133072228", "34260949", "32", "126", "1100", "0", "195", "0", "0", "reversedirection=yes highway=unclassified", "", "7873", "775320"],
          ["133086259", "34257784", "10", "1604", "1100", "445", "566", "0", "0", "highway=unclassified", "", "8125", "799839"],
          ["133088255", "34258205", "11", "209", "1100", "0", "80", "0", "0", "reversedirection=yes highway=unclassified", "", "8151", "802423"],
          ["133098209", "34262790", "13", "1119", "1500", "0", "9", "20", "0", "reversedirection=yes highway=trunk surface=asphalt", "highway=traffic_signals traffic_signals=signal", "8342", "821579"],
          ["133113208", "34272552", "8", "1986", "1500", "0", "16", "0", "0", "reversedirection=yes highway=trunk surface=asphalt", "", "8698", "857193"],
          ["133113758", "34273807", "9", "156", "1100", "0", "34", "0", "0", "reversedirection=yes highway=unclassified", "", "8734", "860736"],
          ["133120743", "34277361", "2", "778", "1500", "0", "14", "20", "0", "reversedirection=yes highway=trunk surface=asphalt", "highway=traffic_signals estimated_crossing_class=0 traffic_signals=signal", "8846", "871958"],
          ["133129173", "34280548", "4", "911", "1500", "0", "11", "0", "0", "reversedirection=yes highway=trunk surface=asphalt", "", "9017", "889048"],
          ["133129322", "34280788", "4", "30", "1100", "0", "69", "0", "0", "highway=unclassified", "", "9021", "889447"],
          ["133129336", "34281665", "8", "97", "1100", "0", "30", "0", "0", "reversedirection=yes highway=unclassified", "", "9045", "891884"],
          ["133137598", "34285298", "18", "933", "1100", "0", "104", "0", "0", "highway=unclassified", "", "9277", "915017"],
          ["133140929", "34287106", "14", "428", "1100", "0", "67", "0", "0", "reversedirection=yes highway=unclassified", "", "9340", "921321"],
          ["133146473", "34290017", "4", "647", "1100", "0", "122", "0", "0", "highway=unclassified", "", "9426", "929986"],
          ["133146960", "34291648", "7", "191", "1500", "0", "74", "0", "0", "reversedirection=yes highway=trunk surface=asphalt", "highway=crossing crossing=marked", "9452", "932606"],
          ["133148738", "34298456", "4", "813", "1500", "0", "4", "0", "0", "reversedirection=yes highway=trunk surface=asphalt", "highway=crossing crossing=marked", "9603", "947648"],
          ["133148652", "34298541", "5", "12", "1500", "0", "0", "0", "0", "reversedirection=yes highway=trunk surface=asphalt", "", "9604", "947797"],
          ["133149014", "34298768", "5", "42", "1500", "0", "94", "0", "0", "reversedirection=yes highway=trunk", "", "9610", "948354"],
          ["133149375", "34298807", "4", "34", "1200", "0", "11", "0", "0", "reversedirection=yes highway=service", "", "9615", "948838"],
          ["133149809", "34298876", "4", "41", "1200", "0", "0", "0", "0", "highway=service", "", "9621", "949451"],
          ["133155459", "34299251", "0", "523", "5670", "0", "0", "0", "0", "reversedirection=yes foot=yes bicycle=yes route=ferry", "", "9707", "958078"],
          ["133156016", "34299191", "0", "51", "1200", "0", "0", "0", "0", "reversedirection=yes highway=service", "", "9714", "958740"],
          ["133156470", "34299320", "2", "44", "1000", "0", "8", "0", "0", "highway=tertiary estimated_traffic_class=1", "estimated_crossing_class=2", "9719", "959246"],
          ["133153684", "34303843", "8", "576", "1500", "0", "110", "0", "0", "reversedirection=yes highway=trunk", "", "9845", "971881"],
          ["133152372", "34306286", "13", "299", "1500", "0", "0", "20", "0", "reversedirection=yes highway=trunk route_bicycle_ncn=yes", "nodeaccessgranted=yes highway=traffic_signals", "9917", "979051"],
          ["133151392", "34313071", "3", "796", "1500", "0", "11", "20", "0", "reversedirection=yes highway=trunk route_bicycle_ncn=yes", "nodeaccessgranted=yes highway=traffic_signals estimated_crossing_class=0", "10039", "991251"],
          ["133150923", "34313521", "4", "66", "1100", "0", "0", "0", "0", "highway=secondary surface=asphalt estimated_traffic_class=2 route_bicycle_ncn=yes", "nodeaccessgranted=yes estimated_crossing_class=2", "10049", "992268"],
          ["133150469", "34314003", "4", "68", "1100", "0", "0", "0", "0", "highway=secondary surface=asphalt estimated_traffic_class=2 route_bicycle_ncn=yes", "nodeaccessgranted=yes estimated_crossing_class=2", "10056", "992985"],
          ["133150428", "34314045", "4", "6", "1100", "0", "0", "0", "0", "highway=secondary surface=asphalt estimated_traffic_class=2 route_bicycle_ncn=yes", "nodeaccessgranted=yes estimated_crossing_class=2", "10057", "993057"],
          ["133149960", "34314524", "6", "68", "1100", "0", "0", "0", "0", "highway=secondary surface=asphalt estimated_traffic_class=2 route_bicycle_ncn=yes", "nodeaccessgranted=yes estimated_crossing_class=2", "10069", "994288"],
          ["133149800", "34314692", "5", "24", "1100", "0", "0", "0", "0", "highway=secondary surface=asphalt estimated_traffic_class=2 route_bicycle_ncn=yes", "nodeaccessgranted=yes estimated_crossing_class=2", "10073", "994685"],
          ["133149679", "34314819", "5", "18", "1100", "0", "0", "0", "0", "highway=secondary surface=asphalt estimated_traffic_class=2 route_bicycle_ncn=yes", "nodeaccessgranted=yes estimated_crossing_class=2", "10076", "994966"],
          ["133149277", "34315215", "4", "58", "1100", "0", "0", "0", "0", "highway=secondary surface=asphalt estimated_traffic_class=2 route_bicycle_ncn=yes", "nodeaccessgranted=yes estimated_crossing_class=2", "10084", "995731"],
          ["133149230", "34315250", "3", "6", "1100", "0", "0", "0", "0", "highway=secondary surface=asphalt estimated_traffic_class=2 route_bicycle_ncn=yes", "nodeaccessgranted=yes estimated_crossing_class=2", "10084", "995804"],
          ["133149042", "34315366", "3", "22", "1100", "0", "0", "0", "0", "highway=secondary surface=asphalt estimated_traffic_class=2 route_bicycle_ncn=yes", "nodeaccessgranted=yes estimated_crossing_class=2", "10087", "996080"],
          ["133148556", "34315842", "2", "70", "1100", "0", "3", "0", "0", "highway=secondary surface=asphalt estimated_traffic_class=2 route_bicycle_ncn=yes", "nodeaccessgranted=yes estimated_crossing_class=2", "10096", "996993"],
          ["133148545", "34315872", "2", "3", "1100", "0", "1", "0", "0", "highway=secondary surface=asphalt estimated_traffic_class=2 route_bicycle_ncn=yes", "nodeaccessgranted=yes estimated_crossing_class=2", "10097", "997028"],
          ["133148140", "34317257", "4", "162", "1100", "0", "3", "0", "0", "highway=secondary surface=asphalt estimated_traffic_class=2 route_bicycle_ncn=yes", "nodeaccessgranted=yes estimated_crossing_class=0", "10122", "999608"],
          ["133148109", "34317275", "4", "3", "1100", "0", "1", "20", "0", "highway=secondary surface=asphalt estimated_traffic_class=2 route_bicycle_ncn=yes", "nodeaccessgranted=yes highway=traffic_signals estimated_crossing_class=0", "10123", "999665"],
          ["133148082", "34317297", "4", "3", "1100", "0", "1", "20", "0", "highway=secondary surface=asphalt estimated_traffic_class=2 route_bicycle_ncn=yes", "nodeaccessgranted=yes highway=crossing estimated_crossing_class=0 crossing=traffic_signals", "10124", "999721"],
          ["133147595", "34317597", "3", "56", "1100", "0", "1", "0", "0", "highway=secondary surface=asphalt estimated_traffic_class=2 route_bicycle_ncn=yes", "nodeaccessgranted=yes estimated_crossing_class=2", "10133", "1000710"],
          ["133147249", "34317829", "3", "41", "1100", "0", "0", "0", "0", "highway=secondary surface=asphalt estimated_traffic_class=2 route_bicycle_ncn=yes", "nodeaccessgranted=yes estimated_crossing_class=2", "10140", "1001407"],
          ["133147211", "34317850", "3", "4", "1100", "0", "0", "0", "0", "highway=secondary surface=asphalt estimated_traffic_class=2 route_bicycle_ncn=yes", "nodeaccessgranted=yes estimated_crossing_class=2", "10141", "1001475"],
          ["133146687", "34318131", "3", "57", "1100", "0", "0", "0", "0", "highway=secondary surface=asphalt estimated_traffic_class=2 route_bicycle_ncn=yes", "nodeaccessgranted=yes estimated_crossing_class=2", "10151", "1002439"],
          ["133146677", "34318138", "3", "1", "1100", "0", "0", "0", "0", "highway=secondary surface=asphalt estimated_traffic_class=2 route_bicycle_ncn=yes", "nodeaccessgranted=yes estimated_crossing_class=2", "10151", "1002456"],
          ["133146342", "34318343", "3", "38", "1100", "0", "0", "0", "0", "highway=secondary surface=asphalt estimated_traffic_class=2 route_bicycle_ncn=yes", "nodeaccessgranted=yes estimated_crossing_class=2", "10157", "1003097"],
          ["133145259", "34320593", "3", "272", "1100", "0", "8", "0", "0", "highway=secondary surface=asphalt estimated_traffic_class=2 route_bicycle_ncn=yes", "nodeaccessgranted=yes estimated_crossing_class=2", "10203", "1007673"],
          ["133144732", "34321209", "3", "84", "1100", "0", "0", "0", "0", "highway=secondary surface=asphalt estimated_traffic_class=2 route_bicycle_ncn=yes", "nodeaccessgranted=yes estimated_crossing_class=2", "10217", "1009084"],
          ["133144645", "34321280", "3", "11", "1100", "0", "1", "0", "0", "highway=secondary surface=asphalt estimated_traffic_class=2 route_bicycle_ncn=yes", "nodeaccessgranted=yes estimated_crossing_class=2", "10219", "1009269"],
          ["133143971", "34321760", "3", "82", "1100", "0", "0", "20", "0", "highway=secondary surface=asphalt estimated_traffic_class=2 route_bicycle_ncn=yes", "nodeaccessgranted=yes highway=traffic_signals estimated_crossing_class=0", "10233", "1010647"],
          ["133142777", "34324672", "4", "359", "1130", "0", "13", "0", "0", "reversedirection=yes highway=secondary surface=asphalt estimated_traffic_class=3", "estimated_crossing_class=2", "10292", "1016561"],
          ["133141950", "34326406", "5", "207", "1130", "0", "1", "0", "0", "reversedirection=yes highway=secondary surface=asphalt estimated_traffic_class=3", "estimated_crossing_class=2", "10337", "1021068"],
          ["133141898", "34326477", "4", "9", "1130", "0", "0", "0", "0", "reversedirection=yes highway=secondary surface=asphalt estimated_traffic_class=3", "estimated_crossing_class=2", "10338", "1021203"],
          ["133140660", "34327495", "4", "162", "1130", "0", "0", "0", "0", "reversedirection=yes highway=secondary surface=asphalt estimated_traffic_class=3", "estimated_crossing_class=2", "10364", "1023731"],
          ["133139595", "34327865", "5", "106", "1130", "0", "0", "0", "0", "reversedirection=yes highway=secondary surface=asphalt estimated_traffic_class=3", "estimated_crossing_class=2", "10381", "1025517"],
          ["133139266", "34328156", "5", "45", "1130", "0", "3", "0", "0", "reversedirection=yes highway=secondary surface=asphalt estimated_traffic_class=3", "estimated_crossing_class=2", "10390", "1026348"],
          ["133139092", "34328389", "5", "30", "1130", "0", "0", "0", "0", "reversedirection=yes highway=secondary surface=asphalt estimated_traffic_class=3", "estimated_crossing_class=2", "10396", "1026947"],
          ["133136508", "34330578", "5", "343", "1130", "0", "2", "0", "0", "reversedirection=yes highway=secondary surface=asphalt estimated_traffic_class=3", "estimated_crossing_class=2", "10467", "1034038"],
          ["133136244", "34330804", "5", "35", "1130", "0", "0", "0", "0", "reversedirection=yes highway=secondary surface=asphalt estimated_traffic_class=3", "estimated_crossing_class=2", "10471", "1034493"],
          ["133135566", "34331501", "6", "100", "1130", "0", "0", "0", "0", "reversedirection=yes highway=secondary surface=asphalt estimated_traffic_class=3", "estimated_crossing_class=2", "10487", "1036081"],
          ["133134887", "34332750", "8", "154", "1130", "0", "0", "0", "0", "reversedirection=yes highway=secondary surface=asphalt estimated_traffic_class=3", "estimated_crossing_class=2", "10523", "1039651"],
          ["133134937", "34333911", "4", "135", "1130", "0", "17", "0", "0", "reversedirection=yes highway=secondary surface=asphalt estimated_traffic_class=3", "estimated_crossing_class=2", "10541", "1041488"],
          ["133134561", "34334458", "3", "70", "1130", "0", "0", "0", "0", "reversedirection=yes highway=secondary surface=asphalt estimated_traffic_class=3", "estimated_crossing_class=2", "10553", "1042664"],
          ["133134504", "34334528", "3", "9", "1130", "0", "0", "0", "0", "reversedirection=yes highway=secondary surface=asphalt estimated_traffic_class=3", "estimated_crossing_class=2", "10554", "1042805"],
          ["133134501", "34335452", "3", "107", "1130", "0", "7", "0", "0", "reversedirection=yes highway=secondary surface=asphalt estimated_traffic_class=3", "estimated_crossing_class=2", "10570", "1044406"],
          ["133135206", "34336050", "5", "94", "1130", "0", "7", "0", "0", "reversedirection=yes highway=secondary surface=asphalt estimated_traffic_class=3", "estimated_crossing_class=2", "10585", "1045919"],
          ["133135586", "34336212", "5", "39", "1130", "0", "0", "0", "0", "reversedirection=yes highway=secondary surface=asphalt estimated_traffic_class=3", "estimated_crossing_class=2", "10592", "1046560"],
          ["133136110", "34336462", "5", "56", "1130", "0", "0", "0", "0", "reversedirection=yes highway=secondary surface=asphalt estimated_traffic_class=3", "estimated_crossing_class=2", "10603", "1047675"],
          ["133136510", "34336797", "5", "52", "1130", "0", "2", "0", "0", "reversedirection=yes highway=secondary surface=asphalt estimated_traffic_class=3", "estimated_crossing_class=2", "10612", "1048569"],
          ["133136930", "34337192", "4", "58", "1130", "0", "0", "0", "0", "reversedirection=yes highway=secondary surface=asphalt estimated_traffic_class=3", "estimated_crossing_class=2", "10620", "1049357"],
          ["133137221", "34337667", "3", "59", "1130", "0", "2", "0", "0", "reversedirection=yes highway=secondary surface=asphalt estimated_traffic_class=3", "estimated_crossing_class=2", "10627", "1050080"],
          ["133137295", "34337775", "3", "14", "1130", "0", "0", "0", "0", "reversedirection=yes highway=secondary surface=asphalt estimated_traffic_class=3", "estimated_crossing_class=2", "10629", "1050254"],
          ["133137644", "34338115", "4", "49", "1130", "0", "2", "0", "0", "reversedirection=yes highway=secondary surface=asphalt estimated_traffic_class=3", "estimated_crossing_class=2", "10636", "1050929"],
          ["133137671", "34338136", "4", "3", "1130", "0", "0", "0", "0", "reversedirection=yes highway=secondary surface=asphalt estimated_traffic_class=3", "estimated_crossing_class=2", "10636", "1050976"],
          ["133137734", "34338187", "4", "8", "1130", "0", "0", "0", "0", "reversedirection=yes highway=secondary surface=asphalt estimated_traffic_class=3", "estimated_crossing_class=2", "10637", "1051109"],
          ["133138010", "34338274", "5", "28", "1130", "0", "7", "0", "0", "reversedirection=yes highway=secondary surface=asphalt estimated_traffic_class=3", "estimated_crossing_class=2", "10643", "1051650"],
          ["133138457", "34338274", "7", "41", "1130", "0", "1", "0", "0", "reversedirection=yes highway=secondary surface=asphalt estimated_traffic_class=3", "estimated_crossing_class=2", "10655", "1052883"],
          ["133138888", "34338377", "7", "42", "1130", "0", "3", "0", "0", "reversedirection=yes highway=secondary surface=asphalt estimated_traffic_class=3", "estimated_crossing_class=2", "10667", "1054081"],
          ["133139122", "34338506", "7", "26", "1130", "0", "1", "0", "0", "reversedirection=yes highway=secondary surface=asphalt estimated_traffic_class=3", "estimated_crossing_class=2", "10674", "1054738"],
          ["133139510", "34338770", "8", "46", "1130", "0", "0", "0", "0", "reversedirection=yes highway=secondary surface=asphalt estimated_traffic_class=3", "estimated_crossing_class=2", "10685", "1055828"],
          ["133139699", "34338894", "7", "22", "1130", "0", "0", "0", "0", "reversedirection=yes highway=secondary surface=asphalt estimated_traffic_class=3", "estimated_crossing_class=2", "10689", "1056270"],
          ["133140059", "34339002", "8", "35", "1130", "0", "3", "0", "0", "reversedirection=yes highway=secondary surface=asphalt estimated_traffic_class=3", "estimated_crossing_class=2", "10696", "1056968"],
          ["133140256", "34339024", "8", "18", "1130", "0", "1", "0", "0", "reversedirection=yes highway=secondary surface=asphalt estimated_traffic_class=3", "estimated_crossing_class=2", "10699", "1057321"],
          ["133140623", "34339083", "7", "34", "1130", "0", "2", "0", "0", "reversedirection=yes highway=secondary surface=asphalt estimated_traffic_class=3", "estimated_crossing_class=2", "10706", "1057945"],
          ["133141198", "34339481", "6", "69", "1130", "0", "2", "0", "0", "reversedirection=yes highway=secondary surface=asphalt estimated_traffic_class=3", "estimated_crossing_class=2", "10716", "1058946"],
          ["133141353", "34339640", "6", "23", "1130", "0", "0", "0", "0", "reversedirection=yes highway=secondary surface=asphalt estimated_traffic_class=3", "estimated_crossing_class=2", "10719", "1059275"],
          ["133141559", "34339924", "6", "37", "1130", "0", "1", "0", "0", "reversedirection=yes highway=secondary surface=asphalt estimated_traffic_class=3", "estimated_crossing_class=2", "10724", "1059790"],
          ["133141582", "34339965", "6", "5", "1130", "0", "0", "0", "0", "reversedirection=yes highway=secondary surface=asphalt estimated_traffic_class=3", "estimated_crossing_class=2", "10725", "1059859"],
          ["133141747", "34340191", "5", "29", "1130", "0", "0", "0", "0", "reversedirection=yes highway=secondary surface=asphalt estimated_traffic_class=3", "estimated_crossing_class=2", "10728", "1060215"],
          ["133143506", "34340611", "6", "184", "1100", "0", "68", "0", "0", "reversedirection=yes highway=unclassified", "", "10757", "1063098"],
          ["133145692", "34343186", "4", "397", "1200", "0", "116", "0", "0", "reversedirection=yes highway=residential", "estimated_crossing_class=0", "10820", "1069420"],
          ["133145826", "34343284", "4", "16", "1130", "0", "45", "20", "0", "reversedirection=yes highway=secondary surface=asphalt estimated_traffic_class=3", "highway=traffic_signals estimated_crossing_class=0", "10823", "1069677"],
          ["133145923", "34343364", "3", "12", "1130", "0", "0", "0", "0", "reversedirection=yes highway=secondary surface=asphalt estimated_traffic_class=3", "", "10825", "1069859"],
          ["133145970", "34343401", "3", "6", "1130", "0", "0", "0", "0", "highway=secondary surface=asphalt estimated_traffic_class=3", "estimated_crossing_class=2", "10826", "1069951"],
          ["133146022", "34343440", "3", "6", "1130", "0", "0", "0", "0", "highway=secondary surface=asphalt estimated_traffic_class=3", "estimated_crossing_class=2", "10827", "1070038"],
          ["133146286", "34343668", "3", "35", "1130", "0", "2", "0", "0", "highway=secondary surface=asphalt estimated_traffic_class=3", "estimated_crossing_class=2", "10832", "1070532"],
          ["133146449", "34344028", "3", "42", "1130", "0", "1", "0", "0", "highway=secondary surface=asphalt estimated_traffic_class=3", "estimated_crossing_class=2", "10837", "1071126"],
          ["133146640", "34344477", "3", "53", "1130", "0", "0", "0", "0", "highway=secondary surface=asphalt estimated_traffic_class=3", "estimated_crossing_class=2", "10846", "1071965"],
          ["133146795", "34344655", "5", "24", "1130", "0", "2", "0", "0", "highway=secondary surface=asphalt estimated_traffic_class=3", "estimated_crossing_class=2", "10851", "1072521"],
          ["133146841", "34344722", "5", "9", "1130", "0", "0", "0", "0", "highway=secondary surface=asphalt estimated_traffic_class=3", "estimated_crossing_class=2", "10854", "1072765"],
          ["133147089", "34344872", "8", "28", "1130", "0", "6", "0", "0", "highway=secondary surface=asphalt estimated_traffic_class=3", "estimated_crossing_class=2", "10860", "1073363"],
          ["133147289", "34345156", "9", "38", "1130", "0", "13", "0", "0", "highway=secondary surface=asphalt estimated_traffic_class=3", "estimated_crossing_class=2", "10872", "1074596"],
          ["133147258", "34345468", "6", "35", "1130", "0", "1", "0", "0", "highway=secondary surface=asphalt estimated_traffic_class=3", "estimated_crossing_class=2", "10880", "1075386"],
          ["133147498", "34345808", "5", "45", "1130", "0", "10", "0", "0", "highway=secondary surface=asphalt estimated_traffic_class=3", "estimated_crossing_class=2", "10888", "1076145"],
          ["133147540", "34345876", "4", "8", "1130", "0", "1", "0", "0", "highway=secondary surface=asphalt estimated_traffic_class=3", "estimated_crossing_class=2", "10889", "1076262"],
          ["133148650", "34347107", "1", "171", "1130", "0", "0", "0", "0", "highway=secondary surface=asphalt estimated_traffic_class=3", "estimated_crossing_class=2", "10910", "1078388"],
          ["133148712", "34347181", "1", "10", "1130", "0", "0", "0", "0", "highway=secondary surface=asphalt estimated_traffic_class=3", "estimated_crossing_class=2", "10911", "1078514"],
          ["133149133", "34347663", "1", "66", "1130", "0", "0", "0", "0", "highway=secondary surface=asphalt estimated_traffic_class=3", "estimated_crossing_class=2", "10920", "1079379"],
          ["133149553", "34348112", "0", "63", "1130", "0", "2", "0", "0", "highway=secondary surface=asphalt estimated_traffic_class=3", "estimated_crossing_class=2", "10928", "1080191"],
          ["133149282", "34349269", "3", "133", "1130", "0", "7", "0", "0", "highway=secondary surface=asphalt estimated_traffic_class=3", "estimated_crossing_class=2", "10955", "1082890"],
          ["133149283", "34349313", "3", "5", "1130", "0", "0", "0", "0", "highway=secondary surface=asphalt estimated_traffic_class=3", "estimated_crossing_class=2", "10956", "1082998"],
          ["133149286", "34349331", "3", "2", "1130", "0", "0", "0", "0", "highway=secondary surface=asphalt estimated_traffic_class=3", "estimated_crossing_class=2", "10957", "1083041"],
          ["133149589", "34349820", "3", "61", "1130", "0", "4", "0", "0", "highway=secondary surface=asphalt estimated_traffic_class=3", "estimated_crossing_class=2", "10969", "1084293"],
          ["133150105", "34350574", "4", "98", "1130", "0", "4", "0", "0", "highway=secondary surface=asphalt estimated_traffic_class=3", "estimated_crossing_class=2", "10989", "1086324"],
          ["133150121", "34350666", "4", "10", "1130", "0", "0", "0", "0", "highway=secondary surface=asphalt estimated_traffic_class=3", "estimated_crossing_class=2", "10991", "1086513"],
          ["133150128", "34350782", "4", "13", "1130", "0", "0", "0", "0", "highway=secondary surface=asphalt estimated_traffic_class=3", "estimated_crossing_class=2", "10994", "1086755"],
          ["133150202", "34351184", "4", "45", "1130", "0", "1", "0", "0", "highway=secondary surface=asphalt estimated_traffic_class=3", "estimated_crossing_class=2", "11003", "1087665"],
          ["133150557", "34351534", "5", "50", "1130", "0", "6", "0", "0", "highway=secondary surface=asphalt estimated_traffic_class=3", "estimated_crossing_class=2", "11014", "1088810"],
          ["133152372", "34353212", "6", "255", "1130", "0", "6", "0", "0", "highway=secondary surface=asphalt estimated_traffic_class=3", "estimated_crossing_class=2", "11065", "1093841"],
          ["133152820", "34354563", "2", "155", "1130", "0", "1", "0", "0", "highway=secondary surface=asphalt estimated_traffic_class=3", "estimated_crossing_class=2", "11084", "1095740"],
          ["133153072", "34355048", "0", "60", "1130", "0", "4", "0", "0", "highway=secondary surface=asphalt estimated_traffic_class=3", "estimated_crossing_class=2", "11090", "1096342"],
          ["133154208", "34355028", "0", "110", "1130", "0", "14", "0", "0", "highway=secondary surface=asphalt estimated_traffic_class=3", "estimated_crossing_class=2", "11102", "1097587"],
          ["133155962", "34354850", "6", "168", "1130", "0", "3", "0", "0", "reversedirection=yes highway=secondary surface=asphalt estimated_traffic_class=3 route_bicycle_ncn=yes", "nodeaccessgranted=yes estimated_crossing_class=2", "11145", "1101855"],
          ["133156026", "34354881", "5", "7", "1130", "0", "1", "0", "0", "reversedirection=yes highway=secondary surface=asphalt estimated_traffic_class=3 route_bicycle_ncn=yes", "nodeaccessgranted=yes estimated_crossing_class=2", "11147", "1102103"],
          ["133157813", "34357246", "2", "335", "1130", "0", "20", "0", "0", "reversedirection=yes highway=secondary surface=asphalt estimated_traffic_class=3 route_bicycle_ncn=yes", "nodeaccessgranted=yes estimated_crossing_class=2", "11213", "1108651"],
          ["133158981", "34357455", "3", "110", "1130", "0", "0", "0", "0", "reversedirection=yes highway=secondary surface=asphalt estimated_traffic_class=3 route_bicycle_ncn=yes", "nodeaccessgranted=yes estimated_crossing_class=2", "11230", "1110349"],
          ["133162031", "34356766", "6", "314", "1130", "0", "15", "0", "0", "reversedirection=yes highway=secondary surface=asphalt estimated_traffic_class=3 route_bicycle_ncn=yes", "nodeaccessgranted=yes estimated_crossing_class=2", "11292", "1116632"],
          ["133162389", "34357072", "6", "47", "1130", "0", "3", "0", "0", "reversedirection=yes highway=secondary surface=asphalt estimated_traffic_class=3 route_bicycle_ncn=yes", "nodeaccessgranted=yes estimated_crossing_class=2", "11302", "1117583"],
          ["133163046", "34357608", "6", "85", "1130", "0", "1", "0", "0", "reversedirection=yes highway=secondary surface=asphalt estimated_traffic_class=3 route_bicycle_ncn=yes", "nodeaccessgranted=yes estimated_crossing_class=2", "11315", "1118896"],
          ["133163829", "34357558", "6", "74", "1130", "0", "11", "0", "0", "reversedirection=yes highway=secondary surface=asphalt estimated_traffic_class=3 route_bicycle_ncn=yes", "nodeaccessgranted=yes estimated_crossing_class=2", "11327", "1120093"],
          ["133164950", "34357504", "6", "103", "1130", "0", "2", "0", "0", "reversedirection=yes highway=secondary surface=asphalt estimated_traffic_class=3 route_bicycle_ncn=yes", "", "11344", "1121796"],
          ["133169771", "34356059", "15", "495", "1500", "0", "11", "0", "0", "highway=trunk surface=asphalt route_bicycle_ncn=yes", "nodeaccessgranted=yes highway=crossing", "11460", "1133434"],
          ["133170007", "34355939", "16", "25", "1500", "0", "0", "0", "0", "highway=trunk surface=asphalt route_bicycle_ncn=yes", "nodeaccessgranted=yes highway=crossing crossing=uncontrolled", "11467", "1134059"],
          ["133171481", "34354038", "37", "252", "1500", "0", "2", "0", "0", "highway=trunk surface=asphalt route_bicycle_ncn=yes", "", "11644", "1151764"],
          ["133171591", "34354087", "38", "12", "5000", "0", "79", "0", "0", "highway=path foot=yes bicycle=yes route_bicycle_ncn=yes", "nodeaccessgranted=yes barrier=bollard", "11651", "1152498"],
          ["133172101", "34353916", "46", "535", "5000", "192", "363", "0", "0", "highway=path foot=yes bicycle=yes route_bicycle_ncn=yes", "", "11817", "1169023"],
          ["133174088", "34354537", "41", "274", "2000", "168", "93", "0", "0", "reversedirection=yes highway=path surface=asphalt foot=yes bicycle=yes route_bicycle_ncn=yes", "nodeaccessgranted=yes barrier=toll_booth", "11942", "1181487"],
          ["133184896", "34359178", "23", "1120", "2000", "86", "0", "0", "0", "reversedirection=yes highway=path surface=asphalt route_bicycle_ncn=yes", "", "12064", "1193714"],
          ["133178359", "34365394", "10", "1059", "1160", "348", "218", "0", "0", "highway=secondary surface=asphalt estimated_traffic_class=4 route_bicycle_ncn=yes", "nodeaccessgranted=yes estimated_crossing_class=3", "12224", "1209655"],
          ["133177821", "34365429", "9", "50", "1160", "0", "0", "0", "0", "highway=secondary surface=asphalt estimated_traffic_class=4 route_bicycle_ncn=yes", "nodeaccessgranted=yes estimated_crossing_class=3", "12233", "1210495"],
          ["133175583", "34369963", "3", "703", "1160", "0", "37", "0", "0", "highway=secondary surface=asphalt estimated_traffic_class=4 route_bicycle_ncn=yes", "nodeaccessgranted=yes estimated_crossing_class=3", "12351", "1222305"],
          ["133175743", "34370093", "2", "21", "1160", "0", "0", "0", "0", "highway=secondary surface=asphalt estimated_traffic_class=4 route_bicycle_ncn=yes", "nodeaccessgranted=yes estimated_crossing_class=3", "12355", "1222658"],
          ["133176048", "34370346", "2", "40", "1160", "0", "0", "0", "0", "highway=secondary surface=asphalt estimated_traffic_class=4 route_bicycle_ncn=yes", "nodeaccessgranted=yes estimated_crossing_class=3", "12361", "1223330"],
          ["133176569", "34370778", "1", "68", "1160", "0", "0", "0", "0", "highway=secondary surface=asphalt estimated_traffic_class=4 route_bicycle_ncn=yes", "nodeaccessgranted=yes estimated_crossing_class=3", "12373", "1224473"],
          ["133176669", "34371127", "1", "41", "1160", "327", "7", "0", "0", "highway=secondary surface=asphalt estimated_traffic_class=4 route_bicycle_ncn=yes", "nodeaccessgranted=yes estimated_crossing_class=3", "12378", "1224842"],
          ["133176575", "34371400", "1", "32", "1160", "0", "3", "0", "0", "highway=secondary surface=asphalt estimated_traffic_class=4 route_bicycle_ncn=yes", "nodeaccessgranted=yes estimated_crossing_class=3", "12380", "1224842"],
          ["133176103", "34372662", "2", "147", "1160", "0", "0", "20", "0", "highway=secondary surface=asphalt estimated_traffic_class=4 route_bicycle_ncn=yes", "nodeaccessgranted=yes highway=crossing estimated_crossing_class=0 crossing=traffic_signals", "12393", "1225635"],
          ["133176061", "34372819", "2", "18", "1160", "0", "0", "0", "0", "reversedirection=yes highway=secondary surface=asphalt estimated_traffic_class=4 route_bicycle_ncn=yes", "nodeaccessgranted=yes estimated_crossing_class=0", "12395", "1225873"],
          ["133175882", "34372896", "3", "19", "1500", "0", "32", "0", "0", "reversedirection=yes highway=trunk surface=asphalt route_bicycle_ncn=yes", "nodeaccessgranted=yes highway=crossing crossing=uncontrolled", "12398", "1226164"],
          ["133174205", "34374446", "5", "235", "1500", "0", "3", "0", "0", "reversedirection=yes highway=trunk surface=asphalt route_bicycle_ncn=yes", "", "12432", "1229522"],
          ["133174102", "34374769", "5", "37", "1160", "0", "0", "0", "0", "reversedirection=yes highway=secondary surface=asphalt estimated_traffic_class=4 route_bicycle_ncn=yes", "nodeaccessgranted=yes estimated_crossing_class=3", "12439", "1230197"],
          ["133174296", "34377259", "4", "279", "1160", "0", "6", "0", "0", "reversedirection=yes highway=secondary surface=asphalt estimated_traffic_class=4 route_bicycle_ncn=yes", "nodeaccessgranted=yes estimated_crossing_class=3", "12487", "1234992"],
          ["133174114", "34379117", "3", "212", "1160", "0", "11", "0", "0", "reversedirection=yes highway=secondary surface=asphalt estimated_traffic_class=4 route_bicycle_ncn=yes", "nodeaccessgranted=yes estimated_crossing_class=3", "12522", "1238560"],
          ["133174121", "34379460", "3", "38", "1160", "0", "0", "0", "0", "reversedirection=yes highway=secondary surface=asphalt estimated_traffic_class=4 route_bicycle_ncn=yes", "nodeaccessgranted=yes estimated_crossing_class=3", "12529", "1239199"],
          ["133174145", "34380922", "3", "165", "1160", "0", "11", "0", "0", "reversedirection=yes highway=secondary surface=asphalt estimated_traffic_class=4 route_bicycle_ncn=yes", "nodeaccessgranted=yes estimated_crossing_class=3", "12553", "1241642"],
          ["133173782", "34381296", "3", "53", "1160", "0", "3", "0", "0", "reversedirection=yes highway=secondary surface=asphalt estimated_traffic_class=4 route_bicycle_ncn=yes", "nodeaccessgranted=yes estimated_crossing_class=3", "12560", "1242367"],
          ["133173103", "34382330", "2", "134", "1160", "0", "7", "0", "0", "reversedirection=yes highway=secondary surface=asphalt estimated_traffic_class=4 route_bicycle_ncn=yes", "nodeaccessgranted=yes estimated_crossing_class=3", "12581", "1244426"],
          ["133172984", "34383780", "1", "161", "1160", "0", "1", "0", "0", "reversedirection=yes highway=secondary surface=asphalt estimated_traffic_class=4 route_bicycle_ncn=yes", "nodeaccessgranted=yes estimated_crossing_class=3", "12607", "1247073"],
          ["133172779", "34384338", "1", "65", "1160", "0", "1", "0", "0", "reversedirection=yes highway=secondary surface=asphalt estimated_traffic_class=4 route_bicycle_ncn=yes", "nodeaccessgranted=yes estimated_crossing_class=3", "12616", "1247923"],
          ["133172677", "34384623", "1", "33", "1160", "0", "8", "0", "0", "reversedirection=yes highway=secondary surface=asphalt estimated_traffic_class=4 route_bicycle_ncn=yes", "nodeaccessgranted=yes estimated_crossing_class=3", "12620", "1248361"],
          ["133173489", "34384801", "2", "78", "1160", "0", "23", "0", "0", "reversedirection=yes highway=secondary surface=asphalt estimated_traffic_class=4 route_bicycle_ncn=yes", "nodeaccessgranted=yes estimated_crossing_class=3", "12634", "1249773"],
          ["133173596", "34384822", "2", "10", "1160", "0", "0", "0", "0", "reversedirection=yes highway=secondary surface=asphalt estimated_traffic_class=4 route_bicycle_ncn=yes", "nodeaccessgranted=yes estimated_crossing_class=3", "12636", "1249959"],
          ["133173754", "34384893", "3", "17", "1130", "0", "2", "0", "0", "reversedirection=yes highway=secondary surface=asphalt estimated_traffic_class=3 route_bicycle_ncn=yes", "nodeaccessgranted=yes highway=crossing crossing=uncontrolled", "12640", "1250292"],
          ["133174730", "34385663", "3", "124", "1130", "0", "1", "0", "0", "reversedirection=yes highway=secondary surface=asphalt estimated_traffic_class=3 route_bicycle_ncn=yes", "nodeaccessgranted=yes estimated_crossing_class=2", "12664", "1252709"],
          ["133174816", "34385719", "3", "10", "1130", "0", "0", "0", "0", "reversedirection=yes highway=secondary surface=asphalt estimated_traffic_class=3 route_bicycle_ncn=yes", "nodeaccessgranted=yes highway=crossing", "12665", "1252881"],
          ["133175167", "34385906", "2", "38", "1130", "0", "0", "0", "0", "reversedirection=yes highway=secondary surface=asphalt estimated_traffic_class=3 route_bicycle_ncn=yes", "nodeaccessgranted=yes estimated_crossing_class=2", "12671", "1253450"],
          ["133175921", "34386234", "1", "78", "1130", "0", "0", "0", "0", "reversedirection=yes highway=secondary surface=asphalt estimated_traffic_class=3 route_bicycle_ncn=yes", "nodeaccessgranted=yes estimated_crossing_class=2", "12682", "1254504"],
          ["133177308", "34386846", "5", "145", "1130", "0", "0", "0", "0", "reversedirection=yes highway=secondary surface=asphalt estimated_traffic_class=3 route_bicycle_ncn=yes", "nodeaccessgranted=yes estimated_crossing_class=2", "12719", "1258252"],
          ["133177592", "34386981", "6", "30", "1130", "0", "0", "0", "0", "reversedirection=yes highway=secondary surface=asphalt estimated_traffic_class=3 route_bicycle_ncn=yes", "nodeaccessgranted=yes estimated_crossing_class=2", "12728", "1259101"],
          ["133178907", "34388193", "9", "182", "1130", "0", "0", "0", "0", "reversedirection=yes highway=secondary surface=asphalt estimated_traffic_class=3 route_bicycle_ncn=yes", "nodeaccessgranted=yes estimated_crossing_class=2", "12768", "1263172"],
          ["133180097", "34388636", "8", "121", "1130", "0", "2", "0", "0", "reversedirection=yes highway=secondary surface=asphalt estimated_traffic_class=3 route_bicycle_ncn=yes", "nodeaccessgranted=yes estimated_crossing_class=2", "12794", "1265737"],
          ["133180350", "34388711", "8", "25", "1130", "0", "0", "0", "0", "reversedirection=yes highway=secondary surface=asphalt estimated_traffic_class=3 route_bicycle_ncn=yes", "nodeaccessgranted=yes estimated_crossing_class=2", "12798", "1266174"],
          ["133181144", "34388926", "5", "77", "1130", "0", "0", "0", "0", "reversedirection=yes highway=secondary surface=asphalt estimated_traffic_class=3 route_bicycle_ncn=yes", "nodeaccessgranted=yes estimated_crossing_class=2", "12807", "1267055"],
          ["133181932", "34389149", "4", "77", "1130", "0", "0", "0", "0", "reversedirection=yes highway=secondary surface=asphalt estimated_traffic_class=3 route_bicycle_ncn=yes", "nodeaccessgranted=yes estimated_crossing_class=2", "12816", "1267939"],
          ["133183353", "34389648", "6", "142", "1130", "0", "0", "0", "0", "reversedirection=yes highway=secondary surface=asphalt estimated_traffic_class=3 route_bicycle_ncn=yes", "nodeaccessgranted=yes estimated_crossing_class=2", "12845", "1270828"],
          ["133184247", "34390259", "4", "106", "1130", "0", "0", "0", "0", "reversedirection=yes highway=secondary surface=asphalt estimated_traffic_class=3 route_bicycle_ncn=yes", "nodeaccessgranted=yes estimated_crossing_class=2", "12858", "1272184"],
          ["133184606", "34390644", "5", "54", "1130", "0", "0", "0", "0", "reversedirection=yes highway=secondary surface=asphalt estimated_traffic_class=3 route_bicycle_ncn=yes", "nodeaccessgranted=yes estimated_crossing_class=2", "12868", "1273158"],
          ["133185006", "34391089", "6", "62", "1130", "0", "0", "20", "0", "reversedirection=yes highway=secondary surface=asphalt estimated_traffic_class=3 route_bicycle_ncn=yes", "nodeaccessgranted=yes highway=crossing crossing=traffic_signals", "12881", "1274472"],
          ["133185156", "34391256", "6", "23", "1130", "0", "0", "20", "0", "reversedirection=yes highway=secondary surface=asphalt estimated_traffic_class=3 route_bicycle_ncn=yes", "nodeaccessgranted=yes highway=traffic_signals estimated_crossing_class=0", "12886", "1274950"],
          ["133185283", "34391378", "6", "18", "1130", "0", "0", "20", "0", "reversedirection=yes highway=secondary surface=asphalt estimated_traffic_class=3 route_bicycle_ncn=yes", "nodeaccessgranted=yes highway=crossing crossing=traffic_signals", "12890", "1275333"],
          ["133186107", "34391929", "7", "98", "1130", "0", "1", "0", "0", "reversedirection=yes highway=secondary surface=asphalt estimated_traffic_class=3 route_bicycle_ncn=yes", "nodeaccessgranted=yes estimated_crossing_class=2", "12912", "1277534"],
          ["133187112", "34392546", "5", "115", "1130", "0", "0", "0", "0", "reversedirection=yes highway=secondary surface=asphalt estimated_traffic_class=3 route_bicycle_ncn=yes", "nodeaccessgranted=yes estimated_crossing_class=2", "12927", "1279081"],
          ["133188227", "34393156", "3", "124", "1130", "0", "0", "0", "0", "reversedirection=yes highway=secondary surface=asphalt estimated_traffic_class=3 route_bicycle_ncn=yes", "nodeaccessgranted=yes estimated_crossing_class=2", "12943", "1280633"],
          ["133188518", "34393253", "2", "29", "1130", "0", "0", "0", "0", "reversedirection=yes highway=secondary surface=asphalt estimated_traffic_class=3 route_bicycle_ncn=yes", "nodeaccessgranted=yes estimated_crossing_class=2", "12946", "1280949"],
          ["133189842", "34393626", "3", "128", "1130", "0", "0", "0", "0", "reversedirection=yes highway=secondary surface=asphalt estimated_traffic_class=3 route_bicycle_ncn=yes", "nodeaccessgranted=yes estimated_crossing_class=2", "12966", "1282959"],
          ["133189869", "34393634", "3", "3", "1130", "0", "0", "0", "0", "reversedirection=yes highway=secondary surface=asphalt estimated_traffic_class=3 route_bicycle_ncn=yes", "nodeaccessgranted=yes estimated_crossing_class=2", "12967", "1283012"],
          ["133190336", "34393770", "4", "46", "1130", "0", "0", "0", "0", "reversedirection=yes highway=secondary surface=asphalt estimated_traffic_class=3 route_bicycle_ncn=yes", "nodeaccessgranted=yes estimated_crossing_class=2", "12976", "1283937"],
          ["133190705", "34393876", "4", "36", "1130", "0", "0", "0", "0", "reversedirection=yes highway=secondary surface=asphalt estimated_traffic_class=3 route_bicycle_ncn=yes", "nodeaccessgranted=yes estimated_crossing_class=2", "12983", "1284639"],
          ["133191000", "34393949", "4", "28", "1130", "0", "0", "20", "0", "reversedirection=yes highway=secondary surface=asphalt estimated_traffic_class=3 route_bicycle_ncn=yes", "nodeaccessgranted=yes highway=traffic_signals estimated_crossing_class=0", "12989", "1285192"],
          ["133191061", "34393967", "4", "6", "1130", "0", "0", "20", "0", "reversedirection=yes highway=secondary surface=asphalt estimated_traffic_class=3 route_bicycle_ncn=yes", "nodeaccessgranted=yes highway=crossing crossing=traffic_signals", "12990", "1285309"],
          ["133191645", "34394132", "5", "57", "1130", "0", "0", "0", "0", "reversedirection=yes highway=secondary surface=asphalt estimated_traffic_class=3 route_bicycle_ncn=yes", "nodeaccessgranted=yes estimated_crossing_class=3", "13003", "1286628"],
          ["133192054", "34394247", "5", "40", "1130", "0", "0", "0", "0", "reversedirection=yes highway=secondary surface=asphalt estimated_traffic_class=3 route_bicycle_ncn=yes", "nodeaccessgranted=yes estimated_crossing_class=0", "13010", "1287315"],
          ["133192180", "34394283", "4", "12", "1130", "0", "0", "0", "0", "reversedirection=yes highway=secondary surface=asphalt estimated_traffic_class=3 route_bicycle_ncn=yes", "nodeaccessgranted=yes highway=crossing bicycle=yes", "13012", "1287507"],
          ["133192244", "34394301", "4", "6", "1130", "0", "0", "20", "0", "reversedirection=yes highway=secondary surface=asphalt estimated_traffic_class=3 route_bicycle_ncn=yes", "nodeaccessgranted=yes highway=traffic_signals estimated_crossing_class=0", "13013", "1287604"],
          ["133192321", "34394323", "4", "7", "1130", "0", "0", "0", "0", "reversedirection=yes highway=secondary surface=asphalt estimated_traffic_class=3 route_bicycle_ncn=yes", "nodeaccessgranted=yes highway=crossing bicycle=yes", "13014", "1287710"],
          ["133193247", "34394588", "4", "90", "1130", "0", "0", "0", "0", "reversedirection=yes highway=secondary surface=asphalt estimated_traffic_class=3 route_bicycle_ncn=yes", "nodeaccessgranted=yes estimated_crossing_class=3", "13027", "1289013"],
          ["133193502", "34394661", "4", "25", "1130", "0", "0", "0", "0", "reversedirection=yes highway=secondary surface=asphalt estimated_traffic_class=3 route_bicycle_ncn=yes", "nodeaccessgranted=yes estimated_crossing_class=3", "13031", "1289400"],
          ["133193913", "34394780", "4", "40", "1130", "0", "0", "0", "0", "reversedirection=yes highway=secondary surface=asphalt estimated_traffic_class=3 route_bicycle_ncn=yes", "nodeaccessgranted=yes estimated_crossing_class=3", "13037", "1290032"],
          ["133194391", "34394917", "4", "47", "1130", "0", "0", "0", "0", "reversedirection=yes highway=secondary surface=asphalt estimated_traffic_class=3 route_bicycle_ncn=yes", "nodeaccessgranted=yes estimated_crossing_class=3", "13045", "1290791"],
          ["133194650", "34394992", "4", "25", "1130", "0", "0", "0", "0", "reversedirection=yes highway=secondary surface=asphalt estimated_traffic_class=3 route_bicycle_ncn=yes", "", "13049", "1291200"],
          ["133194682", "34395001", "4", "3", "1160", "0", "0", "20", "0", "reversedirection=yes highway=secondary surface=asphalt estimated_traffic_class=4 route_bicycle_ncn=yes", "nodeaccessgranted=yes highway=traffic_signals estimated_crossing_class=0", "13049", "1291249"],
          ["133194796", "34395033", "4", "11", "1160", "0", "0", "20", "0", "reversedirection=yes highway=secondary surface=asphalt estimated_traffic_class=4 route_bicycle_ncn=yes", "nodeaccessgranted=yes highway=crossing crossing=traffic_signals", "13051", "1291430"],
          ["133195333", "34395187", "4", "52", "1160", "0", "0", "0", "0", "reversedirection=yes highway=secondary surface=asphalt estimated_traffic_class=4 route_bicycle_ncn=yes", "nodeaccessgranted=yes estimated_crossing_class=3", "13060", "1292386"],
          ["133195683", "34395288", "4", "34", "1160", "0", "0", "20", "0", "reversedirection=yes highway=secondary surface=asphalt estimated_traffic_class=4 route_bicycle_ncn=yes", "nodeaccessgranted=yes highway=crossing crossing=traffic_signals", "13067", "1293028"],
          ["133195858", "34395337", "5", "17", "1160", "0", "0", "20", "0", "reversedirection=yes highway=secondary surface=asphalt estimated_traffic_class=4 route_bicycle_ncn=yes", "nodeaccessgranted=yes highway=traffic_signals", "13070", "1293361"],
          ["133195980", "34395373", "5", "12", "1500", "0", "0", "20", "0", "reversedirection=yes highway=trunk route_bicycle_ncn=yes", "nodeaccessgranted=yes highway=crossing crossing=traffic_signals", "13073", "1293592"],
          ["133197775", "34395890", "4", "175", "1500", "0", "0", "0", "0", "reversedirection=yes highway=trunk route_bicycle_ncn=yes", "nodeaccessgranted=yes highway=crossing bicycle=yes", "13102", "1296559"],
          ["133197878", "34395921", "4", "10", "1500", "0", "0", "20", "0", "reversedirection=yes highway=trunk route_bicycle_ncn=yes", "nodeaccessgranted=yes highway=traffic_signals", "13104", "1296714"],
          ["133198016", "34395958", "4", "13", "1500", "0", "0", "20", "0", "reversedirection=yes highway=trunk route_bicycle_ncn=yes", "nodeaccessgranted=yes highway=traffic_signals", "13106", "1296906"],
          ["133198178", "34396013", "3", "16", "1500", "0", "0", "0", "0", "reversedirection=yes highway=trunk route_bicycle_ncn=yes", "nodeaccessgranted=yes highway=crossing bicycle=yes", "13108", "1297133"],
          ["133200201", "34396588", "5", "198", "1500", "0", "0", "20", "0", "reversedirection=yes highway=trunk route_bicycle_ncn=yes", "nodeaccessgranted=yes highway=traffic_signals traffic_signals=signal", "13146", "1300945"],
          ["133201251", "34396966", "6", "105", "1500", "0", "0", "20", "0", "reversedirection=yes highway=trunk route_bicycle_ncn=yes", "nodeaccessgranted=yes highway=traffic_signals estimated_crossing_class=0", "13169", "1303239"],
          ["133201166", "34397559", "5", "67", "1160", "0", "63", "0", "0", "highway=secondary surface=asphalt estimated_traffic_class=4", "estimated_crossing_class=3", "13179", "1304268"],
          ["133201084", "34397873", "5", "36", "1160", "0", "1", "0", "0", "highway=secondary surface=asphalt estimated_traffic_class=4", "estimated_crossing_class=3", "13185", "1304816"],
          ["133201050", "34398142", "5", "30", "1160", "0", "0", "0", "0", "highway=secondary surface=asphalt estimated_traffic_class=4", "estimated_crossing_class=3", "13189", "1305281"],
          ["133201051", "34398374", "5", "26", "1160", "0", "1", "0", "0", "highway=secondary surface=asphalt estimated_traffic_class=4", "estimated_crossing_class=3", "13194", "1305701"],
          ["133201090", "34399331", "9", "108", "1160", "0", "0", "0", "0", "highway=secondary surface=asphalt estimated_traffic_class=4", "estimated_crossing_class=3", "13216", "1307975"],
          ["133201055", "34399709", "12", "42", "1160", "0", "0", "0", "0", "highway=secondary surface=asphalt estimated_traffic_class=4", "estimated_crossing_class=3", "13229", "1309197"],
          ["133201143", "34400281", "12", "65", "1160", "0", "1", "0", "0", "highway=secondary surface=asphalt estimated_traffic_class=4", "estimated_crossing_class=3", "13247", "1311062"],
          ["133201173", "34400355", "12", "9", "1160", "0", "0", "0", "0", "highway=secondary surface=asphalt estimated_traffic_class=4", "estimated_crossing_class=3", "13249", "1311240"],
          ["133201674", "34400873", "8", "73", "1160", "0", "1", "0", "0", "highway=secondary surface=asphalt estimated_traffic_class=4", "estimated_crossing_class=3", "13263", "1312606"],
          ["133202157", "34401235", "7", "60", "1160", "0", "0", "0", "0", "highway=secondary surface=asphalt estimated_traffic_class=4", "estimated_crossing_class=3", "13271", "1313420"],
          ["133202394", "34401385", "6", "27", "1160", "0", "0", "0", "0", "highway=secondary surface=asphalt estimated_traffic_class=4", "estimated_crossing_class=3", "13274", "1313709"],
          ["133202790", "34401846", "5", "63", "1160", "0", "3", "0", "0", "highway=secondary surface=asphalt estimated_traffic_class=4", "estimated_crossing_class=3", "13281", "1314424"],
          ["133203148", "34402222", "6", "55", "1160", "0", "9", "20", "0", "highway=secondary surface=asphalt estimated_traffic_class=4", "highway=traffic_signals traffic_signals=signal", "13289", "1315280"],
          ["133203134", "34402315", "6", "10", "1160", "0", "64", "0", "0", "highway=secondary surface=asphalt estimated_traffic_class=4 route_bicycle_ncn=yes", "nodeaccessgranted=yes estimated_crossing_class=0", "13291", "1315449"],
          ["133203114", "34402449", "6", "15", "1160", "0", "0", "0", "0", "highway=secondary surface=asphalt estimated_traffic_class=4 route_bicycle_ncn=yes", "nodeaccessgranted=yes estimated_crossing_class=3", "13294", "1315720"],
          ["133203081", "34402773", "7", "36", "1160", "0", "0", "0", "0", "highway=secondary surface=asphalt estimated_traffic_class=4 route_bicycle_ncn=yes", "nodeaccessgranted=yes estimated_crossing_class=3", "13301", "1316438"],
          ["133203080", "34402840", "7", "7", "1160", "0", "0", "0", "0", "highway=secondary surface=asphalt estimated_traffic_class=4 route_bicycle_ncn=yes", "nodeaccessgranted=yes estimated_crossing_class=3", "13302", "1316573"],
          ["133202719", "34404282", "7", "165", "1160", "0", "3", "0", "0", "highway=secondary surface=asphalt estimated_traffic_class=4 route_bicycle_ncn=yes", "nodeaccessgranted=yes estimated_crossing_class=3", "13335", "1319798"],
          ["133202678", "34404324", "7", "6", "1160", "0", "1", "0", "0", "highway=secondary surface=asphalt estimated_traffic_class=4 route_bicycle_ncn=yes", "nodeaccessgranted=yes estimated_crossing_class=3", "13336", "1319895"],
          ["133203043", "34404568", "5", "43", "1060", "0", "90", "0", "0", "reversedirection=yes highway=tertiary estimated_traffic_class=4", "", "13340", "1320345"],
          ["133202994", "34404672", "4", "12", "1200", "0", "63", "0", "0", "highway=residential", "", "13341", "1320471"],
          ["133202675", "34405173", "4", "63", "1200", "0", "0", "0", "0", "highway=service", "", "13351", "1321486"],
          ["133200783", "34406650", "6", "254", "5670", "0", "6", "0", "0", "reversedirection=yes foot=yes bicycle=yes route=ferry", "", "13394", "1325706"],
          ["133200516", "34406956", "7", "44", "1200", "0", "24", "0", "0", "reversedirection=yes highway=service", "highway=crossing", "13402", "1326529"],
          ["133200486", "34407012", "7", "7", "1200", "0", "0", "0", "0", "reversedirection=yes highway=service", "", "13403", "1326676"],
          ["133196079", "34405351", "3", "446", "1060", "0", "116", "0", "0", "reversedirection=yes highway=tertiary estimated_traffic_class=4", "highway=crossing", "13482", "1334538"],
          ["133196022", "34405330", "3", "6", "1060", "0", "0", "0", "0", "reversedirection=yes highway=tertiary estimated_traffic_class=4", "highway=stop direction=forward", "13483", "1334639"],
          ["133195584", "34404971", "4", "57", "1060", "0", "5", "0", "0", "reversedirection=yes highway=tertiary estimated_traffic_class=4", "", "13491", "1335486"],
          ["133194828", "34404812", "6", "73", "1030", "0", "63", "0", "0", "reversedirection=yes highway=tertiary surface=asphalt estimated_traffic_class=3", "", "13502", "1336567"],
          ["133194816", "34404841", "6", "3", "1100", "0", "90", "0", "0", "reversedirection=yes highway=unclassified surface=asphalt", "highway=stop direction=forward", "13503", "1336613"],
          ["133194640", "34405194", "9", "42", "1100", "0", "2", "0", "0", "reversedirection=yes highway=unclassified surface=asphalt", "", "13513", "1337679"],
          ["133195032", "34405540", "10", "53", "1500", "0", "72", "0", "0", "reversedirection=yes highway=trunk surface=asphalt", "highway=crossing", "13523", "1338629"],
          ["133195127", "34405627", "10", "13", "1500", "0", "0", "20", "0", "reversedirection=yes highway=trunk surface=asphalt", "highway=traffic_signals", "13525", "1338857"],
          ["133195035", "34405712", "11", "13", "1100", "0", "81", "0", "0", "highway=unclassified surface=asphalt", "railway=level_crossing", "13528", "1339148"],
          ["133194987", "34405757", "12", "7", "1100", "0", "0", "0", "0", "highway=unclassified surface=asphalt", "railway=level_crossing", "13530", "1339349"],
          ["133192803", "34405428", "10", "214", "1100", "0", "89", "0", "0", "highway=unclassified surface=asphalt", "", "13590", "1345324"],
          ["133191035", "34404493", "6", "200", "1200", "0", "61", "0", "0", "reversedirection=yes highway=residential surface=asphalt", "", "13613", "1347693"],
          ["133190261", "34404347", "7", "73", "1200", "0", "0", "0", "0", "reversedirection=yes highway=residential", "", "13624", "1348712"],
          ["133190124", "34404824", "5", "54", "1200", "0", "89", "0", "0", "highway=residential", "", "13630", "1349376"]
        ],
        "times": [0,2.016,19.21,31.459,50.381,51.729,60.924,75.825,77.548,81.571,85.628,89.394,92.048,94.147,95.944,100.541,101.559,102.948,109.417,117.066,129.559,130.775,146.023,162.898,163.073,168.349,168.506,176.233,187.657,220.06,241.53,252.485,265.677,273.79,293.368,300.859,324.486,337.214,356.458,367.919,400.723,427.392,430.388,447.754,462.937,490.251,503,511.732,512.72,518.113,527.446,538.005,545.781,551.874,555.206,560.85,568.881,579.899,588.133,596.869,603.295,608.373,616.349,618.12,619.973,621.912,625.01,626.823,628.674,629.396,634.128,636.872,661.612,664.871,690.982,706.243,712.24,726.454,780.664,790.091,798.579,809.074,814.309,822.338,826.658,831.354,841.668,848.311,855.219,864.363,868.985,872.25,875.173,883.859,886.585,886.986,889.578,895.528,899.238,911.85,913.158,916.61,946.356,953.015,958.7,964.006,969.711,974.106,980.064,980.54,1001.167,1003.695,1007.773,1012.906,1015.764,1027.712,1032.411,1036.775,1044.44,1050.415,1061.26,1075.557,1083.88,1091.309,1099.282,1110.639,1138.888,1154.015,1161.801,1173.809,1180.094,1198.06,1204.48,1217.245,1234.629,1250.402,1262.174,1281.046,1315.608,1337.475,1388.54,1402.35,1409.061,1414.438,1420.815,1426.674,1433.148,1438.632,1440.816,1443.759,1445.248,1446.209,1447.384,1448.459,1449.35,1450.446,1451.442,1452.723,1453.716,1455.049,1456.406,1458.926,1461.379,1464.97,1466.475,1467.879,1470.584,1473.478,1479.417,1485.57,1489.995,1492.103,1494.823,1496.585,1498.523,1499.792,1501.044,1509.608,1517.304,1519.133,1520.404,1521.849,1523.106,1524.358,1525.604,1527.2,1528.435,1529.842,1532.642,1534.904,1537.675,1540.261,1542.838,1544.894,1546.945,1548.481,1550.526,1553.416,1558.166,1563.243,1567.973,1572.696,1577.415,1582.13,1587.01,1591.384,1596.093,1600.633,1605.172,1609.878,1613.911,1615.928,1617.44,1618.617,1619.625,1621.137,1623.154,1738.743,1787.968,1790.824,1792.672,1795.696,1818.209,1830.137,1832.657,1834.337,1835.914,1836.707,1838.936,1840.699,1842.632,1857.361,1877.498,1880.342,1882.183,1885.364,2049.116,2052.309,2053.989,2057.013,2097.501,2125.054,2128.246,2130.094,2133.118,2226.528,2229.216,2231.064,2233.752,2246.689,2249.041,2253.745,2255.257,2256.769,2258.113,2259.289,2260.969,2262.817,2263.993,2265.337,2266.849,2268.361,2269.873,2271.049,2275.209,2275.769,2276.489,2277.369,2277.929,2278.729,2279.449,2280.409,2281.289,2282.168,2282.808,2283.456,2284.042,2284.646,2285.818,2286.677,2287.735,2288.546,2291.669,2292.688,2293.341,2294.094,2297.703,2303.104,2304.136,2305.008,2308.685,2309.305,2309.914,2310.563,2314.419,2315.311,2316.093,2318.412,2319.648,2319.989,2321.349,2322.789,2324.149,2324.309,2324.469,2324.869,2325.99,2326.938,2327.907,2328.524,2329.964,2332.444,2333.804,2335.324,2336.684,2337.484,2339.324,2340.204,2341.004,2341.564,2342.444,2343.164,2343.903,2344.498,2345.381,2346.982,2349.559,2350.423,2355.205,2356.976,2358.648,2360.205,2361.934,2363.563,2369.667,2371.817,2374.323,2376.034,2379.151,2385.42,2385.751,2386.248,2390.735,2392.445,2393.523,2395.004,2395.536,2396.885,2397.611,2400.61,2401.07,2411.138,2484.709,2530.168,2537.201,2544.315,2551.5,2564.859,2570.648,2575.467,2579.236,2620.738,2631.406,2640.774,2650.269,2658.415,2666.254,2672.796,2736.038,2741.365,2746.875,2756.655,2758.715,2760.413,2763.882,2765.107,2766.142,2766.816,2770.067,2775.198,2776.715,2776.999,2778.517,2780.491,2781.977,2782.451,2783.057,2784.25,2787.182,2790.205,2803.239,2804.689,2808.171,2808.581,2809.548,2809.966,2812.374,2813.965,2815.211,2816.779,2817.91,2822.159,2823.848,2833.414,2839.294,2845.948,2850.523,2851.105,2854.349,2860.161,2861.465,2863.555,2864.304,2865.093,2866.661,2867.969,2869.176,2870.499,2872.615,2874.911,2876.722,2881.037,2882.887,2883.683,2884.888,2888.009,2893.289,2896.831,2905.055,2907.563,2908.512,2909.052,2914.374,2915.179,2915.691,2916.43,2920.94,2922.966,2923.626,2923.915,2927.292,2927.891,2928.607,2929.025,2931.279,2936.897,2938.068,2939.236,2940.292,2941.385,2949.355,2954.556,2955.702,2956.611,2957.36,2958.204,2964.822,2965.062,2966.536,2966.774,2967.013,2967.617,2969.27,2972.002,2976.471,2977.207,2977.829,2978.714,2994.829,2995.906,2997.367,3004.593,3009.672,3012.325,3014.619,3020.917,3024.059,3040.621,3054.158,3056.267,3057.451,3062.711,3063.508,3063.91,3064.45,3069.867,3079.282,3086.906,3090.645,3096.141,3101.253,3101.614,3102.96,3105.175,3107.407,3108.85,3109.453,3111.279,3113.478,3116.528,3117.945,3118.307,3127.206,3128.329,3132.146,3136.922,3139.96,3141.812,3144.836,3147.667,3149.977,3157.718,3163.944,3165.53,3166.51,3167.237,3171.241,3175.537,3176.772,3179.341,3183.725,3189.289,3208.405,3215.808,3227.973,3234.046,3237.107,3240.194,3246.285,3257.132,3261.595,3290.589,3292.803,3294.674,3297.233,3303.664,3329.2,3340.633,3346.931,3358.646,3363.036,3363.817,3365.942,3381.776,3390.45,3403.069,3407.388,3413.488,3428.271,3434.725,3435.737,3439.004,3455.318,3456.176,3466.99,3469.903,3471.504,3473.545,3476.147,3482.631,3486.821,3491.285,3529.944,3542.789,3563.59,3589.906,3611.535,3637.297,3659.203,3668.96,3684.944,3708.984,3735.475,3763.692,3789.624,3800.814,3812.429,3819.028,3830.815,3835.189,3890.619,4004.792,4010.301,4032.447,4036.864,4041.097,4043.901,4049.736,4053.514,4056.844,4059.998,4062.81,4068.446,4072.895,4078.04,4084.491,4107.574,4115.694,4120.96,4124.791,4133.586,4138.377,4154.098,4160.098,4162.342,4164.783,4166.723,4168.448,4171.213,4173.43,4195.329,4196.997,4201.106,4203.095,4212.313,4213.796,4215.396,4216.676,4217.556,4218.116,4219.556,4220.996,4222.436,4223.876,4225.316,4226.756,4227.636,4228.196,4229.636,4231.076,4234.196,4235.476,4237.396,4239.485,4241.475,4243.075,4245.795,4249.555,4251.546,4252.717,4253.724,4255.805,4259.805,4264.167,4265.607,4267.62,4270.184,4272.685,4274.799,4276.737,4283.086,4296.824,4299.31,4303.86,4304.429,4308.438,4317.092,4321.713,4323.036,4323.304,4325.771,4327.819,4332.505,4338.206,4338.845,4339.232,4340.808,4341.477,4343.931,4350.562,4355.897,4361.707,4365.277,4367.093,4367.685,4373.626,4377.497,4388.718,4391.331,4395.295,4398.781,4402.038,4403.796,4405.103,4406.004,4407.4,4407.881,4411.497,4412.156,4421.149,4423.933,4431.416,4439.462,4450.047,4450.861,4453.472,4459.881,4463.186,4474.154,4477.992,4491.041,4494.057,4498.584,4501.771,4505.126,4507.644,4509.993,4512.175,4514.19,4516.205,4518.555,4520.066,4538.206,4546.2,4552.28,4559.911,4565.155,4573.064,4574.917,4576.179,4577.118,4584.907,4597.208,4599.415,4601.111,4603.483,4607.375,4609.234,4610.585,4612.273,4613.961,4616.154,4619.188,4623.231,4625.906,4628.593,4633.294,4654.152,4656.724,4658.812,4661.06,4668.312,4670.396,4672.454,4678.67,4698.061,4701.506,4703.333,4705.102,4724.831,4729.372,4747.84,4750.495,4753.847,4760.21,4762.889,4765.542,4785.864,4794.467,4796.63,4805.883,4807.896,4808.986,4812.585,4815.609,4818.781,4821.579,4824.534,4827.474,4828.994,4829.313,4830.024,4830.48,4830.759,4831.136,4831.52,4832.205,4832.807,4835.687,4837.523,4839.082,4840.445,4842.106,4843.819,4846.544,4849.799,4852.868,4856.79,4866.829,4870.755,4873.503,4877.001,4900.151,4925.831,4935.396,4947.453,4953.777,4959.847,4963.815,4966.067,4967.499,4968.375,4970.068,4971.624,4972.502,4973.212,4977.62,4979.67,4981.946,4983.785,4985.132,4985.815,4986.505,4987.622,4988.47,4990.623,4992.971,4995.03,4998.01,5001.264,5003.317,5007.644,5011.206,5015.013,5019.977,5033.101,5039.031,5048.183,5054.714,5059.996,5064.749,5073.537,5077.91,5079.5,5080.931,5085.168,5095.667,5110.978,5117.467,5123.376,5131.627,5134.851,5141.575,5143.983,5146.27,5149.496,5151.524,5151.901,5152.275,5154.877,5155.987,5301.966,5313.055,5314.567,5316.583,5321.456,5338.929,5363.458,5368.498,5369.297,5370.826,5371.506,5379.975,5385.48,5390.568,5397.849,5401.992,5406.09,5412.221,5413.512,5414.928,5419.869,5421.765,5423.03,5425.91,5426.79,5427.589,5428.869,5429.989,5430.629,5431.109,5431.589,5432.069,5432.717,5433.82,5434.804,5436.91,5441.769,5446.328,5447.956,5449.935,5451.656,5452.714,5454.079,5456.238,5458.034,5459.386,5460.687,5461.897,5462.994,5464.663,5466.261,5468.99,5470.153,5472.83,5474.458,5476.652,5477.028,5478.951,5481.076,5492.293,5493.662,5493.968,5495.813,5496.743,5504.477,5521.758,5522.419,5527.555,5539.715,5548.195,5548.748,5549.481,5553.095,5554.443,5555.541,5559.299,5560.923,5561.52,5562.268,5567.634,5569.883,5570.641,5571.07,5572.369,5573.097,5574.421,5575.052,5575.527,5577.047,5585.111,5588.094,5589.603,5589.987,5594.147,5598.315,5602.113,5607.61,5611.533,5615.576,5620.048,5626.591,5635.258,5637.774,5638.97,5639.728,5640.228,5641.216,5644.74,5646.591,5647.432,5650.758,5652.515,5660.024,5662.913,5668.309,5680.449,5688.233,5693.201,5693.974,5695.881,5699.658,5700.632,5701.881,5702.627,5714.598,5719.294,5725.003,5732.661,5735.349,5739.188,5745.947,5755.551,5759.225,5760.976,5764.439,5773.267,5778.869,5783.561,5785.153,5790.546,5795.753,5806.483,5817.037,5819.316,5820.149,5827.803,5835.403,5838.861,5845.93,5848.812,5870.464,5871.559,5885.17,5894.867,5903.916,5912.62,5938.48,5955.784,5974.464,5983.617,5992.775,6006.543,6033.852,6036.125,6037.322,6038.402,6038.983,6039.9,6042.957,6049.364,6059.05,6068.121,6076.853,6114.621,6117.834,6120.582,6122.883,6125.202,6127.539,6129.79,6133.386,6135.528,6137.595,6139.862,6142.128,6144.464,6159.349,6162.084,6164.265,6165.915,6167.011,6168.375,6169.808,6182.78,6184.052,6185.271,6186.593,6188.208,6192.615,6194.608,6196.54,6198.87,6200.772,6203.884,6205.904,6207.526,6208.186,6210.028,6210.747,6212.054,6214.834,6216.357,6225.051,6227.76,6230.294,6231.347,6235.006,6246.011,6247.222,6257.199,6260.999,6264.931,6265.933,6266.939,6269.075,6269.461,6269.583,6270.12,6279.455,6290.154,6346.79,6349.608,6374.32,6375.331,6376.332,6377.325,6377.719,6378.113,6379.209,6384.252,6384.95,6385.834,6387.779,6388.673,6390.312,6391.865,6394.729,6396.777,6398.362,6400.341,6402.23,6499.161,6504.522,6521.603,6531.384,6532.668,6533.148,6534.668,6539.708,6540.036,6540.642,6541.408,6543.768,6544.983,6546.022,6546.549,6547.252,6548.463,6549.369,6550.08,6550.538,6551.425,6552.911,6554.838,6555.623,6556.741,6561.733,6562.988,6568.028,6574.908,6576.028,6576.748,6577.788,6582.988,6588.268,6589.308,6591.343,6592.955,6594.395,6595.506,6596.516,6598.889,6605.605,6607.72,6608.205,6609.375,6612.867,6613.906,6615.245,6620.496,6624.122,6625.159,6629.602,6631.375,6635.317,6638.894,6640.879,6647.74,6651.18,6654.349,6655.626,6658.701,6662.372,6665.198,6670.466,6675.362,6679.404,6681.216,6684.981,6686.122,6691.763,6692.958,6697.681,6700.49,6703.97,6710.87,6711.784,6713.418,6715.108,6717.051,6719.052,6722.722,6728.748,6737.557,6738.543,6741.509,6747.992,6753.185,6757.31,6760.048,6760.39,6761.831,6766.464,6768.553,6771.132,6771.958,6773.212,6773.917,6779.463,6793.354,6799.993,6801.843,6818.091,6825.484,6829.745,6836.956,6837.274,6838.071,6838.391,6838.87,6843.345,6846.983,6852.856,6858.961,6865.812,6869.123,6874.773,6881.887,6883.113,6887.132,6891.442,6892.681,6893.645,6897.484,6899.609,6902.364,6915.458,6917.001,6927.8,6933.668,6941.332,6947.042,6950.249,6962.246,6965.334,6967.177,6970.992,6977.359,6980.45,6987.172,6996.029,7002.458,7007.001,7018.055,7022.004,7024.507,7027.734,7034.574,7037.046,7039.704,7040.267,7044.088,7053.279,7058.167,7058.448,7061.454,7068.79,7070.527,7075.068,7082.396,7082.925,7090.438,7097.497,7101.259,7105.711,7107.477,7112.56,7114.385,7116.361,7116.821,7117.804,7118.46,7121.075,7125.044,7128.942,7130.599,7134.255,7144.695,7152.145,7157.052,7159.502,7167.228,7177.075,7180.657,7197.205,7239.791,7246.691,7248.907,7252.313,7254.394,7255.203,7257.682,7259.931,7261.063,7263.08,7264.736,7273.943,7277.013,7280.672,7283.716,7287.538,7290.146,7293.753,7299.668,7311.294,7327.324,7331.207,7344.426,7351.831,7359.367,7361.444,7363.222,7364.764,7367.611,7369.71,7371.413,7373.713,7375.381,7393.65,7396.338,7402.225,7406.508,7416.353,7424.483,7429.643,7435.25,7436.073,7436.735,7439.872,7440.921,7442.09,7443.188,7444.867,7445.847,7453.171,7454.437,7457.151,7458.686,7464.946,7466.541,7468.103,7473.357,7475.6,7477.054,7478.598,7483.632,7484.781,7486.024,7487.843,7489.552,7492.257,7493.661,7495.858,7498.132,7502.164,7504.81,7509.098,7510.654,7512.782,7514.765,7516.085,7522.915,7524.777,7528.459,7529.366,7530.667,7535.39,7537.322,7538.321,7539.099,7539.532,7540.34,7544.631,7568.127,7621.456,7811.429,7814.688,7822.947,7835.225,7838.113,7840.359,7842.604,7843.564,7852.376,7855.177,7857.184,7858.571,7861.078,7861.733,7862.31,7863,7863.71,7867.625,7869.978,7870.986,7873.002,7873.891,7874.646,7876.087,7876.778,7877.902,7879.073,7880.289,7881.667,7882.854,7883.705,7886.899,7889.662,7890.832,7893.247,7893.969,7895.029,7896.51,7898.247,7900.432,7906.677,7909.212,7914.972,7915.792,7916.503,7918.759,7919.613,7920.43,7921.275,7922.176,7929.562,7930.19,7933.514,7937.196,7938.971,7941.983,7942.722,7944.852,7948.708,7952.948,7953.951,7958.293,7960.506,7961.777,7962.923,7963.646,7964.52,7965.548,7974.153,7975.179,7976.523,7978.203,7980.235,7986.093,7988.344,7990.524,7992.403,7994.261,7996.101,7997.197,7998.469,7999.554,7999.914,8003.579,8005.523,8008.054,8010.49,8013.429,8015.774,8021.665,8022.12,8023.943,8024.262,8024.559,8024.945,8025.14,8025.677,8027.637,8029.299,8032.423,8035.651,8039.132,8040.382,8041.039,8043.491,8044.1,8044.58,8045.168,8045.872,8046.409,8047.294,8067.466,8069.053,8070.1,8072.37,8073.834,8075.845,8086.022,8088.744,8089.103,8090.045,8091.083,8092.21,8093.496,8095.624,8098.422,8100.196,8102.736,8104.975,8110.634,8112.884,8113.553,8114.205,8114.871,8117.202,8118.27,8118.689,8120.039,8121.989,8123.194,8123.733,8125.093,8125.573,8130.488,8131.544,8132.648,8134.12,8136.151,8138.18,8138.813,8140.082,8148.338,8151.411,8154.689,8161.535,8166.228,8168.02,8173.708,8175.796,8176.518,8186.036,8195.641,8196.501,8204.008,8217.618,8225.524,8230.841,8236.462,8238.904,8241.315,8244.251,8246.261,8247.496,8248.824,8251.729,8255.065,8266.7,8273.612,8281.454,8283.776,8291.405,8301.695,8303.872,8312.317,8323.289,8328.799,8337.046,8342.917,8351.835,8356.861,8361.506,8365.516,8371.66,8396.705,8401.479,8406.106,8413.321,8416.666,8422.369,8427.888,8431.175,8452.373,8458.96,8470.259,8485.047,8486.843,8488.488,8490.936,8492.331,8504.309,8508.042,8510.179,8512.37,8513.639,8516.804,8521.191,8525.729,8526.985,8527.923,8528.747,8530.509,8532.042,8532.836,8544.887,8546.864,8551.635,8567.5,8576.896,8577.725,8578.222,8582.207,8588.037,8590.21,8597.554,8599.938,8601.549,8604.517,8608.501,8611.783,8615.059,8617.231,8619.899,8621.482,8623.281,8625.408,8627.001,8628.914,8633.055,8654.967,8656.005,8657.976,8667.705,8672.734,8675.701,8678.138,8679.528,8696.275,8698.985,8700.014,8715.539,8719.913,8722.983,8726.812,8729.64,8732.408,8734.404,8736.267,8738.27,8744.668,8747.745,8751.308,8752.622,8756.473,8763.521,8767.193,8769.368,8771.368,8777.902,8782.865,8786.014,8789.583,8792.141,8794.816,8796.056,8797.174,8818.157,8822.923,8825.271,8826.951,8831.07,8838.211,8840.79,8843.82,8846.602,8849.239,8852.466,8859.724,8868.447,8873.749,8879.928,8884.462,8893.221,8896.644,8900.595,8903.501,8909.901,8921.059,8923.246,8931.679,8947.808,8949.44,8953.808,8958.105,8959.17,8961.783,8974.966,8987.836,8993.599,9003.924,9007.366,9008.983,9015.575,9017.472,9019.438,9020.107,9021.467,9027.278,9043.954,9045.833,9049.333,9052.957,9064.714,9066.058,9070.524,9071.6,9072.727,9074.647,9077.288,9080.806,9082.356,9084.078,9085.658,9090.402,9104.614,9115.613,9118.887,9122.424,9123.276,9131.103,9131.434,9134.949,9139.979,9146.383,9148.461,9156.721,9159.676,9160.589,9166.097,9172,9173.168,9174.876,9181.116,9184.827,9186.705,9189.538,9199.063,9199.882,9207.497,9210.046,9214.773,9218.599,9224.777,9225.958,9226.544,9227.976,9230.216,9230.855,9231.399,9235.302,9235.997,9236.699,9239.562,9241.763,9243.253,9246.894,9247.971,9251.604,9255.129,9259.677,9263.177,9266.328,9270.207,9272.498,9277.114,9278.269,9281.077,9282.567,9285.767,9289.144,9292.603,9295.696,9297.475,9305.457,9306.235,9306.497,9307.756,9308.617,9312.018,9314.096,9314.979,9316.743,9317.787,9319.346,9323.021,9323.549,9324.215,9325.704,9327.925,9332.177,9335.964,9336.438,9337.044,9337.69,9340.137,9341.021,9341.97,9343.154,9344.959,9346.394,9348.751,9349.542,9353.251,9355.158,9356.796,9358.303,9360.898,9362.443,9367.023,9369.12,9372.247,9372.733,9377.285,9378.041,9380.262,9381.412,9385.436,9386.044,9386.785,9387.501,9387.863,9390.729,9393.553,9394.432,9395.498,9396.776,9397.612,9399.116,9400.355,9401.805,9402.365,9403.367,9404.15,9404.986,9406.638,9407.254,9407.848,9408.421,9409.771,9411.742,9412.121,9412.759,9415.636,9419.896,9422.214,9422.77,9423.893,9424.697,9426.777,9430.464,9432.436,9434.052,9435.706,9437.823,9439.734,9443.121,9443.698,9445.154,9447.51,9449.569,9452.965,9481.428,9492.983,9502.937,9509.38,9515.313,9521.331,9524.788,9534.896,9538.727,9541.729,9542.897,9550.093,9553.076,9555.305,9560.523,9568.765,9572.86,9577.016,9581.923,9585.224,9586.977,9588.004,9589.995,9592.464,9593.883,9595.323,9597.03,9599.196,9603.349,9604.843,9610.411,9612.089,9615.249,9619.105,9621.381,9696.903,9700.932,9707.647,9709.662,9712.342,9713.205,9714.266,9718.143,9719.328,9722.737,9726.042,9726.651,9731.063,9732.048,9736.527,9737.757,9743.322,9747.189,9752.567,9753.314,9762.314,9768.51,9774.438,9781.061,9786.127,9803.075,9817.142,9818.217,9825.021,9829.875,9841.626,9843.235,9845.641,9849.065,9852.861,9856.009,9860.864,9868.08,9887.565,9891.025,9897.952,9899.162,9911.52,9917.326,9926.412,9930.789,9935.8,9938.451,9947.858,9961.893,9966.307,9971.387,9976.228,9979.014,9981.049,9984.17,9986.752,9987.867,9990.062,9991.145,9995.852,9997.603,10012.943,10017.297,10022.156,10026.181,10030.135,10036.215,10039.32,10041.205,10044.168,10049.481,10056.657,10057.376,10069.681,10073.654,10076.468,10080.591,10084.111,10084.836,10087.596,10092.839,10094.816,10096.732,10097.082,10098.269,10102.288,10109.538,10112.879,10116.04,10117.875,10120.013,10122.876,10123.442,10124.007,10127.906,10133.892,10140.864,10141.543,10151.188,10151.357,10157.77,10159.287,10160.973,10162.489,10168.551,10174.104,10178.646,10183.018,10186.548,10192.095,10195.456,10201.506,10203.522,10208.731,10212.933,10217.638,10219.486,10223.519,10233.264,10243.344,10246.536,10249.729,10252.753,10265.857,10269.722,10275.938,10284.263,10288.581,10292.403,10295.964,10301.938,10308.872,10325.283,10330.673,10337.459,10338.813,10344.211,10349.801,10353.702,10357.911,10360.727,10364.083,10369.323,10376.844,10381.942,10384.161,10386.312,10390.259,10396.24,10409.055,10420.506,10424.698,10430.972,10439.226,10446.422,10451.614,10457.923,10467.144,10469.237,10471.688,10481.023,10487.564,10488.403,10503.032,10506.873,10513.574,10523.259,10525.662,10526.952,10528.741,10535.064,10538.138,10539.759,10541.626,10545.32,10553.382,10554.801,10558.214,10559.379,10560.408,10567.685,10570.808,10571.91,10573.018,10575.086,10582.017,10585.932,10592.343,10598.62,10603.488,10612.429,10615.672,10617.111,10620.313,10624.801,10627.541,10629.273,10634.005,10636.022,10636.491,10637.827,10641.24,10643.235,10655.559,10661.952,10667.541,10674.11,10685.001,10689.42,10692.148,10696.406,10699.934,10703.183,10706.169,10707.862,10710.506,10713.231,10715.287,10716.179,10719.464,10723.247,10724.61,10725.302,10728.862,10732.415,10734.337,10740.226,10743.438,10745.418,10747.567,10750.391,10753.008,10757.694,10759.79,10764.177,10769.476,10772.519,10773.655,10778.471,10784.805,10786.866,10790.468,10791.284,10795.228,10802.834,10803.351,10803.741,10809.307,10820.902,10823.468,10824.072,10825.289,10826.207,10827.075,10830.573,10832.013,10833.67,10837.957,10846.347,10847.376,10851.897,10854.345,10856.969,10860.318,10867.53,10870.023,10872.644,10875.342,10880.542,10883.107,10888.136,10889.304,10890.356,10892.059,10903.321,10910.555,10911.816,10920.469,10926.947,10928.585,10930.541,10932.661,10934.455,10937.058,10951.783,10953.811,10955.57,10956.651,10957.08,10961.667,10965.667,10969.594,10980.469,10982.952,10985.756,10989.908,10991.792,10994.21,10999.452,11003.312,11007.05,11014.758,11033.142,11037.607,11046.396,11051.494,11065.067,11067.965,11070.707,11078.245,11084.05,11087.069,11088.584,11090.066,11091.959,11093.562,11095.019,11097.746,11102.521,11129.186,11132.799,11137.698,11139.887,11142.361,11145.184,11147.666,11157.41,11173.337,11179.175,11182.463,11185.456,11188.046,11199.024,11201.504,11203.491,11205.149,11207.974,11210.304,11213.137,11230.121,11235.123,11237.727,11239.196,11240.362,11242.143,11259.319,11271.078,11277.139,11280.669,11283.325,11286.146,11289.911,11292.937,11302.45,11309.91,11312.729,11315.579,11319.101,11321.845,11327.546,11332.31,11342.41,11344.572,11349.931,11354.736,11368.826,11384.977,11392.881,11398.676,11404.484,11411.944,11417.061,11424.178,11428.021,11430.966,11441.3,11444.174,11447.581,11452.582,11458.864,11460.936,11463.939,11467.183,11482.451,11491.697,11503.802,11627.371,11644.224,11648.466,11651.561,11655.109,11658.891,11666.767,11668.944,11671.662,11673.911,11677.113,11680.02,11683.942,11685.545,11687.352,11689.508,11690.876,11692.057,11693.63,11694.218,11695.105,11695.745,11696.465,11697.024,11697.749,11698.954,11699.365,11699.987,11702.375,11706.996,11708.544,11709.388,11712.265,11715.862,11718.194,11721.34,11724.498,11727.24,11731.364,11735.891,11740.971,11744.925,11751.896,11757.061,11762.605,11769.127,11772.295,11775.228,11783.923,11786.912,11789.75,11793.104,11798.251,11807.979,11817.664,11838.08,11844.395,11849.319,11855.466,11862.871,11870.707,11878.179,11885.472,11910.688,11915.311,11921.466,11929.4,11931.461,11936.749,11938.836,11942.297,11942.74,12064.549,12065.968,12067.008,12079.005,12080.847,12082.243,12083.414,12084.877,12086.373,12102.37,12133.612,12136.773,12140.106,12155.155,12156.998,12158.674,12160.35,12168.735,12171.42,12177.63,12179.309,12180.483,12181.658,12183.169,12188.878,12190.39,12192.405,12194.757,12198.956,12202.147,12204.163,12214.41,12219.45,12221.466,12224.994,12230.37,12233.395,12248.515,12251.035,12252.715,12254.562,12256.41,12258.931,12268.339,12270.522,12274.051,12293.371,12295.387,12297.066,12298.242,12299.754,12301.602,12304.122,12308.322,12312.019,12315.043,12317.396,12319.411,12321.932,12337.22,12339.067,12342.092,12345.956,12351.5,12355.028,12361.748,12373.172,12374.852,12376.867,12378.387,12379.106,12380.946,12385.586,12391.361,12393.51,12395.887,12398.801,12405.393,12409.554,12410.359,12411.641,12421.567,12425.605,12430.327,12432.377,12439.123,12445.875,12448.505,12453.2,12468.112,12473.886,12483.696,12487.071,12490.612,12491.961,12496.509,12499.371,12522.748,12529.135,12534.681,12537.705,12541.57,12543.083,12544.596,12550.125,12551.29,12552.165,12553.571,12560.814,12574.873,12576.77,12578.839,12581.404,12588.379,12607.876,12612.378,12616.383,12618.569,12619.551,12620.756,12621.563,12622.601,12623.808,12630.712,12634.88,12636.74,12638.318,12640.07,12642.562,12645.945,12662.194,12664.236,12665.958,12669.31,12671.646,12682.186,12719.653,12728.146,12731.554,12735.798,12739.202,12761.029,12768.843,12773.795,12777.446,12781.846,12794.491,12798.864,12807.671,12816.504,12828.364,12833.84,12840.203,12845.392,12849.375,12854.222,12857.031,12858.952,12862.821,12868.69,12881.834,12886.61,12890.441,12896.478,12912.453,12927.913,12928.808,12938.637,12940.909,12943.436,12945.249,12946.595,12961.519,12966.697,12967.229,12972.589,12976.473,12983.491,12984.061,12988.247,12989.028,12990.191,13003.377,13010.247,13012.172,13013.139,13014.2,13027.221,13031.086,13037.41,13045,13045.326,13049.086,13049.578,13051.386,13060.946,13067.366,13070.699,13073.002,13093.103,13102.679,13104.23,13106.146,13108.412,13113.96,13130.876,13139.339,13144.184,13146.532,13169.468,13177.404,13179.758,13180.863,13185.238,13189.887,13192.565,13194.089,13203.415,13205.312,13207.287,13216.826,13229.039,13233.619,13238.333,13241.471,13247.687,13249.462,13251.506,13254.262,13258.896,13263.126,13265.325,13267.869,13271.258,13274.149,13278.029,13281.305,13287.021,13288.593,13289.857,13291.551,13294.255,13301.439,13302.789,13314.824,13325.909,13331.218,13335.032,13336.003,13340.501,13341.769,13346.243,13348.987,13351.911,13369.219,13372.546,13375.879,13379.885,13383.061,13386.741,13394.11,13396.122,13399.357,13402.349,13403.815,13405.056,13406.28,13418.448,13434.588,13443.944,13456.242,13460.823,13474.175,13482.433,13483.443,13484.285,13485.127,13488.819,13491.905,13493.854,13502.719,13503.178,13507.134,13511.925,13513.843,13523.336,13525.621,13526.824,13528.525,13530.542,13532.876,13541.894,13546.969,13558.537,13567.774,13577.691,13581.191,13587.172,13587.783,13590.276,13596.086,13596.897,13600.198,13603.549,13610.523,13613.957,13624.148,13627.617,13630.318,13630.783]
      },
      "geometry": {
        "type": "LineString",
        "coordinates": [
          [132.99819, 34.06584, 9.0],
          [132.99810, 34.06577, 9.0],
          [132.99737, 34.06512, 9.25],
          [132.99665, 34.06448, 7.25],
          [132.99581, 34.06375, 8.0],
          [132.99575, 34.06370, 8.0],
          [132.99544, 34.06395, 9.25],
          [132.99507, 34.06426, 11.25],
          [132.99502, 34.06430, 11.5],
          [132.99493, 34.06439, 12.0],
          [132.99476, 34.06443, 11.5],
          [132.99457, 34.06449, 11.0],
          [132.99445, 34.06457, 10.75],
          [132.99436, 34.06465, 10.5],
          [132.99429, 34.06473, 10.25],
          [132.99421, 34.06497, 10.25],
          [132.99415, 34.06502, 9.75],
          [132.99407, 34.06508, 9.5],
          [132.99367, 34.06542, 8.5],
          [132.99326, 34.06576, 8.75],
          [132.99243, 34.06645, 6.5],
          [132.99236, 34.06650, 6.5],
          [132.99160, 34.06710, 7.0],
          [132.99089, 34.06770, 7.5],
          [132.99089, 34.06771, 7.5],
          [132.99062, 34.06792, 7.0],
          [132.99062, 34.06793, 7.0],
          [132.99027, 34.06822, 7.25],
          [132.98975, 34.06865, 7.25],
          [132.98826, 34.07026, 5.75],
          [132.98762, 34.07105, 7.0],
          [132.98733, 34.07147, 7.5],
          [132.98703, 34.07206, 7.5],
          [132.98687, 34.07235, 8.5],
          [132.98662, 34.07298, 10.0],
          [132.98653, 34.07324, 10.5],
          [132.98615, 34.07423, 10.5],
          [132.98591, 34.07515, 8.0],
          [132.98576, 34.07588, 10.5],
          [132.98566, 34.07640, 10.5],
          [132.98543, 34.07748, 16.0],
          [132.98511, 34.07926, 10.0],
          [132.98508, 34.07942, 10.25],
          [132.98495, 34.08015, 11.5],
          [132.98485, 34.08074, 12.5],
          [132.98457, 34.08223, 8.5],
          [132.98448, 34.08301, 7.75],
          [132.98441, 34.08356, 7.25],
          [132.98441, 34.08362, 7.0],
          [132.98442, 34.08404, 5.75],
          [132.98449, 34.08473, 5.0],
          [132.98466, 34.08536, 5.25],
          [132.98476, 34.08582, 5.0],
          [132.98480, 34.08616, 5.25],
          [132.98480, 34.08644, 6.0],
          [132.98475, 34.08679, 7.0],
          [132.98468, 34.08714, 8.25],
          [132.98455, 34.08748, 10.0],
          [132.98441, 34.08774, 10.25],
          [132.98424, 34.08801, 10.75],
          [132.98407, 34.08823, 10.75],
          [132.98390, 34.08843, 10.25],
          [132.98354, 34.08887, 8.75],
          [132.98348, 34.08897, 8.5],
          [132.98343, 34.08909, 8.25],
          [132.98338, 34.08922, 8.0],
          [132.98334, 34.08942, 8.0],
          [132.98333, 34.08954, 8.0],
          [132.98333, 34.08966, 8.0],
          [132.98334, 34.08971, 8.0],
          [132.98339, 34.08999, 8.0],
          [132.98343, 34.09013, 8.75],
          [132.98225, 34.09043, 13.0],
          [132.98210, 34.09047, 13.5],
          [132.98116, 34.09077, 15.5],
          [132.98061, 34.09103, 16.5],
          [132.98038, 34.09115, 16.75],
          [132.97974, 34.09157, 16.25],
          [132.97748, 34.09315, 14.75],
          [132.97690, 34.09354, 13.5],
          [132.97631, 34.09400, 11.75],
          [132.97581, 34.09447, 9.25],
          [132.97552, 34.09471, 8.75],
          [132.97512, 34.09509, 8.5],
          [132.97503, 34.09532, 8.75],
          [132.97488, 34.09555, 8.75],
          [132.97450, 34.09609, 8.25],
          [132.97424, 34.09649, 7.25],
          [132.97401, 34.09697, 6.25],
          [132.97371, 34.09766, 4.75],
          [132.97358, 34.09799, 4.25],
          [132.97347, 34.09820, 4.0],
          [132.97340, 34.09839, 4.0],
          [132.97323, 34.09901, 3.0],
          [132.97322, 34.09920, 2.75],
          [132.97321, 34.09923, 2.75],
          [132.97320, 34.09941, 2.5],
          [132.97320, 34.09984, 2.0],
          [132.97320, 34.10008, 2.0],
          [132.97342, 34.10103, 3.25],
          [132.97344, 34.10111, 3.5],
          [132.97348, 34.10130, 3.75],
          [132.97373, 34.10250, 5.75],
          [132.97381, 34.10285, 5.25],
          [132.97388, 34.10317, 5.0],
          [132.97395, 34.10346, 5.0],
          [132.97402, 34.10378, 4.75],
          [132.97408, 34.10406, 4.25],
          [132.97416, 34.10439, 4.5],
          [132.97417, 34.10442, 4.5],
          [132.97433, 34.10512, 7.0],
          [132.97436, 34.10521, 7.5],
          [132.97440, 34.10533, 8.25],
          [132.97443, 34.10546, 9.25],
          [132.97445, 34.10553, 9.75],
          [132.97454, 34.10591, 12.25],
          [132.97459, 34.10606, 12.75],
          [132.97465, 34.10619, 13.25],
          [132.97480, 34.10635, 14.25],
          [132.97495, 34.10647, 14.75],
          [132.97525, 34.10661, 15.5],
          [132.97568, 34.10684, 16.0],
          [132.97587, 34.10702, 17.0],
          [132.97597, 34.10716, 18.5],
          [132.97601, 34.10733, 19.5],
          [132.97604, 34.10755, 21.0],
          [132.97607, 34.10795, 24.75],
          [132.97606, 34.10818, 26.5],
          [132.97603, 34.10830, 27.0],
          [132.97587, 34.10865, 24.5],
          [132.97581, 34.10891, 24.0],
          [132.97576, 34.10939, 26.5],
          [132.97576, 34.10953, 28.25],
          [132.97580, 34.10973, 31.25],
          [132.97589, 34.10992, 34.75],
          [132.97597, 34.11008, 37.25],
          [132.97605, 34.11019, 38.75],
          [132.97618, 34.11033, 41.5],
          [132.97635, 34.11059, 45.5],
          [132.97643, 34.11078, 47.75],
          [132.97656, 34.11122, 52.0],
          [132.97655, 34.11137, 52.75],
          [132.97651, 34.11145, 53.0],
          [132.97646, 34.11150, 52.75],
          [132.97639, 34.11158, 52.25],
          [132.97628, 34.11165, 51.75],
          [132.97611, 34.11172, 51.0],
          [132.97592, 34.11178, 50.5],
          [132.97582, 34.11178, 49.5],
          [132.97571, 34.11177, 47.75],
          [132.97563, 34.11173, 45.75],
          [132.97555, 34.11167, 43.0],
          [132.97551, 34.11160, 42.0],
          [132.97549, 34.11153, 41.0],
          [132.97550, 34.11146, 40.5],
          [132.97553, 34.11137, 40.25],
          [132.97559, 34.11131, 40.75],
          [132.97567, 34.11127, 41.75],
          [132.97576, 34.11125, 43.0],
          [132.97586, 34.11125, 44.25],
          [132.97594, 34.11126, 45.25],
          [132.97598, 34.11113, 44.75],
          [132.97608, 34.11106, 45.5],
          [132.97622, 34.11102, 46.75],
          [132.97627, 34.11101, 47.25],
          [132.97632, 34.11101, 47.25],
          [132.97639, 34.11104, 47.25],
          [132.97647, 34.11109, 47.25],
          [132.97662, 34.11121, 47.25],
          [132.97677, 34.11138, 47.25],
          [132.97687, 34.11152, 47.25],
          [132.97691, 34.11159, 47.25],
          [132.97691, 34.11170, 47.25],
          [132.97687, 34.11177, 47.25],
          [132.97681, 34.11183, 47.25],
          [132.97675, 34.11186, 47.25],
          [132.97669, 34.11188, 47.25],
          [132.97622, 34.11189, 47.25],
          [132.97577, 34.11190, 47.25],
          [132.97567, 34.11188, 47.25],
          [132.97560, 34.11185, 47.25],
          [132.97552, 34.11181, 47.25],
          [132.97546, 34.11177, 47.25],
          [132.97542, 34.11171, 47.25],
          [132.97538, 34.11166, 47.25],
          [132.97536, 34.11159, 47.25],
          [132.97535, 34.11152, 47.25],
          [132.97535, 34.11145, 47.25],
          [132.97540, 34.11131, 47.25],
          [132.97547, 34.11121, 47.25],
          [132.97557, 34.11109, 47.25],
          [132.97568, 34.11099, 47.25],
          [132.97582, 34.11092, 47.25],
          [132.97594, 34.11089, 47.25],
          [132.97608, 34.11089, 47.25],
          [132.97618, 34.11091, 47.25],
          [132.97630, 34.11095, 47.25],
          [132.97646, 34.11102, 47.25],
          [132.97670, 34.11119, 47.25],
          [132.97688, 34.11141, 47.25],
          [132.97703, 34.11163, 47.25],
          [132.97719, 34.11184, 47.25],
          [132.97736, 34.11204, 47.25],
          [132.97755, 34.11224, 47.25],
          [132.97776, 34.11243, 47.25],
          [132.97796, 34.11260, 47.25],
          [132.97819, 34.11276, 47.25],
          [132.97843, 34.11291, 47.25],
          [132.97867, 34.11305, 47.25],
          [132.97892, 34.11318, 47.25],
          [132.97915, 34.11329, 47.25],
          [132.97923, 34.11337, 47.25],
          [132.97930, 34.11343, 47.25],
          [132.97937, 34.11346, 47.25],
          [132.97943, 34.11348, 47.25],
          [132.97953, 34.11350, 47.25],
          [132.97966, 34.11350, 47.25],
          [132.98644, 34.11608, 47.5],
          [132.98933, 34.11718, 47.5],
          [132.98947, 34.11729, 47.5],
          [132.98957, 34.11733, 47.5],
          [132.98977, 34.11735, 47.5],
          [132.99110, 34.11785, 47.5],
          [132.99177, 34.11817, 47.5],
          [132.99190, 34.11825, 47.5],
          [132.99200, 34.11828, 47.5],
          [132.99208, 34.11835, 47.25],
          [132.99211, 34.11838, 47.25],
          [132.99225, 34.11844, 47.25],
          [132.99237, 34.11845, 47.0],
          [132.99250, 34.11847, 47.0],
          [132.99342, 34.11872, 46.25],
          [132.99462, 34.11918, 45.5],
          [132.99475, 34.11929, 45.25],
          [132.99486, 34.11933, 45.25],
          [132.99506, 34.11935, 45.0],
          [133.00468, 34.12301, 38.0],
          [133.00483, 34.12312, 37.75],
          [133.00493, 34.12316, 37.75],
          [133.00512, 34.12317, 37.5],
          [133.00749, 34.12408, 35.75],
          [133.00911, 34.12469, 34.75],
          [133.00927, 34.12480, 34.5],
          [133.00938, 34.12484, 34.5],
          [133.00957, 34.12487, 34.25],
          [133.01505, 34.12694, 30.25],
          [133.01519, 34.12704, 30.0],
          [133.01530, 34.12708, 30.0],
          [133.01547, 34.12710, 30.0],
          [133.01623, 34.12739, 29.25],
          [133.01634, 34.12748, 29.25],
          [133.01661, 34.12758, 29.0],
          [133.01669, 34.12762, 29.0],
          [133.01676, 34.12768, 29.0],
          [133.01680, 34.12775, 28.75],
          [133.01683, 34.12781, 28.75],
          [133.01683, 34.12790, 28.75],
          [133.01681, 34.12799, 28.5],
          [133.01677, 34.12805, 28.5],
          [133.01671, 34.12811, 28.5],
          [133.01663, 34.12815, 28.5],
          [133.01655, 34.12818, 28.25],
          [133.01645, 34.12819, 28.25],
          [133.01637, 34.12818, 28.25],
          [133.01584, 34.12804, 27.75],
          [133.01577, 34.12802, 28.0],
          [133.01568, 34.12798, 28.25],
          [133.01560, 34.12792, 28.75],
          [133.01556, 34.12786, 29.0],
          [133.01555, 34.12778, 29.25],
          [133.01555, 34.12770, 29.75],
          [133.01560, 34.12760, 30.25],
          [133.01569, 34.12753, 30.5],
          [133.01580, 34.12749, 31.0],
          [133.01589, 34.12749, 31.25],
          [133.01597, 34.12750, 31.75],
          [133.01604, 34.12753, 32.0],
          [133.01610, 34.12756, 32.25],
          [133.01617, 34.12766, 32.75],
          [133.01619, 34.12771, 33.0],
          [133.01620, 34.12778, 33.0],
          [133.01619, 34.12783, 32.5],
          [133.01609, 34.12799, 30.25],
          [133.01608, 34.12805, 29.75],
          [133.01610, 34.12809, 29.25],
          [133.01614, 34.12814, 29.0],
          [133.01637, 34.12825, 29.5],
          [133.01671, 34.12840, 29.5],
          [133.01679, 34.12842, 28.75],
          [133.01686, 34.12843, 28.5],
          [133.01725, 34.12837, 26.75],
          [133.01731, 34.12838, 26.5],
          [133.01737, 34.12841, 26.25],
          [133.01740, 34.12846, 26.5],
          [133.01746, 34.12878, 29.0],
          [133.01750, 34.12883, 29.5],
          [133.01755, 34.12888, 28.75],
          [133.01777, 34.12900, 24.5],
          [133.01778, 34.12908, 25.5],
          [133.01781, 34.12910, 25.0],
          [133.01792, 34.12922, 21.75],
          [133.01808, 34.12930, 16.75],
          [133.01826, 34.12934, 13.25],
          [133.01828, 34.12934, 12.75],
          [133.01829, 34.12931, 13.0],
          [133.01825, 34.12929, 14.0],
          [133.01812, 34.12923, 17.5],
          [133.01806, 34.12918, 19.75],
          [133.01804, 34.12911, 19.75],
          [133.01805, 34.12905, 18.75],
          [133.01816, 34.12892, 14.0],
          [133.01832, 34.12867, 5.75],
          [133.01849, 34.12872, 7.0],
          [133.01869, 34.12873, 7.75],
          [133.01888, 34.12870, 8.0],
          [133.01898, 34.12870, 8.25],
          [133.01910, 34.12851, 6.5],
          [133.01916, 34.12843, 6.0],
          [133.01924, 34.12837, 5.5],
          [133.01929, 34.12833, 5.0],
          [133.01939, 34.12827, 4.75],
          [133.01948, 34.12824, 4.75],
          [133.01957, 34.12822, 4.75],
          [133.01965, 34.12820, 4.75],
          [133.01975, 34.12821, 4.75],
          [133.01992, 34.12824, 5.25],
          [133.02014, 34.12833, 5.5],
          [133.02021, 34.12836, 5.75],
          [133.02050, 34.12848, 6.75],
          [133.02061, 34.12852, 6.75],
          [133.02072, 34.12853, 6.5],
          [133.02086, 34.12851, 5.75],
          [133.02101, 34.12846, 5.0],
          [133.02116, 34.12838, 4.0],
          [133.02173, 34.12808, 2.75],
          [133.02188, 34.12798, 3.0],
          [133.02201, 34.12787, 3.5],
          [133.02210, 34.12778, 3.5],
          [133.02221, 34.12764, 3.25],
          [133.02238, 34.12733, 2.75],
          [133.02239, 34.12732, 2.5],
          [133.02240, 34.12729, 2.5],
          [133.02256, 34.12700, 2.25],
          [133.02264, 34.12689, 2.25],
          [133.02269, 34.12683, 2.0],
          [133.02280, 34.12678, 2.0],
          [133.02284, 34.12677, 2.25],
          [133.02295, 34.12676, 2.25],
          [133.02300, 34.12677, 2.5],
          [133.02330, 34.12685, 3.5],
          [133.02334, 34.12686, 3.75],
          [133.02375, 34.12700, 7.0],
          [133.02519, 34.12752, 17.75],
          [133.02585, 34.12776, 24.75],
          [133.02597, 34.12781, 26.0],
          [133.02608, 34.12786, 26.75],
          [133.02619, 34.12792, 27.5],
          [133.02639, 34.12807, 28.0],
          [133.02648, 34.12814, 28.0],
          [133.02656, 34.12823, 27.5],
          [133.02663, 34.12832, 26.75],
          [133.02700, 34.12869, 34.5],
          [133.02712, 34.12880, 35.75],
          [133.02724, 34.12888, 36.75],
          [133.02736, 34.12897, 37.25],
          [133.02749, 34.12904, 37.5],
          [133.02762, 34.12910, 38.0],
          [133.02773, 34.12914, 38.5],
          [133.02879, 34.12948, 43.0],
          [133.02897, 34.12949, 42.5],
          [133.02920, 34.12949, 41.75],
          [133.02964, 34.12954, 39.0],
          [133.02978, 34.12958, 37.75],
          [133.02991, 34.12963, 36.5],
          [133.03018, 34.12981, 35.5],
          [133.03025, 34.12989, 35.25],
          [133.03030, 34.12996, 35.25],
          [133.03032, 34.13001, 35.0],
          [133.03042, 34.13030, 33.75],
          [133.03058, 34.13073, 30.0],
          [133.03063, 34.13087, 28.75],
          [133.03064, 34.13089, 28.5],
          [133.03076, 34.13102, 27.25],
          [133.03093, 34.13118, 26.25],
          [133.03108, 34.13127, 26.0],
          [133.03113, 34.13129, 26.25],
          [133.03120, 34.13129, 26.5],
          [133.03131, 34.13129, 26.75],
          [133.03152, 34.13124, 28.0],
          [133.03173, 34.13123, 28.25],
          [133.03312, 34.13131, 24.25],
          [133.03326, 34.13132, 23.5],
          [133.03357, 34.13134, 23.75],
          [133.03359, 34.13134, 24.0],
          [133.03366, 34.13136, 24.0],
          [133.03368, 34.13138, 24.0],
          [133.03382, 34.13148, 24.0],
          [133.03389, 34.13156, 24.0],
          [133.03392, 34.13164, 23.75],
          [133.03392, 34.13176, 23.0],
          [133.03389, 34.13185, 22.5],
          [133.03375, 34.13226, 20.25],
          [133.03369, 34.13240, 20.0],
          [133.03340, 34.13287, 25.25],
          [133.03322, 34.13297, 27.5],
          [133.03336, 34.13311, 28.25],
          [133.03345, 34.13323, 28.5],
          [133.03346, 34.13324, 28.5],
          [133.03360, 34.13331, 27.75],
          [133.03400, 34.13339, 23.25],
          [133.03411, 34.13344, 21.5],
          [133.03422, 34.13362, 20.25],
          [133.03424, 34.13368, 19.75],
          [133.03422, 34.13377, 19.0],
          [133.03413, 34.13392, 18.0],
          [133.03408, 34.13406, 17.25],
          [133.03406, 34.13419, 16.5],
          [133.03405, 34.13431, 17.25],
          [133.03396, 34.13445, 18.5],
          [133.03395, 34.13459, 19.25],
          [133.03398, 34.13469, 19.5],
          [133.03443, 34.13472, 17.0],
          [133.03462, 34.13476, 16.25],
          [133.03470, 34.13479, 15.75],
          [133.03483, 34.13484, 15.0],
          [133.03517, 34.13505, 12.0],
          [133.03570, 34.13544, 8.25],
          [133.03605, 34.13569, 7.75],
          [133.03662, 34.13595, 9.5],
          [133.03687, 34.13601, 8.0],
          [133.03692, 34.13608, 7.5],
          [133.03692, 34.13613, 7.5],
          [133.03673, 34.13647, 8.0],
          [133.03673, 34.13652, 8.0],
          [133.03673, 34.13655, 7.75],
          [133.03678, 34.13659, 7.5],
          [133.03728, 34.13673, 5.0],
          [133.03751, 34.13675, 4.0],
          [133.03759, 34.13674, 3.75],
          [133.03762, 34.13674, 3.75],
          [133.03802, 34.13671, 2.75],
          [133.03808, 34.13673, 2.75],
          [133.03814, 34.13677, 2.75],
          [133.03815, 34.13681, 2.75],
          [133.03818, 34.13697, 3.25],
          [133.03822, 34.13730, 4.25],
          [133.03824, 34.13740, 4.75],
          [133.03827, 34.13750, 5.0],
          [133.03830, 34.13758, 4.75],
          [133.03831, 34.13768, 4.75],
          [133.03827, 34.13834, 3.75],
          [133.03830, 34.13874, 3.25],
          [133.03834, 34.13882, 3.25],
          [133.03838, 34.13887, 3.25],
          [133.03843, 34.13890, 3.0],
          [133.03851, 34.13890, 2.75],
          [133.03918, 34.13887, 1.5],
          [133.03920, 34.13887, 1.5],
          [133.03932, 34.13887, 1.5],
          [133.03935, 34.13887, 1.25],
          [133.03936, 34.13887, 1.25],
          [133.03939, 34.13891, 1.25],
          [133.03940, 34.13904, 1.0],
          [133.03944, 34.13925, 0.5],
          [133.03949, 34.13960, 0.0],
          [133.03951, 34.13965, 0.0],
          [133.03955, 34.13968, 0.0],
          [133.03962, 34.13971, 0.0],
          [133.04037, 34.13992, 2.5],
          [133.04042, 34.13993, 2.75],
          [133.04048, 34.13995, 3.25],
          [133.04087, 34.14006, 5.5],
          [133.04087, 34.14030, 5.75],
          [133.04094, 34.14037, 7.0],
          [133.04100, 34.14042, 8.0],
          [133.04108, 34.14053, 9.5],
          [133.04111, 34.14059, 10.25],
          [133.04120, 34.14087, 12.0],
          [133.04141, 34.14124, 10.5],
          [133.04145, 34.14132, 9.75],
          [133.04147, 34.14139, 9.0],
          [133.04151, 34.14176, 4.5],
          [133.04153, 34.14181, 4.5],
          [133.04155, 34.14183, 4.5],
          [133.04158, 34.14186, 4.5],
          [133.04182, 34.14208, 5.25],
          [133.04221, 34.14244, 5.5],
          [133.04246, 34.14267, 6.5],
          [133.04255, 34.14280, 7.0],
          [133.04261, 34.14302, 7.0],
          [133.04266, 34.14327, 6.5],
          [133.04266, 34.14329, 6.5],
          [133.04270, 34.14336, 6.25],
          [133.04280, 34.14344, 6.0],
          [133.04293, 34.14352, 6.0],
          [133.04300, 34.14357, 6.0],
          [133.04303, 34.14360, 5.75],
          [133.04311, 34.14369, 5.75],
          [133.04319, 34.14381, 5.25],
          [133.04328, 34.14403, 4.25],
          [133.04333, 34.14414, 4.0],
          [133.04335, 34.14416, 4.0],
          [133.04365, 34.14450, 6.0],
          [133.04370, 34.14453, 6.0],
          [133.04387, 34.14460, 6.75],
          [133.04407, 34.14469, 7.0],
          [133.04419, 34.14478, 6.75],
          [133.04425, 34.14485, 6.5],
          [133.04434, 34.14503, 5.5],
          [133.04443, 34.14516, 6.0],
          [133.04451, 34.14525, 6.25],
          [133.04478, 34.14550, 7.0],
          [133.04504, 34.14564, 7.5],
          [133.04510, 34.14569, 7.25],
          [133.04511, 34.14573, 7.25],
          [133.04512, 34.14577, 7.0],
          [133.04517, 34.14601, 6.0],
          [133.04523, 34.14632, 5.0],
          [133.04527, 34.14640, 4.75],
          [133.04549, 34.14646, 4.5],
          [133.04588, 34.14657, 3.75],
          [133.04634, 34.14671, 3.5],
          [133.04709, 34.14692, 6.75],
          [133.04734, 34.14699, 8.0],
          [133.04803, 34.14721, 6.5],
          [133.04844, 34.14736, 5.75],
          [133.04864, 34.14744, 5.75],
          [133.04884, 34.14752, 5.5],
          [133.04920, 34.14768, 5.75],
          [133.04963, 34.14788, 7.5],
          [133.04979, 34.14797, 8.0],
          [133.05106, 34.14870, 8.0],
          [133.05118, 34.14877, 7.75],
          [133.05129, 34.14881, 7.75],
          [133.05146, 34.14877, 7.25],
          [133.05198, 34.14876, 6.5],
          [133.05362, 34.14865, 7.25],
          [133.05424, 34.14864, 8.0],
          [133.05456, 34.14865, 8.5],
          [133.05514, 34.14871, 9.0],
          [133.05537, 34.14876, 9.0],
          [133.05540, 34.14878, 9.0],
          [133.05550, 34.14884, 9.0],
          [133.05614, 34.14922, 9.75],
          [133.05628, 34.14964, 12.5],
          [133.05637, 34.15005, 14.5],
          [133.05642, 34.15020, 14.5],
          [133.05653, 34.15046, 14.0],
          [133.05676, 34.15084, 13.5],
          [133.05687, 34.15098, 14.5],
          [133.05689, 34.15100, 14.75],
          [133.05700, 34.15114, 15.5],
          [133.05743, 34.15164, 17.0],
          [133.05745, 34.15167, 17.0],
          [133.05763, 34.15186, 20.0],
          [133.05767, 34.15191, 20.75],
          [133.05768, 34.15195, 20.75],
          [133.05767, 34.15199, 21.0],
          [133.05763, 34.15205, 20.75],
          [133.05776, 34.15212, 22.25],
          [133.05783, 34.15216, 22.75],
          [133.05792, 34.15220, 23.5],
          [133.05855, 34.15244, 27.0],
          [133.05877, 34.15254, 28.75],
          [133.05909, 34.15270, 31.0],
          [133.05937, 34.15287, 35.75],
          [133.05958, 34.15302, 38.25],
          [133.06002, 34.15337, 36.25],
          [133.06043, 34.15370, 37.75],
          [133.06085, 34.15402, 35.5],
          [133.06127, 34.15434, 38.0],
          [133.06163, 34.15458, 43.0],
          [133.06233, 34.15501, 42.25],
          [133.06286, 34.15533, 46.25],
          [133.06326, 34.15564, 49.25],
          [133.06345, 34.15579, 50.25],
          [133.06362, 34.15596, 51.25],
          [133.06372, 34.15607, 51.75],
          [133.06395, 34.15632, 51.25],
          [133.06406, 34.15645, 50.75],
          [133.06498, 34.15753, 55.25],
          [133.06588, 34.15858, 69.0],
          [133.06596, 34.15867, 69.25],
          [133.06631, 34.15907, 70.25],
          [133.06638, 34.15917, 70.5],
          [133.06644, 34.15927, 71.0],
          [133.06648, 34.15933, 71.25],
          [133.06654, 34.15948, 71.5],
          [133.06657, 34.15959, 71.5],
          [133.06659, 34.15970, 71.25],
          [133.06660, 34.15981, 71.25],
          [133.06660, 34.15992, 71.0],
          [133.06662, 34.16011, 71.75],
          [133.06664, 34.16024, 72.75],
          [133.06668, 34.16037, 73.75],
          [133.06672, 34.16049, 75.0],
          [133.06690, 34.16090, 77.0],
          [133.06698, 34.16110, 76.75],
          [133.06703, 34.16127, 76.25],
          [133.06706, 34.16142, 75.75],
          [133.06708, 34.16165, 74.75],
          [133.06709, 34.16180, 74.5],
          [133.06714, 34.16261, 73.0],
          [133.06714, 34.16292, 73.0],
          [133.06713, 34.16305, 72.75],
          [133.06709, 34.16320, 72.25],
          [133.06703, 34.16335, 71.0],
          [133.06694, 34.16348, 70.0],
          [133.06683, 34.16360, 69.0],
          [133.06669, 34.16371, 68.0],
          [133.06549, 34.16440, 68.75],
          [133.06536, 34.16446, 70.25],
          [133.06510, 34.16458, 71.0],
          [133.06497, 34.16464, 70.75],
          [133.06427, 34.16490, 67.0],
          [133.06411, 34.16499, 63.5],
          [133.06395, 34.16512, 62.0],
          [133.06385, 34.16523, 60.25],
          [133.06380, 34.16532, 58.75],
          [133.06376, 34.16538, 57.75],
          [133.06370, 34.16553, 54.25],
          [133.06368, 34.16569, 50.5],
          [133.06368, 34.16586, 47.0],
          [133.06373, 34.16601, 45.5],
          [133.06380, 34.16616, 43.75],
          [133.06390, 34.16630, 41.75],
          [133.06398, 34.16638, 40.5],
          [133.06403, 34.16642, 39.5],
          [133.06420, 34.16652, 37.5],
          [133.06437, 34.16659, 36.5],
          [133.06475, 34.16673, 34.5],
          [133.06492, 34.16679, 33.75],
          [133.06515, 34.16688, 35.0],
          [133.06537, 34.16699, 36.0],
          [133.06558, 34.16712, 34.75],
          [133.06574, 34.16724, 32.25],
          [133.06600, 34.16745, 26.25],
          [133.06637, 34.16775, 26.75],
          [133.06657, 34.16789, 27.0],
          [133.06668, 34.16796, 27.0],
          [133.06679, 34.16793, 26.75],
          [133.06703, 34.16790, 26.5],
          [133.06743, 34.16779, 26.25],
          [133.06791, 34.16763, 24.25],
          [133.06808, 34.16761, 23.25],
          [133.06834, 34.16763, 22.0],
          [133.06857, 34.16768, 23.25],
          [133.06877, 34.16776, 23.5],
          [133.06893, 34.16784, 23.25],
          [133.06909, 34.16797, 21.5],
          [133.06962, 34.16848, 18.75],
          [133.07043, 34.16934, 18.25],
          [133.07055, 34.16948, 17.75],
          [133.07086, 34.16985, 15.0],
          [133.07090, 34.16990, 14.5],
          [133.07117, 34.17025, 12.75],
          [133.07176, 34.17100, 10.25],
          [133.07199, 34.17128, 10.75],
          [133.07206, 34.17135, 10.75],
          [133.07208, 34.17136, 10.75],
          [133.07222, 34.17149, 10.5],
          [133.07236, 34.17158, 10.25],
          [133.07274, 34.17177, 9.25],
          [133.07319, 34.17199, 8.75],
          [133.07324, 34.17200, 8.75],
          [133.07327, 34.17200, 8.75],
          [133.07340, 34.17199, 8.75],
          [133.07345, 34.17199, 8.75],
          [133.07359, 34.17209, 9.0],
          [133.07393, 34.17235, 9.25],
          [133.07419, 34.17258, 9.0],
          [133.07450, 34.17283, 8.5],
          [133.07472, 34.17301, 7.75],
          [133.07482, 34.17311, 7.25],
          [133.07485, 34.17315, 7.0],
          [133.07522, 34.17355, 5.75],
          [133.07539, 34.17381, 5.5],
          [133.07576, 34.17443, 6.0],
          [133.07584, 34.17456, 6.25],
          [133.07603, 34.17486, 6.75],
          [133.07624, 34.17508, 6.5],
          [133.07647, 34.17527, 5.75],
          [133.07660, 34.17538, 4.75],
          [133.07673, 34.17541, 4.25],
          [133.07670, 34.17548, 4.0],
          [133.07666, 34.17558, 3.25],
          [133.07665, 34.17563, 3.25],
          [133.07656, 34.17581, 3.25],
          [133.07655, 34.17584, 3.25],
          [133.07620, 34.17648, 4.0],
          [133.07613, 34.17665, 4.25],
          [133.07606, 34.17711, 5.5],
          [133.07598, 34.17757, 6.5],
          [133.07589, 34.17816, 8.0],
          [133.07588, 34.17821, 8.0],
          [133.07588, 34.17835, 8.25],
          [133.07592, 34.17870, 9.25],
          [133.07594, 34.17888, 9.75],
          [133.07593, 34.17947, 11.0],
          [133.07597, 34.17968, 11.5],
          [133.07633, 34.18031, 13.25],
          [133.07639, 34.18047, 13.5],
          [133.07644, 34.18071, 14.25],
          [133.07649, 34.18087, 14.5],
          [133.07662, 34.18102, 15.0],
          [133.07672, 34.18111, 15.25],
          [133.07681, 34.18121, 15.5],
          [133.07685, 34.18132, 16.0],
          [133.07685, 34.18143, 16.25],
          [133.07683, 34.18155, 16.5],
          [133.07676, 34.18166, 16.75],
          [133.07670, 34.18172, 17.0],
          [133.07654, 34.18187, 17.5],
          [133.07649, 34.18194, 17.5],
          [133.07646, 34.18202, 17.75],
          [133.07646, 34.18213, 17.0],
          [133.07648, 34.18223, 15.75],
          [133.07658, 34.18245, 11.0],
          [133.07661, 34.18255, 9.25],
          [133.07661, 34.18263, 8.5],
          [133.07660, 34.18269, 8.25],
          [133.07647, 34.18308, 9.0],
          [133.07632, 34.18372, 10.25],
          [133.07630, 34.18384, 10.5],
          [133.07631, 34.18393, 10.75],
          [133.07633, 34.18405, 11.0],
          [133.07638, 34.18425, 11.5],
          [133.07638, 34.18435, 11.75],
          [133.07637, 34.18442, 11.75],
          [133.07634, 34.18451, 12.0],
          [133.07628, 34.18459, 12.25],
          [133.07618, 34.18467, 12.5],
          [133.07604, 34.18478, 12.75],
          [133.07587, 34.18494, 13.25],
          [133.07581, 34.18502, 13.5],
          [133.07577, 34.18512, 13.5],
          [133.07574, 34.18525, 14.0],
          [133.07571, 34.18599, 16.75],
          [133.07567, 34.18610, 17.0],
          [133.07561, 34.18618, 17.5],
          [133.07554, 34.18625, 17.75],
          [133.07519, 34.18642, 19.0],
          [133.07510, 34.18648, 19.5],
          [133.07502, 34.18656, 19.75],
          [133.07497, 34.18665, 19.5],
          [133.07484, 34.18702, 18.5],
          [133.07480, 34.18709, 18.5],
          [133.07476, 34.18713, 18.25],
          [133.07473, 34.18716, 18.25],
          [133.07421, 34.18760, 16.75],
          [133.07406, 34.18772, 16.5],
          [133.07341, 34.18831, 14.75],
          [133.07328, 34.18838, 14.5],
          [133.07311, 34.18846, 14.0],
          [133.07275, 34.18855, 13.25],
          [133.07260, 34.18862, 13.0],
          [133.07241, 34.18872, 13.5],
          [133.07132, 34.18960, 17.5],
          [133.07089, 34.18993, 19.0],
          [133.07080, 34.18999, 18.25],
          [133.07038, 34.19027, 15.5],
          [133.07028, 34.19032, 14.75],
          [133.07023, 34.19035, 14.5],
          [133.07003, 34.19042, 13.25],
          [133.06984, 34.19044, 12.25],
          [133.06965, 34.19045, 11.25],
          [133.06948, 34.19047, 10.5],
          [133.06931, 34.19054, 9.5],
          [133.06917, 34.19063, 8.5],
          [133.06905, 34.19078, 7.5],
          [133.06901, 34.19079, 7.5],
          [133.06893, 34.19081, 7.75],
          [133.06888, 34.19084, 8.0],
          [133.06885, 34.19083, 8.0],
          [133.06881, 34.19084, 8.25],
          [133.06877, 34.19086, 8.5],
          [133.06872, 34.19091, 8.75],
          [133.06870, 34.19096, 9.0],
          [133.06868, 34.19121, 10.25],
          [133.06862, 34.19135, 11.0],
          [133.06855, 34.19145, 11.75],
          [133.06846, 34.19152, 12.25],
          [133.06835, 34.19158, 12.75],
          [133.06821, 34.19161, 13.25],
          [133.06799, 34.19160, 14.25],
          [133.06775, 34.19158, 15.25],
          [133.06753, 34.19152, 16.25],
          [133.06735, 34.19145, 17.25],
          [133.06700, 34.19127, 17.25],
          [133.06691, 34.19121, 19.0],
          [133.06689, 34.19116, 20.5],
          [133.06689, 34.19110, 22.25],
          [133.06699, 34.19091, 28.5],
          [133.06709, 34.19075, 33.5],
          [133.06715, 34.19069, 35.0],
          [133.06727, 34.19068, 35.0],
          [133.06734, 34.19071, 33.75],
          [133.06739, 34.19078, 31.75],
          [133.06738, 34.19085, 29.5],
          [133.06734, 34.19092, 27.75],
          [133.06728, 34.19094, 27.25],
          [133.06724, 34.19096, 27.0],
          [133.06720, 34.19099, 25.75],
          [133.06717, 34.19106, 23.75],
          [133.06718, 34.19112, 22.0],
          [133.06722, 34.19117, 22.0],
          [133.06758, 34.19138, 22.25],
          [133.06776, 34.19141, 22.5],
          [133.06795, 34.19142, 22.5],
          [133.06811, 34.19142, 22.75],
          [133.06820, 34.19138, 22.75],
          [133.06823, 34.19134, 22.75],
          [133.06825, 34.19130, 23.0],
          [133.06827, 34.19124, 23.0],
          [133.06827, 34.19118, 23.0],
          [133.06828, 34.19105, 23.25],
          [133.06827, 34.19091, 23.25],
          [133.06823, 34.19083, 23.5],
          [133.06820, 34.19074, 23.5],
          [133.06820, 34.19061, 25.5],
          [133.06819, 34.19054, 26.75],
          [133.06814, 34.19046, 28.75],
          [133.06813, 34.19040, 30.0],
          [133.06813, 34.19034, 30.75],
          [133.06816, 34.19027, 31.25],
          [133.06817, 34.19009, 33.75],
          [133.06816, 34.19002, 35.25],
          [133.06811, 34.18994, 38.0],
          [133.06812, 34.18988, 39.0],
          [133.06815, 34.18983, 39.0],
          [133.06819, 34.18979, 38.5],
          [133.06853, 34.18970, 32.75],
          [133.06869, 34.18965, 30.25],
          [133.06875, 34.18961, 29.75],
          [133.06878, 34.18956, 30.0],
          [133.06879, 34.18945, 31.75],
          [133.06876, 34.18922, 36.0],
          [133.06875, 34.18903, 41.0],
          [133.06877, 34.18895, 43.0],
          [133.06879, 34.18889, 44.0],
          [133.06887, 34.18882, 44.5],
          [133.06891, 34.18884, 43.0],
          [133.06902, 34.18877, 42.5],
          [133.06908, 34.18875, 42.0],
          [133.06914, 34.18874, 41.0],
          [133.06922, 34.18874, 41.5],
          [133.06927, 34.18877, 41.75],
          [133.06928, 34.18877, 41.5],
          [133.06929, 34.18878, 41.5],
          [133.06935, 34.18883, 41.0],
          [133.06938, 34.18886, 40.75],
          [133.07479, 34.19472, 30.0],
          [133.07523, 34.19519, 29.25],
          [133.07526, 34.19526, 29.0],
          [133.07534, 34.19535, 29.0],
          [133.07555, 34.19554, 28.5],
          [133.07624, 34.19628, 27.25],
          [133.07715, 34.19736, 25.25],
          [133.07751, 34.19785, 24.5],
          [133.07755, 34.19793, 24.5],
          [133.07756, 34.19808, 25.75],
          [133.07758, 34.19813, 26.5],
          [133.07780, 34.19856, 31.0],
          [133.07797, 34.19890, 30.0],
          [133.07811, 34.19927, 28.75],
          [133.07832, 34.19986, 27.25],
          [133.07839, 34.20015, 27.25],
          [133.07842, 34.20035, 28.5],
          [133.07848, 34.20056, 30.0],
          [133.07847, 34.20061, 30.25],
          [133.07843, 34.20066, 30.0],
          [133.07799, 34.20089, 26.0],
          [133.07789, 34.20096, 24.5],
          [133.07777, 34.20098, 23.0],
          [133.07738, 34.20100, 18.5],
          [133.07725, 34.20099, 16.75],
          [133.07715, 34.20095, 15.75],
          [133.07701, 34.20086, 16.5],
          [133.07692, 34.20076, 17.25],
          [133.07688, 34.20069, 17.5],
          [133.07686, 34.20064, 18.0],
          [133.07686, 34.20059, 18.25],
          [133.07688, 34.20054, 18.5],
          [133.07695, 34.20051, 19.0],
          [133.07709, 34.20050, 19.5],
          [133.07721, 34.20051, 20.25],
          [133.07745, 34.20049, 21.25],
          [133.07768, 34.20052, 22.5],
          [133.07783, 34.20053, 22.5],
          [133.07792, 34.20052, 23.5],
          [133.07800, 34.20048, 24.25],
          [133.07805, 34.20042, 24.25],
          [133.07806, 34.20037, 24.25],
          [133.07805, 34.20030, 23.5],
          [133.07801, 34.20024, 22.75],
          [133.07794, 34.20019, 21.25],
          [133.07787, 34.20012, 19.75],
          [133.07781, 34.20001, 18.0],
          [133.07779, 34.19991, 17.75],
          [133.07779, 34.19982, 18.0],
          [133.07781, 34.19971, 19.0],
          [133.07782, 34.19962, 19.5],
          [133.07778, 34.19946, 19.25],
          [133.07774, 34.19939, 18.5],
          [133.07765, 34.19924, 16.0],
          [133.07758, 34.19913, 15.5],
          [133.07748, 34.19899, 15.25],
          [133.07745, 34.19899, 15.25],
          [133.07745, 34.19912, 15.0],
          [133.07741, 34.19927, 14.5],
          [133.07707, 34.19991, 13.0],
          [133.07700, 34.19998, 13.0],
          [133.07698, 34.19999, 12.75],
          [133.07687, 34.20005, 12.75],
          [133.07682, 34.20009, 12.5],
          [133.07664, 34.20050, 11.5],
          [133.07635, 34.20143, 9.5],
          [133.07634, 34.20147, 9.5],
          [133.07627, 34.20174, 8.75],
          [133.07611, 34.20238, 7.5],
          [133.07588, 34.20332, 5.5],
          [133.07589, 34.20337, 5.5],
          [133.07587, 34.20345, 5.25],
          [133.07580, 34.20375, 5.5],
          [133.07576, 34.20386, 5.5],
          [133.07573, 34.20394, 5.75],
          [133.07565, 34.20418, 6.0],
          [133.07561, 34.20427, 6.25],
          [133.07560, 34.20431, 6.25],
          [133.07558, 34.20435, 6.25],
          [133.07545, 34.20467, 6.0],
          [133.07540, 34.20479, 6.0],
          [133.07536, 34.20482, 6.0],
          [133.07536, 34.20485, 5.75],
          [133.07532, 34.20492, 5.75],
          [133.07530, 34.20497, 5.75],
          [133.07527, 34.20505, 5.75],
          [133.07526, 34.20508, 6.0],
          [133.07525, 34.20511, 6.0],
          [133.07515, 34.20523, 6.25],
          [133.07493, 34.20575, 7.5],
          [133.07482, 34.20592, 7.25],
          [133.07476, 34.20602, 6.75],
          [133.07475, 34.20604, 6.75],
          [133.07457, 34.20634, 5.75],
          [133.07439, 34.20666, 4.75],
          [133.07424, 34.20693, 4.5],
          [133.07407, 34.20728, 4.5],
          [133.07396, 34.20751, 4.75],
          [133.07384, 34.20770, 5.25],
          [133.07368, 34.20788, 5.5],
          [133.07353, 34.20815, 6.0],
          [133.07332, 34.20847, 6.5],
          [133.07331, 34.20857, 7.0],
          [133.07332, 34.20862, 7.25],
          [133.07334, 34.20864, 7.5],
          [133.07333, 34.20866, 7.5],
          [133.07330, 34.20869, 7.5],
          [133.07318, 34.20856, 6.75],
          [133.07309, 34.20850, 6.25],
          [133.07304, 34.20849, 6.25],
          [133.07284, 34.20857, 6.0],
          [133.07274, 34.20863, 6.0],
          [133.07238, 34.20890, 6.25],
          [133.07225, 34.20901, 6.25],
          [133.07201, 34.20919, 6.5],
          [133.07165, 34.20945, 8.5],
          [133.07139, 34.20962, 8.75],
          [133.07114, 34.20977, 7.75],
          [133.07110, 34.20979, 7.25],
          [133.07094, 34.20986, 6.0],
          [133.07059, 34.20998, 5.0],
          [133.07051, 34.21003, 5.25],
          [133.07044, 34.21008, 5.75],
          [133.07041, 34.21012, 6.0],
          [133.07031, 34.21047, 9.0],
          [133.07023, 34.21059, 9.75],
          [133.07008, 34.21072, 9.75],
          [133.06994, 34.21090, 10.5],
          [133.06989, 34.21097, 11.25],
          [133.06985, 34.21113, 12.5],
          [133.06982, 34.21135, 14.0],
          [133.06983, 34.21158, 15.75],
          [133.06982, 34.21168, 16.25],
          [133.06982, 34.21172, 16.25],
          [133.06978, 34.21181, 16.0],
          [133.06950, 34.21208, 15.0],
          [133.06924, 34.21230, 14.25],
          [133.06910, 34.21247, 15.0],
          [133.06907, 34.21253, 15.5],
          [133.06899, 34.21267, 17.0],
          [133.06896, 34.21280, 17.5],
          [133.06888, 34.21308, 18.25],
          [133.06880, 34.21342, 18.25],
          [133.06871, 34.21343, 18.75],
          [133.06868, 34.21343, 18.75],
          [133.06843, 34.21371, 17.75],
          [133.06825, 34.21389, 16.5],
          [133.06814, 34.21395, 16.5],
          [133.06790, 34.21402, 17.25],
          [133.06780, 34.21405, 17.5],
          [133.06706, 34.21419, 21.75],
          [133.06701, 34.21420, 22.0],
          [133.06658, 34.21432, 23.25],
          [133.06631, 34.21436, 24.75],
          [133.06609, 34.21437, 26.5],
          [133.06591, 34.21436, 28.0],
          [133.06544, 34.21434, 30.75],
          [133.06511, 34.21435, 32.25],
          [133.06476, 34.21436, 34.25],
          [133.06458, 34.21439, 35.0],
          [133.06440, 34.21444, 35.5],
          [133.06408, 34.21468, 34.5],
          [133.06284, 34.21524, 30.75],
          [133.06265, 34.21533, 28.5],
          [133.06254, 34.21536, 28.0],
          [133.06243, 34.21535, 27.75],
          [133.06238, 34.21533, 28.0],
          [133.06233, 34.21529, 28.5],
          [133.06226, 34.21519, 30.75],
          [133.06221, 34.21501, 35.25],
          [133.06210, 34.21475, 35.75],
          [133.06205, 34.21451, 36.75],
          [133.06203, 34.21430, 38.0],
          [133.06215, 34.21370, 42.5],
          [133.06215, 34.21364, 43.0],
          [133.06214, 34.21359, 43.25],
          [133.06211, 34.21354, 43.5],
          [133.06208, 34.21350, 43.75],
          [133.06204, 34.21347, 44.0],
          [133.06199, 34.21345, 44.0],
          [133.06190, 34.21344, 44.25],
          [133.06184, 34.21345, 44.25],
          [133.06178, 34.21346, 44.25],
          [133.06172, 34.21348, 44.0],
          [133.06167, 34.21353, 43.5],
          [133.06163, 34.21359, 43.25],
          [133.06144, 34.21410, 40.25],
          [133.06137, 34.21423, 39.25],
          [133.06130, 34.21438, 38.0],
          [133.06121, 34.21448, 37.0],
          [133.06113, 34.21454, 36.75],
          [133.06101, 34.21458, 36.75],
          [133.06089, 34.21460, 37.25],
          [133.05998, 34.21465, 37.75],
          [133.05989, 34.21465, 37.25],
          [133.05980, 34.21463, 37.0],
          [133.05974, 34.21458, 37.75],
          [133.05970, 34.21452, 38.5],
          [133.05968, 34.21433, 41.75],
          [133.05964, 34.21427, 42.5],
          [133.05959, 34.21422, 43.0],
          [133.05949, 34.21419, 42.5],
          [133.05938, 34.21418, 41.5],
          [133.05924, 34.21421, 39.75],
          [133.05911, 34.21425, 38.25],
          [133.05896, 34.21433, 36.0],
          [133.05889, 34.21435, 35.25],
          [133.05875, 34.21435, 34.25],
          [133.05870, 34.21433, 34.25],
          [133.05863, 34.21428, 34.25],
          [133.05850, 34.21410, 36.25],
          [133.05848, 34.21402, 37.5],
          [133.05846, 34.21374, 42.5],
          [133.05844, 34.21367, 43.75],
          [133.05840, 34.21361, 44.25],
          [133.05838, 34.21359, 44.25],
          [133.05840, 34.21352, 45.75],
          [133.05838, 34.21336, 48.25],
          [133.05840, 34.21334, 48.75],
          [133.05852, 34.21352, 47.25],
          [133.05856, 34.21367, 45.0],
          [133.05858, 34.21386, 41.5],
          [133.05859, 34.21393, 40.5],
          [133.05862, 34.21400, 39.25],
          [133.05869, 34.21412, 37.25],
          [133.05869, 34.21415, 36.75],
          [133.05868, 34.21416, 36.5],
          [133.05864, 34.21419, 36.5],
          [133.05796, 34.21459, 36.75],
          [133.05733, 34.21501, 37.0],
          [133.05434, 34.21694, 38.5],
          [133.05404, 34.21714, 38.75],
          [133.05304, 34.21778, 38.75],
          [133.05299, 34.21779, 39.0],
          [133.05294, 34.21780, 39.0],
          [133.05289, 34.21779, 39.0],
          [133.05287, 34.21779, 39.0],
          [133.05285, 34.21778, 39.0],
          [133.05280, 34.21774, 38.75],
          [133.05255, 34.21750, 37.75],
          [133.05252, 34.21747, 37.5],
          [133.05256, 34.21741, 37.0],
          [133.05245, 34.21732, 37.0],
          [133.05240, 34.21728, 37.5],
          [133.05232, 34.21723, 38.25],
          [133.05225, 34.21721, 39.0],
          [133.05215, 34.21720, 40.5],
          [133.05204, 34.21721, 42.0],
          [133.05198, 34.21723, 43.0],
          [133.05193, 34.21726, 44.0],
          [133.05189, 34.21730, 44.75],
          [133.05113, 34.21861, 53.25],
          [133.05102, 34.21873, 53.75],
          [133.05057, 34.21918, 53.5],
          [133.04981, 34.21988, 41.75],
          [133.04969, 34.21998, 39.0],
          [133.04963, 34.22000, 38.5],
          [133.04942, 34.22001, 37.75],
          [133.04874, 34.21997, 34.25],
          [133.04870, 34.21996, 34.25],
          [133.04864, 34.21992, 34.5],
          [133.04858, 34.21987, 35.0],
          [133.04847, 34.21974, 36.5],
          [133.04839, 34.21970, 36.5],
          [133.04830, 34.21968, 36.25],
          [133.04826, 34.21969, 36.25],
          [133.04820, 34.21970, 36.5],
          [133.04812, 34.21975, 36.25],
          [133.04806, 34.21979, 36.0],
          [133.04804, 34.21985, 35.5],
          [133.04802, 34.21988, 35.25],
          [133.04803, 34.21996, 34.25],
          [133.04809, 34.22009, 33.5],
          [133.04821, 34.22025, 33.25],
          [133.04827, 34.22030, 33.0],
          [133.04837, 34.22036, 33.0],
          [133.04879, 34.22054, 33.25],
          [133.04888, 34.22059, 32.75],
          [133.04933, 34.22102, 27.5],
          [133.04986, 34.22166, 17.0],
          [133.04994, 34.22177, 15.5],
          [133.04997, 34.22185, 14.75],
          [133.04999, 34.22196, 13.75],
          [133.05006, 34.22254, 10.0],
          [133.05013, 34.22313, 7.75],
          [133.05014, 34.22325, 7.25],
          [133.05014, 34.22347, 6.75],
          [133.05013, 34.22364, 6.75],
          [133.05009, 34.22377, 6.75],
          [133.05015, 34.22385, 6.75],
          [133.05020, 34.22393, 6.5],
          [133.05029, 34.22411, 6.25],
          [133.05051, 34.22463, 5.75],
          [133.05060, 34.22476, 5.75],
          [133.05062, 34.22479, 5.5],
          [133.05056, 34.22485, 5.75],
          [133.05042, 34.22501, 6.5],
          [133.05039, 34.22511, 6.75],
          [133.05037, 34.22522, 7.0],
          [133.05036, 34.22559, 7.75],
          [133.05038, 34.22581, 8.0],
          [133.05037, 34.22588, 8.0],
          [133.05036, 34.22616, 7.75],
          [133.05036, 34.22627, 7.75],
          [133.05039, 34.22653, 7.25],
          [133.05052, 34.22677, 6.5],
          [133.05061, 34.22689, 6.25],
          [133.05070, 34.22732, 6.5],
          [133.05069, 34.22752, 6.75],
          [133.05063, 34.22769, 6.75],
          [133.05061, 34.22776, 6.75],
          [133.05054, 34.22791, 7.0],
          [133.05044, 34.22807, 7.5],
          [133.05038, 34.22819, 7.75],
          [133.05036, 34.22843, 7.75],
          [133.05040, 34.22866, 7.75],
          [133.05046, 34.22885, 7.75],
          [133.05051, 34.22893, 7.75],
          [133.05066, 34.22908, 7.75],
          [133.05068, 34.22913, 8.0],
          [133.05107, 34.22918, 7.25],
          [133.05116, 34.22918, 7.0],
          [133.05123, 34.22945, 7.0],
          [133.05124, 34.22961, 7.25],
          [133.05124, 34.22980, 7.25],
          [133.05120, 34.23013, 7.75],
          [133.05120, 34.23018, 7.75],
          [133.05122, 34.23026, 7.75],
          [133.05127, 34.23033, 7.5],
          [133.05135, 34.23042, 7.0],
          [133.05144, 34.23053, 6.75],
          [133.05161, 34.23075, 6.0],
          [133.05181, 34.23111, 6.0],
          [133.05198, 34.23158, 6.5],
          [133.05197, 34.23163, 6.5],
          [133.05192, 34.23178, 6.5],
          [133.05173, 34.23208, 6.75],
          [133.05167, 34.23235, 6.75],
          [133.05163, 34.23256, 6.75],
          [133.05163, 34.23270, 6.75],
          [133.05163, 34.23272, 6.75],
          [133.05164, 34.23281, 6.5],
          [133.05169, 34.23309, 6.0],
          [133.05174, 34.23321, 6.0],
          [133.05183, 34.23336, 5.75],
          [133.05187, 34.23341, 5.5],
          [133.05185, 34.23349, 5.5],
          [133.05184, 34.23353, 5.5],
          [133.05176, 34.23388, 5.25],
          [133.05160, 34.23452, 6.5],
          [133.05154, 34.23476, 7.75],
          [133.05148, 34.23481, 8.25],
          [133.05132, 34.23536, 8.75],
          [133.05125, 34.23574, 7.75],
          [133.05120, 34.23599, 7.25],
          [133.05113, 34.23640, 7.25],
          [133.05112, 34.23642, 7.25],
          [133.05113, 34.23647, 7.25],
          [133.05112, 34.23649, 7.25],
          [133.05113, 34.23652, 7.25],
          [133.05112, 34.23680, 6.75],
          [133.05108, 34.23704, 6.25],
          [133.05094, 34.23742, 5.75],
          [133.05084, 34.23780, 5.75],
          [133.05079, 34.23817, 6.25],
          [133.05080, 34.23836, 6.0],
          [133.05081, 34.23875, 5.0],
          [133.05074, 34.23921, 4.75],
          [133.05073, 34.23929, 4.5],
          [133.05067, 34.23956, 4.25],
          [133.05065, 34.23987, 3.5],
          [133.05066, 34.23995, 3.25],
          [133.05068, 34.24002, 3.0],
          [133.05080, 34.24030, 2.5],
          [133.05084, 34.24046, 2.5],
          [133.05084, 34.24064, 2.75],
          [133.05080, 34.24127, 4.0],
          [133.05080, 34.24134, 4.25],
          [133.05083, 34.24178, 5.0],
          [133.05085, 34.24206, 4.75],
          [133.05090, 34.24244, 4.75],
          [133.05101, 34.24265, 5.75],
          [133.05109, 34.24274, 6.25],
          [133.05150, 34.24320, 5.5],
          [133.05169, 34.24335, 4.0],
          [133.05180, 34.24344, 4.25],
          [133.05178, 34.24363, 5.0],
          [133.05177, 34.24390, 6.0],
          [133.05176, 34.24402, 6.5],
          [133.05175, 34.24424, 7.25],
          [133.05171, 34.24456, 7.5],
          [133.05165, 34.24478, 8.0],
          [133.05162, 34.24494, 8.25],
          [133.05155, 34.24541, 8.0],
          [133.05152, 34.24558, 8.0],
          [133.05146, 34.24569, 8.0],
          [133.05139, 34.24582, 8.25],
          [133.05127, 34.24619, 7.5],
          [133.05123, 34.24633, 7.25],
          [133.05117, 34.24648, 7.0],
          [133.05116, 34.24652, 6.75],
          [133.05110, 34.24681, 5.75],
          [133.05098, 34.24734, 3.5],
          [133.05092, 34.24766, 2.75],
          [133.05091, 34.24768, 2.75],
          [133.05093, 34.24787, 2.75],
          [133.05110, 34.24836, 2.0],
          [133.05113, 34.24845, 2.5],
          [133.05122, 34.24881, 3.5],
          [133.05122, 34.24919, 5.25],
          [133.05122, 34.24922, 5.25],
          [133.05130, 34.24954, 6.0],
          [133.05140, 34.24983, 6.25],
          [133.05151, 34.25002, 5.5],
          [133.05174, 34.25030, 3.75],
          [133.05183, 34.25040, 3.75],
          [133.05206, 34.25068, 3.75],
          [133.05210, 34.25079, 3.75],
          [133.05211, 34.25091, 4.0],
          [133.05211, 34.25094, 4.0],
          [133.05211, 34.25099, 4.25],
          [133.05210, 34.25103, 4.25],
          [133.05205, 34.25115, 4.75],
          [133.05196, 34.25130, 5.25],
          [133.05188, 34.25145, 5.75],
          [133.05186, 34.25151, 6.0],
          [133.05186, 34.25165, 6.25],
          [133.05189, 34.25194, 7.75],
          [133.05194, 34.25215, 8.5],
          [133.05197, 34.25228, 9.0],
          [133.05200, 34.25234, 9.0],
          [133.05213, 34.25268, 10.5],
          [133.05228, 34.25302, 11.75],
          [133.05234, 34.25315, 11.75],
          [133.05256, 34.25356, 14.0],
          [133.05295, 34.25430, 18.5],
          [133.05307, 34.25451, 17.75],
          [133.05314, 34.25460, 17.0],
          [133.05322, 34.25466, 15.75],
          [133.05334, 34.25472, 13.75],
          [133.05339, 34.25473, 13.5],
          [133.05359, 34.25479, 12.25],
          [133.05355, 34.25490, 13.5],
          [133.05360, 34.25494, 13.25],
          [133.05372, 34.25503, 12.75],
          [133.05378, 34.25510, 13.25],
          [133.05391, 34.25534, 16.0],
          [133.05401, 34.25545, 17.5],
          [133.05413, 34.25555, 18.25],
          [133.05425, 34.25561, 18.5],
          [133.05438, 34.25570, 18.75],
          [133.05445, 34.25578, 19.25],
          [133.05451, 34.25588, 20.0],
          [133.05461, 34.25600, 21.25],
          [133.05482, 34.25617, 22.75],
          [133.05495, 34.25637, 26.5],
          [133.05499, 34.25641, 26.5],
          [133.05521, 34.25652, 26.5],
          [133.05532, 34.25661, 26.5],
          [133.05540, 34.25678, 26.75],
          [133.05543, 34.25682, 26.75],
          [133.05548, 34.25686, 26.25],
          [133.05555, 34.25688, 25.25],
          [133.05565, 34.25689, 23.75],
          [133.05573, 34.25692, 22.75],
          [133.05578, 34.25697, 23.0],
          [133.05580, 34.25704, 23.75],
          [133.05577, 34.25712, 25.25],
          [133.05564, 34.25739, 31.0],
          [133.05558, 34.25740, 31.75],
          [133.05547, 34.25740, 32.75],
          [133.05540, 34.25742, 33.5],
          [133.05529, 34.25750, 35.25],
          [133.05517, 34.25760, 34.25],
          [133.05507, 34.25764, 34.0],
          [133.05489, 34.25767, 32.75],
          [133.05486, 34.25768, 32.25],
          [133.05483, 34.25770, 31.5],
          [133.05474, 34.25787, 27.25],
          [133.05466, 34.25794, 25.25],
          [133.05458, 34.25795, 24.25],
          [133.05451, 34.25793, 24.0],
          [133.05444, 34.25787, 24.25],
          [133.05441, 34.25780, 25.25],
          [133.05450, 34.25751, 31.25],
          [133.05449, 34.25745, 31.25],
          [133.05441, 34.25733, 30.75],
          [133.05440, 34.25726, 31.0],
          [133.05441, 34.25702, 32.0],
          [133.05439, 34.25696, 32.0],
          [133.05435, 34.25691, 32.0],
          [133.05417, 34.25676, 32.25],
          [133.05419, 34.25669, 32.75],
          [133.05421, 34.25664, 32.75],
          [133.05426, 34.25658, 32.0],
          [133.05443, 34.25643, 29.75],
          [133.05449, 34.25641, 29.25],
          [133.05457, 34.25642, 29.0],
          [133.05465, 34.25645, 29.5],
          [133.05470, 34.25650, 30.25],
          [133.05477, 34.25661, 32.5],
          [133.05482, 34.25664, 33.25],
          [133.05492, 34.25665, 33.5],
          [133.05501, 34.25669, 33.75],
          [133.05513, 34.25675, 31.75],
          [133.05519, 34.25683, 31.0],
          [133.05529, 34.25699, 30.75],
          [133.05531, 34.25705, 31.0],
          [133.05531, 34.25711, 31.75],
          [133.05527, 34.25716, 32.75],
          [133.05521, 34.25720, 33.75],
          [133.05503, 34.25728, 36.5],
          [133.05499, 34.25732, 37.0],
          [133.05493, 34.25741, 36.75],
          [133.05491, 34.25743, 36.5],
          [133.05487, 34.25746, 36.0],
          [133.05473, 34.25749, 34.25],
          [133.05464, 34.25753, 32.75],
          [133.05460, 34.25758, 31.25],
          [133.05461, 34.25764, 30.0],
          [133.05463, 34.25767, 29.75],
          [133.05470, 34.25770, 29.75],
          [133.05506, 34.25780, 29.75],
          [133.05674, 34.25818, 30.5],
          [133.06016, 34.25882, 31.5],
          [133.07213, 34.26107, 35.75],
          [133.07229, 34.26109, 35.75],
          [133.07256, 34.26114, 36.0],
          [133.07287, 34.26115, 38.0],
          [133.07295, 34.26115, 38.5],
          [133.07301, 34.26113, 38.25],
          [133.07307, 34.26109, 37.75],
          [133.07309, 34.26106, 36.75],
          [133.07331, 34.26111, 39.5],
          [133.07339, 34.26111, 39.75],
          [133.07332, 34.26107, 38.5],
          [133.07326, 34.26103, 36.75],
          [133.07311, 34.26086, 31.5],
          [133.07305, 34.26083, 31.5],
          [133.07299, 34.26081, 31.5],
          [133.07291, 34.26080, 31.75],
          [133.07284, 34.26081, 31.75],
          [133.07256, 34.26094, 32.25],
          [133.07241, 34.26097, 32.25],
          [133.07235, 34.26097, 32.25],
          [133.07222, 34.26094, 32.25],
          [133.07227, 34.26091, 31.75],
          [133.07232, 34.26088, 31.0],
          [133.07247, 34.26087, 29.75],
          [133.07254, 34.26084, 29.25],
          [133.07263, 34.26078, 28.75],
          [133.07274, 34.26074, 28.25],
          [133.07285, 34.26072, 27.75],
          [133.07299, 34.26071, 27.0],
          [133.07309, 34.26072, 26.75],
          [133.07317, 34.26070, 26.25],
          [133.07341, 34.26063, 25.25],
          [133.07368, 34.26056, 25.25],
          [133.07378, 34.26055, 25.25],
          [133.07396, 34.26057, 26.0],
          [133.07402, 34.26056, 26.0],
          [133.07409, 34.26051, 25.0],
          [133.07420, 34.26041, 23.75],
          [133.07434, 34.26029, 22.75],
          [133.07455, 34.26019, 22.0],
          [133.07505, 34.25992, 20.0],
          [133.07522, 34.25981, 19.25],
          [133.07584, 34.25942, 16.75],
          [133.07594, 34.25940, 17.0],
          [133.07601, 34.25941, 17.5],
          [133.07618, 34.25943, 19.0],
          [133.07628, 34.25943, 19.75],
          [133.07637, 34.25942, 20.0],
          [133.07644, 34.25937, 19.25],
          [133.07647, 34.25933, 19.0],
          [133.07667, 34.25892, 17.25],
          [133.07671, 34.25890, 17.25],
          [133.07691, 34.25880, 16.5],
          [133.07712, 34.25869, 15.75],
          [133.07723, 34.25864, 15.25],
          [133.07760, 34.25855, 14.25],
          [133.07768, 34.25853, 14.25],
          [133.07791, 34.25848, 14.5],
          [133.07827, 34.25835, 15.25],
          [133.07863, 34.25823, 16.25],
          [133.07871, 34.25820, 16.5],
          [133.07904, 34.25808, 17.25],
          [133.07921, 34.25804, 17.5],
          [133.07931, 34.25804, 17.75],
          [133.07939, 34.25806, 18.0],
          [133.07944, 34.25808, 18.25],
          [133.07949, 34.25812, 18.25],
          [133.07954, 34.25816, 18.5],
          [133.07972, 34.25845, 19.5],
          [133.07974, 34.25847, 19.5],
          [133.07979, 34.25850, 19.75],
          [133.07985, 34.25851, 20.0],
          [133.07993, 34.25851, 19.75],
          [133.08013, 34.25852, 21.0],
          [133.08021, 34.25850, 21.25],
          [133.08027, 34.25846, 20.75],
          [133.08034, 34.25839, 21.25],
          [133.08036, 34.25830, 21.75],
          [133.08043, 34.25824, 22.25],
          [133.08048, 34.25822, 22.5],
          [133.08056, 34.25821, 22.75],
          [133.08062, 34.25823, 23.0],
          [133.08063, 34.25824, 23.25],
          [133.08078, 34.25836, 24.25],
          [133.08084, 34.25839, 24.25],
          [133.08091, 34.25841, 25.5],
          [133.08097, 34.25840, 26.25],
          [133.08104, 34.25835, 26.0],
          [133.08109, 34.25829, 25.25],
          [133.08113, 34.25808, 22.0],
          [133.08113, 34.25807, 21.75],
          [133.08110, 34.25792, 18.5],
          [133.08111, 34.25789, 18.25],
          [133.08112, 34.25786, 17.75],
          [133.08114, 34.25784, 17.5],
          [133.08116, 34.25783, 17.5],
          [133.08122, 34.25782, 18.0],
          [133.08136, 34.25784, 19.5],
          [133.08145, 34.25783, 20.25],
          [133.08161, 34.25778, 20.75],
          [133.08177, 34.25780, 21.25],
          [133.08196, 34.25779, 20.75],
          [133.08203, 34.25777, 20.0],
          [133.08207, 34.25774, 19.25],
          [133.08212, 34.25755, 15.5],
          [133.08215, 34.25751, 14.5],
          [133.08220, 34.25748, 14.0],
          [133.08227, 34.25748, 14.0],
          [133.08234, 34.25749, 14.0],
          [133.08239, 34.25751, 14.25],
          [133.08244, 34.25755, 15.0],
          [133.08278, 34.25805, 25.25],
          [133.08282, 34.25808, 26.0],
          [133.08284, 34.25810, 26.5],
          [133.08290, 34.25813, 27.0],
          [133.08295, 34.25813, 27.0],
          [133.08300, 34.25809, 26.75],
          [133.08324, 34.25784, 23.5],
          [133.08336, 34.25775, 22.5],
          [133.08337, 34.25774, 22.25],
          [133.08343, 34.25772, 21.75],
          [133.08351, 34.25772, 21.5],
          [133.08359, 34.25772, 21.25],
          [133.08368, 34.25774, 21.25],
          [133.08380, 34.25781, 21.75],
          [133.08393, 34.25790, 22.25],
          [133.08400, 34.25795, 22.5],
          [133.08415, 34.25799, 22.25],
          [133.08431, 34.25797, 21.5],
          [133.08467, 34.25788, 18.75],
          [133.08486, 34.25782, 17.25],
          [133.08492, 34.25781, 16.75],
          [133.08499, 34.25782, 16.5],
          [133.08505, 34.25782, 16.5],
          [133.08527, 34.25785, 16.25],
          [133.08538, 34.25785, 15.75],
          [133.08543, 34.25784, 15.5],
          [133.08558, 34.25782, 14.75],
          [133.08581, 34.25783, 14.0],
          [133.08595, 34.25785, 13.5],
          [133.08601, 34.25784, 13.0],
          [133.08620, 34.25781, 10.75],
          [133.08625, 34.25778, 10.75],
          [133.08671, 34.25817, 13.0],
          [133.08680, 34.25823, 13.25],
          [133.08690, 34.25827, 13.75],
          [133.08704, 34.25832, 14.25],
          [133.08717, 34.25835, 14.75],
          [133.08730, 34.25836, 14.75],
          [133.08735, 34.25836, 14.5],
          [133.08745, 34.25835, 14.0],
          [133.08805, 34.25827, 12.5],
          [133.08825, 34.25820, 11.75],
          [133.08848, 34.25821, 11.25],
          [133.08894, 34.25823, 10.0],
          [133.08925, 34.25827, 9.0],
          [133.08938, 34.25829, 8.75],
          [133.09005, 34.25842, 7.0],
          [133.09025, 34.25846, 7.0],
          [133.09032, 34.25848, 7.25],
          [133.09117, 34.25862, 6.5],
          [133.09202, 34.25875, 8.5],
          [133.09208, 34.25876, 8.75],
          [133.09240, 34.25880, 11.0],
          [133.09284, 34.25887, 12.75],
          [133.09332, 34.25893, 14.0],
          [133.09355, 34.25896, 12.5],
          [133.09406, 34.25904, 9.5],
          [133.09426, 34.25908, 8.25],
          [133.09445, 34.25913, 7.0],
          [133.09465, 34.25920, 6.0],
          [133.09479, 34.25927, 6.0],
          [133.09488, 34.25932, 5.5],
          [133.09497, 34.25939, 5.5],
          [133.09514, 34.25954, 6.0],
          [133.09533, 34.25970, 6.25],
          [133.09585, 34.26028, 7.75],
          [133.09618, 34.26063, 7.75],
          [133.09642, 34.26088, 9.5],
          [133.09647, 34.26095, 10.25],
          [133.09671, 34.26118, 13.0],
          [133.09706, 34.26147, 13.5],
          [133.09715, 34.26154, 13.25],
          [133.09750, 34.26184, 13.0],
          [133.09778, 34.26214, 14.75],
          [133.09790, 34.26230, 15.25],
          [133.09811, 34.26263, 14.5],
          [133.09820, 34.26279, 13.5],
          [133.09845, 34.26311, 12.5],
          [133.09863, 34.26329, 12.25],
          [133.09880, 34.26345, 12.5],
          [133.09896, 34.26359, 12.75],
          [133.09918, 34.26378, 13.0],
          [133.09992, 34.26441, 14.75],
          [133.10007, 34.26454, 15.25],
          [133.10020, 34.26464, 16.25],
          [133.10040, 34.26476, 17.0],
          [133.10050, 34.26482, 17.25],
          [133.10067, 34.26490, 17.75],
          [133.10098, 34.26501, 19.0],
          [133.10112, 34.26504, 20.0],
          [133.10161, 34.26512, 24.0],
          [133.10180, 34.26516, 24.0],
          [133.10228, 34.26524, 23.0],
          [133.10309, 34.26535, 19.75],
          [133.10321, 34.26537, 19.25],
          [133.10333, 34.26540, 18.5],
          [133.10356, 34.26546, 17.25],
          [133.10370, 34.26551, 16.25],
          [133.10503, 34.26601, 9.75],
          [133.10529, 34.26609, 10.75],
          [133.10552, 34.26613, 11.25],
          [133.10574, 34.26614, 11.5],
          [133.10586, 34.26613, 11.5],
          [133.10614, 34.26611, 11.5],
          [133.10652, 34.26608, 11.25],
          [133.10699, 34.26606, 9.5],
          [133.10712, 34.26607, 9.0],
          [133.10722, 34.26609, 8.75],
          [133.10730, 34.26612, 8.5],
          [133.10746, 34.26619, 8.25],
          [133.10758, 34.26627, 8.25],
          [133.10764, 34.26630, 8.25],
          [133.10842, 34.26674, 5.75],
          [133.10854, 34.26681, 5.5],
          [133.10890, 34.26696, 5.0],
          [133.10997, 34.26742, 4.75],
          [133.11052, 34.26765, 5.0],
          [133.11057, 34.26767, 5.0],
          [133.11061, 34.26768, 5.0],
          [133.11083, 34.26779, 5.0],
          [133.11115, 34.26796, 5.0],
          [133.11134, 34.26808, 5.25],
          [133.11186, 34.26844, 5.5],
          [133.11202, 34.26855, 5.25],
          [133.11213, 34.26862, 5.0],
          [133.11233, 34.26876, 4.75],
          [133.11256, 34.26898, 4.25],
          [133.11273, 34.26915, 4.5],
          [133.11287, 34.26932, 4.5],
          [133.11295, 34.26942, 4.75],
          [133.11303, 34.26956, 4.75],
          [133.11306, 34.26965, 4.75],
          [133.11308, 34.26975, 4.5],
          [133.11309, 34.26988, 4.5],
          [133.11309, 34.26997, 4.25],
          [133.11306, 34.27009, 4.25],
          [133.11296, 34.27034, 4.0],
          [133.11256, 34.27118, 6.0],
          [133.11254, 34.27123, 6.25],
          [133.11252, 34.27131, 6.5],
          [133.11251, 34.27162, 7.75],
          [133.11255, 34.27175, 9.0],
          [133.11261, 34.27188, 10.25],
          [133.11267, 34.27196, 10.75],
          [133.11270, 34.27201, 11.0],
          [133.11311, 34.27244, 9.25],
          [133.11320, 34.27255, 8.25],
          [133.11319, 34.27259, 8.75],
          [133.11326, 34.27311, 10.25],
          [133.11330, 34.27328, 10.25],
          [133.11335, 34.27340, 10.25],
          [133.11342, 34.27353, 10.5],
          [133.11351, 34.27364, 10.25],
          [133.11362, 34.27374, 10.0],
          [133.11375, 34.27380, 9.0],
          [133.11385, 34.27391, 8.25],
          [133.11402, 34.27403, 6.75],
          [133.11442, 34.27427, 5.0],
          [133.11460, 34.27439, 5.0],
          [133.11478, 34.27455, 4.75],
          [133.11484, 34.27462, 4.75],
          [133.11503, 34.27483, 4.0],
          [133.11533, 34.27516, 4.5],
          [133.11548, 34.27531, 4.75],
          [133.11565, 34.27545, 5.0],
          [133.11580, 34.27554, 5.25],
          [133.11628, 34.27581, 5.25],
          [133.11664, 34.27598, 5.0],
          [133.11687, 34.27610, 4.5],
          [133.11715, 34.27620, 4.25],
          [133.11736, 34.27625, 4.0],
          [133.11757, 34.27629, 4.0],
          [133.11767, 34.27632, 4.0],
          [133.11774, 34.27634, 4.0],
          [133.11895, 34.27658, 5.25],
          [133.11920, 34.27663, 5.75],
          [133.11934, 34.27666, 5.5],
          [133.11944, 34.27669, 5.25],
          [133.11970, 34.27677, 5.0],
          [133.12015, 34.27700, 4.5],
          [133.12031, 34.27709, 4.25],
          [133.12053, 34.27722, 3.5],
          [133.12074, 34.27736, 2.5],
          [133.12092, 34.27750, 2.25],
          [133.12105, 34.27763, 3.75],
          [133.12122, 34.27784, 5.5],
          [133.12136, 34.27806, 6.75],
          [133.12151, 34.27831, 8.0],
          [133.12166, 34.27851, 9.25],
          [133.12175, 34.27866, 9.75],
          [133.12188, 34.27890, 10.75],
          [133.12195, 34.27901, 10.75],
          [133.12206, 34.27913, 10.5],
          [133.12219, 34.27920, 10.25],
          [133.12242, 34.27931, 11.25],
          [133.12282, 34.27943, 12.25],
          [133.12290, 34.27945, 12.5],
          [133.12336, 34.27952, 11.5],
          [133.12469, 34.27962, 6.25],
          [133.12483, 34.27963, 5.5],
          [133.12522, 34.27966, 5.0],
          [133.12555, 34.27969, 5.25],
          [133.12563, 34.27971, 5.5],
          [133.12581, 34.27976, 5.5],
          [133.12654, 34.28002, 6.25],
          [133.12711, 34.28018, 7.5],
          [133.12741, 34.28025, 7.5],
          [133.12810, 34.28039, 6.5],
          [133.12836, 34.28044, 6.0],
          [133.12848, 34.28046, 6.0],
          [133.12901, 34.28053, 5.25],
          [133.12917, 34.28054, 4.75],
          [133.12921, 34.28068, 4.75],
          [133.12923, 34.28072, 4.75],
          [133.12932, 34.28078, 4.75],
          [133.12932, 34.28108, 5.75],
          [133.12933, 34.28159, 8.25],
          [133.12933, 34.28166, 8.5],
          [133.12934, 34.28177, 9.0],
          [133.12935, 34.28187, 9.75],
          [133.12955, 34.28230, 11.75],
          [133.12957, 34.28235, 12.0],
          [133.12963, 34.28250, 12.75],
          [133.12965, 34.28253, 13.0],
          [133.12968, 34.28255, 13.25],
          [133.12975, 34.28258, 13.25],
          [133.12986, 34.28259, 13.25],
          [133.13000, 34.28262, 13.25],
          [133.13005, 34.28264, 13.5],
          [133.13010, 34.28268, 14.0],
          [133.13013, 34.28272, 14.5],
          [133.13019, 34.28282, 15.75],
          [133.13038, 34.28302, 17.75],
          [133.13052, 34.28318, 19.0],
          [133.13058, 34.28322, 19.25],
          [133.13067, 34.28322, 19.25],
          [133.13068, 34.28322, 19.25],
          [133.13090, 34.28313, 18.75],
          [133.13091, 34.28313, 18.75],
          [133.13103, 34.28315, 18.75],
          [133.13119, 34.28321, 19.0],
          [133.13140, 34.28327, 19.5],
          [133.13147, 34.28329, 19.5],
          [133.13175, 34.28335, 20.0],
          [133.13185, 34.28339, 20.25],
          [133.13187, 34.28341, 20.5],
          [133.13203, 34.28349, 21.0],
          [133.13221, 34.28357, 21.25],
          [133.13225, 34.28357, 21.25],
          [133.13231, 34.28358, 21.25],
          [133.13258, 34.28357, 21.0],
          [133.13274, 34.28359, 21.0],
          [133.13284, 34.28360, 20.75],
          [133.13298, 34.28363, 21.0],
          [133.13344, 34.28373, 21.25],
          [133.13348, 34.28374, 21.25],
          [133.13391, 34.28383, 21.0],
          [133.13407, 34.28387, 20.75],
          [133.13421, 34.28393, 20.5],
          [133.13432, 34.28400, 20.25],
          [133.13453, 34.28415, 19.75],
          [133.13459, 34.28418, 19.25],
          [133.13462, 34.28419, 19.25],
          [133.13470, 34.28422, 18.5],
          [133.13492, 34.28424, 16.75],
          [133.13499, 34.28425, 16.25],
          [133.13504, 34.28426, 16.25],
          [133.13531, 34.28442, 16.75],
          [133.13536, 34.28444, 17.0],
          [133.13542, 34.28445, 17.0],
          [133.13563, 34.28448, 17.0],
          [133.13578, 34.28452, 17.0],
          [133.13587, 34.28455, 17.0],
          [133.13610, 34.28466, 17.0],
          [133.13616, 34.28470, 17.0],
          [133.13635, 34.28481, 17.25],
          [133.13654, 34.28490, 17.5],
          [133.13674, 34.28502, 18.0],
          [133.13688, 34.28511, 18.5],
          [133.13702, 34.28517, 18.75],
          [133.13721, 34.28522, 18.75],
          [133.13732, 34.28524, 18.75],
          [133.13759, 34.28529, 18.25],
          [133.13766, 34.28532, 18.0],
          [133.13780, 34.28542, 18.0],
          [133.13786, 34.28548, 18.0],
          [133.13794, 34.28562, 18.5],
          [133.13800, 34.28574, 19.25],
          [133.13810, 34.28585, 19.5],
          [133.13823, 34.28594, 19.0],
          [133.13832, 34.28599, 18.75],
          [133.13890, 34.28629, 17.0],
          [133.13896, 34.28631, 16.75],
          [133.13897, 34.28631, 16.75],
          [133.13909, 34.28631, 16.0],
          [133.13917, 34.28628, 15.5],
          [133.13935, 34.28616, 14.25],
          [133.13948, 34.28608, 13.25],
          [133.13955, 34.28605, 13.0],
          [133.13971, 34.28604, 12.5],
          [133.13981, 34.28606, 12.25],
          [133.13993, 34.28612, 12.25],
          [133.14013, 34.28633, 12.25],
          [133.14015, 34.28636, 12.25],
          [133.14018, 34.28639, 12.25],
          [133.14027, 34.28646, 12.25],
          [133.14041, 34.28654, 12.25],
          [133.14066, 34.28669, 12.5],
          [133.14087, 34.28680, 12.75],
          [133.14091, 34.28684, 13.0],
          [133.14094, 34.28688, 13.25],
          [133.14095, 34.28694, 13.5],
          [133.14092, 34.28710, 14.5],
          [133.14092, 34.28716, 14.75],
          [133.14093, 34.28721, 15.0],
          [133.14096, 34.28727, 15.25],
          [133.14103, 34.28733, 15.5],
          [133.14110, 34.28737, 15.5],
          [133.14125, 34.28742, 15.0],
          [133.14130, 34.28743, 15.0],
          [133.14156, 34.28754, 14.5],
          [133.14169, 34.28760, 14.5],
          [133.14180, 34.28764, 14.5],
          [133.14190, 34.28766, 14.5],
          [133.14208, 34.28769, 14.5],
          [133.14218, 34.28774, 14.5],
          [133.14240, 34.28789, 15.0],
          [133.14250, 34.28796, 15.0],
          [133.14266, 34.28804, 15.0],
          [133.14270, 34.28804, 14.75],
          [133.14309, 34.28807, 13.5],
          [133.14315, 34.28808, 13.25],
          [133.14332, 34.28816, 13.0],
          [133.14341, 34.28820, 13.0],
          [133.14372, 34.28835, 12.5],
          [133.14377, 34.28836, 12.25],
          [133.14383, 34.28836, 12.25],
          [133.14389, 34.28838, 12.0],
          [133.14391, 34.28839, 12.0],
          [133.14414, 34.28853, 11.5],
          [133.14435, 34.28869, 10.75],
          [133.14440, 34.28874, 10.5],
          [133.14441, 34.28882, 10.75],
          [133.14446, 34.28891, 10.5],
          [133.14451, 34.28895, 10.5],
          [133.14463, 34.28903, 9.75],
          [133.14474, 34.28908, 9.25],
          [133.14489, 34.28911, 8.5],
          [133.14496, 34.28912, 8.0],
          [133.14502, 34.28911, 7.75],
          [133.14507, 34.28910, 7.5],
          [133.14514, 34.28909, 7.0],
          [133.14528, 34.28907, 6.5],
          [133.14533, 34.28908, 6.25],
          [133.14537, 34.28910, 6.0],
          [133.14541, 34.28913, 5.75],
          [133.14550, 34.28921, 5.5],
          [133.14556, 34.28934, 5.75],
          [133.14557, 34.28937, 5.75],
          [133.14561, 34.28940, 5.75],
          [133.14582, 34.28953, 5.25],
          [133.14609, 34.28972, 5.25],
          [133.14619, 34.28984, 5.25],
          [133.14622, 34.28987, 5.25],
          [133.14625, 34.28994, 5.25],
          [133.14630, 34.28997, 5.0],
          [133.14647, 34.29001, 4.75],
          [133.14644, 34.29033, 6.0],
          [133.14644, 34.29048, 6.5],
          [133.14645, 34.29058, 6.75],
          [133.14649, 34.29069, 6.75],
          [133.14655, 34.29082, 6.75],
          [133.14664, 34.29092, 6.5],
          [133.14678, 34.29111, 6.5],
          [133.14680, 34.29114, 6.5],
          [133.14684, 34.29122, 6.5],
          [133.14690, 34.29135, 6.75],
          [133.14693, 34.29146, 6.75],
          [133.14696, 34.29164, 7.0],
          [133.14709, 34.29258, 9.75],
          [133.14713, 34.29291, 11.5],
          [133.14719, 34.29321, 12.0],
          [133.14724, 34.29339, 12.75],
          [133.14729, 34.29355, 13.5],
          [133.14739, 34.29374, 13.0],
          [133.14748, 34.29391, 12.75],
          [133.14782, 34.29438, 12.25],
          [133.14794, 34.29456, 12.0],
          [133.14802, 34.29471, 12.0],
          [133.14805, 34.29477, 12.0],
          [133.14812, 34.29507, 11.75],
          [133.14816, 34.29524, 11.75],
          [133.14821, 34.29537, 11.0],
          [133.14839, 34.29566, 9.5],
          [133.14870, 34.29608, 7.25],
          [133.14884, 34.29629, 6.25],
          [133.14895, 34.29650, 5.25],
          [133.14914, 34.29702, 4.0],
          [133.14924, 34.29731, 3.5],
          [133.14926, 34.29745, 3.25],
          [133.14927, 34.29753, 3.0],
          [133.14926, 34.29767, 3.25],
          [133.14921, 34.29784, 3.25],
          [133.14918, 34.29793, 3.5],
          [133.14913, 34.29801, 3.5],
          [133.14908, 34.29810, 3.75],
          [133.14900, 34.29819, 4.0],
          [133.14873, 34.29845, 4.75],
          [133.14865, 34.29854, 5.0],
          [133.14901, 34.29876, 5.0],
          [133.14914, 34.29878, 4.75],
          [133.14937, 34.29880, 4.5],
          [133.14965, 34.29885, 4.5],
          [133.14980, 34.29887, 4.25],
          [133.15476, 34.29930, 0.75],
          [133.15503, 34.29929, 0.75],
          [133.15545, 34.29925, 0.5],
          [133.15559, 34.29923, 0.25],
          [133.15585, 34.29920, 0.25],
          [133.15592, 34.29919, 0.25],
          [133.15601, 34.29919, 0.5],
          [133.15637, 34.29929, 2.25],
          [133.15647, 34.29932, 2.75],
          [133.15633, 34.29951, 2.75],
          [133.15624, 34.29969, 3.0],
          [133.15622, 34.29972, 3.0],
          [133.15615, 34.29995, 3.25],
          [133.15614, 34.30001, 3.25],
          [133.15608, 34.30029, 2.5],
          [133.15607, 34.30037, 2.25],
          [133.15596, 34.30081, 0.75],
          [133.15589, 34.30106, 1.75],
          [133.15578, 34.30138, 3.25],
          [133.15576, 34.30143, 3.5],
          [133.15561, 34.30168, 5.0],
          [133.15551, 34.30183, 5.0],
          [133.15538, 34.30196, 5.5],
          [133.15523, 34.30209, 6.0],
          [133.15511, 34.30220, 6.25],
          [133.15467, 34.30257, 6.75],
          [133.15432, 34.30287, 8.0],
          [133.15430, 34.30290, 8.0],
          [133.15412, 34.30309, 8.0],
          [133.15400, 34.30326, 8.0],
          [133.15377, 34.30366, 8.25],
          [133.15374, 34.30373, 8.25],
          [133.15368, 34.30384, 8.0],
          [133.15358, 34.30400, 7.75],
          [133.15347, 34.30420, 7.25],
          [133.15339, 34.30434, 8.25],
          [133.15325, 34.30456, 10.25],
          [133.15303, 34.30490, 13.0],
          [133.15281, 34.30523, 15.75],
          [133.15277, 34.30530, 15.75],
          [133.15265, 34.30550, 14.75],
          [133.15263, 34.30554, 14.5],
          [133.15245, 34.30603, 13.5],
          [133.15237, 34.30628, 13.0],
          [133.15218, 34.30669, 12.0],
          [133.15212, 34.30690, 11.75],
          [133.15209, 34.30715, 11.25],
          [133.15210, 34.30728, 11.0],
          [133.15214, 34.30777, 10.0],
          [133.15224, 34.30850, 8.5],
          [133.15231, 34.30873, 8.0],
          [133.15245, 34.30898, 7.5],
          [133.15267, 34.30931, 6.5],
          [133.15276, 34.30948, 6.75],
          [133.15280, 34.30960, 7.0],
          [133.15281, 34.30979, 7.0],
          [133.15277, 34.30996, 6.5],
          [133.15275, 34.31003, 6.5],
          [133.15267, 34.31018, 5.75],
          [133.15263, 34.31025, 5.5],
          [133.15244, 34.31063, 4.0],
          [133.15238, 34.31077, 3.75],
          [133.15216, 34.31169, 4.75],
          [133.15209, 34.31191, 5.0],
          [133.15201, 34.31217, 5.0],
          [133.15193, 34.31237, 5.0],
          [133.15182, 34.31258, 4.75],
          [133.15155, 34.31292, 3.75],
          [133.15139, 34.31307, 3.75],
          [133.15128, 34.31315, 3.75],
          [133.15113, 34.31328, 3.75],
          [133.15092, 34.31352, 4.0],
          [133.15046, 34.31400, 4.25],
          [133.15042, 34.31404, 4.25],
          [133.14996, 34.31452, 6.0],
          [133.14980, 34.31469, 5.75],
          [133.14967, 34.31481, 5.5],
          [133.14948, 34.31502, 5.0],
          [133.14927, 34.31521, 4.0],
          [133.14923, 34.31525, 3.75],
          [133.14904, 34.31536, 3.5],
          [133.14872, 34.31560, 2.75],
          [133.14863, 34.31570, 2.75],
          [133.14855, 34.31584, 2.5],
          [133.14854, 34.31587, 2.5],
          [133.14851, 34.31596, 2.5],
          [133.14847, 34.31624, 2.5],
          [133.14842, 34.31667, 3.0],
          [133.14839, 34.31684, 3.5],
          [133.14835, 34.31699, 3.75],
          [133.14831, 34.31707, 3.75],
          [133.14825, 34.31716, 4.0],
          [133.14814, 34.31725, 4.0],
          [133.14810, 34.31727, 4.0],
          [133.14808, 34.31729, 4.0],
          [133.14789, 34.31740, 4.0],
          [133.14759, 34.31759, 3.75],
          [133.14724, 34.31782, 3.75],
          [133.14721, 34.31785, 3.75],
          [133.14668, 34.31813, 3.75],
          [133.14667, 34.31813, 3.75],
          [133.14634, 34.31834, 3.75],
          [133.14627, 34.31840, 3.75],
          [133.14621, 34.31847, 3.75],
          [133.14617, 34.31855, 3.75],
          [133.14610, 34.31887, 3.75],
          [133.14598, 34.31915, 3.75],
          [133.14586, 34.31937, 3.75],
          [133.14576, 34.31959, 3.5],
          [133.14570, 34.31978, 3.5],
          [133.14562, 34.32006, 3.5],
          [133.14555, 34.32023, 3.5],
          [133.14534, 34.32050, 3.5],
          [133.14525, 34.32059, 3.5],
          [133.14506, 34.32081, 3.5],
          [133.14490, 34.32100, 3.5],
          [133.14473, 34.32120, 3.5],
          [133.14464, 34.32128, 3.5],
          [133.14445, 34.32142, 3.5],
          [133.14397, 34.32176, 3.5],
          [133.14345, 34.32209, 3.25],
          [133.14330, 34.32221, 3.25],
          [133.14319, 34.32236, 3.25],
          [133.14317, 34.32251, 3.25],
          [133.14318, 34.32322, 3.25],
          [133.14317, 34.32342, 3.25],
          [133.14310, 34.32375, 3.25],
          [133.14293, 34.32428, 3.25],
          [133.14286, 34.32451, 3.25],
          [133.14277, 34.32467, 4.0],
          [133.14269, 34.32479, 4.5],
          [133.14260, 34.32498, 5.5],
          [133.14252, 34.32519, 5.25],
          [133.14231, 34.32581, 5.0],
          [133.14217, 34.32607, 5.0],
          [133.14195, 34.32640, 5.0],
          [133.14189, 34.32647, 4.75],
          [133.14168, 34.32675, 4.5],
          [133.14146, 34.32697, 5.25],
          [133.14130, 34.32712, 5.25],
          [133.14107, 34.32727, 4.75],
          [133.14088, 34.32738, 4.5],
          [133.14066, 34.32749, 4.5],
          [133.14032, 34.32761, 4.5],
          [133.13986, 34.32776, 4.5],
          [133.13959, 34.32786, 5.0],
          [133.13948, 34.32792, 5.0],
          [133.13940, 34.32799, 5.25],
          [133.13926, 34.32815, 5.0],
          [133.13909, 34.32838, 5.5],
          [133.13885, 34.32870, 7.75],
          [133.13863, 34.32901, 8.25],
          [133.13851, 34.32914, 7.75],
          [133.13834, 34.32929, 9.0],
          [133.13804, 34.32950, 11.5],
          [133.13770, 34.32976, 10.75],
          [133.13746, 34.32991, 8.25],
          [133.13715, 34.33007, 8.25],
          [133.13650, 34.33057, 5.5],
          [133.13638, 34.33067, 5.5],
          [133.13624, 34.33080, 5.25],
          [133.13581, 34.33122, 5.75],
          [133.13556, 34.33150, 6.0],
          [133.13553, 34.33153, 6.0],
          [133.13521, 34.33197, 8.0],
          [133.13514, 34.33208, 8.5],
          [133.13504, 34.33229, 9.0],
          [133.13488, 34.33275, 8.0],
          [133.13484, 34.33289, 7.25],
          [133.13483, 34.33297, 7.0],
          [133.13484, 34.33308, 6.75],
          [133.13501, 34.33347, 6.5],
          [133.13505, 34.33365, 6.75],
          [133.13502, 34.33376, 5.75],
          [133.13493, 34.33391, 4.5],
          [133.13481, 34.33407, 3.5],
          [133.13456, 34.33445, 3.5],
          [133.13450, 34.33452, 3.25],
          [133.13437, 34.33471, 2.75],
          [133.13435, 34.33478, 2.75],
          [133.13435, 34.33484, 2.75],
          [133.13445, 34.33527, 3.5],
          [133.13450, 34.33545, 3.75],
          [133.13452, 34.33551, 3.75],
          [133.13455, 34.33557, 4.0],
          [133.13464, 34.33566, 4.25],
          [133.13498, 34.33593, 4.75],
          [133.13520, 34.33605, 5.25],
          [133.13558, 34.33621, 5.75],
          [133.13585, 34.33632, 6.25],
          [133.13611, 34.33646, 5.75],
          [133.13651, 34.33679, 5.0],
          [133.13664, 34.33692, 4.5],
          [133.13675, 34.33700, 4.5],
          [133.13693, 34.33719, 4.5],
          [133.13710, 34.33749, 4.0],
          [133.13722, 34.33766, 3.75],
          [133.13729, 34.33777, 3.5],
          [133.13753, 34.33803, 3.5],
          [133.13764, 34.33811, 4.0],
          [133.13767, 34.33813, 4.0],
          [133.13773, 34.33818, 4.25],
          [133.13790, 34.33825, 4.75],
          [133.13801, 34.33827, 5.0],
          [133.13845, 34.33827, 7.0],
          [133.13868, 34.33830, 7.5],
          [133.13888, 34.33837, 7.75],
          [133.13912, 34.33850, 7.75],
          [133.13951, 34.33877, 8.0],
          [133.13969, 34.33889, 7.75],
          [133.13984, 34.33894, 7.75],
          [133.14005, 34.33900, 8.0],
          [133.14025, 34.33902, 8.0],
          [133.14044, 34.33903, 8.0],
          [133.14062, 34.33908, 7.75],
          [133.14073, 34.33913, 7.25],
          [133.14089, 34.33922, 6.75],
          [133.14105, 34.33934, 6.75],
          [133.14115, 34.33943, 6.75],
          [133.14119, 34.33948, 6.75],
          [133.14135, 34.33964, 6.5],
          [133.14151, 34.33984, 6.25],
          [133.14155, 34.33992, 6.0],
          [133.14158, 34.33996, 6.0],
          [133.14174, 34.34019, 5.25],
          [133.14203, 34.34013, 5.25],
          [133.14218, 34.34011, 5.25],
          [133.14265, 34.34011, 5.0],
          [133.14287, 34.34013, 5.25],
          [133.14300, 34.34017, 5.5],
          [133.14312, 34.34023, 5.5],
          [133.14325, 34.34033, 5.75],
          [133.14335, 34.34043, 6.0],
          [133.14350, 34.34061, 6.25],
          [133.14358, 34.34068, 6.25],
          [133.14378, 34.34083, 6.0],
          [133.14399, 34.34100, 6.5],
          [133.14406, 34.34112, 7.0],
          [133.14409, 34.34116, 7.25],
          [133.14424, 34.34132, 7.25],
          [133.14458, 34.34153, 6.25],
          [133.14472, 34.34160, 5.5],
          [133.14502, 34.34175, 4.0],
          [133.14507, 34.34179, 4.0],
          [133.14535, 34.34197, 4.0],
          [133.14591, 34.34232, 3.0],
          [133.14595, 34.34233, 3.0],
          [133.14593, 34.34235, 3.0],
          [133.14581, 34.34269, 3.25],
          [133.14569, 34.34318, 4.75],
          [133.14582, 34.34328, 4.0],
          [133.14586, 34.34331, 3.75],
          [133.14592, 34.34336, 3.75],
          [133.14597, 34.34340, 3.75],
          [133.14602, 34.34344, 3.5],
          [133.14622, 34.34359, 3.25],
          [133.14628, 34.34366, 3.25],
          [133.14634, 34.34377, 3.0],
          [133.14644, 34.34402, 3.0],
          [133.14664, 34.34447, 3.25],
          [133.14667, 34.34452, 3.5],
          [133.14679, 34.34465, 5.0],
          [133.14684, 34.34472, 5.5],
          [133.14696, 34.34480, 7.0],
          [133.14708, 34.34487, 8.5],
          [133.14724, 34.34499, 10.25],
          [133.14728, 34.34506, 10.0],
          [133.14728, 34.34515, 9.5],
          [133.14727, 34.34528, 8.25],
          [133.14725, 34.34546, 6.75],
          [133.14729, 34.34556, 6.25],
          [133.14749, 34.34580, 5.0],
          [133.14754, 34.34587, 4.75],
          [133.14757, 34.34593, 4.25],
          [133.14766, 34.34604, 3.75],
          [133.14817, 34.34662, 1.0],
          [133.14865, 34.34710, 1.5],
          [133.14871, 34.34718, 1.75],
          [133.14913, 34.34766, 1.5],
          [133.14949, 34.34801, 0.75],
          [133.14955, 34.34811, 0.75],
          [133.14958, 34.34823, 0.75],
          [133.14959, 34.34836, 1.0],
          [133.14957, 34.34845, 1.25],
          [133.14953, 34.34858, 1.75],
          [133.14930, 34.34911, 3.0],
          [133.14928, 34.34919, 3.25],
          [133.14928, 34.34926, 3.25],
          [133.14928, 34.34931, 3.25],
          [133.14928, 34.34933, 3.25],
          [133.14934, 34.34952, 3.25],
          [133.14945, 34.34968, 3.25],
          [133.14958, 34.34982, 3.5],
          [133.14996, 34.35018, 3.75],
          [133.15002, 34.35028, 4.0],
          [133.15006, 34.35039, 4.25],
          [133.15010, 34.35057, 4.25],
          [133.15012, 34.35066, 4.0],
          [133.15012, 34.35078, 4.0],
          [133.15015, 34.35102, 4.25],
          [133.15020, 34.35118, 4.75],
          [133.15031, 34.35131, 5.0],
          [133.15055, 34.35153, 5.5],
          [133.15149, 34.35208, 7.75],
          [133.15165, 34.35224, 8.25],
          [133.15187, 34.35257, 8.75],
          [133.15203, 34.35276, 8.75],
          [133.15237, 34.35321, 6.75],
          [133.15245, 34.35336, 5.75],
          [133.15251, 34.35353, 5.25],
          [133.15267, 34.35409, 3.75],
          [133.15282, 34.35456, 2.25],
          [133.15290, 34.35482, 1.0],
          [133.15297, 34.35494, 0.5],
          [133.15307, 34.35504, 0.0],
          [133.15324, 34.35513, 0.0],
          [133.15339, 34.35515, -0.25],
          [133.15353, 34.35515, -0.25],
          [133.15379, 34.35514, -0.5],
          [133.15420, 34.35502, -0.75],
          [133.15527, 34.35479, 3.0],
          [133.15540, 34.35477, 4.0],
          [133.15555, 34.35476, 5.25],
          [133.15568, 34.35476, 6.0],
          [133.15580, 34.35479, 6.5],
          [133.15596, 34.35485, 6.0],
          [133.15602, 34.35488, 5.75],
          [133.15635, 34.35510, 4.75],
          [133.15682, 34.35543, 6.0],
          [133.15704, 34.35563, 5.25],
          [133.15714, 34.35580, 4.5],
          [133.15720, 34.35598, 4.25],
          [133.15721, 34.35612, 4.0],
          [133.15721, 34.35673, 3.25],
          [133.15724, 34.35686, 3.0],
          [133.15730, 34.35695, 2.75],
          [133.15736, 34.35703, 2.75],
          [133.15750, 34.35713, 2.5],
          [133.15763, 34.35720, 2.25],
          [133.15781, 34.35724, 2.25],
          [133.15898, 34.35745, 3.0],
          [133.15931, 34.35751, 3.25],
          [133.15948, 34.35752, 3.25],
          [133.15958, 34.35751, 3.25],
          [133.15968, 34.35749, 3.5],
          [133.15979, 34.35745, 3.5],
          [133.16065, 34.35694, 4.25],
          [133.16108, 34.35669, 5.75],
          [133.16131, 34.35662, 6.75],
          [133.16145, 34.35661, 7.0],
          [133.16157, 34.35661, 6.75],
          [133.16171, 34.35664, 6.5],
          [133.16190, 34.35670, 6.5],
          [133.16203, 34.35676, 6.75],
          [133.16238, 34.35707, 6.75],
          [133.16273, 34.35740, 6.75],
          [133.16287, 34.35751, 6.75],
          [133.16304, 34.35760, 6.75],
          [133.16327, 34.35763, 6.75],
          [133.16346, 34.35762, 6.75],
          [133.16382, 34.35755, 6.75],
          [133.16414, 34.35752, 6.75],
          [133.16480, 34.35752, 6.75],
          [133.16495, 34.35750, 6.75],
          [133.16531, 34.35743, 6.75],
          [133.16553, 34.35738, 6.75],
          [133.16594, 34.35716, 11.75],
          [133.16639, 34.35681, 12.5],
          [133.16659, 34.35665, 10.5],
          [133.16680, 34.35649, 9.75],
          [133.16700, 34.35637, 10.5],
          [133.16725, 34.35624, 11.25],
          [133.16742, 34.35618, 12.0],
          [133.16771, 34.35613, 11.75],
          [133.16793, 34.35612, 11.0],
          [133.16815, 34.35613, 10.0],
          [133.16881, 34.35621, 10.5],
          [133.16896, 34.35622, 11.25],
          [133.16911, 34.35621, 12.0],
          [133.16931, 34.35619, 12.75],
          [133.16966, 34.35610, 14.5],
          [133.16977, 34.35605, 15.0],
          [133.16989, 34.35600, 15.5],
          [133.17000, 34.35593, 16.25],
          [133.17028, 34.35571, 19.0],
          [133.17043, 34.35557, 20.5],
          [133.17058, 34.35537, 21.5],
          [133.17134, 34.35424, 34.25],
          [133.17148, 34.35403, 37.5],
          [133.17154, 34.35405, 38.0],
          [133.17159, 34.35408, 38.5],
          [133.17162, 34.35412, 38.5],
          [133.17162, 34.35419, 38.25],
          [133.17144, 34.35441, 35.25],
          [133.17140, 34.35451, 34.5],
          [133.17143, 34.35463, 34.5],
          [133.17150, 34.35469, 35.5],
          [133.17156, 34.35478, 36.25],
          [133.17155, 34.35489, 35.75],
          [133.17143, 34.35497, 33.5],
          [133.17137, 34.35504, 32.0],
          [133.17135, 34.35516, 31.0],
          [133.17140, 34.35529, 30.75],
          [133.17140, 34.35539, 30.25],
          [133.17134, 34.35548, 28.75],
          [133.17121, 34.35555, 26.25],
          [133.17114, 34.35556, 25.25],
          [133.17103, 34.35559, 23.5],
          [133.17098, 34.35565, 22.5],
          [133.17096, 34.35572, 22.0],
          [133.17100, 34.35577, 22.25],
          [133.17106, 34.35582, 23.0],
          [133.17117, 34.35582, 24.5],
          [133.17121, 34.35581, 25.0],
          [133.17124, 34.35579, 25.5],
          [133.17135, 34.35565, 27.75],
          [133.17149, 34.35556, 30.5],
          [133.17156, 34.35550, 32.0],
          [133.17159, 34.35546, 32.75],
          [133.17161, 34.35538, 34.0],
          [133.17161, 34.35528, 34.75],
          [133.17158, 34.35521, 34.5],
          [133.17157, 34.35513, 35.0],
          [133.17160, 34.35506, 36.25],
          [133.17164, 34.35501, 37.25],
          [133.17172, 34.35498, 38.25],
          [133.17181, 34.35497, 38.5],
          [133.17192, 34.35498, 39.0],
          [133.17201, 34.35498, 39.25],
          [133.17212, 34.35492, 40.25],
          [133.17217, 34.35485, 41.25],
          [133.17219, 34.35477, 42.25],
          [133.17218, 34.35468, 43.25],
          [133.17216, 34.35464, 43.5],
          [133.17212, 34.35461, 43.25],
          [133.17194, 34.35450, 42.0],
          [133.17189, 34.35444, 41.75],
          [133.17186, 34.35437, 41.75],
          [133.17185, 34.35428, 41.75],
          [133.17190, 34.35418, 43.25],
          [133.17199, 34.35404, 45.25],
          [133.17210, 34.35391, 46.5],
          [133.17229, 34.35362, 47.75],
          [133.17238, 34.35351, 47.75],
          [133.17248, 34.35344, 47.75],
          [133.17259, 34.35341, 50.0],
          [133.17270, 34.35341, 52.75],
          [133.17279, 34.35344, 55.0],
          [133.17287, 34.35348, 56.5],
          [133.17291, 34.35355, 57.0],
          [133.17305, 34.35384, 56.5],
          [133.17311, 34.35389, 56.25],
          [133.17323, 34.35395, 56.0],
          [133.17343, 34.35398, 55.5],
          [133.17349, 34.35401, 55.0],
          [133.17365, 34.35423, 49.75],
          [133.17369, 34.35435, 46.0],
          [133.17408, 34.35453, 41.75],
          [133.17413, 34.35455, 41.5],
          [133.18489, 34.35917, 23.5],
          [133.18473, 34.35920, 20.0],
          [133.18460, 34.35925, 19.75],
          [133.18335, 34.35978, 18.5],
          [133.18322, 34.35986, 18.5],
          [133.18314, 34.35993, 18.25],
          [133.18308, 34.36000, 18.25],
          [133.18304, 34.36009, 18.0],
          [133.18304, 34.36019, 18.0],
          [133.18309, 34.36116, 17.0],
          [133.18287, 34.36288, 15.25],
          [133.18283, 34.36304, 15.0],
          [133.18276, 34.36321, 14.75],
          [133.18224, 34.36390, 14.0],
          [133.18216, 34.36398, 13.75],
          [133.18206, 34.36403, 13.75],
          [133.18197, 34.36406, 13.75],
          [133.18143, 34.36414, 13.25],
          [133.18128, 34.36421, 13.0],
          [133.18101, 34.36446, 12.75],
          [133.18093, 34.36452, 12.5],
          [133.18087, 34.36455, 12.5],
          [133.18080, 34.36458, 12.5],
          [133.18070, 34.36458, 12.5],
          [133.18033, 34.36453, 12.0],
          [133.18023, 34.36453, 12.0],
          [133.18011, 34.36457, 12.0],
          [133.18000, 34.36465, 11.75],
          [133.17984, 34.36483, 11.5],
          [133.17972, 34.36497, 11.25],
          [133.17962, 34.36504, 11.25],
          [133.17902, 34.36526, 10.75],
          [133.17870, 34.36535, 10.25],
          [133.17858, 34.36537, 10.25],
          [133.17835, 34.36539, 10.0],
          [133.17801, 34.36542, 9.75],
          [133.17782, 34.36542, 9.5],
          [133.17684, 34.36543, 8.75],
          [133.17668, 34.36546, 8.5],
          [133.17658, 34.36549, 8.5],
          [133.17648, 34.36555, 8.5],
          [133.17640, 34.36562, 8.25],
          [133.17632, 34.36574, 8.25],
          [133.17618, 34.36624, 7.75],
          [133.17611, 34.36634, 7.5],
          [133.17595, 34.36648, 7.25],
          [133.17492, 34.36705, 6.25],
          [133.17483, 34.36712, 6.0],
          [133.17477, 34.36720, 6.0],
          [133.17474, 34.36726, 6.0],
          [133.17471, 34.36734, 5.75],
          [133.17470, 34.36744, 5.75],
          [133.17473, 34.36757, 5.75],
          [133.17483, 34.36778, 5.5],
          [133.17493, 34.36797, 5.25],
          [133.17500, 34.36812, 5.0],
          [133.17504, 34.36824, 5.0],
          [133.17507, 34.36835, 4.75],
          [133.17509, 34.36848, 4.75],
          [133.17513, 34.36930, 3.75],
          [133.17515, 34.36940, 3.75],
          [133.17520, 34.36956, 3.5],
          [133.17534, 34.36974, 3.25],
          [133.17558, 34.36996, 3.0],
          [133.17574, 34.37009, 2.75],
          [133.17604, 34.37034, 2.5],
          [133.17656, 34.37077, 1.75],
          [133.17662, 34.37085, 1.75],
          [133.17666, 34.37095, 1.5],
          [133.17666, 34.37112, 1.5],
          [133.17665, 34.37120, 1.5],
          [133.17657, 34.37140, 1.75],
          [133.17637, 34.37189, 2.0],
          [133.17615, 34.37249, 2.5],
          [133.17610, 34.37266, 2.75],
          [133.17606, 34.37281, 2.75],
          [133.17588, 34.37289, 3.0],
          [133.17549, 34.37309, 3.5],
          [133.17527, 34.37324, 4.0],
          [133.17524, 34.37327, 4.0],
          [133.17515, 34.37335, 4.0],
          [133.17459, 34.37391, 4.75],
          [133.17440, 34.37412, 5.0],
          [133.17424, 34.37435, 5.25],
          [133.17420, 34.37444, 5.0],
          [133.17410, 34.37476, 5.0],
          [133.17401, 34.37510, 5.0],
          [133.17401, 34.37524, 5.0],
          [133.17403, 34.37548, 4.75],
          [133.17422, 34.37625, 4.5],
          [133.17424, 34.37656, 4.5],
          [133.17433, 34.37708, 4.25],
          [133.17429, 34.37725, 4.25],
          [133.17418, 34.37742, 4.25],
          [133.17413, 34.37748, 4.25],
          [133.17402, 34.37771, 4.25],
          [133.17401, 34.37786, 4.25],
          [133.17411, 34.37911, 3.75],
          [133.17412, 34.37946, 3.75],
          [133.17413, 34.37975, 3.75],
          [133.17412, 34.37992, 3.5],
          [133.17406, 34.38012, 3.5],
          [133.17405, 34.38020, 3.5],
          [133.17406, 34.38028, 3.5],
          [133.17418, 34.38068, 3.25],
          [133.17420, 34.38076, 3.5],
          [133.17419, 34.38082, 3.25],
          [133.17414, 34.38092, 3.25],
          [133.17378, 34.38129, 3.0],
          [133.17320, 34.38198, 2.5],
          [133.17313, 34.38207, 2.25],
          [133.17310, 34.38218, 2.25],
          [133.17310, 34.38233, 2.25],
          [133.17312, 34.38271, 2.0],
          [133.17298, 34.38378, 1.25],
          [133.17292, 34.38401, 1.0],
          [133.17277, 34.38433, 1.0],
          [133.17268, 34.38448, 1.0],
          [133.17266, 34.38454, 1.5],
          [133.17267, 34.38462, 1.75],
          [133.17270, 34.38466, 2.0],
          [133.17276, 34.38469, 2.25],
          [133.17284, 34.38470, 2.25],
          [133.17325, 34.38475, 2.5],
          [133.17348, 34.38480, 2.75],
          [133.17359, 34.38482, 2.75],
          [133.17367, 34.38485, 3.0],
          [133.17375, 34.38489, 3.0],
          [133.17387, 34.38495, 3.0],
          [133.17402, 34.38506, 3.0],
          [133.17463, 34.38559, 3.5],
          [133.17473, 34.38566, 3.5],
          [133.17481, 34.38571, 3.25],
          [133.17501, 34.38583, 2.75],
          [133.17516, 34.38590, 2.5],
          [133.17592, 34.38623, 1.75],
          [133.17730, 34.38684, 5.25],
          [133.17759, 34.38698, 6.75],
          [133.17769, 34.38703, 7.5],
          [133.17780, 34.38710, 8.0],
          [133.17795, 34.38723, 8.75],
          [133.17873, 34.38803, 9.5],
          [133.17890, 34.38819, 9.0],
          [133.17909, 34.38831, 8.0],
          [133.17924, 34.38839, 8.25],
          [133.17943, 34.38845, 8.5],
          [133.18009, 34.38863, 8.25],
          [133.18035, 34.38871, 8.0],
          [133.18114, 34.38892, 5.5],
          [133.18193, 34.38914, 4.25],
          [133.18250, 34.38930, 6.5],
          [133.18277, 34.38939, 6.75],
          [133.18308, 34.38951, 6.75],
          [133.18335, 34.38964, 6.5],
          [133.18357, 34.38976, 6.25],
          [133.18394, 34.39001, 4.0],
          [133.18414, 34.39016, 3.75],
          [133.18424, 34.39025, 4.25],
          [133.18441, 34.39041, 5.0],
          [133.18460, 34.39064, 5.5],
          [133.18500, 34.39108, 6.25],
          [133.18515, 34.39125, 6.5],
          [133.18528, 34.39137, 6.75],
          [133.18549, 34.39155, 7.0],
          [133.18610, 34.39192, 7.75],
          [133.18711, 34.39254, 5.5],
          [133.18716, 34.39258, 5.5],
          [133.18784, 34.39299, 4.25],
          [133.18801, 34.39307, 3.75],
          [133.18822, 34.39315, 3.0],
          [133.18839, 34.39321, 2.25],
          [133.18851, 34.39325, 2.25],
          [133.18954, 34.39354, 3.25],
          [133.18984, 34.39362, 3.75],
          [133.18986, 34.39363, 3.75],
          [133.19014, 34.39370, 4.25],
          [133.19033, 34.39377, 4.5],
          [133.19070, 34.39387, 4.5],
          [133.19073, 34.39388, 4.5],
          [133.19095, 34.39393, 4.75],
          [133.19100, 34.39394, 4.75],
          [133.19106, 34.39396, 4.75],
          [133.19164, 34.39413, 5.75],
          [133.19205, 34.39424, 5.0],
          [133.19218, 34.39428, 4.75],
          [133.19224, 34.39430, 4.75],
          [133.19232, 34.39432, 4.5],
          [133.19324, 34.39458, 4.0],
          [133.19350, 34.39466, 4.0],
          [133.19391, 34.39478, 4.0],
          [133.19439, 34.39491, 4.0],
          [133.19440, 34.39492, 4.0],
          [133.19465, 34.39499, 4.0],
          [133.19468, 34.39500, 4.0],
          [133.19479, 34.39503, 4.0],
          [133.19533, 34.39518, 4.5],
          [133.19568, 34.39528, 4.75],
          [133.19585, 34.39533, 5.0],
          [133.19598, 34.39537, 5.0],
          [133.19711, 34.39569, 5.0],
          [133.19777, 34.39589, 4.25],
          [133.19787, 34.39592, 4.25],
          [133.19801, 34.39595, 4.0],
          [133.19817, 34.39601, 3.75],
          [133.19850, 34.39610, 4.5],
          [133.19951, 34.39639, 7.5],
          [133.19983, 34.39648, 6.5],
          [133.20008, 34.39655, 5.75],
          [133.20020, 34.39658, 5.75],
          [133.20125, 34.39696, 6.75],
          [133.20119, 34.39742, 5.75],
          [133.20116, 34.39755, 5.75],
          [133.20114, 34.39761, 5.75],
          [133.20108, 34.39787, 5.5],
          [133.20105, 34.39814, 5.5],
          [133.20104, 34.39829, 5.5],
          [133.20105, 34.39837, 5.75],
          [133.20111, 34.39871, 7.25],
          [133.20112, 34.39878, 7.5],
          [133.20112, 34.39885, 7.75],
          [133.20109, 34.39933, 9.75],
          [133.20105, 34.39970, 12.0],
          [133.20104, 34.39984, 12.75],
          [133.20104, 34.39996, 13.5],
          [133.20106, 34.40005, 13.5],
          [133.20114, 34.40028, 12.75],
          [133.20117, 34.40035, 12.25],
          [133.20123, 34.40045, 11.75],
          [133.20128, 34.40051, 11.5],
          [133.20143, 34.40066, 10.0],
          [133.20167, 34.40087, 8.0],
          [133.20178, 34.40097, 8.25],
          [133.20192, 34.40108, 8.0],
          [133.20215, 34.40123, 7.25],
          [133.20239, 34.40138, 6.0],
          [133.20265, 34.40165, 5.0],
          [133.20279, 34.40184, 5.75],
          [133.20299, 34.40213, 6.25],
          [133.20307, 34.40219, 6.25],
          [133.20314, 34.40222, 6.25],
          [133.20313, 34.40231, 6.5],
          [133.20311, 34.40244, 6.75],
          [133.20308, 34.40277, 7.25],
          [133.20308, 34.40284, 7.25],
          [133.20302, 34.40333, 8.0],
          [133.20293, 34.40387, 7.75],
          [133.20283, 34.40411, 8.0],
          [133.20271, 34.40428, 7.75],
          [133.20267, 34.40432, 7.5],
          [133.20304, 34.40456, 5.0],
          [133.20299, 34.40467, 4.5],
          [133.20285, 34.40489, 4.5],
          [133.20276, 34.40503, 4.75],
          [133.20267, 34.40517, 4.75],
          [133.20210, 34.40599, 5.5],
          [133.20198, 34.40614, 5.75],
          [133.20185, 34.40628, 5.75],
          [133.20166, 34.40643, 6.0],
          [133.20148, 34.40652, 6.0],
          [133.20125, 34.40659, 6.25],
          [133.20078, 34.40665, 6.5],
          [133.20066, 34.40669, 6.75],
          [133.20058, 34.40683, 6.75],
          [133.20051, 34.40695, 7.0],
          [133.20048, 34.40701, 7.25],
          [133.20043, 34.40697, 7.25],
          [133.20037, 34.40694, 7.25],
          [133.19976, 34.40669, 6.75],
          [133.19888, 34.40634, 6.0],
          [133.19834, 34.40615, 5.5],
          [133.19762, 34.40589, 5.0],
          [133.19736, 34.40579, 4.75],
          [133.19656, 34.40552, 4.0],
          [133.19607, 34.40535, 3.75],
          [133.19602, 34.40533, 3.75],
          [133.19597, 34.40531, 3.5],
          [133.19592, 34.40528, 3.5],
          [133.19570, 34.40512, 4.0],
          [133.19558, 34.40497, 4.5],
          [133.19544, 34.40498, 4.75],
          [133.19482, 34.40481, 6.25],
          [133.19481, 34.40484, 6.25],
          [133.19474, 34.40501, 7.25],
          [133.19467, 34.40515, 9.0],
          [133.19464, 34.40519, 9.5],
          [133.19503, 34.40554, 10.5],
          [133.19512, 34.40562, 10.5],
          [133.19508, 34.40566, 11.0],
          [133.19503, 34.40571, 11.75],
          [133.19498, 34.40575, 12.5],
          [133.19494, 34.40580, 13.25],
          [133.19472, 34.40569, 14.25],
          [133.19459, 34.40564, 15.0],
          [133.19431, 34.40555, 16.0],
          [133.19394, 34.40544, 14.75],
          [133.19361, 34.40539, 13.25],
          [133.19346, 34.40539, 12.75],
          [133.19306, 34.40539, 11.25],
          [133.19301, 34.40539, 11.0],
          [133.19280, 34.40542, 10.0],
          [133.19250, 34.40505, 6.25],
          [133.19246, 34.40500, 5.75],
          [133.19230, 34.40486, 7.0],
          [133.19196, 34.40474, 7.5],
          [133.19133, 34.40457, 7.25],
          [133.19103, 34.40449, 6.75],
          [133.19026, 34.40434, 7.0],
          [133.19019, 34.40458, 6.25],
          [133.19013, 34.40478, 5.5],
          [133.19012, 34.40482, 5.0]
        ]
      }
    }
  ]
}
