{
  "type": "FeatureCollection",
  "features": [
    {
      "type": "Feature",
      "properties": {
        "creator": "BRouter-1.7.10",
        "name": "brouter_fastbike-asia-pacific_0",
        "track-length": "46512",
        "filtered ascend": "55",
        "plain-ascend": "23",
        "total-time": "8243",
        "total-energy": "823248",
        "cost": "61726",
        "messages": [
          ["Longitude", "Latitude", "Elevation", "Distance", "CostPerKm", "ElevCost", "TurnCost", "NodeCost", "InitialCost", "WayTags", "NodeTags", "Time", "Energy"],
          ["132996323", "34066053", "14", "252", "1100", "0", "95", "0", "0", "highway=unclassified", "estimated_crossing_class=3", "52", "5266"],
          ["132996244", "34066121", "13", "10", "1100", "0", "0", "0", "0", "highway=unclassified", "estimated_crossing_class=5", "55", "5565"],
          ["132996161", "34066184", "12", "10", "1100", "0", "0", "0", "0", "highway=unclassified", "estimated_crossing_class=3", "57", "5799"],
          ["132994882", "34067167", "6", "161", "1100", "0", "0", "20", "0", "highway=unclassified", "highway=traffic_signals traffic_signals=signal", "79", "7918"],
          ["132988395", "34061381", "8", "879", "1100", "0", "89", "0", "0", "highway=unclassified", "", "222", "22258"],
          ["132983673", "34060898", "9", "612", "1100", "0", "84", "0", "0", "reversedirection=yes highway=unclassified", "estimated_crossing_class=4", "328", "32837"],
          ["132983370", "34060980", "12", "29", "1290", "0", "26", "0", "0", "highway=primary surface=asphalt estimated_traffic_class=5", "estimated_crossing_class=5", "334", "33432"],
          ["132982064", "34061092", "14", "122", "1290", "0", "0", "0", "0", "highway=primary surface=asphalt estimated_traffic_class=5", "estimated_crossing_class=5", "367", "36737"],
          ["132981294", "34061240", "13", "73", "1290", "0", "1", "0", "0", "highway=primary surface=asphalt estimated_traffic_class=5", "estimated_crossing_class=5", "384", "38426"],
          ["132980946", "34061223", "12", "32", "1290", "0", "0", "0", "0", "highway=primary surface=asphalt estimated_traffic_class=5", "estimated_crossing_class=5", "391", "39184"],
          ["132979787", "34060974", "8", "111", "1290", "0", "1", "0", "0", "highway=primary surface=asphalt estimated_traffic_class=5", "estimated_crossing_class=5", "404", "40468"],
          ["132978919", "34060801", "10", "82", "1290", "0", "0", "0", "0", "highway=primary surface=asphalt estimated_traffic_class=5", "estimated_crossing_class=5", "420", "42020"],
          ["132978551", "34060728", "10", "35", "1290", "0", "0", "0", "0", "highway=primary surface=asphalt estimated_traffic_class=5", "estimated_crossing_class=5", "426", "42684"],
          ["132977074", "34060470", "10", "139", "1290", "0", "0", "0", "0", "highway=primary surface=asphalt estimated_traffic_class=5", "estimated_crossing_class=5", "449", "44977"],
          ["132976722", "34060424", "10", "33", "1290", "0", "0", "0", "0", "highway=primary surface=asphalt estimated_traffic_class=5", "estimated_crossing_class=5", "455", "45560"],
          ["132976686", "34060419", "10", "3", "1290", "0", "0", "0", "0", "highway=primary surface=asphalt estimated_traffic_class=5", "estimated_crossing_class=5", "456", "45613"],
          ["132975971", "34060314", "10", "67", "1290", "0", "0", "0", "0", "highway=primary surface=asphalt estimated_traffic_class=5", "estimated_crossing_class=5", "467", "46717"],
          ["132975180", "34060222", "10", "74", "1290", "0", "0", "20", "0", "highway=primary surface=asphalt estimated_traffic_class=5", "highway=traffic_signals traffic_signals=signal", "480", "48073"],
          ["132974235", "34060362", "9", "89", "1290", "0", "3", "0", "0", "highway=primary surface=asphalt estimated_traffic_class=5", "estimated_crossing_class=5", "494", "49437"],
          ["132974197", "34060376", "9", "4", "1290", "0", "0", "0", "0", "highway=primary surface=asphalt estimated_traffic_class=5", "estimated_crossing_class=5", "494", "49490"],
          ["132973928", "34060472", "9", "27", "1290", "0", "0", "0", "0", "highway=primary surface=asphalt estimated_traffic_class=5", "estimated_crossing_class=5", "498", "49862"],
          ["132973755", "34060532", "9", "17", "1290", "0", "0", "0", "0", "highway=primary surface=asphalt estimated_traffic_class=5", "estimated_crossing_class=5", "500", "50106"],
          ["132973400", "34060660", "8", "36", "1290", "0", "0", "0", "0", "highway=primary surface=asphalt estimated_traffic_class=5", "estimated_crossing_class=5", "506", "50613"],
          ["132973272", "34060695", "8", "12", "1290", "0", "0", "0", "0", "highway=primary surface=asphalt estimated_traffic_class=5", "estimated_crossing_class=5", "507", "50778"],
          ["132972952", "34060795", "8", "32", "1290", "0", "0", "0", "0", "highway=primary surface=asphalt estimated_traffic_class=5", "estimated_crossing_class=5", "511", "51193"],
          ["132972839", "34060830", "8", "11", "1290", "0", "0", "0", "0", "highway=primary surface=asphalt estimated_traffic_class=5", "estimated_crossing_class=5", "513", "51342"],
          ["132972501", "34060936", "8", "33", "1290", "0", "0", "0", "0", "highway=primary surface=asphalt estimated_traffic_class=5", "estimated_crossing_class=5", "518", "51832"],
          ["132972195", "34061031", "9", "30", "1290", "0", "0", "0", "0", "highway=primary surface=asphalt estimated_traffic_class=5", "estimated_crossing_class=0", "524", "52415"],
          ["132972074", "34061071", "9", "12", "1290", "0", "0", "20", "0", "highway=primary surface=asphalt estimated_traffic_class=5", "highway=traffic_signals estimated_crossing_class=0 traffic_signals=signal", "526", "52657"],
          ["132971886", "34061099", "9", "18", "1290", "0", "2", "0", "0", "highway=primary surface=asphalt estimated_traffic_class=5", "estimated_crossing_class=0", "530", "53034"],
          ["132971495", "34061154", "10", "37", "1290", "0", "0", "0", "0", "highway=primary surface=asphalt estimated_traffic_class=5", "estimated_crossing_class=5", "538", "53862"],
          ["132970914", "34061267", "10", "55", "1290", "0", "0", "0", "0", "highway=primary surface=asphalt estimated_traffic_class=5", "estimated_crossing_class=5", "549", "54969"],
          ["132970672", "34061327", "10", "23", "1290", "0", "0", "0", "0", "highway=primary surface=asphalt estimated_traffic_class=5", "estimated_crossing_class=5", "554", "55433"],
          ["132970068", "34061478", "11", "58", "1290", "0", "0", "0", "0", "highway=primary surface=asphalt estimated_traffic_class=5", "estimated_crossing_class=5", "568", "56871"],
          ["132969724", "34061588", "12", "34", "1290", "0", "0", "0", "0", "highway=primary surface=asphalt estimated_traffic_class=5", "estimated_crossing_class=5", "576", "57692"],
          ["132968490", "34061973", "13", "122", "1290", "0", "0", "0", "0", "highway=primary surface=asphalt estimated_traffic_class=5", "estimated_crossing_class=5", "606", "60681"],
          ["132967574", "34062256", "14", "90", "1290", "0", "0", "0", "0", "highway=primary surface=asphalt estimated_traffic_class=5", "estimated_crossing_class=5", "625", "62551"],
          ["132967516", "34062276", "14", "6", "1290", "0", "0", "0", "0", "highway=primary surface=asphalt estimated_traffic_class=5", "estimated_crossing_class=5", "626", "62675"],
          ["132966455", "34062506", "15", "101", "1290", "0", "1", "0", "0", "highway=primary surface=asphalt estimated_traffic_class=5", "estimated_crossing_class=5", "649", "64970"],
          ["132966303", "34062547", "15", "15", "1290", "0", "0", "0", "0", "highway=primary surface=asphalt estimated_traffic_class=5", "estimated_crossing_class=5", "652", "65247"],
          ["132965101", "34062892", "12", "117", "1290", "0", "0", "0", "0", "highway=primary surface=asphalt estimated_traffic_class=5", "estimated_crossing_class=5", "667", "66735"],
          ["132964787", "34062978", "12", "31", "1290", "0", "0", "0", "0", "highway=primary surface=asphalt estimated_traffic_class=5", "estimated_crossing_class=5", "671", "67168"],
          ["132963988", "34063177", "13", "77", "1290", "0", "0", "0", "0", "highway=primary surface=asphalt estimated_traffic_class=5", "estimated_crossing_class=5", "686", "68628"],
          ["132963688", "34063264", "14", "29", "1290", "0", "0", "0", "0", "highway=primary surface=asphalt estimated_traffic_class=5", "estimated_crossing_class=5", "691", "69182"],
          ["132963508", "34063316", "14", "18", "1290", "0", "0", "0", "0", "highway=primary surface=asphalt estimated_traffic_class=5", "estimated_crossing_class=5", "695", "69517"],
          ["132963416", "34063340", "14", "9", "1290", "0", "0", "0", "0", "highway=primary surface=asphalt estimated_traffic_class=5", "estimated_crossing_class=5", "696", "69682"],
          ["132962846", "34063499", "14", "56", "1290", "0", "0", "0", "0", "highway=primary surface=asphalt estimated_traffic_class=5", "estimated_crossing_class=5", "708", "70862"],
          ["132962727", "34063535", "14", "12", "1290", "0", "0", "0", "0", "highway=primary surface=asphalt estimated_traffic_class=5", "estimated_crossing_class=5", "710", "71098"],
          ["132961771", "34063799", "15", "93", "1230", "0", "0", "0", "0", "reversedirection=yes highway=primary surface=asphalt estimated_traffic_class=3", "estimated_crossing_class=3", "728", "72898"],
          ["132960524", "34064114", "14", "120", "1230", "0", "0", "0", "0", "reversedirection=yes highway=primary surface=asphalt estimated_traffic_class=3", "estimated_crossing_class=3", "749", "74933"],
          ["132959732", "34064299", "16", "76", "1230", "0", "0", "0", "0", "reversedirection=yes highway=primary surface=asphalt estimated_traffic_class=3", "estimated_crossing_class=3", "766", "76652"],
          ["132959407", "34064376", "16", "31", "1230", "0", "0", "0", "0", "reversedirection=yes highway=primary surface=asphalt estimated_traffic_class=3", "estimated_crossing_class=3", "773", "77349"],
          ["132958294", "34064665", "17", "108", "1230", "0", "0", "0", "0", "reversedirection=yes highway=primary surface=asphalt estimated_traffic_class=3", "estimated_crossing_class=3", "796", "79648"],
          ["132950283", "34066959", "14", "790", "1000", "0", "13", "0", "0", "reversedirection=yes highway=tertiary surface=asphalt estimated_traffic_class=2", "", "924", "92501"],
          ["132950180", "34066870", "14", "14", "1000", "0", "0", "0", "0", "reversedirection=yes highway=tertiary surface=asphalt estimated_traffic_class=1", "", "927", "92737"],
          ["132942855", "34068052", "8", "716", "1500", "0", "96", "0", "0", "highway=trunk surface=asphalt oneway=yes", "", "1027", "102814"],
          ["132936302", "34066871", "3", "620", "1500", "0", "0", "0", "0", "reversedirection=yes highway=trunk surface=asphalt", "", "1120", "112039"],
          ["132931122", "34066690", "5", "491", "1100", "0", "16", "0", "0", "reversedirection=yes highway=unclassified", "", "1203", "120364"],
          ["132930714", "34065615", "7", "125", "1000", "0", "70", "0", "0", "highway=tertiary estimated_traffic_class=1", "estimated_crossing_class=1", "1231", "123184"],
          ["132930589", "34065309", "7", "36", "1100", "0", "0", "0", "0", "highway=secondary estimated_traffic_class=1", "estimated_crossing_class=1", "1239", "123954"],
          ["132930500", "34065105", "7", "24", "1100", "0", "0", "0", "0", "highway=secondary estimated_traffic_class=1", "estimated_crossing_class=1", "1244", "124467"],
          ["132930457", "34065007", "7", "12", "1100", "0", "0", "0", "0", "highway=secondary estimated_traffic_class=1", "estimated_crossing_class=1", "1246", "124713"],
          ["132929180", "34064026", "7", "190", "1100", "0", "46", "0", "0", "highway=secondary estimated_traffic_class=1", "estimated_crossing_class=1", "1281", "128123"],
          ["132927022", "34063095", "5", "228", "1100", "0", "3", "0", "0", "highway=secondary estimated_traffic_class=1", "estimated_crossing_class=1", "1313", "131367"],
          ["132924061", "34062804", "5", "277", "1100", "0", "1", "0", "0", "highway=unclassified", "railway=level_crossing", "1360", "136035"],
          ["132908675", "34062748", "5", "1491", "1100", "0", "48", "0", "0", "highway=unclassified", "", "1614", "161520"],
          ["132906692", "34063483", "9", "201", "1500", "0", "10", "0", "0", "highway=trunk", "", "1657", "165800"],
          ["132897290", "34063019", "5", "873", "1100", "0", "53", "0", "0", "reversedirection=yes highway=unclassified", "", "1800", "180097"],
          ["132888996", "34057389", "6", "999", "1500", "0", "33", "0", "0", "reversedirection=yes highway=trunk", "", "1987", "198732"],
          ["132884833", "34058004", "5", "396", "1100", "0", "36", "0", "0", "reversedirection=yes highway=unclassified", "", "2050", "205102"],
          ["132875945", "34055737", "5", "921", "1200", "192", "56", "0", "0", "reversedirection=yes highway=residential", "", "2251", "225137"],
          ["132875809", "34055691", "5", "14", "1100", "0", "0", "0", "0", "reversedirection=yes highway=unclassified", "", "2253", "225370"],
          ["132873732", "34054567", "5", "232", "1200", "0", "6", "0", "0", "reversedirection=yes highway=residential", "estimated_crossing_class=2", "2285", "228594"],
          ["132873434", "34054312", "5", "39", "1100", "0", "0", "0", "0", "reversedirection=yes highway=secondary surface=asphalt estimated_traffic_class=2", "estimated_crossing_class=2", "2291", "229199"],
          ["132871429", "34053558", "9", "217", "1100", "0", "18", "0", "0", "reversedirection=yes highway=secondary surface=asphalt estimated_traffic_class=2", "estimated_crossing_class=2", "2335", "233603"],
          ["132870799", "34053497", "12", "58", "1100", "0", "4", "0", "0", "reversedirection=yes highway=secondary surface=asphalt estimated_traffic_class=2", "", "2349", "235028"],
          ["132847410", "34039801", "7", "2801", "1500", "265", "56", "0", "0", "reversedirection=yes highway=trunk surface=asphalt", "", "2896", "288553"],
          ["132845236", "34037479", "5", "342", "1100", "0", "110", "0", "0", "reversedirection=yes highway=secondary estimated_traffic_class=1", "estimated_crossing_class=1", "2958", "294668"],
          ["132844910", "34037254", "5", "39", "1100", "0", "0", "0", "0", "reversedirection=yes highway=secondary estimated_traffic_class=1", "estimated_crossing_class=1", "2964", "295317"],
          ["132844849", "34037209", "5", "8", "1100", "0", "0", "0", "0", "reversedirection=yes highway=secondary estimated_traffic_class=1", "estimated_crossing_class=1", "2965", "295450"],
          ["132844835", "34037199", "5", "2", "1100", "0", "0", "0", "0", "reversedirection=yes highway=secondary estimated_traffic_class=1", "estimated_crossing_class=1", "2966", "295483"],
          ["132843664", "34036391", "6", "140", "1100", "0", "0", "0", "0", "reversedirection=yes highway=secondary estimated_traffic_class=1", "estimated_crossing_class=1", "2984", "297336"],
          ["132843355", "34036165", "6", "38", "1100", "0", "0", "0", "0", "reversedirection=yes highway=secondary estimated_traffic_class=1", "estimated_crossing_class=1", "2990", "297946"],
          ["132843025", "34035937", "6", "40", "1100", "0", "0", "0", "0", "reversedirection=yes highway=secondary estimated_traffic_class=1", "estimated_crossing_class=1", "2997", "298637"],
          ["132842434", "34035506", "6", "73", "1100", "0", "0", "0", "0", "reversedirection=yes highway=secondary estimated_traffic_class=1", "estimated_crossing_class=1", "3009", "299826"],
          ["132841697", "34034981", "6", "90", "1100", "0", "0", "0", "0", "reversedirection=yes highway=unclassified", "", "3023", "301204"],
          ["132841265", "34035137", "5", "44", "1100", "0", "64", "0", "0", "highway=unclassified", "", "3029", "301854"],
          ["132840688", "34035210", "5", "54", "1100", "0", "0", "0", "0", "reversedirection=yes highway=unclassified", "", "3037", "302594"],
          ["132839396", "34034549", "5", "140", "1100", "0", "20", "0", "0", "highway=unclassified", "", "3060", "304915"],
          ["132838422", "34034080", "4", "104", "1100", "0", "0", "0", "0", "reversedirection=yes highway=unclassified", "estimated_crossing_class=1", "3074", "306350"],
          ["132814551", "34020768", "8", "2894", "1500", "0", "48", "0", "0", "reversedirection=yes highway=trunk", "", "3591", "358070"],
          ["132806588", "34016079", "5", "962", "1500", "0", "14", "0", "0", "highway=trunk", "", "3763", "375210"],
          ["132804189", "34012798", "4", "460", "1100", "0", "177", "0", "0", "highway=unclassified", "", "3831", "382013"],
          ["132804128", "34012755", "4", "7", "1200", "0", "0", "0", "0", "highway=residential", "", "3832", "382085"],
          ["132802767", "34011218", "4", "213", "1100", "0", "1", "0", "0", "highway=unclassified", "", "3860", "384973"],
          ["132801961", "34010606", "5", "101", "1500", "0", "6", "0", "0", "highway=trunk", "estimated_crossing_class=1", "3879", "386818"],
          ["132778028", "33982197", "6", "5507", "1500", "0", "55", "20", "0", "highway=trunk", "highway=traffic_signals traffic_signals=signal", "4836", "482532"],
          ["132777509", "33981372", "4", "103", "1100", "0", "0", "0", "0", "reversedirection=yes highway=secondary estimated_traffic_class=1", "estimated_crossing_class=1", "4852", "484124"],
          ["132777100", "33980661", "4", "87", "1100", "0", "0", "0", "0", "reversedirection=yes highway=secondary estimated_traffic_class=1", "estimated_crossing_class=1", "4864", "485379"],
          ["132776865", "33980258", "4", "50", "1100", "0", "0", "0", "0", "reversedirection=yes highway=secondary estimated_traffic_class=1", "estimated_crossing_class=1", "4873", "486283"],
          ["132776789", "33980130", "4", "16", "1100", "0", "0", "0", "0", "reversedirection=yes highway=secondary estimated_traffic_class=1", "estimated_crossing_class=1", "4876", "486566"],
          ["132776646", "33979852", "5", "34", "1100", "0", "0", "0", "0", "reversedirection=yes highway=secondary estimated_traffic_class=1", "estimated_crossing_class=1", "4883", "487196"],
          ["132776581", "33979781", "5", "10", "1100", "0", "2", "0", "0", "reversedirection=yes highway=secondary estimated_traffic_class=1", "estimated_crossing_class=1", "4884", "487378"],
          ["132776556", "33979740", "5", "5", "1100", "0", "1", "0", "0", "reversedirection=yes highway=secondary estimated_traffic_class=1", "estimated_crossing_class=1", "4885", "487468"],
          ["132776390", "33979455", "5", "35", "1100", "0", "0", "0", "0", "reversedirection=yes highway=secondary estimated_traffic_class=1", "estimated_crossing_class=1", "4892", "488093"],
          ["132776070", "33978923", "5", "66", "1100", "0", "0", "0", "0", "reversedirection=yes highway=secondary estimated_traffic_class=1", "estimated_crossing_class=1", "4903", "489243"],
          ["132775814", "33978485", "4", "54", "1100", "0", "0", "0", "0", "reversedirection=yes highway=secondary estimated_traffic_class=1", "estimated_crossing_class=1", "4911", "490038"],
          ["132775383", "33977748", "4", "91", "1100", "0", "0", "0", "0", "reversedirection=yes highway=secondary estimated_traffic_class=1", "estimated_crossing_class=1", "4926", "491532"],
          ["132774920", "33976943", "5", "99", "1100", "0", "0", "0", "0", "reversedirection=yes highway=secondary estimated_traffic_class=1", "estimated_crossing_class=1", "4945", "493411"],
          ["132774649", "33976362", "6", "70", "1100", "0", "11", "0", "0", "reversedirection=yes highway=secondary estimated_traffic_class=1", "estimated_crossing_class=1", "4960", "494926"],
          ["132774917", "33976192", "6", "33", "1100", "0", "15", "0", "0", "reversedirection=yes highway=secondary estimated_traffic_class=1", "estimated_crossing_class=1", "4966", "495531"],
          ["132774493", "33975358", "6", "102", "1100", "0", "28", "0", "0", "reversedirection=yes highway=secondary estimated_traffic_class=1", "estimated_crossing_class=1", "4984", "497326"],
          ["132776323", "33974872", "6", "178", "1100", "0", "94", "0", "0", "reversedirection=yes highway=unclassified", "railway=level_crossing", "5016", "500500"],
          ["132781134", "33973575", "9", "467", "1100", "0", "0", "0", "0", "reversedirection=yes highway=unclassified", "", "5107", "509664"],
          ["132780128", "33970345", "6", "371", "1000", "0", "104", "0", "0", "reversedirection=yes highway=tertiary estimated_traffic_class=1", "", "5163", "515240"],
          ["132778319", "33964756", "3", "643", "1200", "0", "0", "0", "0", "reversedirection=yes highway=residential", "", "5266", "525527"],
          ["132775007", "33965425", "6", "316", "1100", "0", "75", "0", "0", "reversedirection=yes highway=unclassified", "", "5328", "531772"],
          ["132774066", "33965462", "5", "87", "1100", "0", "1", "0", "0", "highway=unclassified", "railway=level_crossing", "5343", "533189"],
          ["132772582", "33965435", "4", "137", "1100", "0", "0", "0", "0", "highway=unclassified", "estimated_crossing_class=1", "5363", "535220"],
          ["132772585", "33965378", "4", "6", "1100", "0", "93", "0", "0", "reversedirection=yes highway=secondary estimated_traffic_class=1", "estimated_crossing_class=1", "5364", "535318"],
          ["132772634", "33964895", "5", "54", "1100", "0", "0", "0", "0", "reversedirection=yes highway=secondary estimated_traffic_class=1", "estimated_crossing_class=1", "5373", "536254"],
          ["132772663", "33964613", "5", "31", "1100", "0", "0", "0", "0", "reversedirection=yes highway=secondary estimated_traffic_class=1", "estimated_crossing_class=1", "5379", "536852"],
          ["132772681", "33964437", "6", "20", "1100", "0", "0", "0", "0", "reversedirection=yes highway=secondary estimated_traffic_class=1", "estimated_crossing_class=1", "5383", "537277"],
          ["132772730", "33963948", "6", "54", "1100", "0", "0", "0", "0", "reversedirection=yes highway=secondary estimated_traffic_class=1", "estimated_crossing_class=1", "5395", "538469"],
          ["132772735", "33963884", "6", "7", "1100", "0", "0", "0", "0", "reversedirection=yes highway=secondary estimated_traffic_class=1", "estimated_crossing_class=1", "5397", "538612"],
          ["132772777", "33962632", "5", "139", "1100", "0", "0", "0", "0", "reversedirection=yes highway=secondary estimated_traffic_class=1", "estimated_crossing_class=1", "5420", "540959"],
          ["132772775", "33962116", "5", "57", "1100", "0", "0", "0", "0", "reversedirection=yes highway=secondary estimated_traffic_class=1", "estimated_crossing_class=1", "5430", "541900"],
          ["132772774", "33962056", "5", "7", "1100", "0", "0", "0", "0", "reversedirection=yes highway=secondary estimated_traffic_class=1", "estimated_crossing_class=1", "5431", "542016"],
          ["132772677", "33960499", "4", "173", "1100", "0", "0", "0", "0", "reversedirection=yes highway=secondary estimated_traffic_class=1", "estimated_crossing_class=1", "5457", "544669"],
          ["132772660", "33960406", "4", "11", "1100", "0", "0", "0", "0", "reversedirection=yes highway=secondary estimated_traffic_class=1", "estimated_crossing_class=1", "5459", "544826"],
          ["132772629", "33960249", "4", "18", "1100", "0", "0", "0", "0", "reversedirection=yes highway=secondary estimated_traffic_class=1", "estimated_crossing_class=1", "5461", "545075"],
          ["132772585", "33960018", "4", "26", "1100", "0", "0", "0", "0", "reversedirection=yes highway=secondary estimated_traffic_class=1", "estimated_crossing_class=1", "5465", "545429"],
          ["132772544", "33959807", "4", "24", "1100", "0", "0", "0", "0", "reversedirection=yes highway=secondary estimated_traffic_class=1", "estimated_crossing_class=1", "5468", "545770"],
          ["132772517", "33959667", "4", "16", "1100", "0", "0", "0", "0", "reversedirection=yes highway=secondary estimated_traffic_class=1", "estimated_crossing_class=1", "5471", "546018"],
          ["132772426", "33959194", "4", "53", "1100", "0", "0", "0", "0", "reversedirection=yes highway=secondary estimated_traffic_class=1", "estimated_crossing_class=1", "5480", "546951"],
          ["132772324", "33958676", "6", "58", "1100", "0", "0", "0", "0", "reversedirection=yes highway=secondary estimated_traffic_class=1", "estimated_crossing_class=1", "5493", "548257"],
          ["132772258", "33957993", "6", "76", "1100", "0", "0", "0", "0", "reversedirection=yes highway=secondary estimated_traffic_class=1", "estimated_crossing_class=1", "5510", "549895"],
          ["132772266", "33957714", "6", "31", "1100", "0", "0", "0", "0", "reversedirection=yes highway=secondary estimated_traffic_class=1", "estimated_crossing_class=1", "5516", "550495"],
          ["132772293", "33957549", "6", "18", "1100", "0", "0", "0", "0", "reversedirection=yes highway=secondary estimated_traffic_class=1", "estimated_crossing_class=1", "5519", "550855"],
          ["132772341", "33957258", "6", "33", "1100", "0", "0", "0", "0", "reversedirection=yes highway=secondary estimated_traffic_class=1", "estimated_crossing_class=1", "5525", "551453"],
          ["132772345", "33957237", "6", "2", "1100", "0", "0", "0", "0", "reversedirection=yes highway=secondary estimated_traffic_class=1", "estimated_crossing_class=1", "5525", "551489"],
          ["132772438", "33956728", "6", "57", "1100", "0", "0", "0", "0", "reversedirection=yes highway=secondary estimated_traffic_class=1", "estimated_crossing_class=1", "5535", "552395"],
          ["132772509", "33956388", "6", "38", "1100", "0", "0", "0", "0", "reversedirection=yes highway=secondary estimated_traffic_class=1", "estimated_crossing_class=1", "5541", "553012"],
          ["132772505", "33955672", "6", "80", "1100", "0", "1", "0", "0", "reversedirection=yes highway=secondary estimated_traffic_class=1", "estimated_crossing_class=1", "5554", "554330"],
          ["132772239", "33954702", "7", "111", "1100", "0", "0", "0", "0", "reversedirection=yes highway=secondary estimated_traffic_class=1", "estimated_crossing_class=1", "5576", "556507"],
          ["132772139", "33954349", "7", "40", "1100", "0", "0", "0", "0", "reversedirection=yes highway=secondary estimated_traffic_class=1", "estimated_crossing_class=1", "5583", "557275"],
          ["132772032", "33953984", "7", "42", "1100", "0", "0", "0", "0", "reversedirection=yes highway=secondary estimated_traffic_class=1", "estimated_crossing_class=1", "5591", "558090"],
          ["132771850", "33953410", "7", "66", "1100", "0", "0", "0", "0", "reversedirection=yes highway=secondary estimated_traffic_class=1", "estimated_crossing_class=1", "5604", "559361"],
          ["132771811", "33953301", "7", "13", "1100", "0", "0", "0", "0", "reversedirection=yes highway=secondary estimated_traffic_class=1", "estimated_crossing_class=1", "5607", "559599"],
          ["132771643", "33952832", "7", "54", "1100", "0", "0", "0", "0", "reversedirection=yes highway=secondary estimated_traffic_class=1", "estimated_crossing_class=1", "5616", "560567"],
          ["132771403", "33952134", "6", "81", "1100", "0", "0", "0", "0", "reversedirection=yes highway=secondary estimated_traffic_class=1", "estimated_crossing_class=1", "5628", "561744"],
          ["132771100", "33951274", "5", "99", "1100", "0", "0", "0", "0", "reversedirection=yes highway=secondary estimated_traffic_class=1", "estimated_crossing_class=1", "5641", "563034"],
          ["132770784", "33950393", "5", "102", "1100", "0", "0", "0", "0", "reversedirection=yes highway=secondary estimated_traffic_class=1", "estimated_crossing_class=1", "5655", "564470"],
          ["132770321", "33949385", "4", "120", "1100", "0", "1", "0", "0", "reversedirection=yes highway=secondary estimated_traffic_class=1", "estimated_crossing_class=1", "5674", "566317"],
          ["132769720", "33948467", "5", "116", "1100", "0", "0", "0", "0", "reversedirection=yes highway=secondary estimated_traffic_class=1", "estimated_crossing_class=1", "5693", "568267"],
          ["132769663", "33948373", "5", "12", "1100", "0", "0", "0", "0", "reversedirection=yes highway=secondary estimated_traffic_class=1", "estimated_crossing_class=1", "5695", "568469"],
          ["132769626", "33948314", "5", "7", "1100", "0", "0", "0", "0", "reversedirection=yes highway=secondary estimated_traffic_class=1", "estimated_crossing_class=1", "5696", "568586"],
          ["132769429", "33947986", "5", "41", "1100", "0", "0", "0", "0", "reversedirection=yes highway=secondary estimated_traffic_class=1", "estimated_crossing_class=1", "5704", "569315"],
          ["132768986", "33946915", "5", "126", "1100", "0", "0", "0", "0", "reversedirection=yes highway=secondary estimated_traffic_class=1", "estimated_crossing_class=1", "5725", "571405"],
          ["132768842", "33945692", "5", "137", "1100", "0", "0", "0", "0", "reversedirection=yes highway=secondary estimated_traffic_class=1", "estimated_crossing_class=1", "5750", "573933"],
          ["132768844", "33945650", "5", "5", "1100", "0", "0", "0", "0", "reversedirection=yes highway=secondary estimated_traffic_class=1", "estimated_crossing_class=1", "5751", "574024"],
          ["132768847", "33945458", "5", "21", "1100", "0", "0", "0", "0", "reversedirection=yes highway=secondary estimated_traffic_class=1", "estimated_crossing_class=1", "5754", "574382"],
          ["132768941", "33944610", "5", "95", "1100", "0", "0", "0", "0", "reversedirection=yes highway=secondary estimated_traffic_class=1", "estimated_crossing_class=1", "5769", "575852"],
          ["132768967", "33944337", "5", "30", "1100", "0", "0", "0", "0", "reversedirection=yes highway=secondary estimated_traffic_class=1", "estimated_crossing_class=1", "5774", "576335"],
          ["132768941", "33943752", "5", "65", "1100", "0", "0", "0", "0", "reversedirection=yes highway=secondary estimated_traffic_class=1", "estimated_crossing_class=1", "5785", "577398"],
          ["132768918", "33943577", "5", "20", "1100", "0", "0", "0", "0", "reversedirection=yes highway=secondary estimated_traffic_class=1", "estimated_crossing_class=1", "5788", "577728"],
          ["132768903", "33943492", "5", "10", "1100", "0", "0", "0", "0", "reversedirection=yes highway=secondary estimated_traffic_class=1", "estimated_crossing_class=1", "5790", "577893"],
          ["132768641", "33942676", "4", "94", "1100", "0", "0", "0", "0", "reversedirection=yes highway=secondary estimated_traffic_class=1", "estimated_crossing_class=1", "5803", "579291"],
          ["132768365", "33942012", "4", "78", "1100", "0", "0", "0", "0", "reversedirection=yes highway=secondary estimated_traffic_class=1", "estimated_crossing_class=1", "5816", "580576"],
          ["132768084", "33941333", "4", "80", "1100", "0", "0", "0", "0", "reversedirection=yes highway=secondary estimated_traffic_class=1", "estimated_crossing_class=1", "5830", "581972"],
          ["132767896", "33940887", "5", "52", "1100", "0", "0", "0", "0", "reversedirection=yes highway=secondary estimated_traffic_class=1", "estimated_crossing_class=1", "5840", "582964"],
          ["132767807", "33940675", "5", "25", "1100", "0", "0", "0", "0", "reversedirection=yes highway=secondary estimated_traffic_class=1", "estimated_crossing_class=1", "5845", "583451"],
          ["132767644", "33940280", "5", "46", "1100", "0", "0", "0", "0", "reversedirection=yes highway=secondary estimated_traffic_class=1", "estimated_crossing_class=1", "5853", "584261"],
          ["132767608", "33940193", "5", "10", "1100", "0", "0", "0", "0", "reversedirection=yes highway=secondary estimated_traffic_class=1", "estimated_crossing_class=1", "5855", "584425"],
          ["132767580", "33940124", "5", "8", "1100", "0", "0", "0", "0", "reversedirection=yes highway=secondary estimated_traffic_class=1", "estimated_crossing_class=1", "5856", "584555"],
          ["132767302", "33939448", "4", "79", "1100", "0", "0", "0", "0", "reversedirection=yes highway=secondary estimated_traffic_class=1", "estimated_crossing_class=1", "5869", "585802"],
          ["132767045", "33939012", "5", "54", "1100", "0", "0", "0", "0", "reversedirection=yes highway=secondary estimated_traffic_class=1", "estimated_crossing_class=1", "5878", "586777"],
          ["132766956", "33938881", "5", "17", "1100", "0", "0", "0", "0", "reversedirection=yes highway=secondary estimated_traffic_class=1", "estimated_crossing_class=1", "5882", "587097"],
          ["132766719", "33938561", "6", "42", "1100", "0", "0", "0", "0", "reversedirection=yes highway=secondary estimated_traffic_class=1", "estimated_crossing_class=1", "5891", "588010"],
          ["132766365", "33938191", "6", "52", "1100", "0", "0", "0", "0", "reversedirection=yes highway=secondary estimated_traffic_class=1", "estimated_crossing_class=1", "5902", "589094"],
          ["132766066", "33937885", "6", "44", "1100", "0", "0", "0", "0", "reversedirection=yes highway=secondary estimated_traffic_class=1", "", "5909", "589891"],
          ["132765988", "33937813", "6", "11", "1100", "0", "0", "0", "0", "highway=secondary estimated_traffic_class=2", "estimated_crossing_class=1", "5911", "590075"],
          ["132765958", "33937790", "6", "4", "1100", "0", "0", "0", "0", "highway=secondary estimated_traffic_class=2", "estimated_crossing_class=1", "5912", "590141"],
          ["132765626", "33937541", "5", "40", "1100", "0", "0", "0", "0", "highway=secondary estimated_traffic_class=2", "estimated_crossing_class=2", "5918", "590768"],
          ["132764972", "33936956", "4", "89", "1100", "0", "0", "0", "0", "highway=secondary estimated_traffic_class=2", "estimated_crossing_class=2", "5931", "592041"],
          ["132764838", "33936848", "4", "17", "1100", "0", "0", "0", "0", "highway=secondary estimated_traffic_class=2", "estimated_crossing_class=2", "5933", "592288"],
          ["132764398", "33936414", "4", "63", "1100", "0", "0", "0", "0", "highway=secondary estimated_traffic_class=2", "estimated_crossing_class=2", "5942", "593163"],
          ["132764299", "33936264", "4", "19", "1100", "0", "1", "0", "0", "highway=secondary estimated_traffic_class=2", "estimated_crossing_class=2", "5945", "593428"],
          ["132764131", "33935993", "4", "34", "1100", "0", "0", "0", "0", "highway=secondary estimated_traffic_class=2", "estimated_crossing_class=2", "5950", "593923"],
          ["132763992", "33935759", "4", "29", "1100", "0", "0", "0", "0", "highway=secondary estimated_traffic_class=2", "estimated_crossing_class=2", "5954", "594362"],
          ["132763813", "33935458", "4", "37", "1100", "0", "0", "0", "0", "highway=secondary estimated_traffic_class=2", "estimated_crossing_class=2", "5960", "594970"],
          ["132763417", "33934790", "5", "83", "1100", "0", "0", "0", "0", "highway=secondary estimated_traffic_class=2", "estimated_crossing_class=2", "5976", "596554"],
          ["132763312", "33934603", "5", "23", "1100", "0", "0", "0", "0", "highway=secondary estimated_traffic_class=2", "estimated_crossing_class=2", "5981", "596997"],
          ["132763229", "33934437", "5", "20", "1100", "0", "0", "0", "0", "highway=secondary estimated_traffic_class=2", "estimated_crossing_class=2", "5985", "597396"],
          ["132763029", "33933975", "5", "54", "1100", "0", "0", "0", "0", "highway=secondary estimated_traffic_class=2", "estimated_crossing_class=2", "5995", "598476"],
          ["132762979", "33933780", "5", "22", "1100", "0", "0", "0", "0", "highway=secondary estimated_traffic_class=2", "estimated_crossing_class=2", "5999", "598866"],
          ["132762836", "33933220", "5", "64", "1100", "0", "0", "0", "0", "highway=secondary estimated_traffic_class=2", "estimated_crossing_class=2", "6009", "599875"],
          ["132762831", "33933201", "5", "2", "1100", "0", "0", "0", "0", "highway=secondary estimated_traffic_class=2", "estimated_crossing_class=2", "6010", "599908"],
          ["132762700", "33932686", "5", "58", "1100", "0", "0", "0", "0", "highway=secondary estimated_traffic_class=2", "estimated_crossing_class=2", "6019", "600850"],
          ["132762483", "33931795", "4", "101", "1100", "0", "0", "0", "0", "highway=secondary estimated_traffic_class=2", "estimated_crossing_class=2", "6035", "602452"],
          ["132762472", "33931733", "4", "7", "1100", "0", "0", "0", "0", "highway=secondary estimated_traffic_class=2", "estimated_crossing_class=2", "6036", "602566"],
          ["132762445", "33931626", "4", "12", "1100", "0", "0", "0", "0", "highway=secondary estimated_traffic_class=2", "estimated_crossing_class=2", "6038", "602762"],
          ["132762288", "33930970", "3", "74", "1100", "0", "0", "0", "0", "highway=secondary estimated_traffic_class=2", "estimated_crossing_class=2", "6048", "603741"],
          ["132762058", "33930252", "4", "82", "1100", "0", "0", "0", "0", "highway=secondary estimated_traffic_class=2", "estimated_crossing_class=2", "6061", "605022"],
          ["132761969", "33930047", "4", "24", "1100", "0", "0", "0", "0", "highway=secondary estimated_traffic_class=2", "estimated_crossing_class=2", "6065", "605461"],
          ["132761843", "33929799", "4", "30", "1100", "0", "0", "0", "0", "highway=secondary estimated_traffic_class=2", "estimated_crossing_class=2", "6071", "606031"],
          ["132761804", "33929730", "4", "8", "1100", "0", "0", "0", "0", "highway=secondary estimated_traffic_class=2", "estimated_crossing_class=2", "6072", "606180"],
          ["132761672", "33929501", "5", "28", "1100", "0", "0", "0", "0", "highway=secondary estimated_traffic_class=2", "highway=crossing crossing=zebra", "6078", "606759"],
          ["132761652", "33929468", "5", "4", "1100", "0", "0", "0", "0", "highway=secondary estimated_traffic_class=2", "estimated_crossing_class=2", "6079", "606845"],
          ["132761637", "33929443", "5", "3", "1100", "0", "0", "0", "0", "highway=secondary estimated_traffic_class=2", "estimated_crossing_class=2", "6080", "606909"],
          ["132761492", "33929162", "5", "34", "1100", "0", "0", "0", "0", "highway=secondary estimated_traffic_class=2", "estimated_crossing_class=2", "6087", "607693"],
          ["132761367", "33928969", "5", "24", "1100", "0", "0", "0", "0", "highway=secondary estimated_traffic_class=2", "estimated_crossing_class=2", "6092", "608172"],
          ["132761349", "33928941", "5", "4", "1100", "0", "0", "0", "0", "highway=secondary estimated_traffic_class=2", "estimated_crossing_class=2", "6093", "608250"],
          ["132760955", "33928367", "5", "74", "1100", "0", "0", "0", "0", "highway=secondary estimated_traffic_class=2", "estimated_crossing_class=2", "6106", "609545"],
          ["132760486", "33927738", "5", "82", "1100", "0", "0", "0", "0", "highway=secondary estimated_traffic_class=2", "highway=crossing crossing=zebra", "6120", "610903"],
          ["132760439", "33927670", "4", "9", "1100", "0", "0", "0", "0", "highway=secondary estimated_traffic_class=2", "estimated_crossing_class=2", "6121", "611063"],
          ["132759835", "33926802", "3", "111", "1100", "0", "0", "0", "0", "highway=secondary estimated_traffic_class=2", "estimated_crossing_class=2", "6140", "612989"],
          ["132759526", "33926366", "3", "56", "1100", "0", "0", "0", "0", "highway=secondary estimated_traffic_class=2", "estimated_crossing_class=2", "6148", "613707"],
          ["132759294", "33926035", "3", "43", "1100", "0", "0", "0", "0", "highway=secondary estimated_traffic_class=2", "estimated_crossing_class=2", "6153", "614261"],
          ["132759268", "33926000", "3", "5", "1100", "0", "0", "0", "0", "highway=secondary estimated_traffic_class=2", "estimated_crossing_class=2", "6154", "614329"],
          ["132757753", "33923971", "8", "265", "1100", "0", "0", "0", "0", "highway=secondary estimated_traffic_class=2", "estimated_crossing_class=2", "6204", "619321"],
          ["132757617", "33917345", "4", "764", "1100", "0", "6", "0", "0", "highway=secondary estimated_traffic_class=2", "estimated_crossing_class=1", "6339", "632855"],
          ["132755565", "33911981", "5", "641", "1100", "0", "3", "0", "0", "highway=secondary estimated_traffic_class=2", "estimated_crossing_class=2", "6440", "642935"],
          ["132755601", "33911709", "5", "30", "1100", "0", "0", "0", "0", "highway=secondary estimated_traffic_class=2", "estimated_crossing_class=2", "6445", "643439"],
          ["132755588", "33910940", "5", "86", "1100", "0", "0", "0", "0", "highway=secondary estimated_traffic_class=2", "estimated_crossing_class=2", "6459", "644883"],
          ["132755388", "33910350", "5", "68", "1100", "0", "0", "0", "0", "highway=secondary estimated_traffic_class=2", "estimated_crossing_class=2", "6474", "646316"],
          ["132755368", "33910311", "5", "5", "1100", "0", "0", "0", "0", "highway=secondary estimated_traffic_class=2", "estimated_crossing_class=2", "6475", "646418"],
          ["132754813", "33909537", "5", "101", "1100", "0", "1", "0", "0", "highway=secondary estimated_traffic_class=2", "estimated_crossing_class=2", "6492", "648194"],
          ["132754760", "33909482", "5", "8", "1100", "0", "0", "0", "0", "highway=secondary estimated_traffic_class=2", "estimated_crossing_class=2", "6494", "648328"],
          ["132754361", "33909059", "5", "60", "1100", "0", "0", "0", "0", "highway=secondary estimated_traffic_class=2", "estimated_crossing_class=2", "6506", "649508"],
          ["132754285", "33908979", "5", "11", "1100", "0", "0", "0", "0", "highway=secondary estimated_traffic_class=2", "estimated_crossing_class=2", "6508", "649714"],
          ["132753704", "33908363", "5", "87", "1100", "0", "0", "0", "0", "highway=secondary estimated_traffic_class=2", "estimated_crossing_class=2", "6522", "651142"],
          ["132753685", "33908343", "5", "3", "1100", "0", "0", "0", "0", "highway=secondary estimated_traffic_class=2", "estimated_crossing_class=2", "6522", "651192"],
          ["132753636", "33908291", "5", "7", "1100", "0", "0", "0", "0", "highway=secondary estimated_traffic_class=2", "estimated_crossing_class=2", "6524", "651308"],
          ["132753401", "33908052", "4", "34", "1100", "0", "0", "0", "0", "highway=secondary estimated_traffic_class=2", "estimated_crossing_class=2", "6528", "651795"],
          ["132752967", "33907614", "4", "63", "1100", "0", "0", "0", "0", "highway=secondary estimated_traffic_class=2", "estimated_crossing_class=2", "6537", "652658"],
          ["132752645", "33907288", "4", "47", "1100", "0", "0", "0", "0", "highway=secondary estimated_traffic_class=2", "estimated_crossing_class=2", "6544", "653358"],
          ["132752109", "33906738", "4", "79", "1100", "0", "0", "20", "0", "highway=secondary estimated_traffic_class=2", "highway=traffic_signals", "6557", "654601"],
          ["132751869", "33906473", "4", "37", "1100", "0", "0", "0", "0", "highway=secondary estimated_traffic_class=2", "estimated_crossing_class=2", "6563", "655200"],
          ["132751585", "33906169", "3", "43", "1100", "0", "0", "0", "0", "highway=secondary estimated_traffic_class=2", "estimated_crossing_class=2", "6569", "655890"],
          ["132751456", "33906038", "3", "19", "1100", "0", "0", "0", "0", "highway=secondary estimated_traffic_class=2", "estimated_crossing_class=2", "6572", "656188"],
          ["132751263", "33905841", "3", "28", "1100", "0", "0", "0", "0", "highway=secondary estimated_traffic_class=2", "estimated_crossing_class=2", "6577", "656609"],
          ["132751236", "33905816", "3", "4", "1100", "0", "0", "0", "0", "highway=secondary estimated_traffic_class=2", "estimated_crossing_class=2", "6577", "656670"],
          ["132750899", "33905477", "4", "49", "1100", "0", "0", "0", "0", "highway=secondary estimated_traffic_class=2", "estimated_crossing_class=2", "6586", "657567"],
          ["132750847", "33905429", "4", "7", "1100", "0", "0", "0", "0", "highway=secondary estimated_traffic_class=2", "estimated_crossing_class=2", "6587", "657692"],
          ["132750417", "33905123", "5", "53", "1100", "0", "0", "20", "0", "highway=secondary estimated_traffic_class=2", "highway=traffic_signals estimated_crossing_class=0", "6598", "658791"],
          ["132749883", "33904870", "5", "57", "1100", "0", "0", "0", "0", "highway=secondary estimated_traffic_class=2", "estimated_crossing_class=2", "6609", "659891"],
          ["132749650", "33904765", "4", "24", "1100", "0", "0", "0", "0", "highway=secondary estimated_traffic_class=2", "estimated_crossing_class=2", "6613", "660298"],
          ["132749368", "33904638", "5", "30", "1100", "0", "0", "0", "0", "highway=secondary estimated_traffic_class=2", "estimated_crossing_class=2", "6619", "660837"],
          ["132748988", "33904468", "5", "40", "1100", "0", "0", "0", "0", "highway=secondary estimated_traffic_class=2", "estimated_crossing_class=2", "6626", "661583"],
          ["132748358", "33904137", "6", "68", "1100", "0", "0", "0", "0", "highway=secondary estimated_traffic_class=2", "estimated_crossing_class=2", "6642", "663125"],
          ["132748344", "33904126", "6", "2", "1100", "0", "0", "0", "0", "highway=secondary estimated_traffic_class=2", "", "6642", "663170"],
          ["132748233", "33904035", "6", "14", "1130", "0", "0", "0", "0", "reversedirection=yes highway=secondary estimated_traffic_class=3", "estimated_crossing_class=2", "6645", "663460"],
          ["132747942", "33903729", "5", "44", "1130", "0", "1", "0", "0", "reversedirection=yes highway=secondary estimated_traffic_class=3", "estimated_crossing_class=2", "6652", "664188"],
          ["132747675", "33903311", "4", "53", "1130", "0", "0", "0", "0", "reversedirection=yes highway=secondary estimated_traffic_class=3", "estimated_crossing_class=2", "6660", "664936"],
          ["132747543", "33901446", "6", "209", "1130", "0", "1", "0", "0", "reversedirection=yes highway=secondary estimated_traffic_class=3", "estimated_crossing_class=2", "6697", "668668"],
          ["132747544", "33901274", "6", "19", "1130", "0", "0", "0", "0", "reversedirection=yes highway=secondary estimated_traffic_class=3", "estimated_crossing_class=2", "6701", "669010"],
          ["132747550", "33900949", "6", "36", "1130", "0", "0", "0", "0", "reversedirection=yes highway=secondary estimated_traffic_class=3", "estimated_crossing_class=2", "6707", "669647"],
          ["132747642", "33899886", "7", "119", "1130", "0", "0", "0", "0", "reversedirection=yes highway=secondary estimated_traffic_class=3", "estimated_crossing_class=2", "6732", "672153"],
          ["132747956", "33898671", "7", "138", "1130", "0", "0", "0", "0", "reversedirection=yes highway=secondary estimated_traffic_class=3", "estimated_crossing_class=2", "6756", "674540"],
          ["132748496", "33896903", "7", "203", "1130", "0", "0", "0", "0", "reversedirection=yes highway=secondary estimated_traffic_class=3", "estimated_crossing_class=4", "6798", "678730"],
          ["132748660", "33896411", "6", "56", "1160", "0", "0", "0", "0", "reversedirection=yes highway=secondary estimated_traffic_class=4", "estimated_crossing_class=4", "6805", "679445"],
          ["132748679", "33896345", "6", "8", "1160", "0", "0", "0", "0", "reversedirection=yes highway=secondary estimated_traffic_class=4", "estimated_crossing_class=4", "6806", "679554"],
          ["132748804", "33895637", "6", "80", "1160", "0", "0", "0", "0", "reversedirection=yes highway=secondary estimated_traffic_class=4", "estimated_crossing_class=4", "6818", "680717"],
          ["132748851", "33895136", "7", "56", "1160", "0", "0", "0", "0", "reversedirection=yes highway=secondary estimated_traffic_class=4", "estimated_crossing_class=4", "6827", "681695"],
          ["132748863", "33894651", "8", "54", "1160", "0", "0", "20", "0", "reversedirection=yes highway=secondary estimated_traffic_class=4", "highway=traffic_signals estimated_crossing_class=0", "6838", "682785"],
          ["132748894", "33894093", "8", "62", "1160", "0", "0", "0", "0", "reversedirection=yes highway=secondary estimated_traffic_class=4", "estimated_crossing_class=4", "6852", "684136"],
          ["132748916", "33893562", "9", "59", "1160", "0", "0", "0", "0", "reversedirection=yes highway=secondary estimated_traffic_class=4", "estimated_crossing_class=4", "6865", "685474"],
          ["132748924", "33892927", "9", "70", "1160", "0", "0", "0", "0", "reversedirection=yes highway=secondary estimated_traffic_class=4", "estimated_crossing_class=4", "6879", "686850"],
          ["132749154", "33891005", "10", "214", "1160", "0", "0", "20", "0", "reversedirection=yes highway=secondary estimated_traffic_class=4", "highway=traffic_signals", "6920", "691002"],
          ["132749179", "33890927", "11", "9", "1160", "0", "0", "0", "0", "reversedirection=yes highway=secondary estimated_traffic_class=4", "estimated_crossing_class=0", "6922", "691189"],
          ["132749450", "33890369", "11", "67", "1160", "0", "0", "20", "0", "reversedirection=yes highway=secondary estimated_traffic_class=4", "highway=traffic_signals estimated_crossing_class=0", "6936", "692559"],
          ["132750158", "33889252", "9", "140", "1160", "0", "0", "0", "0", "reversedirection=yes highway=secondary estimated_traffic_class=4", "estimated_crossing_class=4", "6956", "694584"],
          ["132750468", "33888795", "9", "58", "1160", "0", "0", "0", "0", "reversedirection=yes highway=secondary estimated_traffic_class=4", "estimated_crossing_class=4", "6966", "695526"],
          ["132750535", "33888695", "10", "13", "1160", "0", "0", "0", "0", "reversedirection=yes highway=secondary estimated_traffic_class=4", "estimated_crossing_class=4", "6968", "695753"],
          ["132750713", "33888433", "10", "33", "1160", "0", "0", "0", "0", "reversedirection=yes highway=secondary estimated_traffic_class=4", "estimated_crossing_class=4", "6974", "696397"],
          ["132751042", "33887949", "10", "62", "1160", "0", "0", "0", "0", "reversedirection=yes highway=secondary estimated_traffic_class=4", "estimated_crossing_class=4", "6986", "697541"],
          ["132751686", "33886660", "10", "156", "1160", "0", "0", "0", "0", "reversedirection=yes highway=secondary estimated_traffic_class=4", "estimated_crossing_class=4", "7013", "700221"],
          ["132751765", "33886328", "9", "38", "1160", "0", "0", "0", "0", "reversedirection=yes highway=secondary estimated_traffic_class=4", "highway=crossing estimated_crossing_class=4 crossing=marked", "7018", "700785"],
          ["132751797", "33886019", "9", "34", "1160", "0", "0", "20", "0", "reversedirection=yes highway=secondary estimated_traffic_class=4", "highway=traffic_signals estimated_crossing_class=0", "7024", "701308"],
          ["132751904", "33885845", "10", "22", "1500", "0", "6", "0", "0", "highway=trunk_link oneway=yes", "", "7027", "701675"],
          ["132752073", "33879234", "13", "733", "1500", "0", "9", "0", "0", "highway=trunk oneway=yes", "", "7166", "715555"],
          ["132752135", "33879236", "13", "6", "1100", "0", "91", "0", "0", "reversedirection=yes highway=unclassified", "highway=crossing", "7167", "715675"],
          ["132753242", "33876956", "16", "277", "1100", "0", "58", "0", "0", "reversedirection=yes highway=unclassified", "", "7225", "721475"],
          ["132753431", "33876524", "17", "51", "1100", "0", "0", "0", "0", "highway=unclassified", "", "7240", "722933"],
          ["132753939", "33874971", "16", "180", "1100", "0", "2", "0", "0", "reversedirection=yes highway=unclassified", "", "7271", "726014"],
          ["132754356", "33874154", "16", "99", "1100", "0", "8", "0", "0", "reversedirection=yes highway=unclassified surface=asphalt", "estimated_crossing_class=4", "7287", "727657"],
          ["132755595", "33874107", "17", "117", "1260", "0", "17", "0", "0", "reversedirection=yes highway=primary estimated_traffic_class=4", "estimated_crossing_class=4", "7311", "730035"],
          ["132755692", "33871042", "18", "341", "1100", "0", "98", "0", "0", "reversedirection=yes highway=unclassified", "", "7374", "736366"],
          ["132755764", "33869733", "19", "146", "1200", "0", "0", "0", "0", "highway=residential", "", "7402", "739113"],
          ["132756548", "33869169", "20", "96", "1100", "0", "32", "0", "0", "highway=unclassified", "highway=crossing", "7423", "741298"],
          ["132759165", "33865164", "23", "508", "1100", "0", "6", "0", "0", "highway=unclassified", "highway=crossing", "7525", "751455"],
          ["132759267", "33862925", "28", "248", "1100", "0", "3", "0", "0", "highway=unclassified", "highway=crossing", "7576", "756587"],
          ["132759304", "33861278", "26", "182", "1100", "0", "0", "0", "0", "highway=unclassified", "highway=crossing", "7615", "760476"],
          ["132759414", "33856672", "26", "512", "1100", "0", "10", "0", "0", "highway=unclassified", "", "7703", "769252"],
          ["132760358", "33856363", "27", "99", "1100", "0", "8", "0", "0", "reversedirection=yes highway=unclassified", "", "7724", "771365"],
          ["132760354", "33856290", "27", "8", "1100", "0", "92", "0", "0", "highway=unclassified oneway=yes", "", "7726", "771525"],
          ["132760442", "33853585", "27", "300", "1100", "0", "0", "0", "0", "highway=unclassified surface=asphalt oneway=yes", "railway=level_crossing", "7780", "776933"],
          ["132760442", "33853560", "27", "3", "1100", "0", "0", "0", "0", "highway=unclassified surface=asphalt oneway=yes", "railway=level_crossing", "7780", "776982"],
          ["132760482", "33852635", "29", "103", "1100", "0", "0", "0", "0", "highway=unclassified surface=asphalt oneway=yes", "estimated_crossing_class=5", "7802", "779158"],
          ["132760483", "33852546", "29", "10", "1030", "0", "0", "0", "0", "reversedirection=yes highway=tertiary estimated_traffic_class=3", "highway=crossing", "7804", "779384"],
          ["132760509", "33851350", "27", "133", "1030", "0", "0", "0", "0", "reversedirection=yes highway=tertiary estimated_traffic_class=3", "highway=crossing", "7825", "781495"],
          ["132760510", "33851329", "27", "2", "1030", "0", "0", "0", "0", "reversedirection=yes highway=tertiary estimated_traffic_class=3", "", "7826", "781526"],
          ["132760627", "33849219", "26", "235", "1100", "0", "0", "0", "0", "highway=unclassified", "", "7861", "785076"],
          ["132760609", "33847648", "27", "174", "1100", "0", "0", "20", "0", "reversedirection=yes highway=unclassified", "highway=traffic_signals", "7892", "788151"],
          ["132760515", "33844997", "27", "302", "1100", "0", "33", "0", "0", "reversedirection=yes highway=unclassified", "", "7947", "793703"],
          ["132759669", "33845000", "28", "78", "1060", "0", "0", "0", "0", "reversedirection=yes highway=tertiary estimated_traffic_class=4", "traffic_sign:direction=forward", "7963", "795242"],
          ["132758948", "33844979", "28", "67", "1060", "0", "0", "0", "0", "reversedirection=yes highway=tertiary estimated_traffic_class=4", "highway=crossing", "7975", "796500"],
          ["132758857", "33844978", "28", "8", "1060", "0", "0", "20", "0", "reversedirection=yes highway=tertiary estimated_traffic_class=4", "highway=traffic_signals traffic_signals=signal", "7977", "796643"],
          ["132758856", "33844850", "28", "14", "1500", "0", "88", "0", "0", "highway=trunk surface=asphalt oneway=yes", "highway=crossing", "7979", "796863"],
          ["132758832", "33841861", "24", "332", "1500", "0", "0", "0", "0", "highway=trunk surface=asphalt oneway=yes", "highway=crossing", "8024", "801385"],
          ["132758830", "33841780", "23", "9", "1500", "0", "0", "20", "0", "highway=trunk surface=asphalt oneway=yes", "highway=traffic_signals traffic_signals=signal", "8025", "801491"],
          ["132758830", "33841688", "23", "10", "1500", "0", "0", "0", "0", "highway=trunk surface=asphalt oneway=yes", "highway=crossing", "8026", "801607"],
          ["132758825", "33840305", "28", "154", "1500", "0", "0", "0", "0", "highway=trunk surface=asphalt oneway=yes", "highway=crossing", "8066", "805547"],
          ["132758819", "33839436", "29", "97", "1500", "0", "0", "20", "0", "highway=trunk surface=asphalt oneway=yes", "highway=traffic_signals", "8090", "807957"],
          ["132758815", "33839229", "29", "23", "1500", "0", "1", "0", "0", "highway=trunk surface=asphalt oneway=yes", "highway=crossing", "8095", "808470"],
          ["132758814", "33838621", "28", "67", "1500", "0", "0", "0", "0", "highway=trunk surface=asphalt oneway=yes", "highway=crossing", "8107", "809655"],
          ["132758815", "33838521", "28", "11", "1500", "0", "0", "20", "0", "highway=trunk surface=asphalt oneway=yes", "highway=traffic_signals", "8109", "809831"],
          ["132758883", "33838522", "29", "6", "1060", "0", "91", "0", "0", "highway=tertiary surface=asphalt estimated_traffic_class=4 oneway=yes", "highway=crossing", "8110", "809933"],
          ["132761566", "33838453", "27", "249", "1060", "0", "0", "0", "0", "highway=tertiary surface=asphalt estimated_traffic_class=4 oneway=yes", "highway=crossing", "8146", "813607"],
          ["132761661", "33838451", "27", "9", "1060", "0", "0", "0", "0", "highway=tertiary surface=asphalt estimated_traffic_class=4 oneway=yes", "", "8148", "813752"],
          ["132761790", "33838447", "27", "11", "1060", "0", "0", "20", "0", "highway=tertiary surface=asphalt estimated_traffic_class=4", "highway=traffic_signals", "8150", "813942"],
          ["132761927", "33838442", "27", "13", "1060", "0", "0", "0", "0", "highway=tertiary surface=asphalt estimated_traffic_class=4", "", "8152", "814178"],
          ["132762026", "33838438", "27", "9", "1060", "0", "0", "0", "0", "highway=tertiary estimated_traffic_class=4 oneway=yes", "highway=crossing", "8154", "814353"],
          ["132764526", "33838370", "30", "232", "1060", "0", "0", "0", "0", "highway=tertiary estimated_traffic_class=4 oneway=yes", "highway=crossing", "8207", "819681"],
          ["132764650", "33838366", "29", "11", "1060", "0", "0", "20", "0", "highway=tertiary estimated_traffic_class=4 oneway=yes", "highway=traffic_signals traffic_signals=signal", "8209", "819867"],
          ["132764712", "33838364", "29", "6", "1060", "0", "0", "20", "0", "highway=tertiary estimated_traffic_class=4 oneway=yes", "highway=traffic_signals traffic_signals=signal", "8210", "819962"],
          ["132764845", "33838360", "29", "12", "1090", "0", "0", "0", "0", "highway=tertiary estimated_traffic_class=5 foot=use_sidepath oneway=yes", "highway=crossing", "8212", "820141"],
          ["132765826", "33838333", "32", "91", "1090", "0", "0", "0", "0", "highway=tertiary estimated_traffic_class=5 foot=use_sidepath oneway=yes", "", "8227", "821693"],
          ["132765853", "33839003", "31", "75", "1100", "0", "90", "0", "0", "highway=unclassified", "", "8243", "823248"]
        ],
        "times": [0,2.016,19.21,30.304,42.498,52.652,55.641,57.983,63.279,70.201,79.173,95.735,112.838,122.004,126.575,136.698,145.334,152.132,156.444,158.354,161.938,163.546,164.843,179.944,190.213,200.136,222.558,239.802,242.204,262.366,285.498,290.574,294.858,295.498,297.494,300.723,302.365,303.598,311.834,312.886,313.688,314.26,328.336,329.542,332.984,334.281,341.441,356.418,361.241,367.323,373.462,377.939,381.351,384.214,388.146,391.789,404.631,420.141,426.789,449.712,455.544,456.07,462.646,467.113,480.678,484.749,487.88,490.821,494.309,494.845,498.566,500.998,506.065,507.721,511.864,513.357,518.263,524.085,526.505,530.278,538.554,548.468,549.626,554.267,568.644,576.847,606.732,615.55,625.43,626.667,649.609,652.381,667.253,671.577,686.173,691.719,695.067,696.719,708.512,710.872,728.872,749.224,766.41,773.375,796.362,808.546,811.875,838.272,842.614,858.288,863.568,865.02,882.032,899.817,905.99,910.41,913.829,920.347,921.697,922.519,923.253,924.198,924.871,925.377,927.229,930.093,935.194,938.875,942.122,957.385,965.846,980.709,983.614,986.458,990.068,996.953,1013.486,1027.968,1028.744,1031.733,1033.896,1057.938,1085.693,1112.963,1120.217,1123.334,1139.496,1156.69,1177.633,1179.316,1180.798,1183.346,1189.999,1193.71,1202.424,1203.46,1231.659,1239.356,1244.482,1246.943,1266.7,1268.078,1269.169,1274.472,1276.019,1277.422,1281.044,1295.471,1298.115,1313.481,1323.885,1337.153,1339.312,1349.368,1349.716,1351.02,1351.509,1353.834,1356.218,1358.024,1360.158,1361.608,1364.968,1366.657,1378.1,1379.574,1384.09,1386.757,1397.919,1398.217,1400.093,1401.13,1401.656,1413.846,1435.29,1437.044,1447.994,1454.137,1459.087,1463.025,1472.723,1480.723,1485.952,1491.937,1504.57,1509.661,1520.377,1551.995,1555.113,1557.787,1562.956,1573.159,1576.226,1579.668,1585.417,1588.719,1589.176,1591.476,1596.21,1596.814,1612.368,1614.959,1616.26,1617.238,1620.346,1642.414,1644.468,1657.754,1664.049,1670.95,1674.373,1679.41,1681.195,1689.926,1709.45,1722.071,1730.285,1751.927,1754.67,1778.716,1786.775,1795.747,1800.693,1839.095,1842.493,1851.795,1867.34,1874.554,1878.667,1885.672,1912.011,1925.164,1938.609,1940.709,1950.575,1951.994,1963.585,1969.826,1976.218,1987.029,2020.895,2028.468,2032.256,2034.738,2047.431,2050.728,2053.208,2055.389,2061.919,2065.767,2069.355,2073.487,2081.432,2085.247,2094.361,2099.686,2104.182,2107.566,2145.241,2155.621,2161.362,2174.48,2184.804,2186.472,2188.726,2191.343,2192.87,2194.425,2196.086,2198.428,2214.344,2223.618,2240.426,2251.046,2253.378,2265.074,2276.622,2279.661,2285.611,2291.667,2307.921,2315.209,2317.811,2327.134,2332.232,2335.704,2336.803,2341.16,2345.43,2349.948,2357.588,2365.884,2375.191,2384.585,2425.545,2445.675,2470.65,2487.32,2508.141,2530.835,2543.006,2554.878,2566.697,2584.583,2589.261,2597.964,2599.927,2611.687,2618.736,2630.976,2642.105,2645.247,2651.298,2660.729,2667.487,2687.563,2698.472,2707.851,2716.866,2722.997,2727.158,2729.675,2730.89,2735.157,2740.386,2761.744,2767.991,2776.921,2781.311,2788.636,2797.89,2804.602,2808.876,2815.002,2823.135,2827.191,2830.736,2833.076,2835.939,2848.359,2853.557,2859.168,2871.189,2873.906,2886.351,2896.872,2900.047,2920.657,2928.177,2933.65,2958.015,2964.503,2965.837,2966.171,2984.698,2985.299,2990.306,2990.794,2997.709,3009.598,3013.016,3021.036,3023.376,3027.564,3029.873,3037.272,3047.92,3049.01,3060.482,3074.834,3080.322,3082.502,3087.298,3098.323,3106.414,3126.903,3131.526,3144.709,3174.213,3199.914,3204.015,3208.486,3213.578,3221.917,3226.626,3228.531,3229.741,3232.497,3235.757,3239.005,3242.584,3246.153,3260.364,3269.131,3274.855,3291.893,3295.619,3300.181,3306.769,3310.208,3313.292,3319.09,3322.148,3326.388,3340.409,3343.78,3346.981,3349.506,3351.863,3355.229,3374.566,3377.087,3379.776,3382.969,3386.498,3390.531,3401.117,3401.789,3405.317,3407.67,3410.022,3412.878,3415.566,3418.591,3422.455,3428.531,3433.01,3435.453,3437.978,3441.601,3443.983,3446.559,3450.21,3455.281,3463.127,3469.622,3474.223,3477.55,3481.373,3485.514,3493.049,3503.922,3505.107,3518.448,3535.284,3545.71,3554.888,3560.443,3565.35,3571.39,3575.61,3578.499,3581.712,3591.985,3605.497,3609.917,3614.373,3618.326,3622.194,3628.319,3630.728,3633.791,3644.931,3650.62,3658.053,3663.074,3667.667,3672.286,3676.956,3681.877,3703.053,3706.99,3711.423,3716.01,3729.541,3732.914,3736.622,3739.654,3741.843,3744.032,3746.051,3748.071,3751.099,3759.002,3763.374,3765.223,3766.231,3780.348,3786.061,3787.972,3790.097,3791.26,3799.208,3808.014,3809.17,3809.996,3811.451,3812.603,3813.516,3829.168,3830.996,3831.399,3832.118,3832.644,3834.954,3841.223,3845.751,3847.661,3850.902,3856.967,3860.998,3868.791,3879.443,3885.439,3886.156,3890.133,3907.184,3908.484,3910.691,3922.198,3926.002,3930.284,3938.586,3942.586,3945.757,3948.264,3949.601,3952.612,3957.97,3961.49,3964.171,3966.719,3968.226,3971.849,3984.28,3992.677,3995.731,4002.417,4007.172,4018.095,4031.982,4045.266,4053.104,4061.071,4067.829,4074.069,4080.639,4087.876,4094.94,4105.868,4120.825,4132.586,4139.307,4144.012,4155.604,4160.477,4165.013,4169.885,4174.085,4217.35,4230.958,4237.987,4242.675,4255.101,4260.875,4265.895,4281.443,4303.073,4311.155,4316.035,4325.284,4340.244,4347.806,4353.688,4356.712,4359.4,4378.554,4404.259,4409.131,4421.059,4426.939,4432.988,4438.028,4450.46,4470.789,4487.253,4493.301,4499.013,4522.533,4542.061,4557.641,4561.757,4566.051,4570.185,4575.785,4585.109,4602.285,4609.931,4613.923,4618.757,4628.312,4637.387,4641.254,4644.099,4648.186,4653.02,4658.557,4663.742,4685.704,4687.229,4688.24,4730.056,4735.485,4752.242,4754.542,4754.707,4771.672,4781.711,4789.869,4794.435,4797.881,4806.115,4812.855,4815.858,4823.66,4836.496,4852.414,4853.537,4864.208,4864.96,4873.993,4876.823,4883.128,4884.946,4885.849,4892.092,4903.591,4911.545,4926.482,4945.272,4958.199,4959.213,4960.419,4961.163,4962.272,4963.376,4965.384,4966.472,4967.375,4968.274,4984.416,4989.915,4993.504,5004.086,5011.662,5015.155,5016.155,5019.295,5019.77,5037.217,5062.882,5063.069,5077.119,5083.262,5091.833,5097.822,5103.198,5107.79,5109.195,5114.852,5118.625,5124.167,5124.511,5127.908,5132.846,5144.964,5147.689,5161.98,5163.538,5164.671,5168.4,5177.865,5179.235,5183.88,5220.277,5220.865,5221.644,5235.38,5245.713,5252.211,5264.715,5266.394,5268.865,5285.635,5292.339,5303.151,5314.431,5328.838,5336.667,5341.771,5343.013,5355.549,5361.688,5363.316,5364.296,5373.652,5379.638,5383.888,5395.797,5397.229,5410.284,5420.696,5430.105,5431.267,5442.424,5451.672,5457.798,5458.225,5459.083,5459.372,5461.859,5465.394,5468.803,5471.285,5480.615,5493.67,5508.052,5510.05,5516.05,5519.649,5525.628,5525.986,5535.048,5535.855,5540.401,5541.218,5549.599,5554.399,5555.816,5576.166,5583.842,5591.999,5604.7,5607.088,5616.764,5628.522,5641.42,5655.783,5663.834,5674.247,5693.747,5695.764,5696.94,5704.226,5709.5,5715.466,5722.791,5725.127,5730.808,5738.006,5750.403,5751.312,5751.855,5754.388,5754.894,5761.412,5769.598,5774.426,5779.144,5785.053,5788.354,5790.009,5794.869,5799.092,5803.981,5816.834,5830.793,5840.713,5845.579,5853.685,5855.317,5856.626,5869.088,5878.844,5882.045,5891.174,5902.011,5906.21,5909.981,5911.815,5912.482,5912.816,5917.547,5918.746,5930.617,5931.474,5933.941,5939.521,5942.682,5945.337,5950.284,5954.666,5960.746,5976.592,5981.014,5985.006,5989.732,5995.803,5999.706,6009.802,6010.123,6019.544,6035.566,6036.705,6037.03,6038.009,6038.663,6048.455,6056.424,6061.268,6065.652,6071.357,6072.845,6078.635,6079.494,6080.132,6087.972,6092.765,6093.545,6103.871,6106.497,6120.074,6121.673,6140.932,6148.111,6153.655,6154.335,6204.246,6214.722,6220.177,6225.081,6229.15,6233.079,6273.369,6280.847,6287.28,6294.035,6311.384,6316.263,6321.98,6328.032,6335.26,6339.579,6348.978,6360.693,6389.231,6402.515,6411.199,6422.418,6431.978,6440.369,6445.405,6449.436,6456.489,6459.848,6464.805,6468.506,6474.174,6475.189,6480.324,6486.556,6492.951,6494.297,6506.093,6508.152,6522.435,6522.932,6524.092,6524.589,6528.959,6537.592,6544.593,6557.016,6563.008,6567.59,6569.911,6572.888,6577.096,6577.707,6586.675,6587.929,6591.565,6596.346,6598.92,6603.058,6609.912,6613.986,6619.377,6626.837,6633.134,6637.795,6642.248,6642.701,6644.989,6645.604,6649.314,6652.885,6657.429,6660.359,6663.389,6665.343,6670.306,6697.671,6698.214,6700.733,6701.091,6707.465,6710.612,6721.183,6732.513,6739.056,6743.332,6748.639,6756.386,6758.952,6762.941,6790.805,6798.271,6803.412,6805.421,6806.518,6809.866,6818.145,6827.922,6838.823,6852.328,6865.709,6879.468,6900.392,6909.057,6918.624,6920.984,6922.848,6928.595,6931.644,6936.552,6948.661,6956.8,6966.218,6968.491,6974.933,6986.372,6998.71,7004.62,7013.166,7018.35,7018.804,7024.038,7027.708,7031.085,7038.756,7070.066,7090.93,7110.495,7149.299,7151.007,7166.499,7167.697,7168.806,7173.541,7197.626,7200.144,7211.778,7219.289,7225.692,7240.261,7246.635,7250.975,7255.949,7258.923,7261.933,7271.067,7281.837,7283.335,7285.5,7286.501,7287.501,7288.927,7290.443,7302.986,7311.276,7311.809,7313.223,7313.752,7316.748,7317.673,7323.483,7334.783,7335.368,7340.253,7345.704,7351.145,7355.35,7368.852,7372.221,7374.578,7379.826,7385.629,7402.05,7403.747,7420.136,7423.895,7425.182,7430.116,7449.098,7456.098,7461.277,7468.128,7480.994,7497.229,7506.522,7518.1,7520.604,7522.845,7523.969,7524.527,7525.456,7526.931,7527.665,7540.417,7559.761,7576.762,7577.964,7591.383,7591.805,7615.065,7615.649,7616.685,7628.092,7630.984,7635.521,7636.021,7638.151,7643.693,7651.557,7652.575,7653.751,7655.33,7656.123,7669.509,7672.669,7678.278,7684.416,7700.67,7703.399,7705.245,7708.035,7709.294,7711.5,7713.648,7717.859,7722.693,7724.522,7724.924,7726.122,7726.519,7734.122,7740.942,7743.189,7747.945,7766.124,7775.004,7780.199,7780.689,7783.775,7786.27,7802.444,7804.706,7816.594,7825.812,7826.13,7841.72,7861.627,7870.105,7881.78,7890.057,7891.413,7892.374,7893.396,7895.011,7925.319,7942.444,7946.112,7946.422,7946.887,7947.881,7951.06,7961.718,7963.272,7966.534,7969.871,7975.855,7977.285,7979.479,7986.783,8003.514,8015.467,8021.08,8024.7,8025.761,8026.916,8028.501,8044.224,8066.307,8069.781,8074.034,8085.615,8090.396,8093.34,8095.532,8095.748,8102.014,8107.377,8109.134,8110.161,8115.873,8119.127,8125.958,8136.539,8139.881,8146.89,8148.342,8149.378,8150.068,8150.24,8150.585,8151.505,8152.604,8154.356,8164.311,8180.745,8199.328,8207.622,8209.479,8209.952,8210.427,8212.223,8227.735,8229.809,8235.777,8238.365,8243.288]
      },
      "geometry": {
        "type": "LineString",
        "coordinates": [
          [132.99819, 34.06584, 9.0],
          [132.99810, 34.06577, 9.0],
          [132.99737, 34.06512, 9.25],
          [132.99707, 34.06539, 11.25],
          [132.99674, 34.06569, 15.0],
          [132.99632, 34.06605, 14.0],
          [132.99624, 34.06612, 13.0],
          [132.99616, 34.06618, 12.25],
          [132.99580, 34.06645, 9.25],
          [132.99538, 34.06677, 6.25],
          [132.99488, 34.06716, 6.0],
          [132.99408, 34.06646, 6.0],
          [132.99326, 34.06576, 8.75],
          [132.99283, 34.06537, 8.5],
          [132.99263, 34.06519, 8.75],
          [132.99216, 34.06478, 8.5],
          [132.99179, 34.06444, 8.75],
          [132.99147, 34.06418, 8.5],
          [132.99125, 34.06397, 7.75],
          [132.99115, 34.06388, 7.5],
          [132.99093, 34.06370, 7.0],
          [132.99084, 34.06362, 7.0],
          [132.99077, 34.06355, 6.75],
          [132.98999, 34.06281, 6.5],
          [132.98960, 34.06245, 7.5],
          [132.98921, 34.06208, 7.5],
          [132.98839, 34.06138, 8.5],
          [132.98762, 34.06075, 8.25],
          [132.98750, 34.06065, 8.0],
          [132.98674, 34.05995, 9.0],
          [132.98587, 34.05919, 9.75],
          [132.98558, 34.05940, 8.75],
          [132.98530, 34.05959, 8.0],
          [132.98526, 34.05962, 7.75],
          [132.98513, 34.05971, 7.5],
          [132.98491, 34.05987, 7.0],
          [132.98481, 34.05995, 7.0],
          [132.98473, 34.06002, 6.75],
          [132.98425, 34.06043, 6.5],
          [132.98419, 34.06048, 6.25],
          [132.98413, 34.06052, 6.25],
          [132.98411, 34.06054, 6.5],
          [132.98367, 34.06089, 9.0],
          [132.98361, 34.06090, 9.25],
          [132.98343, 34.06097, 11.5],
          [132.98337, 34.06098, 12.0],
          [132.98308, 34.06100, 13.0],
          [132.98253, 34.06102, 14.25],
          [132.98233, 34.06103, 14.25],
          [132.98206, 34.06109, 14.25],
          [132.98181, 34.06116, 14.75],
          [132.98159, 34.06121, 14.5],
          [132.98138, 34.06124, 14.0],
          [132.98129, 34.06124, 13.75],
          [132.98114, 34.06123, 13.0],
          [132.98094, 34.06122, 12.0],
          [132.97978, 34.06097, 8.75],
          [132.97891, 34.06080, 10.25],
          [132.97855, 34.06072, 10.5],
          [132.97707, 34.06047, 10.0],
          [132.97672, 34.06042, 10.25],
          [132.97668, 34.06041, 10.25],
          [132.97626, 34.06034, 10.0],
          [132.97597, 34.06031, 10.0],
          [132.97518, 34.06022, 10.5],
          [132.97492, 34.06021, 10.5],
          [132.97471, 34.06023, 10.25],
          [132.97451, 34.06027, 9.75],
          [132.97423, 34.06036, 9.0],
          [132.97419, 34.06037, 9.0],
          [132.97392, 34.06047, 9.0],
          [132.97375, 34.06053, 9.0],
          [132.97340, 34.06066, 8.75],
          [132.97327, 34.06069, 8.5],
          [132.97295, 34.06079, 8.0],
          [132.97283, 34.06083, 8.0],
          [132.97250, 34.06093, 8.25],
          [132.97219, 34.06103, 9.25],
          [132.97207, 34.06107, 9.5],
          [132.97188, 34.06109, 9.75],
          [132.97149, 34.06115, 10.25],
          [132.97097, 34.06125, 10.25],
          [132.97091, 34.06126, 10.25],
          [132.97067, 34.06132, 10.5],
          [132.97006, 34.06147, 11.75],
          [132.96972, 34.06158, 12.25],
          [132.96849, 34.06197, 13.5],
          [132.96803, 34.06211, 13.5],
          [132.96757, 34.06225, 14.25],
          [132.96751, 34.06227, 14.25],
          [132.96645, 34.06250, 15.25],
          [132.96630, 34.06254, 15.0],
          [132.96510, 34.06289, 12.75],
          [132.96478, 34.06297, 12.5],
          [132.96398, 34.06317, 13.75],
          [132.96368, 34.06326, 14.0],
          [132.96350, 34.06331, 14.0],
          [132.96341, 34.06334, 14.0],
          [132.96284, 34.06349, 14.75],
          [132.96272, 34.06353, 14.75],
          [132.96177, 34.06379, 15.0],
          [132.96052, 34.06411, 14.75],
          [132.95973, 34.06429, 16.25],
          [132.95940, 34.06437, 16.75],
          [132.95829, 34.06466, 17.25],
          [132.95728, 34.06496, 14.75],
          [132.95701, 34.06502, 14.25],
          [132.95543, 34.06538, 15.5],
          [132.95515, 34.06545, 15.25],
          [132.95397, 34.06578, 14.0],
          [132.95366, 34.06587, 14.5],
          [132.95358, 34.06590, 14.75],
          [132.95297, 34.06609, 17.0],
          [132.95223, 34.06642, 17.25],
          [132.95180, 34.06661, 15.5],
          [132.95146, 34.06673, 14.75],
          [132.95117, 34.06683, 14.0],
          [132.95059, 34.06699, 13.25],
          [132.95048, 34.06701, 13.5],
          [132.95042, 34.06701, 13.5],
          [132.95036, 34.06701, 13.75],
          [132.95031, 34.06698, 14.0],
          [132.95028, 34.06695, 14.0],
          [132.95026, 34.06694, 14.0],
          [132.95018, 34.06687, 14.0],
          [132.95007, 34.06695, 14.25],
          [132.94981, 34.06713, 14.25],
          [132.94955, 34.06726, 13.0],
          [132.94925, 34.06737, 11.5],
          [132.94828, 34.06770, 10.0],
          [132.94755, 34.06793, 8.0],
          [132.94665, 34.06823, 9.0],
          [132.94636, 34.06830, 9.5],
          [132.94609, 34.06834, 9.5],
          [132.94579, 34.06833, 9.75],
          [132.94516, 34.06829, 8.75],
          [132.94391, 34.06818, 8.75],
          [132.94285, 34.06805, 8.25],
          [132.94280, 34.06804, 8.25],
          [132.94261, 34.06801, 8.5],
          [132.94247, 34.06798, 8.5],
          [132.94055, 34.06768, 6.5],
          [132.93878, 34.06736, 3.75],
          [132.93700, 34.06706, 3.5],
          [132.93630, 34.06687, 3.75],
          [132.93604, 34.06688, 4.0],
          [132.93498, 34.06671, 4.75],
          [132.93375, 34.06651, 4.0],
          [132.93253, 34.06631, 4.75],
          [132.93243, 34.06631, 5.0],
          [132.93234, 34.06632, 5.0],
          [132.93221, 34.06636, 5.25],
          [132.93188, 34.06647, 5.5],
          [132.93170, 34.06652, 5.75],
          [132.93118, 34.06668, 5.25],
          [132.93112, 34.06669, 5.25],
          [132.93071, 34.06561, 7.0],
          [132.93058, 34.06530, 7.5],
          [132.93050, 34.06510, 7.75],
          [132.93045, 34.06500, 7.75],
          [132.93007, 34.06416, 8.0],
          [132.93001, 34.06412, 8.25],
          [132.92994, 34.06413, 8.0],
          [132.92957, 34.06417, 7.25],
          [132.92946, 34.06418, 7.25],
          [132.92938, 34.06415, 7.25],
          [132.92918, 34.06402, 7.25],
          [132.92821, 34.06341, 5.75],
          [132.92805, 34.06333, 5.75],
          [132.92702, 34.06309, 5.75],
          [132.92637, 34.06297, 6.0],
          [132.92560, 34.06290, 6.5],
          [132.92547, 34.06288, 6.5],
          [132.92486, 34.06281, 6.5],
          [132.92483, 34.06280, 6.5],
          [132.92475, 34.06279, 6.25],
          [132.92473, 34.06279, 6.25],
          [132.92455, 34.06277, 5.75],
          [132.92437, 34.06277, 5.5],
          [132.92422, 34.06277, 5.0],
          [132.92406, 34.06280, 5.0],
          [132.92395, 34.06281, 5.25],
          [132.92373, 34.06281, 6.0],
          [132.92364, 34.06278, 6.25],
          [132.92322, 34.06264, 8.0],
          [132.92316, 34.06262, 8.0],
          [132.92298, 34.06256, 8.25],
          [132.92285, 34.06254, 8.0],
          [132.92199, 34.06242, 6.0],
          [132.92197, 34.06242, 6.0],
          [132.92182, 34.06240, 5.5],
          [132.92174, 34.06239, 5.25],
          [132.92170, 34.06238, 5.25],
          [132.92086, 34.06223, 5.75],
          [132.91964, 34.06197, 6.5],
          [132.91953, 34.06194, 6.5],
          [132.91874, 34.06178, 5.5],
          [132.91827, 34.06167, 5.0],
          [132.91797, 34.06156, 5.5],
          [132.91777, 34.06147, 6.0],
          [132.91729, 34.06146, 6.75],
          [132.91682, 34.06151, 6.5],
          [132.91657, 34.06151, 7.25],
          [132.91636, 34.06145, 8.75],
          [132.91591, 34.06132, 12.25],
          [132.91576, 34.06125, 13.25],
          [132.91551, 34.06117, 15.5],
          [132.91305, 34.06147, 7.0],
          [132.91280, 34.06147, 6.25],
          [132.91255, 34.06147, 5.25],
          [132.91213, 34.06146, 5.5],
          [132.91134, 34.06166, 4.5],
          [132.91112, 34.06170, 4.25],
          [132.91083, 34.06178, 4.0],
          [132.91036, 34.06183, 4.0],
          [132.91013, 34.06188, 4.25],
          [132.91010, 34.06188, 4.25],
          [132.90996, 34.06193, 4.25],
          [132.90965, 34.06206, 4.0],
          [132.90961, 34.06208, 4.0],
          [132.90877, 34.06263, 5.0],
          [132.90867, 34.06274, 5.0],
          [132.90859, 34.06278, 5.25],
          [132.90854, 34.06280, 5.25],
          [132.90835, 34.06287, 5.5],
          [132.90748, 34.06319, 6.5],
          [132.90739, 34.06322, 6.5],
          [132.90669, 34.06348, 9.0],
          [132.90651, 34.06339, 8.5],
          [132.90595, 34.06331, 5.0],
          [132.90563, 34.06328, 4.0],
          [132.90515, 34.06326, 3.25],
          [132.90499, 34.06323, 3.0],
          [132.90442, 34.06322, 4.25],
          [132.90295, 34.06319, 3.25],
          [132.90210, 34.06318, 3.25],
          [132.90161, 34.06317, 3.75],
          [132.90043, 34.06313, 4.5],
          [132.90028, 34.06313, 4.5],
          [132.89828, 34.06309, 2.0],
          [132.89787, 34.06305, 3.25],
          [132.89745, 34.06298, 4.0],
          [132.89729, 34.06301, 5.5],
          [132.89564, 34.06213, 5.25],
          [132.89546, 34.06203, 5.0],
          [132.89483, 34.06170, 3.75],
          [132.89409, 34.06129, 5.0],
          [132.89379, 34.06106, 5.25],
          [132.89364, 34.06092, 5.5],
          [132.89339, 34.06068, 5.75],
          [132.89267, 34.05981, 7.0],
          [132.89226, 34.05936, 7.5],
          [132.89174, 34.05892, 7.75],
          [132.89163, 34.05886, 7.5],
          [132.89108, 34.05852, 4.0],
          [132.89099, 34.05847, 3.5],
          [132.89032, 34.05812, 3.75],
          [132.88987, 34.05785, 5.25],
          [132.88954, 34.05766, 6.5],
          [132.88899, 34.05738, 6.75],
          [132.88691, 34.05796, 6.5],
          [132.88638, 34.05801, 6.0],
          [132.88609, 34.05802, 5.5],
          [132.88589, 34.05802, 5.0],
          [132.88504, 34.05804, 5.75],
          [132.88483, 34.05800, 5.75],
          [132.88467, 34.05796, 5.75],
          [132.88452, 34.05795, 5.5],
          [132.88410, 34.05795, 5.75],
          [132.88390, 34.05791, 6.5],
          [132.88376, 34.05785, 7.25],
          [132.88364, 34.05777, 8.0],
          [132.88345, 34.05760, 9.0],
          [132.88332, 34.05744, 10.25],
          [132.88318, 34.05719, 12.5],
          [132.88309, 34.05709, 14.0],
          [132.88301, 34.05704, 15.25],
          [132.88293, 34.05705, 16.0],
          [132.88238, 34.05726, 20.5],
          [132.88218, 34.05733, 20.75],
          [132.88205, 34.05736, 21.0],
          [132.88175, 34.05738, 21.75],
          [132.88103, 34.05737, 14.75],
          [132.88089, 34.05742, 13.0],
          [132.88074, 34.05745, 11.5],
          [132.88049, 34.05747, 9.5],
          [132.88031, 34.05746, 8.25],
          [132.88012, 34.05741, 7.0],
          [132.87992, 34.05735, 6.0],
          [132.87966, 34.05725, 5.75],
          [132.87833, 34.05668, 5.25],
          [132.87757, 34.05639, 5.0],
          [132.87657, 34.05598, 5.0],
          [132.87594, 34.05573, 5.0],
          [132.87580, 34.05569, 5.0],
          [132.87513, 34.05540, 5.0],
          [132.87420, 34.05500, 5.75],
          [132.87404, 34.05486, 5.75],
          [132.87373, 34.05456, 5.5],
          [132.87343, 34.05431, 5.75],
          [132.87280, 34.05376, 6.75],
          [132.87243, 34.05362, 7.0],
          [132.87228, 34.05360, 7.0],
          [132.87180, 34.05351, 7.5],
          [132.87157, 34.05355, 8.25],
          [132.87142, 34.05355, 9.0],
          [132.87138, 34.05356, 9.25],
          [132.87124, 34.05353, 10.25],
          [132.87099, 34.05350, 11.25],
          [132.87079, 34.05349, 12.5],
          [132.87044, 34.05328, 11.75],
          [132.87007, 34.05314, 12.5],
          [132.86961, 34.05306, 12.75],
          [132.86915, 34.05301, 13.25],
          [132.86828, 34.05291, 19.25],
          [132.86790, 34.05281, 22.5],
          [132.86747, 34.05265, 24.75],
          [132.86711, 34.05248, 25.25],
          [132.86669, 34.05220, 26.5],
          [132.86596, 34.05162, 22.75],
          [132.86541, 34.05115, 25.0],
          [132.86508, 34.05092, 24.5],
          [132.86473, 34.05065, 28.0],
          [132.86419, 34.05028, 26.0],
          [132.86388, 34.05007, 23.5],
          [132.86311, 34.04959, 17.5],
          [132.86292, 34.04955, 17.0],
          [132.86163, 34.04878, 8.25],
          [132.86096, 34.04850, 7.5],
          [132.86003, 34.04815, 7.5],
          [132.85911, 34.04776, 8.75],
          [132.85890, 34.04766, 8.75],
          [132.85854, 34.04742, 8.75],
          [132.85822, 34.04715, 10.5],
          [132.85800, 34.04694, 10.75],
          [132.85690, 34.04573, 7.0],
          [132.85661, 34.04539, 9.0],
          [132.85635, 34.04512, 9.75],
          [132.85600, 34.04485, 9.5],
          [132.85567, 34.04464, 8.75],
          [132.85543, 34.04450, 8.5],
          [132.85525, 34.04444, 8.0],
          [132.85516, 34.04441, 7.75],
          [132.85483, 34.04432, 7.5],
          [132.85446, 34.04424, 7.75],
          [132.85350, 34.04406, 7.75],
          [132.85320, 34.04395, 7.75],
          [132.85273, 34.04376, 7.75],
          [132.85248, 34.04371, 7.75],
          [132.85203, 34.04369, 7.75],
          [132.85147, 34.04379, 7.75],
          [132.85106, 34.04385, 7.75],
          [132.85079, 34.04387, 7.75],
          [132.85040, 34.04381, 7.75],
          [132.84990, 34.04367, 7.75],
          [132.84967, 34.04357, 7.75],
          [132.84949, 34.04345, 7.75],
          [132.84936, 34.04330, 7.75],
          [132.84926, 34.04309, 7.75],
          [132.84907, 34.04232, 8.25],
          [132.84895, 34.04205, 8.5],
          [132.84875, 34.04173, 7.75],
          [132.84832, 34.04104, 7.25],
          [132.84824, 34.04090, 7.5],
          [132.84780, 34.04028, 7.25],
          [132.84741, 34.03980, 7.25],
          [132.84749, 34.03970, 8.5],
          [132.84695, 34.03878, 11.0],
          [132.84673, 34.03854, 9.0],
          [132.84647, 34.03834, 8.25],
          [132.84523, 34.03747, 5.0],
          [132.84491, 34.03725, 5.0],
          [132.84484, 34.03720, 5.0],
          [132.84483, 34.03719, 5.0],
          [132.84366, 34.03639, 6.25],
          [132.84363, 34.03636, 6.25],
          [132.84338, 34.03618, 6.5],
          [132.84335, 34.03616, 6.5],
          [132.84302, 34.03593, 6.75],
          [132.84243, 34.03550, 6.5],
          [132.84224, 34.03537, 6.25],
          [132.84182, 34.03506, 6.0],
          [132.84169, 34.03498, 6.0],
          [132.84143, 34.03511, 5.75],
          [132.84126, 34.03513, 5.5],
          [132.84068, 34.03521, 5.0],
          [132.84002, 34.03488, 5.0],
          [132.83996, 34.03484, 5.0],
          [132.83939, 34.03454, 5.75],
          [132.83842, 34.03408, 4.25],
          [132.83814, 34.03385, 4.25],
          [132.83802, 34.03377, 4.25],
          [132.83779, 34.03363, 4.75],
          [132.83736, 34.03343, 6.25],
          [132.83711, 34.03331, 7.75],
          [132.83660, 34.03312, 13.0],
          [132.83647, 34.03309, 13.5],
          [132.83607, 34.03298, 12.75],
          [132.83476, 34.03270, 11.0],
          [132.83262, 34.03231, 8.0],
          [132.83235, 34.03230, 8.0],
          [132.83210, 34.03233, 8.5],
          [132.83181, 34.03241, 8.25],
          [132.83135, 34.03258, 8.25],
          [132.83107, 34.03266, 8.25],
          [132.83095, 34.03268, 8.0],
          [132.83088, 34.03269, 8.0],
          [132.83071, 34.03267, 8.0],
          [132.83051, 34.03264, 8.0],
          [132.83032, 34.03256, 8.0],
          [132.83015, 34.03244, 8.0],
          [132.83002, 34.03229, 7.75],
          [132.82962, 34.03160, 7.75],
          [132.82933, 34.03121, 7.5],
          [132.82917, 34.03093, 7.5],
          [132.82855, 34.02985, 7.25],
          [132.82844, 34.02969, 7.0],
          [132.82828, 34.02949, 7.0],
          [132.82802, 34.02923, 7.0],
          [132.82788, 34.02909, 6.75],
          [132.82773, 34.02898, 6.75],
          [132.82744, 34.02879, 6.75],
          [132.82728, 34.02871, 6.75],
          [132.82704, 34.02859, 6.5],
          [132.82623, 34.02827, 6.25],
          [132.82604, 34.02818, 6.25],
          [132.82587, 34.02809, 6.25],
          [132.82575, 34.02800, 6.25],
          [132.82564, 34.02791, 6.25],
          [132.82550, 34.02777, 6.0],
          [132.82479, 34.02692, 5.75],
          [132.82468, 34.02682, 5.75],
          [132.82454, 34.02673, 5.75],
          [132.82436, 34.02664, 5.75],
          [132.82414, 34.02659, 5.5],
          [132.82387, 34.02658, 5.5],
          [132.82319, 34.02659, 5.25],
          [132.82314, 34.02658, 5.25],
          [132.82292, 34.02657, 5.25],
          [132.82277, 34.02653, 5.25],
          [132.82263, 34.02648, 5.25],
          [132.82248, 34.02639, 5.25],
          [132.82236, 34.02628, 5.25],
          [132.82225, 34.02614, 5.0],
          [132.82210, 34.02598, 5.0],
          [132.82172, 34.02561, 6.0],
          [132.82146, 34.02538, 6.5],
          [132.82131, 34.02527, 7.0],
          [132.82114, 34.02519, 7.25],
          [132.82090, 34.02509, 7.75],
          [132.82074, 34.02504, 8.25],
          [132.82056, 34.02500, 8.5],
          [132.82034, 34.02499, 9.0],
          [132.82006, 34.02498, 8.75],
          [132.81961, 34.02497, 8.75],
          [132.81922, 34.02495, 8.5],
          [132.81894, 34.02491, 8.5],
          [132.81874, 34.02486, 8.5],
          [132.81854, 34.02475, 8.25],
          [132.81838, 34.02458, 8.25],
          [132.81814, 34.02424, 8.25],
          [132.81788, 34.02370, 8.0],
          [132.81786, 34.02364, 8.0],
          [132.81748, 34.02300, 7.75],
          [132.81690, 34.02224, 7.5],
          [132.81652, 34.02178, 7.25],
          [132.81624, 34.02150, 7.0],
          [132.81603, 34.02133, 7.25],
          [132.81582, 34.02118, 7.5],
          [132.81552, 34.02103, 7.75],
          [132.81530, 34.02094, 8.0],
          [132.81514, 34.02088, 8.25],
          [132.81496, 34.02084, 8.5],
          [132.81455, 34.02076, 8.25],
          [132.81390, 34.02063, 7.75],
          [132.81368, 34.02055, 7.75],
          [132.81346, 34.02047, 7.5],
          [132.81326, 34.02037, 7.5],
          [132.81307, 34.02027, 7.5],
          [132.81278, 34.02007, 7.25],
          [132.81263, 34.01995, 7.5],
          [132.81245, 34.01979, 7.75],
          [132.81187, 34.01926, 8.75],
          [132.81168, 34.01912, 8.5],
          [132.81140, 34.01895, 8.25],
          [132.81116, 34.01884, 8.25],
          [132.81094, 34.01877, 8.0],
          [132.81069, 34.01870, 8.0],
          [132.81042, 34.01864, 7.75],
          [132.81014, 34.01859, 7.75],
          [132.80886, 34.01839, 7.0],
          [132.80863, 34.01833, 6.75],
          [132.80838, 34.01821, 6.75],
          [132.80815, 34.01807, 6.5],
          [132.80755, 34.01754, 6.0],
          [132.80738, 34.01743, 6.0],
          [132.80718, 34.01733, 5.75],
          [132.80700, 34.01725, 5.75],
          [132.80688, 34.01718, 5.75],
          [132.80679, 34.01710, 5.5],
          [132.80673, 34.01700, 5.5],
          [132.80670, 34.01689, 5.5],
          [132.80669, 34.01673, 5.5],
          [132.80661, 34.01631, 5.0],
          [132.80658, 34.01607, 5.0],
          [132.80647, 34.01608, 5.0],
          [132.80642, 34.01604, 5.0],
          [132.80594, 34.01540, 4.5],
          [132.80593, 34.01509, 4.25],
          [132.80601, 34.01494, 4.0],
          [132.80607, 34.01479, 4.25],
          [132.80607, 34.01470, 4.5],
          [132.80576, 34.01434, 5.25],
          [132.80540, 34.01384, 4.25],
          [132.80533, 34.01379, 4.25],
          [132.80527, 34.01377, 4.0],
          [132.80515, 34.01375, 3.75],
          [132.80506, 34.01371, 3.5],
          [132.80500, 34.01366, 3.5],
          [132.80439, 34.01291, 4.0],
          [132.80422, 34.01281, 4.25],
          [132.80418, 34.01279, 4.0],
          [132.80412, 34.01275, 4.0],
          [132.80408, 34.01272, 4.0],
          [132.80389, 34.01261, 4.0],
          [132.80347, 34.01225, 4.0],
          [132.80325, 34.01199, 4.25],
          [132.80316, 34.01189, 4.25],
          [132.80303, 34.01170, 4.25],
          [132.80287, 34.01140, 4.5],
          [132.80276, 34.01121, 4.5],
          [132.80240, 34.01094, 4.75],
          [132.80196, 34.01060, 5.0],
          [132.80170, 34.01039, 5.0],
          [132.80167, 34.01036, 5.0],
          [132.80153, 34.01021, 5.25],
          [132.80099, 34.00958, 5.75],
          [132.80094, 34.00953, 5.75],
          [132.80087, 34.00944, 5.75],
          [132.80050, 34.00898, 6.0],
          [132.80037, 34.00882, 6.0],
          [132.80022, 34.00865, 6.0],
          [132.79994, 34.00827, 5.75],
          [132.79977, 34.00810, 5.75],
          [132.79962, 34.00799, 5.75],
          [132.79949, 34.00792, 5.75],
          [132.79940, 34.00789, 5.75],
          [132.79922, 34.00782, 5.75],
          [132.79889, 34.00775, 5.75],
          [132.79866, 34.00774, 5.75],
          [132.79848, 34.00775, 5.5],
          [132.79831, 34.00778, 5.5],
          [132.79820, 34.00780, 5.25],
          [132.79796, 34.00789, 5.0],
          [132.79719, 34.00823, 5.0],
          [132.79669, 34.00850, 4.75],
          [132.79646, 34.00860, 3.75],
          [132.79589, 34.00883, 2.5],
          [132.79554, 34.00896, 2.75],
          [132.79494, 34.00914, 3.0],
          [132.79413, 34.00931, 3.75],
          [132.79332, 34.00949, 4.25],
          [132.79284, 34.00958, 4.75],
          [132.79234, 34.00966, 5.0],
          [132.79190, 34.00968, 5.25],
          [132.79150, 34.00967, 5.75],
          [132.79108, 34.00964, 6.0],
          [132.79062, 34.00957, 6.25],
          [132.79019, 34.00946, 6.75],
          [132.78953, 34.00924, 7.25],
          [132.78865, 34.00890, 7.75],
          [132.78795, 34.00866, 8.5],
          [132.78753, 34.00856, 8.75],
          [132.78723, 34.00850, 9.0],
          [132.78649, 34.00844, 9.5],
          [132.78617, 34.00841, 9.75],
          [132.78589, 34.00835, 10.0],
          [132.78560, 34.00824, 10.25],
          [132.78537, 34.00813, 10.25],
          [132.78432, 34.00734, 10.5],
          [132.78379, 34.00699, 10.75],
          [132.78347, 34.00681, 10.75],
          [132.78323, 34.00672, 10.75],
          [132.78252, 34.00651, 11.0],
          [132.78218, 34.00640, 11.0],
          [132.78192, 34.00626, 11.25],
          [132.78120, 34.00570, 11.5],
          [132.78023, 34.00488, 11.75],
          [132.77980, 34.00463, 12.0],
          [132.77953, 34.00450, 12.0],
          [132.77899, 34.00428, 12.25],
          [132.77809, 34.00401, 12.5],
          [132.77765, 34.00384, 12.5],
          [132.77735, 34.00365, 12.75],
          [132.77722, 34.00353, 12.75],
          [132.77710, 34.00342, 12.75],
          [132.77633, 34.00261, 13.0],
          [132.77529, 34.00153, 13.5],
          [132.77509, 34.00133, 13.5],
          [132.77460, 34.00083, 13.75],
          [132.77434, 34.00061, 13.75],
          [132.77405, 34.00038, 14.0],
          [132.77381, 34.00021, 14.0],
          [132.77318, 33.99979, 14.25],
          [132.77201, 33.99929, 14.5],
          [132.77107, 33.99889, 14.75],
          [132.77085, 33.99863, 15.0],
          [132.77072, 33.99834, 15.0],
          [132.77069, 33.99803, 15.25],
          [132.77097, 33.99727, 12.0],
          [132.77146, 33.99664, 9.0],
          [132.77159, 33.99647, 8.25],
          [132.77180, 33.99620, 7.0],
          [132.77193, 33.99592, 7.25],
          [132.77207, 33.99556, 7.75],
          [132.77233, 33.99503, 8.5],
          [132.77262, 33.99419, 9.75],
          [132.77284, 33.99374, 9.75],
          [132.77304, 33.99352, 9.0],
          [132.77334, 33.99326, 8.25],
          [132.77367, 33.99304, 11.0],
          [132.77402, 33.99279, 11.0],
          [132.77432, 33.99256, 10.0],
          [132.77450, 33.99239, 9.25],
          [132.77470, 33.99214, 8.5],
          [132.77491, 33.99186, 7.75],
          [132.77511, 33.99148, 6.75],
          [132.77525, 33.99117, 6.75],
          [132.77591, 33.98975, 5.25],
          [132.77595, 33.98967, 5.25],
          [132.77598, 33.98961, 5.0],
          [132.77717, 33.98714, 3.5],
          [132.77732, 33.98685, 3.25],
          [132.77772, 33.98598, 3.25],
          [132.77778, 33.98586, 3.25],
          [132.77778, 33.98585, 3.25],
          [132.77816, 33.98503, 3.5],
          [132.77838, 33.98450, 3.25],
          [132.77850, 33.98409, 3.5],
          [132.77852, 33.98386, 3.75],
          [132.77852, 33.98370, 4.0],
          [132.77850, 33.98332, 4.25],
          [132.77842, 33.98303, 4.75],
          [132.77838, 33.98291, 5.0],
          [132.77826, 33.98262, 5.5],
          [132.77802, 33.98219, 6.25],
          [132.77750, 33.98137, 4.75],
          [132.77747, 33.98131, 4.75],
          [132.77712, 33.98070, 4.0],
          [132.77710, 33.98066, 4.0],
          [132.77686, 33.98025, 4.75],
          [132.77678, 33.98013, 4.75],
          [132.77664, 33.97985, 5.0],
          [132.77658, 33.97978, 5.0],
          [132.77655, 33.97974, 5.0],
          [132.77639, 33.97945, 5.0],
          [132.77607, 33.97892, 5.0],
          [132.77581, 33.97848, 4.25],
          [132.77538, 33.97774, 4.5],
          [132.77492, 33.97694, 5.25],
          [132.77464, 33.97646, 6.25],
          [132.77463, 33.97641, 6.25],
          [132.77464, 33.97636, 6.25],
          [132.77466, 33.97633, 6.0],
          [132.77470, 33.97629, 6.0],
          [132.77475, 33.97626, 6.0],
          [132.77486, 33.97622, 6.0],
          [132.77491, 33.97619, 6.0],
          [132.77493, 33.97614, 6.0],
          [132.77492, 33.97610, 6.0],
          [132.77449, 33.97535, 6.0],
          [132.77480, 33.97524, 6.0],
          [132.77502, 33.97519, 6.0],
          [132.77560, 33.97504, 6.5],
          [132.77604, 33.97494, 6.5],
          [132.77625, 33.97488, 6.25],
          [132.77632, 33.97487, 6.25],
          [132.77652, 33.97481, 6.0],
          [132.77655, 33.97480, 6.0],
          [132.77757, 33.97456, 6.5],
          [132.77885, 33.97424, 7.75],
          [132.77886, 33.97423, 7.75],
          [132.77959, 33.97406, 8.25],
          [132.77991, 33.97398, 8.5],
          [132.78036, 33.97386, 8.75],
          [132.78065, 33.97378, 9.25],
          [132.78090, 33.97368, 9.5],
          [132.78113, 33.97357, 9.25],
          [132.78108, 33.97352, 9.5],
          [132.78100, 33.97326, 9.5],
          [132.78095, 33.97309, 9.5],
          [132.78090, 33.97280, 9.25],
          [132.78090, 33.97278, 9.25],
          [132.78086, 33.97260, 9.0],
          [132.78076, 33.97232, 8.75],
          [132.78049, 33.97158, 8.0],
          [132.78045, 33.97142, 8.0],
          [132.78017, 33.97044, 6.5],
          [132.78012, 33.97034, 6.0],
          [132.78009, 33.97026, 5.75],
          [132.78002, 33.96999, 4.5],
          [132.77987, 33.96942, 4.5],
          [132.77985, 33.96934, 4.5],
          [132.77975, 33.96908, 4.5],
          [132.77922, 33.96760, 6.5],
          [132.77921, 33.96757, 6.75],
          [132.77920, 33.96754, 6.75],
          [132.77895, 33.96663, 4.75],
          [132.77877, 33.96603, 4.75],
          [132.77862, 33.96569, 4.75],
          [132.77836, 33.96484, 3.25],
          [132.77831, 33.96475, 3.5],
          [132.77814, 33.96478, 3.5],
          [132.77717, 33.96498, 4.25],
          [132.77682, 33.96505, 4.75],
          [132.77631, 33.96515, 5.5],
          [132.77577, 33.96526, 6.0],
          [132.77500, 33.96542, 6.0],
          [132.77448, 33.96547, 5.5],
          [132.77415, 33.96546, 5.5],
          [132.77406, 33.96546, 5.25],
          [132.77310, 33.96544, 4.5],
          [132.77268, 33.96543, 4.75],
          [132.77258, 33.96543, 4.75],
          [132.77258, 33.96537, 4.75],
          [132.77263, 33.96489, 5.0],
          [132.77266, 33.96461, 5.5],
          [132.77268, 33.96443, 6.0],
          [132.77273, 33.96394, 6.5],
          [132.77273, 33.96388, 6.5],
          [132.77278, 33.96320, 6.0],
          [132.77277, 33.96263, 5.75],
          [132.77277, 33.96211, 5.75],
          [132.77277, 33.96205, 5.75],
          [132.77277, 33.96144, 5.75],
          [132.77273, 33.96090, 5.25],
          [132.77267, 33.96049, 4.5],
          [132.77267, 33.96047, 4.5],
          [132.77266, 33.96042, 4.5],
          [132.77266, 33.96040, 4.5],
          [132.77262, 33.96024, 4.25],
          [132.77258, 33.96001, 4.0],
          [132.77254, 33.95980, 4.0],
          [132.77251, 33.95966, 4.25],
          [132.77242, 33.95919, 4.75],
          [132.77232, 33.95867, 6.0],
          [132.77225, 33.95808, 6.5],
          [132.77225, 33.95799, 6.5],
          [132.77226, 33.95771, 6.5],
          [132.77229, 33.95754, 6.75],
          [132.77234, 33.95725, 6.5],
          [132.77234, 33.95723, 6.5],
          [132.77243, 33.95672, 6.0],
          [132.77244, 33.95668, 6.0],
          [132.77250, 33.95643, 6.0],
          [132.77250, 33.95638, 6.0],
          [132.77253, 33.95593, 6.0],
          [132.77250, 33.95567, 6.0],
          [132.77249, 33.95560, 6.25],
          [132.77223, 33.95470, 7.0],
          [132.77213, 33.95434, 7.25],
          [132.77203, 33.95398, 7.5],
          [132.77185, 33.95341, 7.75],
          [132.77181, 33.95330, 7.75],
          [132.77164, 33.95283, 7.75],
          [132.77140, 33.95213, 6.75],
          [132.77110, 33.95127, 5.5],
          [132.77078, 33.95039, 5.0],
          [132.77063, 33.94994, 5.0],
          [132.77032, 33.94938, 4.75],
          [132.76972, 33.94846, 5.0],
          [132.76966, 33.94837, 5.0],
          [132.76962, 33.94831, 5.0],
          [132.76942, 33.94798, 5.25],
          [132.76929, 33.94772, 5.25],
          [132.76916, 33.94742, 5.25],
          [132.76902, 33.94704, 5.25],
          [132.76898, 33.94691, 5.25],
          [132.76891, 33.94661, 5.5],
          [132.76885, 33.94623, 5.5],
          [132.76884, 33.94569, 5.5],
          [132.76884, 33.94565, 5.75],
          [132.76884, 33.94562, 5.75],
          [132.76884, 33.94548, 5.5],
          [132.76884, 33.94545, 5.5],
          [132.76888, 33.94507, 5.0],
          [132.76894, 33.94461, 5.0],
          [132.76896, 33.94433, 5.0],
          [132.76897, 33.94408, 5.0],
          [132.76894, 33.94375, 5.0],
          [132.76891, 33.94357, 5.0],
          [132.76890, 33.94349, 5.0],
          [132.76884, 33.94321, 4.75],
          [132.76876, 33.94297, 4.5],
          [132.76864, 33.94267, 4.0],
          [132.76836, 33.94201, 4.5],
          [132.76808, 33.94133, 4.75],
          [132.76789, 33.94088, 5.25],
          [132.76780, 33.94067, 5.5],
          [132.76764, 33.94028, 5.25],
          [132.76760, 33.94019, 5.0],
          [132.76758, 33.94012, 5.0],
          [132.76730, 33.93944, 4.75],
          [132.76704, 33.93901, 5.25],
          [132.76695, 33.93888, 5.5],
          [132.76671, 33.93856, 6.25],
          [132.76636, 33.93819, 6.5],
          [132.76620, 33.93803, 6.25],
          [132.76606, 33.93788, 6.25],
          [132.76598, 33.93781, 6.0],
          [132.76595, 33.93779, 6.0],
          [132.76593, 33.93777, 6.0],
          [132.76569, 33.93759, 5.75],
          [132.76562, 33.93754, 5.5],
          [132.76502, 33.93699, 5.0],
          [132.76497, 33.93695, 4.75],
          [132.76483, 33.93684, 4.75],
          [132.76454, 33.93657, 4.25],
          [132.76439, 33.93641, 4.25],
          [132.76429, 33.93626, 4.0],
          [132.76413, 33.93599, 4.0],
          [132.76399, 33.93575, 4.0],
          [132.76381, 33.93545, 4.25],
          [132.76341, 33.93479, 5.0],
          [132.76331, 33.93460, 5.25],
          [132.76322, 33.93443, 5.5],
          [132.76313, 33.93424, 5.75],
          [132.76302, 33.93397, 5.75],
          [132.76297, 33.93378, 5.5],
          [132.76283, 33.93322, 5.0],
          [132.76283, 33.93320, 5.0],
          [132.76270, 33.93268, 5.0],
          [132.76248, 33.93179, 4.75],
          [132.76247, 33.93173, 4.75],
          [132.76246, 33.93171, 4.75],
          [132.76245, 33.93166, 4.75],
          [132.76244, 33.93162, 4.75],
          [132.76228, 33.93097, 3.5],
          [132.76214, 33.93049, 3.5],
          [132.76205, 33.93025, 4.0],
          [132.76196, 33.93004, 4.25],
          [132.76184, 33.92979, 4.5],
          [132.76180, 33.92973, 4.5],
          [132.76167, 33.92950, 5.0],
          [132.76165, 33.92946, 5.25],
          [132.76163, 33.92944, 5.25],
          [132.76149, 33.92916, 5.75],
          [132.76136, 33.92896, 5.5],
          [132.76134, 33.92894, 5.5],
          [132.76104, 33.92848, 5.25],
          [132.76095, 33.92836, 5.0],
          [132.76048, 33.92773, 5.0],
          [132.76043, 33.92767, 4.75],
          [132.75983, 33.92680, 3.75],
          [132.75952, 33.92636, 3.25],
          [132.75929, 33.92603, 3.25],
          [132.75926, 33.92600, 3.25],
          [132.75775, 33.92397, 8.25],
          [132.75751, 33.92366, 8.0],
          [132.75739, 33.92346, 7.75],
          [132.75730, 33.92327, 7.75],
          [132.75724, 33.92310, 7.5],
          [132.75720, 33.92292, 7.5],
          [132.75709, 33.92088, 6.25],
          [132.75715, 33.92048, 6.0],
          [132.75726, 33.92015, 5.75],
          [132.75741, 33.91982, 5.75],
          [132.75781, 33.91895, 5.0],
          [132.75789, 33.91870, 5.0],
          [132.75791, 33.91839, 4.75],
          [132.75788, 33.91806, 4.5],
          [132.75778, 33.91769, 4.25],
          [132.75761, 33.91734, 4.25],
          [132.75728, 33.91671, 4.25],
          [132.75690, 33.91606, 4.25],
          [132.75593, 33.91467, 4.5],
          [132.75563, 33.91399, 4.75],
          [132.75552, 33.91354, 4.75],
          [132.75548, 33.91293, 4.75],
          [132.75550, 33.91242, 5.0],
          [132.75556, 33.91198, 5.0],
          [132.75560, 33.91170, 5.0],
          [132.75562, 33.91149, 5.0],
          [132.75561, 33.91111, 5.0],
          [132.75558, 33.91094, 5.0],
          [132.75554, 33.91073, 5.25],
          [132.75549, 33.91057, 5.25],
          [132.75538, 33.91035, 5.5],
          [132.75536, 33.91031, 5.5],
          [132.75526, 33.91009, 5.5],
          [132.75506, 33.90980, 5.0],
          [132.75481, 33.90953, 5.0],
          [132.75476, 33.90948, 5.0],
          [132.75436, 33.90905, 5.75],
          [132.75428, 33.90897, 5.75],
          [132.75370, 33.90836, 5.25],
          [132.75368, 33.90834, 5.25],
          [132.75363, 33.90829, 5.25],
          [132.75361, 33.90826, 5.25],
          [132.75340, 33.90805, 4.5],
          [132.75296, 33.90761, 4.0],
          [132.75264, 33.90728, 4.0],
          [132.75210, 33.90673, 4.0],
          [132.75186, 33.90647, 4.0],
          [132.75168, 33.90627, 4.0],
          [132.75158, 33.90616, 3.75],
          [132.75145, 33.90603, 3.75],
          [132.75126, 33.90584, 3.5],
          [132.75123, 33.90581, 3.5],
          [132.75089, 33.90547, 4.25],
          [132.75084, 33.90542, 4.25],
          [132.75071, 33.90531, 4.75],
          [132.75052, 33.90518, 5.0],
          [132.75041, 33.90512, 5.25],
          [132.75023, 33.90502, 5.25],
          [132.74988, 33.90487, 5.0],
          [132.74965, 33.90476, 4.75],
          [132.74936, 33.90463, 5.0],
          [132.74898, 33.90446, 5.25],
          [132.74871, 33.90433, 6.0],
          [132.74852, 33.90424, 6.5],
          [132.74835, 33.90413, 6.75],
          [132.74834, 33.90412, 6.75],
          [132.74825, 33.90405, 6.5],
          [132.74823, 33.90403, 6.5],
          [132.74808, 33.90389, 6.0],
          [132.74794, 33.90372, 5.5],
          [132.74776, 33.90348, 5.0],
          [132.74767, 33.90331, 4.75],
          [132.74761, 33.90313, 4.75],
          [132.74758, 33.90301, 4.5],
          [132.74755, 33.90268, 4.25],
          [132.74754, 33.90144, 6.0],
          [132.74754, 33.90141, 6.0],
          [132.74754, 33.90129, 6.0],
          [132.74754, 33.90127, 6.0],
          [132.74755, 33.90094, 6.0],
          [132.74754, 33.90079, 6.0],
          [132.74757, 33.90035, 7.0],
          [132.74764, 33.89988, 7.5],
          [132.74770, 33.89957, 7.25],
          [132.74775, 33.89934, 7.0],
          [132.74783, 33.89905, 6.75],
          [132.74795, 33.89867, 7.0],
          [132.74799, 33.89854, 7.0],
          [132.74805, 33.89834, 7.25],
          [132.74835, 33.89735, 9.25],
          [132.74849, 33.89690, 7.75],
          [132.74862, 33.89654, 6.75],
          [132.74866, 33.89641, 6.75],
          [132.74867, 33.89634, 6.75],
          [132.74872, 33.89612, 6.5],
          [132.74880, 33.89563, 6.75],
          [132.74885, 33.89513, 7.25],
          [132.74886, 33.89465, 8.0],
          [132.74889, 33.89409, 8.75],
          [132.74891, 33.89356, 9.5],
          [132.74892, 33.89292, 9.5],
          [132.74896, 33.89191, 9.75],
          [132.74902, 33.89152, 10.25],
          [132.74912, 33.89111, 10.75],
          [132.74915, 33.89100, 10.75],
          [132.74917, 33.89092, 11.0],
          [132.74926, 33.89069, 11.25],
          [132.74932, 33.89057, 11.25],
          [132.74945, 33.89036, 11.25],
          [132.74983, 33.88973, 10.25],
          [132.75015, 33.88925, 9.25],
          [132.75046, 33.88879, 9.75],
          [132.75053, 33.88869, 10.0],
          [132.75071, 33.88843, 10.5],
          [132.75104, 33.88794, 10.5],
          [132.75135, 33.88744, 11.0],
          [132.75149, 33.88714, 10.5],
          [132.75168, 33.88666, 10.0],
          [132.75176, 33.88635, 9.75],
          [132.75176, 33.88632, 9.75],
          [132.75179, 33.88601, 9.75],
          [132.75190, 33.88584, 10.0],
          [132.75190, 33.88567, 10.25],
          [132.75190, 33.88532, 10.75],
          [132.75193, 33.88396, 11.75],
          [132.75196, 33.88294, 12.0],
          [132.75199, 33.88192, 12.0],
          [132.75205, 33.87996, 12.5],
          [132.75205, 33.87987, 12.5],
          [132.75207, 33.87923, 13.75],
          [132.75213, 33.87923, 13.75],
          [132.75220, 33.87923, 13.5],
          [132.75231, 33.87902, 13.5],
          [132.75277, 33.87798, 14.25],
          [132.75282, 33.87787, 14.5],
          [132.75302, 33.87745, 15.5],
          [132.75313, 33.87719, 16.0],
          [132.75324, 33.87695, 16.25],
          [132.75343, 33.87652, 17.75],
          [132.75349, 33.87626, 17.25],
          [132.75355, 33.87603, 16.5],
          [132.75363, 33.87572, 15.75],
          [132.75368, 33.87555, 16.0],
          [132.75373, 33.87539, 16.0],
          [132.75393, 33.87497, 16.5],
          [132.75426, 33.87444, 16.25],
          [132.75429, 33.87436, 16.25],
          [132.75431, 33.87425, 16.25],
          [132.75432, 33.87419, 16.25],
          [132.75435, 33.87415, 16.25],
          [132.75442, 33.87411, 16.5],
          [132.75450, 33.87410, 16.75],
          [132.75509, 33.87407, 17.75],
          [132.75559, 33.87410, 17.25],
          [132.75559, 33.87408, 17.25],
          [132.75559, 33.87401, 17.25],
          [132.75559, 33.87399, 17.25],
          [132.75560, 33.87384, 17.5],
          [132.75562, 33.87379, 17.5],
          [132.75563, 33.87352, 17.75],
          [132.75564, 33.87303, 18.25],
          [132.75564, 33.87301, 18.25],
          [132.75565, 33.87279, 18.5],
          [132.75565, 33.87254, 18.5],
          [132.75565, 33.87228, 18.5],
          [132.75566, 33.87207, 18.5],
          [132.75565, 33.87134, 18.25],
          [132.75567, 33.87116, 18.25],
          [132.75569, 33.87104, 18.25],
          [132.75571, 33.87074, 18.0],
          [132.75572, 33.87046, 18.5],
          [132.75576, 33.86973, 19.25],
          [132.75584, 33.86968, 19.25],
          [132.75642, 33.86927, 20.5],
          [132.75654, 33.86916, 20.75],
          [132.75659, 33.86912, 20.75],
          [132.75674, 33.86892, 20.25],
          [132.75741, 33.86793, 19.25],
          [132.75762, 33.86762, 19.75],
          [132.75776, 33.86742, 20.25],
          [132.75794, 33.86713, 20.25],
          [132.75829, 33.86664, 20.75],
          [132.75861, 33.86616, 22.5],
          [132.75879, 33.86588, 23.25],
          [132.75900, 33.86546, 23.25],
          [132.75905, 33.86535, 23.25],
          [132.75912, 33.86527, 23.25],
          [132.75914, 33.86522, 23.0],
          [132.75915, 33.86520, 23.0],
          [132.75916, 33.86516, 23.0],
          [132.75918, 33.86509, 23.0],
          [132.75920, 33.86505, 23.0],
          [132.75922, 33.86437, 22.75],
          [132.75923, 33.86364, 27.5],
          [132.75926, 33.86292, 28.0],
          [132.75927, 33.86286, 27.5],
          [132.75927, 33.86228, 25.5],
          [132.75927, 33.86226, 25.75],
          [132.75930, 33.86130, 26.5],
          [132.75930, 33.86127, 26.5],
          [132.75930, 33.86123, 26.75],
          [132.75931, 33.86073, 27.0],
          [132.75932, 33.86057, 26.25],
          [132.75932, 33.86024, 25.0],
          [132.75932, 33.86021, 24.75],
          [132.75930, 33.86004, 24.0],
          [132.75929, 33.85964, 24.0],
          [132.75925, 33.85912, 24.0],
          [132.75927, 33.85906, 24.0],
          [132.75928, 33.85899, 24.0],
          [132.75928, 33.85890, 24.25],
          [132.75927, 33.85886, 24.25],
          [132.75932, 33.85825, 25.25],
          [132.75932, 33.85809, 25.25],
          [132.75934, 33.85783, 25.5],
          [132.75935, 33.85755, 25.75],
          [132.75937, 33.85679, 26.0],
          [132.75941, 33.85667, 26.25],
          [132.75946, 33.85660, 26.5],
          [132.75957, 33.85652, 26.75],
          [132.75962, 33.85650, 26.75],
          [132.75971, 33.85646, 27.0],
          [132.75981, 33.85643, 27.0],
          [132.76001, 33.85639, 27.25],
          [132.76026, 33.85636, 27.25],
          [132.76035, 33.85636, 27.25],
          [132.76035, 33.85634, 27.25],
          [132.76035, 33.85629, 27.25],
          [132.76035, 33.85626, 27.25],
          [132.76036, 33.85595, 27.75],
          [132.76037, 33.85563, 27.5],
          [132.76037, 33.85551, 27.25],
          [132.76039, 33.85523, 26.75],
          [132.76041, 33.85433, 27.5],
          [132.76043, 33.85387, 27.5],
          [132.76044, 33.85358, 27.25],
          [132.76044, 33.85356, 27.25],
          [132.76044, 33.85338, 27.0],
          [132.76044, 33.85324, 27.25],
          [132.76048, 33.85263, 29.0],
          [132.76048, 33.85254, 29.25],
          [132.76049, 33.85187, 28.0],
          [132.76050, 33.85135, 27.75],
          [132.76051, 33.85132, 27.75],
          [132.76058, 33.85043, 27.5],
          [132.76062, 33.84921, 26.75],
          [132.76062, 33.84873, 26.75],
          [132.76061, 33.84813, 27.0],
          [132.76061, 33.84776, 27.75],
          [132.76060, 33.84769, 27.75],
          [132.76060, 33.84764, 27.75],
          [132.76061, 33.84759, 28.0],
          [132.76061, 33.84752, 28.0],
          [132.76062, 33.84636, 29.5],
          [132.76062, 33.84523, 27.5],
          [132.76062, 33.84502, 27.5],
          [132.76060, 33.84501, 27.5],
          [132.76058, 33.84499, 27.5],
          [132.76051, 33.84499, 27.75],
          [132.76032, 33.84499, 28.0],
          [132.75975, 33.84500, 28.75],
          [132.75966, 33.84500, 28.75],
          [132.75949, 33.84500, 29.0],
          [132.75930, 33.84498, 28.75],
          [132.75894, 33.84497, 28.75],
          [132.75885, 33.84497, 28.75],
          [132.75885, 33.84485, 28.25],
          [132.75884, 33.84425, 26.0],
          [132.75884, 33.84338, 27.5],
          [132.75883, 33.84255, 25.75],
          [132.75883, 33.84213, 24.75],
          [132.75883, 33.84186, 24.0],
          [132.75883, 33.84178, 23.75],
          [132.75883, 33.84168, 23.5],
          [132.75883, 33.84158, 24.0],
          [132.75882, 33.84100, 26.75],
          [132.75882, 33.84030, 28.5],
          [132.75883, 33.84018, 28.75],
          [132.75883, 33.84003, 29.0],
          [132.75882, 33.83961, 29.5],
          [132.75881, 33.83943, 29.75],
          [132.75882, 33.83932, 29.75],
          [132.75881, 33.83922, 29.75],
          [132.75881, 33.83921, 29.75],
          [132.75881, 33.83893, 29.5],
          [132.75881, 33.83862, 28.75],
          [132.75881, 33.83852, 28.75],
          [132.75888, 33.83852, 29.0],
          [132.75913, 33.83852, 30.5],
          [132.75930, 33.83850, 30.0],
          [132.75998, 33.83849, 26.75],
          [132.76084, 33.83847, 26.75],
          [132.76109, 33.83846, 26.75],
          [132.76156, 33.83845, 27.0],
          [132.76166, 33.83845, 27.0],
          [132.76172, 33.83845, 27.25],
          [132.76177, 33.83844, 27.25],
          [132.76179, 33.83844, 27.25],
          [132.76180, 33.83844, 27.25],
          [132.76185, 33.83844, 27.5],
          [132.76192, 33.83844, 27.5],
          [132.76202, 33.83843, 27.75],
          [132.76247, 33.83842, 28.75],
          [132.76335, 33.83840, 31.75],
          [132.76404, 33.83838, 31.0],
          [132.76452, 33.83837, 30.0],
          [132.76465, 33.83836, 29.75],
          [132.76468, 33.83836, 29.5],
          [132.76471, 33.83836, 29.5],
          [132.76484, 33.83836, 29.25],
          [132.76582, 33.83833, 32.75],
          [132.76582, 33.83838, 32.5],
          [132.76583, 33.83862, 31.0],
          [132.76584, 33.83876, 30.25],
          [132.76585, 33.83900, 31.75]
        ]
      }
    }
  ]
}
