{
  "type": "FeatureCollection",
  "features": [
    {
      "type": "Feature",
      "properties": {
        "creator": "BRouter-1.7.10",
        "name": "brouter_fastbike-asia-pacific_0",
        "track-length": "114414",
        "filtered ascend": "1265",
        "plain-ascend": "-25",
        "total-time": "27285",
        "total-energy": "2640983",
        "cost": "222572",
        "messages": [
          ["Longitude", "Latitude", "Elevation", "Distance", "CostPerKm", "ElevCost", "TurnCost", "NodeCost", "InitialCost", "WayTags", "NodeTags", "Time", "Energy"],
          ["132765826", "33838333", "32", "75", "1100", "0", "0", "0", "0", "reversedirection=yes highway=unclassified", "", "16", "1615"],
          ["132767836", "33838280", "33", "186", "1090", "0", "91", "0", "0", "highway=tertiary estimated_traffic_class=5 foot=use_sidepath oneway=yes", "highway=crossing", "53", "5397"],
          ["132767935", "33838275", "32", "9", "1090", "0", "0", "20", "0", "highway=tertiary estimated_traffic_class=5 foot=use_sidepath oneway=yes", "highway=traffic_signals", "55", "5567"],
          ["132767935", "33838174", "32", "11", "1060", "0", "84", "0", "0", "reversedirection=yes highway=tertiary estimated_traffic_class=4", "highway=crossing", "57", "5772"],
          ["132767883", "33836814", "32", "151", "1060", "0", "0", "0", "0", "reversedirection=yes highway=tertiary estimated_traffic_class=4", "highway=crossing", "82", "8217"],
          ["132767879", "33836692", "32", "14", "1060", "0", "0", "20", "0", "reversedirection=yes highway=tertiary estimated_traffic_class=4", "highway=traffic_signals", "84", "8457"],
          ["132767876", "33836574", "32", "14", "1060", "0", "0", "0", "0", "reversedirection=yes highway=tertiary estimated_traffic_class=4", "highway=crossing", "86", "8695"],
          ["132767854", "33835960", "32", "68", "1060", "0", "0", "20", "0", "reversedirection=yes highway=tertiary estimated_traffic_class=4", "highway=traffic_signals", "98", "9849"],
          ["132767818", "33835185", "31", "85", "1060", "0", "0", "0", "0", "reversedirection=yes highway=tertiary estimated_traffic_class=4", "highway=crossing", "111", "11110"],
          ["132767825", "33835027", "31", "18", "1060", "0", "1", "20", "0", "reversedirection=yes highway=tertiary estimated_traffic_class=4", "highway=traffic_signals", "113", "11360"],
          ["132769032", "33831791", "30", "389", "1060", "0", "29", "0", "0", "reversedirection=yes highway=tertiary estimated_traffic_class=4", "", "175", "17550"],
          ["132768982", "33831755", "30", "6", "1090", "0", "8", "0", "0", "reversedirection=yes highway=tertiary estimated_traffic_class=5", "railway=level_crossing", "176", "17648"],
          ["132768668", "33831525", "30", "38", "1090", "0", "0", "0", "0", "reversedirection=yes highway=tertiary estimated_traffic_class=5", "highway=crossing", "182", "18208"],
          ["132764596", "33828028", "27", "541", "1090", "0", "0", "0", "0", "reversedirection=yes highway=tertiary estimated_traffic_class=5", "highway=crossing", "260", "26098"],
          ["132764533", "33827964", "27", "9", "1090", "0", "0", "20", "0", "reversedirection=yes highway=tertiary estimated_traffic_class=5", "highway=traffic_signals", "262", "26251"],
          ["132764423", "33827840", "28", "17", "1090", "0", "0", "0", "0", "reversedirection=yes highway=tertiary estimated_traffic_class=5", "highway=crossing", "265", "26580"],
          ["132761973", "33824912", "24", "397", "1090", "0", "2", "0", "0", "reversedirection=yes highway=tertiary estimated_traffic_class=5", "", "324", "32470"],
          ["132761177", "33824061", "21", "120", "1100", "0", "3", "0", "0", "reversedirection=yes highway=unclassified", "", "338", "33882"],
          ["132759185", "33821336", "20", "354", "1100", "0", "11", "0", "0", "highway=unclassified", "estimated_crossing_class=6", "390", "39040"],
          ["132755967", "33817987", "15", "476", "1100", "0", "2", "0", "0", "highway=unclassified", "", "456", "45610"],
          ["132751954", "33815802", "17", "444", "1060", "0", "7", "20", "0", "reversedirection=yes highway=tertiary estimated_traffic_class=4", "highway=traffic_signals estimated_crossing_class=0", "534", "53410"],
          ["132751699", "33815648", "17", "29", "1190", "0", "0", "0", "0", "reversedirection=yes highway=secondary estimated_traffic_class=5", "highway=crossing estimated_crossing_class=5", "540", "54044"],
          ["132750423", "33815216", "13", "129", "1190", "0", "2", "20", "0", "reversedirection=yes highway=secondary estimated_traffic_class=5", "highway=traffic_signals estimated_crossing_class=0", "556", "55676"],
          ["132741541", "33811010", "14", "946", "1060", "0", "0", "20", "0", "reversedirection=yes highway=tertiary estimated_traffic_class=4", "highway=traffic_signals", "714", "71478"],
          ["132729372", "33806020", "10", "1278", "1060", "0", "1", "20", "0", "reversedirection=yes highway=tertiary estimated_traffic_class=4", "highway=traffic_signals", "920", "92091"],
          ["132729254", "33806018", "10", "11", "1060", "0", "0", "20", "0", "reversedirection=yes highway=tertiary estimated_traffic_class=4", "highway=traffic_signals traffic_signals=signal", "922", "92267"],
          ["132726305", "33806809", "11", "295", "1060", "0", "2", "20", "0", "reversedirection=yes highway=tertiary estimated_traffic_class=4", "highway=traffic_signals estimated_crossing_class=0", "970", "97044"],
          ["132726240", "33806695", "10", "14", "1160", "0", "98", "0", "0", "reversedirection=yes highway=secondary estimated_traffic_class=4", "", "974", "97414"],
          ["132725164", "33804900", "9", "224", "1190", "0", "1", "20", "0", "reversedirection=yes highway=secondary estimated_traffic_class=5", "highway=traffic_signals estimated_crossing_class=0", "1015", "101549"],
          ["132724522", "33804505", "9", "76", "1190", "0", "2", "0", "0", "reversedirection=yes highway=secondary estimated_traffic_class=5", "estimated_crossing_class=4", "1026", "102641"],
          ["132724336", "33804455", "9", "18", "1190", "0", "0", "0", "0", "reversedirection=yes highway=secondary estimated_traffic_class=5", "estimated_crossing_class=4", "1028", "102913"],
          ["132723963", "33804392", "9", "35", "1190", "0", "0", "0", "0", "reversedirection=yes highway=secondary estimated_traffic_class=5", "estimated_crossing_class=4", "1034", "103453"],
          ["132723555", "33804348", "9", "38", "1190", "0", "0", "0", "0", "reversedirection=yes highway=secondary estimated_traffic_class=5", "estimated_crossing_class=4", "1040", "104055"],
          ["132722938", "33804281", "7", "58", "1190", "0", "0", "0", "0", "reversedirection=yes highway=secondary estimated_traffic_class=5", "estimated_crossing_class=4", "1047", "104744"],
          ["132722830", "33804269", "6", "10", "1190", "0", "0", "0", "0", "reversedirection=yes highway=secondary estimated_traffic_class=5", "estimated_crossing_class=4", "1048", "104856"],
          ["132721621", "33804144", "7", "113", "1190", "0", "0", "0", "0", "reversedirection=yes highway=secondary estimated_traffic_class=5", "estimated_crossing_class=4", "1065", "106568"],
          ["132721473", "33804128", "7", "14", "1190", "0", "0", "0", "0", "reversedirection=yes highway=secondary estimated_traffic_class=5", "estimated_crossing_class=4", "1067", "106792"],
          ["132721325", "33804111", "7", "14", "1190", "0", "0", "0", "0", "reversedirection=yes highway=secondary estimated_traffic_class=5", "estimated_crossing_class=4", "1070", "107016"],
          ["132720510", "33804034", "7", "76", "1190", "0", "0", "0", "0", "reversedirection=yes highway=secondary estimated_traffic_class=5", "estimated_crossing_class=4", "1080", "108100"],
          ["132720361", "33804018", "6", "14", "1190", "0", "0", "0", "0", "reversedirection=yes highway=secondary estimated_traffic_class=5", "estimated_crossing_class=4", "1082", "108300"],
          ["132719992", "33803966", "6", "35", "1190", "0", "0", "0", "0", "reversedirection=yes highway=secondary estimated_traffic_class=5", "estimated_crossing_class=4", "1087", "108768"],
          ["132719759", "33803937", "6", "22", "1190", "0", "0", "0", "0", "reversedirection=yes highway=secondary estimated_traffic_class=5", "estimated_crossing_class=4", "1090", "109095"],
          ["132719528", "33803916", "6", "22", "1190", "0", "0", "0", "0", "reversedirection=yes highway=secondary estimated_traffic_class=5", "estimated_crossing_class=4", "1094", "109451"],
          ["132719029", "33803861", "7", "47", "1190", "0", "0", "0", "0", "reversedirection=yes highway=secondary estimated_traffic_class=5", "estimated_crossing_class=4", "1102", "110306"],
          ["132718699", "33803825", "7", "31", "1190", "0", "0", "0", "0", "reversedirection=yes highway=secondary estimated_traffic_class=5", "estimated_crossing_class=4", "1108", "110856"],
          ["132718288", "33803784", "7", "38", "1190", "0", "0", "0", "0", "reversedirection=yes highway=secondary estimated_traffic_class=5", "estimated_crossing_class=4", "1115", "111519"],
          ["132717896", "33803744", "6", "37", "1190", "0", "0", "0", "0", "reversedirection=yes highway=secondary estimated_traffic_class=5", "estimated_crossing_class=4", "1120", "112034"],
          ["132717607", "33803703", "5", "27", "1190", "0", "0", "0", "0", "reversedirection=yes highway=secondary estimated_traffic_class=5", "highway=crossing", "1123", "112390"],
          ["132717562", "33803696", "5", "4", "1190", "0", "0", "0", "0", "reversedirection=yes highway=secondary estimated_traffic_class=5", "estimated_crossing_class=4", "1124", "112442"],
          ["132716754", "33803562", "5", "76", "1190", "0", "0", "0", "0", "reversedirection=yes highway=secondary estimated_traffic_class=5", "estimated_crossing_class=4", "1135", "113536"],
          ["132715483", "33803260", "5", "122", "1190", "0", "0", "0", "0", "reversedirection=yes highway=secondary estimated_traffic_class=5", "estimated_crossing_class=4", "1153", "115342"],
          ["132714626", "33803039", "4", "83", "1190", "0", "0", "0", "0", "reversedirection=yes highway=secondary estimated_traffic_class=5", "estimated_crossing_class=4", "1165", "116515"],
          ["132713821", "33802518", "5", "95", "1190", "0", "1", "0", "0", "reversedirection=yes highway=secondary estimated_traffic_class=5", "estimated_crossing_class=4", "1180", "118107"],
          ["132713654", "33802334", "5", "26", "1190", "0", "0", "0", "0", "reversedirection=yes highway=secondary estimated_traffic_class=5", "estimated_crossing_class=4", "1185", "118552"],
          ["132713556", "33802219", "5", "16", "1190", "0", "0", "0", "0", "reversedirection=yes highway=secondary estimated_traffic_class=5", "estimated_crossing_class=4", "1188", "118825"],
          ["132713237", "33801831", "5", "52", "1190", "0", "0", "0", "0", "reversedirection=yes highway=secondary estimated_traffic_class=5", "estimated_crossing_class=4", "1196", "119709"],
          ["132712834", "33801275", "5", "72", "1190", "0", "0", "0", "0", "reversedirection=yes highway=secondary estimated_traffic_class=5", "estimated_crossing_class=4", "1209", "120974"],
          ["132712659", "33801007", "5", "34", "1190", "0", "0", "0", "0", "reversedirection=yes highway=secondary estimated_traffic_class=5", "estimated_crossing_class=4", "1215", "121567"],
          ["132712427", "33800647", "5", "45", "1190", "0", "0", "0", "0", "reversedirection=yes highway=secondary estimated_traffic_class=5", "estimated_crossing_class=4", "1222", "122302"],
          ["132712378", "33800571", "5", "10", "1190", "0", "0", "0", "0", "reversedirection=yes highway=secondary estimated_traffic_class=5", "estimated_crossing_class=4", "1224", "122466"],
          ["132712064", "33800056", "6", "64", "1160", "0", "0", "0", "0", "reversedirection=yes highway=secondary estimated_traffic_class=4", "estimated_crossing_class=3", "1237", "123766"],
          ["132711882", "33799773", "5", "36", "1160", "0", "0", "0", "0", "reversedirection=yes highway=secondary estimated_traffic_class=4", "estimated_crossing_class=3", "1243", "124369"],
          ["132711727", "33799547", "4", "29", "1160", "0", "0", "0", "0", "reversedirection=yes highway=secondary estimated_traffic_class=4", "estimated_crossing_class=3", "1247", "124781"],
          ["132711288", "33798898", "4", "82", "1160", "0", "0", "0", "0", "reversedirection=yes highway=secondary estimated_traffic_class=4", "estimated_crossing_class=4", "1258", "125856"],
          ["132710852", "33798357", "5", "72", "1160", "0", "0", "0", "0", "reversedirection=yes highway=secondary estimated_traffic_class=4", "estimated_crossing_class=4", "1273", "127350"],
          ["132710566", "33798039", "5", "44", "1160", "0", "0", "0", "0", "reversedirection=yes highway=secondary estimated_traffic_class=4", "estimated_crossing_class=4", "1281", "128124"],
          ["132709982", "33797442", "4", "86", "1160", "0", "0", "0", "0", "reversedirection=yes highway=secondary estimated_traffic_class=4", "estimated_crossing_class=4", "1294", "129478"],
          ["132709517", "33796961", "4", "69", "1160", "0", "0", "0", "0", "reversedirection=yes highway=secondary estimated_traffic_class=4", "estimated_crossing_class=0", "1304", "130503"],
          ["132709485", "33796926", "4", "5", "1160", "0", "0", "20", "0", "reversedirection=yes highway=secondary estimated_traffic_class=4", "highway=traffic_signals", "1305", "130581"],
          ["132709446", "33796884", "4", "6", "1160", "0", "0", "0", "0", "reversedirection=yes highway=secondary estimated_traffic_class=4", "estimated_crossing_class=0", "1306", "130674"],
          ["132708234", "33795554", "3", "185", "1160", "0", "0", "0", "0", "reversedirection=yes highway=secondary estimated_traffic_class=4", "estimated_crossing_class=4", "1335", "133526"],
          ["132707742", "33794822", "3", "93", "1160", "0", "0", "0", "0", "reversedirection=yes highway=secondary estimated_traffic_class=4", "estimated_crossing_class=4", "1349", "134975"],
          ["132707374", "33794206", "4", "77", "1160", "0", "0", "0", "0", "reversedirection=yes highway=secondary estimated_traffic_class=4", "estimated_crossing_class=4", "1363", "136383"],
          ["132707340", "33794135", "4", "8", "1160", "0", "0", "0", "0", "reversedirection=yes highway=secondary estimated_traffic_class=4", "estimated_crossing_class=4", "1365", "136553"],
          ["132707284", "33794015", "4", "14", "1160", "0", "0", "0", "0", "reversedirection=yes highway=secondary estimated_traffic_class=4", "estimated_crossing_class=4", "1368", "136842"],
          ["132707190", "33793785", "4", "27", "1160", "0", "0", "0", "0", "reversedirection=yes highway=secondary estimated_traffic_class=4", "estimated_crossing_class=4", "1373", "137378"],
          ["132707072", "33793469", "4", "37", "1160", "0", "0", "0", "0", "reversedirection=yes highway=secondary estimated_traffic_class=4", "estimated_crossing_class=4", "1380", "138080"],
          ["132706565", "33792104", "4", "159", "1160", "0", "0", "0", "0", "reversedirection=yes highway=secondary estimated_traffic_class=4", "estimated_crossing_class=4", "1408", "140887"],
          ["132706028", "33790648", "4", "169", "1160", "0", "0", "0", "0", "reversedirection=yes highway=secondary estimated_traffic_class=4", "estimated_crossing_class=4", "1437", "143754"],
          ["132705464", "33789133", "4", "176", "1160", "0", "0", "0", "0", "reversedirection=yes highway=secondary estimated_traffic_class=4", "estimated_crossing_class=4", "1466", "146624"],
          ["132705300", "33788684", "4", "52", "1160", "0", "0", "0", "0", "reversedirection=yes highway=secondary estimated_traffic_class=4", "estimated_crossing_class=4", "1475", "147537"],
          ["132704974", "33787817", "4", "101", "1160", "0", "0", "0", "0", "reversedirection=yes highway=secondary estimated_traffic_class=4", "estimated_crossing_class=4", "1491", "149131"],
          ["132704950", "33787751", "4", "8", "1160", "0", "0", "0", "0", "reversedirection=yes highway=secondary estimated_traffic_class=4", "estimated_crossing_class=4", "1492", "149261"],
          ["132704868", "33787534", "3", "25", "1160", "0", "0", "0", "0", "reversedirection=yes highway=secondary estimated_traffic_class=4", "estimated_crossing_class=4", "1496", "149625"],
          ["132704762", "33787250", "3", "33", "1160", "0", "0", "0", "0", "reversedirection=yes highway=secondary estimated_traffic_class=4", "estimated_crossing_class=4", "1501", "150122"],
          ["132704712", "33787116", "3", "16", "1160", "0", "0", "0", "0", "reversedirection=yes highway=secondary estimated_traffic_class=4", "estimated_crossing_class=4", "1503", "150369"],
          ["132704665", "33786988", "4", "15", "1160", "0", "0", "0", "0", "reversedirection=yes highway=secondary estimated_traffic_class=4", "estimated_crossing_class=4", "1506", "150618"],
          ["132704465", "33786438", "4", "64", "1160", "0", "0", "20", "0", "reversedirection=yes highway=secondary estimated_traffic_class=4", "highway=traffic_signals", "1516", "151684"],
          ["132704141", "33785717", "3", "86", "1160", "0", "0", "0", "0", "reversedirection=yes highway=secondary estimated_traffic_class=4", "estimated_crossing_class=4", "1529", "152919"],
          ["132704040", "33785515", "3", "25", "1160", "0", "0", "0", "0", "reversedirection=yes highway=secondary estimated_traffic_class=4", "estimated_crossing_class=4", "1533", "153337"],
          ["132703735", "33784894", "4", "74", "1160", "0", "0", "0", "0", "reversedirection=yes highway=secondary estimated_traffic_class=4", "estimated_crossing_class=4", "1548", "154855"],
          ["132703517", "33784470", "4", "51", "1160", "0", "0", "0", "0", "reversedirection=yes highway=secondary estimated_traffic_class=4", "estimated_crossing_class=4", "1558", "155832"],
          ["132703285", "33784013", "4", "55", "1160", "0", "0", "20", "0", "reversedirection=yes highway=secondary estimated_traffic_class=4", "highway=traffic_signals estimated_crossing_class=0 traffic_signals=signal", "1568", "156858"],
          ["132703324", "33783369", "4", "72", "1290", "0", "10", "0", "0", "highway=primary estimated_traffic_class=5", "estimated_crossing_class=4", "1579", "157966"],
          ["132703345", "33783014", "4", "39", "1290", "0", "0", "0", "0", "highway=primary estimated_traffic_class=5", "estimated_crossing_class=4", "1586", "158663"],
          ["132703388", "33782451", "5", "63", "1290", "0", "0", "0", "0", "highway=primary estimated_traffic_class=5", "estimated_crossing_class=4", "1600", "160088"],
          ["132703418", "33782009", "6", "49", "1290", "0", "0", "0", "0", "highway=primary estimated_traffic_class=5", "estimated_crossing_class=4", "1611", "161177"],
          ["132703453", "33781430", "6", "64", "1290", "0", "0", "0", "0", "highway=primary estimated_traffic_class=5", "estimated_crossing_class=4", "1624", "162437"],
          ["132703462", "33781288", "6", "16", "1290", "0", "0", "0", "0", "highway=primary estimated_traffic_class=5", "estimated_crossing_class=4", "1626", "162716"],
          ["132703464", "33781264", "5", "3", "1290", "0", "0", "0", "0", "highway=primary estimated_traffic_class=5", "estimated_crossing_class=4", "1627", "162765"],
          ["132703492", "33780804", "5", "51", "1290", "0", "0", "0", "0", "highway=primary estimated_traffic_class=5", "estimated_crossing_class=4", "1634", "163486"],
          ["132703493", "33780777", "5", "3", "1290", "0", "0", "0", "0", "highway=primary estimated_traffic_class=5", "estimated_crossing_class=4", "1635", "163530"],
          ["132703571", "33779413", "5", "151", "1290", "0", "0", "0", "0", "highway=primary estimated_traffic_class=5", "estimated_crossing_class=4", "1658", "165899"],
          ["132703593", "33779087", "5", "36", "1290", "0", "0", "0", "0", "highway=primary estimated_traffic_class=5", "estimated_crossing_class=4", "1665", "166523"],
          ["132703612", "33778807", "5", "31", "1290", "0", "0", "0", "0", "highway=primary estimated_traffic_class=5", "estimated_crossing_class=4", "1671", "167123"],
          ["132703638", "33778419", "6", "43", "1290", "0", "0", "0", "0", "highway=primary estimated_traffic_class=5", "estimated_crossing_class=4", "1679", "167967"],
          ["132703645", "33778321", "6", "11", "1290", "0", "0", "0", "0", "highway=primary estimated_traffic_class=5", "estimated_crossing_class=4", "1681", "168175"],
          ["132703653", "33778204", "6", "13", "1290", "0", "0", "0", "0", "highway=primary estimated_traffic_class=5", "estimated_crossing_class=4", "1683", "168417"],
          ["132703676", "33777669", "5", "59", "1290", "0", "0", "0", "0", "highway=primary estimated_traffic_class=5", "estimated_crossing_class=4", "1693", "169379"],
          ["132703716", "33776985", "5", "76", "1290", "0", "0", "20", "0", "highway=primary estimated_traffic_class=5", "highway=traffic_signals estimated_crossing_class=0 traffic_signals=signal", "1705", "170526"],
          ["132703770", "33775680", "4", "145", "1260", "0", "0", "0", "0", "highway=primary estimated_traffic_class=4", "estimated_crossing_class=3", "1727", "172791"],
          ["132703779", "33775564", "5", "13", "1260", "0", "0", "0", "0", "highway=primary estimated_traffic_class=4", "estimated_crossing_class=3", "1729", "173017"],
          ["132703810", "33774944", "6", "69", "1260", "0", "0", "0", "0", "highway=primary estimated_traffic_class=4", "estimated_crossing_class=5", "1746", "174622"],
          ["132703856", "33774282", "5", "74", "1290", "0", "0", "0", "0", "highway=primary estimated_traffic_class=5", "estimated_crossing_class=5", "1758", "175879"],
          ["132703906", "33773786", "5", "55", "1290", "0", "0", "0", "0", "highway=primary estimated_traffic_class=5", "estimated_crossing_class=4", "1767", "176809"],
          ["132703991", "33772795", "5", "110", "1290", "0", "0", "0", "0", "highway=primary estimated_traffic_class=5", "estimated_crossing_class=5", "1786", "178662"],
          ["132704090", "33771861", "5", "104", "1290", "0", "0", "20", "0", "highway=primary estimated_traffic_class=5", "highway=traffic_signals estimated_crossing_class=0", "1803", "180410"],
          ["132704100", "33771628", "5", "26", "1290", "0", "0", "0", "0", "highway=primary estimated_traffic_class=5", "estimated_crossing_class=4", "1808", "180847"],
          ["132704030", "33771162", "5", "52", "1290", "0", "2", "0", "0", "highway=primary estimated_traffic_class=5", "estimated_crossing_class=4", "1816", "181661"],
          ["132703901", "33770865", "5", "35", "1290", "0", "0", "0", "0", "highway=primary estimated_traffic_class=5", "", "1821", "182178"],
          ["132703787", "33770512", "5", "41", "1350", "0", "0", "0", "0", "highway=primary estimated_traffic_class=6", "estimated_crossing_class=5", "1827", "182805"],
          ["132703783", "33770095", "5", "46", "1350", "0", "1", "0", "0", "highway=primary estimated_traffic_class=6", "estimated_crossing_class=5", "1835", "183532"],
          ["132703798", "33769845", "5", "28", "1350", "0", "0", "0", "0", "highway=primary estimated_traffic_class=6", "estimated_crossing_class=4", "1839", "183983"],
          ["132703809", "33769691", "5", "17", "1350", "0", "0", "0", "0", "highway=primary estimated_traffic_class=6", "estimated_crossing_class=4", "1842", "184259"],
          ["132703840", "33769266", "5", "47", "1350", "0", "0", "0", "0", "highway=primary estimated_traffic_class=6", "estimated_crossing_class=5", "1850", "185029"],
          ["132703879", "33768557", "5", "79", "1350", "0", "0", "0", "0", "highway=primary estimated_traffic_class=6", "estimated_crossing_class=4", "1864", "186434"],
          ["132703880", "33768498", "5", "7", "1350", "0", "0", "0", "0", "highway=primary estimated_traffic_class=6", "estimated_crossing_class=4", "1865", "186569"],
          ["132703867", "33767310", "4", "131", "1350", "0", "0", "0", "0", "highway=primary estimated_traffic_class=6", "estimated_crossing_class=5", "1886", "188682"],
          ["132703836", "33766756", "4", "62", "1350", "0", "0", "20", "0", "highway=primary estimated_traffic_class=6", "highway=traffic_signals estimated_crossing_class=0", "1896", "189621"],
          ["132702889", "33762350", "6", "498", "1100", "0", "0", "0", "0", "highway=unclassified", "", "1985", "198534"],
          ["132702610", "33761298", "6", "120", "1100", "0", "0", "0", "0", "reversedirection=yes highway=unclassified", "", "2006", "200708"],
          ["132702365", "33760309", "6", "112", "1100", "0", "0", "0", "0", "highway=unclassified", "", "2027", "202773"],
          ["132702124", "33759317", "6", "112", "1100", "0", "0", "0", "0", "reversedirection=yes highway=unclassified", "", "2046", "204675"],
          ["132700890", "33756227", "7", "362", "1100", "0", "0", "0", "0", "highway=unclassified", "estimated_crossing_class=5", "2109", "210924"],
          ["132698894", "33754478", "6", "281", "1100", "0", "5", "20", "0", "reversedirection=yes highway=unclassified", "highway=traffic_signals traffic_signals=signal", "2154", "215491"],
          ["132700682", "33751572", "12", "362", "1030", "0", "103", "0", "0", "highway=tertiary estimated_traffic_class=3", "", "2238", "223914"],
          ["132698866", "33750548", "9", "216", "1200", "0", "180", "0", "0", "reversedirection=yes highway=residential", "", "2274", "227504"],
          ["132699491", "33750064", "11", "80", "1200", "0", "1", "0", "0", "highway=residential", "", "2290", "229117"],
          ["132699730", "33750161", "11", "25", "1200", "0", "75", "0", "0", "reversedirection=yes highway=residential", "", "2296", "229651"],
          ["132700933", "33749296", "15", "190", "1200", "0", "109", "0", "0", "highway=residential", "", "2334", "233477"],
          ["132698554", "33747909", "20", "274", "1200", "0", "145", "0", "0", "reversedirection=yes highway=residential", "", "2404", "240504"],
          ["132698945", "33745800", "24", "242", "1100", "0", "81", "0", "0", "reversedirection=yes highway=unclassified", "", "2466", "246720"],
          ["132699286", "33743763", "24", "250", "1100", "0", "71", "20", "0", "highway=unclassified", "highway=traffic_signals traffic_signals=signal", "2528", "252873"],
          ["132699543", "33743668", "25", "26", "1000", "0", "0", "0", "0", "reversedirection=yes highway=tertiary estimated_traffic_class=2", "", "2534", "253454"],
          ["132700053", "33741392", "28", "302", "1100", "0", "101", "0", "0", "reversedirection=yes highway=unclassified", "", "2607", "260797"],
          ["132699978", "33741042", "30", "40", "1100", "0", "51", "0", "0", "highway=unclassified", "", "2619", "261970"],
          ["132699650", "33739374", "39", "189", "1200", "0", "19", "0", "0", "highway=residential", "", "2679", "268019"],
          ["132696675", "33736615", "30", "414", "1100", "0", "16", "0", "0", "reversedirection=yes highway=unclassified", "", "2760", "276088"],
          ["132696226", "33736046", "29", "80", "1000", "0", "18", "20", "0", "reversedirection=yes highway=tertiary estimated_traffic_class=2", "highway=traffic_signals", "2770", "277108"],
          ["132696097", "33735982", "28", "14", "1000", "0", "0", "20", "0", "reversedirection=yes highway=tertiary estimated_traffic_class=2", "highway=traffic_signals traffic_signals=signal", "2772", "277268"],
          ["132691781", "33734179", "20", "456", "1000", "0", "0", "20", "0", "reversedirection=yes highway=tertiary estimated_traffic_class=2", "highway=traffic_signals", "2821", "282203"],
          ["132653692", "33697646", "13", "6277", "1500", "2283", "109", "0", "0", "reversedirection=yes highway=trunk", "", "4253", "419437"],
          ["132652465", "33696388", "14", "186", "1000", "0", "42", "0", "0", "reversedirection=yes highway=tertiary estimated_traffic_class=1", "", "4284", "422562"],
          ["132639847", "33689622", "8", "1442", "1100", "12", "83", "0", "0", "reversedirection=yes highway=unclassified", "", "4544", "448207"],
          ["132638898", "33688267", "7", "179", "1100", "0", "11", "0", "0", "highway=unclassified", "", "4566", "450410"],
          ["132637576", "33687983", "7", "153", "1100", "0", "140", "0", "0", "reversedirection=yes highway=unclassified", "estimated_crossing_class=1", "4590", "452813"],
          ["132635549", "33685691", "11", "322", "1100", "0", "19", "0", "0", "highway=unclassified", "estimated_crossing_class=1", "4648", "458624"],
          ["132631107", "33683731", "14", "476", "1100", "0", "60", "0", "0", "highway=secondary estimated_traffic_class=1", "estimated_crossing_class=1", "4756", "469438"],
          ["132629202", "33682148", "12", "340", "1100", "0", "108", "0", "0", "reversedirection=yes highway=unclassified", "", "4814", "475195"],
          ["132628438", "33680661", "6", "181", "1500", "0", "86", "0", "0", "reversedirection=yes highway=trunk", "", "4841", "477649"],
          ["132623159", "33678168", "8", "604", "1100", "0", "140", "0", "0", "reversedirection=yes highway=unclassified", "", "4947", "488320"],
          ["132620008", "33677834", "11", "306", "1100", "0", "43", "0", "0", "highway=unclassified", "", "4995", "493048"],
          ["132592742", "33658241", "13", "3423", "1500", "26", "80", "0", "0", "reversedirection=yes highway=trunk", "", "5616", "554851"],
          ["132584446", "33652743", "16", "1029", "1100", "80", "323", "0", "0", "reversedirection=yes highway=unclassified", "railway=level_crossing", "5851", "578325"],
          ["132583683", "33652504", "15", "80", "1100", "0", "33", "0", "0", "reversedirection=yes highway=unclassified", "", "5862", "579380"],
          ["132578912", "33651140", "13", "471", "1100", "0", "6", "0", "0", "reversedirection=yes highway=unclassified surface=asphalt", "estimated_crossing_class=1", "5923", "585532"],
          ["132578870", "33651113", "13", "5", "1200", "0", "0", "0", "0", "reversedirection=yes highway=primary surface=asphalt estimated_traffic_class=1", "estimated_crossing_class=1", "5924", "585608"],
          ["132575255", "33650156", "18", "355", "1100", "0", "12", "0", "0", "reversedirection=yes highway=unclassified surface=asphalt", "", "6017", "594972"],
          ["132567248", "33648654", "13", "783", "1100", "0", "88", "0", "0", "reversedirection=yes highway=unclassified", "", "6161", "609366"],
          ["132537569", "33639219", "10", "2958", "1500", "0", "69", "0", "0", "reversedirection=yes highway=trunk", "", "6630", "656278"],
          ["132530977", "33637199", "11", "680", "1100", "0", "91", "0", "0", "highway=unclassified", "", "6768", "669990"],
          ["132525976", "33634456", "11", "570", "1100", "0", "101", "0", "0", "reversedirection=yes highway=unclassified", "", "6866", "679882"],
          ["132525206", "33634052", "15", "84", "1500", "0", "91", "0", "0", "reversedirection=yes highway=trunk", "", "6880", "681291"],
          ["132519428", "33631032", "13", "645", "1100", "0", "102", "0", "0", "reversedirection=yes highway=unclassified", "railway=level_crossing", "7011", "694297"],
          ["132512214", "33627940", "8", "800", "1100", "0", "69", "0", "0", "reversedirection=yes highway=unclassified", "railway=level_crossing", "7151", "708368"],
          ["132512070", "33628013", "6", "16", "1100", "0", "3", "0", "0", "reversedirection=yes highway=unclassified", "", "7153", "708531"],
          ["132493631", "33617701", "10", "2093", "1500", "0", "75", "0", "0", "reversedirection=yes highway=trunk", "", "7526", "745892"],
          ["132486843", "33615466", "7", "681", "1100", "0", "10", "0", "0", "reversedirection=yes highway=unclassified", "", "7651", "758326"],
          ["132486654", "33615453", "7", "18", "1100", "0", "10", "0", "0", "highway=unclassified", "", "7653", "758574"],
          ["132484883", "33614641", "6", "192", "1500", "0", "44", "0", "0", "reversedirection=yes highway=trunk", "", "7678", "761076"],
          ["132484831", "33614524", "7", "14", "1100", "0", "47", "0", "0", "highway=secondary estimated_traffic_class=1", "estimated_crossing_class=1", "7680", "761245"],
          ["132484746", "33614325", "8", "23", "1100", "0", "0", "0", "0", "highway=secondary estimated_traffic_class=1", "estimated_crossing_class=1", "7684", "761651"],
          ["132483082", "33613966", "4", "163", "1100", "0", "11", "0", "0", "reversedirection=yes highway=unclassified", "estimated_crossing_class=1", "7709", "764206"],
          ["132481465", "33612993", "3", "233", "1100", "0", "94", "0", "0", "highway=unclassified", "", "7745", "767733"],
          ["132480427", "33610957", "5", "245", "1100", "0", "0", "0", "0", "reversedirection=yes highway=unclassified", "", "7782", "771502"],
          ["132479868", "33608599", "7", "328", "1200", "0", "103", "0", "0", "reversedirection=yes highway=primary estimated_traffic_class=1", "estimated_crossing_class=1", "7837", "776978"],
          ["132483062", "33604086", "19", "593", "1200", "0", "5", "0", "0", "reversedirection=yes highway=primary estimated_traffic_class=1", "estimated_crossing_class=1", "7952", "788453"],
          ["132484235", "33602926", "6", "179", "1200", "113", "8", "0", "0", "reversedirection=yes highway=primary estimated_traffic_class=1", "estimated_crossing_class=1", "8021", "795340"],
          ["132484305", "33602918", "6", "7", "1200", "8", "0", "0", "0", "reversedirection=yes highway=primary estimated_traffic_class=1", "estimated_crossing_class=1", "8022", "795399"],
          ["132485390", "33602204", "9", "135", "1200", "0", "64", "0", "0", "reversedirection=yes highway=residential", "", "8036", "796889"],
          ["132479366", "33600354", "271", "744", "5000", "0", "232", "0", "0", "reversedirection=yes highway=path", "", "10154", "1008746"],
          ["132478360", "33605522", "105", "777", "5000", "8431", "540", "0", "0", "highway=path", "", "10216", "1008746"],
          ["132476726", "33608105", "11", "1152", "1200", "4827", "507", "0", "0", "reversedirection=yes highway=residential", "estimated_crossing_class=1", "10310", "1010000"],
          ["132475916", "33607757", "12", "86", "1200", "0", "75", "0", "0", "reversedirection=yes highway=primary estimated_traffic_class=1", "estimated_crossing_class=1", "10318", "1010644"],
          ["132474877", "33607152", "12", "125", "1200", "0", "35", "0", "0", "reversedirection=yes highway=primary estimated_traffic_class=1", "", "10332", "1012076"],
          ["132442348", "33574744", "8", "5164", "1500", "2552", "286", "0", "0", "reversedirection=yes highway=trunk", "", "11491", "1123619"],
          ["132442477", "33574706", "8", "13", "1100", "0", "14", "0", "0", "highway=secondary estimated_traffic_class=1", "estimated_crossing_class=1", "11492", "1123746"],
          ["132442850", "33574350", "8", "52", "1100", "0", "13", "0", "0", "highway=secondary estimated_traffic_class=1", "estimated_crossing_class=1", "11499", "1124482"],
          ["132443207", "33573271", "5", "138", "1100", "0", "12", "0", "0", "highway=secondary estimated_traffic_class=1", "estimated_crossing_class=1", "11514", "1125998"],
          ["132439488", "33572512", "7", "406", "1100", "0", "73", "0", "0", "highway=unclassified", "", "11587", "1133269"],
          ["132434719", "33561679", "6", "1575", "1500", "0", "88", "0", "0", "reversedirection=yes highway=trunk", "", "11855", "1160018"],
          ["132434594", "33559634", "6", "231", "1100", "0", "46", "0", "0", "reversedirection=yes highway=unclassified", "", "11887", "1163277"],
          ["132431585", "33558143", "3", "384", "1100", "0", "10", "0", "0", "highway=unclassified", "", "11939", "1168442"],
          ["132399074", "33532921", "99", "4681", "1500", "1722", "76", "0", "0", "reversedirection=yes highway=trunk", "", "13636", "1336104"],
          ["132398013", "33531716", "100", "169", "1500", "0", "5", "0", "0", "highway=trunk", "", "13721", "1344587"],
          ["132396311", "33502660", "47", "3724", "1500", "3282", "12", "0", "0", "reversedirection=yes highway=trunk", "", "14308", "1396474"],
          ["132396351", "33500582", "38", "248", "1100", "69", "122", "0", "0", "reversedirection=yes highway=unclassified", "", "14347", "1400390"],
          ["132397568", "33490477", "7", "1140", "1500", "800", "84", "0", "0", "highway=trunk", "", "14461", "1410454"],
          ["132400355", "33484330", "5", "758", "1100", "0", "115", "0", "0", "reversedirection=yes highway=unclassified", "estimated_crossing_class=1", "14574", "1421793"],
          ["132400198", "33483575", "4", "85", "1100", "0", "0", "0", "0", "reversedirection=yes highway=secondary estimated_traffic_class=1", "estimated_crossing_class=1", "14588", "1423186"],
          ["132399957", "33482796", "5", "89", "1100", "0", "0", "0", "0", "reversedirection=yes highway=secondary estimated_traffic_class=1", "estimated_crossing_class=1", "14605", "1424834"],
          ["132399749", "33482051", "5", "85", "1100", "0", "0", "0", "0", "reversedirection=yes highway=secondary estimated_traffic_class=1", "estimated_crossing_class=1", "14620", "1426328"],
          ["132399646", "33481743", "5", "36", "1100", "0", "0", "0", "0", "highway=secondary estimated_traffic_class=1", "estimated_crossing_class=1", "14625", "1426904"],
          ["132399280", "33480740", "4", "117", "1100", "0", "0", "0", "0", "highway=secondary estimated_traffic_class=1", "estimated_crossing_class=1", "14643", "1428681"],
          ["132399119", "33480386", "3", "42", "1100", "0", "0", "0", "0", "highway=secondary estimated_traffic_class=1", "estimated_crossing_class=1", "14649", "1429257"],
          ["132398998", "33480092", "3", "34", "1100", "0", "0", "0", "0", "highway=secondary estimated_traffic_class=1", "estimated_crossing_class=1", "14653", "1429684"],
          ["132398718", "33479429", "3", "78", "1100", "0", "0", "0", "0", "highway=secondary estimated_traffic_class=1", "estimated_crossing_class=1", "14664", "1430783"],
          ["132398122", "33478046", "5", "163", "1100", "0", "0", "0", "0", "highway=secondary estimated_traffic_class=1", "estimated_crossing_class=1", "14698", "1434168"],
          ["132397921", "33477562", "4", "57", "1100", "0", "0", "0", "0", "highway=secondary estimated_traffic_class=1", "estimated_crossing_class=1", "14706", "1435003"],
          ["132397782", "33477244", "3", "38", "1100", "0", "0", "0", "0", "highway=secondary estimated_traffic_class=1", "estimated_crossing_class=1", "14712", "1435531"],
          ["132397619", "33476741", "3", "59", "1100", "0", "3", "0", "0", "highway=secondary estimated_traffic_class=1", "estimated_crossing_class=1", "14720", "1436357"],
          ["132398195", "33476573", "3", "57", "1100", "0", "67", "0", "0", "highway=secondary estimated_traffic_class=1", "estimated_crossing_class=1", "14728", "1437192"],
          ["132399003", "33476311", "3", "80", "1100", "0", "0", "0", "0", "highway=secondary estimated_traffic_class=1", "estimated_crossing_class=1", "14741", "1438444"],
          ["132399308", "33476216", "2", "30", "1100", "0", "0", "0", "0", "highway=secondary estimated_traffic_class=1", "estimated_crossing_class=1", "14745", "1438902"],
          ["132400337", "33475860", "3", "104", "1100", "0", "9", "0", "0", "highway=secondary estimated_traffic_class=1", "estimated_crossing_class=1", "14763", "1440655"],
          ["132400172", "33475352", "3", "59", "1100", "0", "15", "0", "0", "highway=secondary estimated_traffic_class=1", "estimated_crossing_class=1", "14774", "1441738"],
          ["132399874", "33474491", "3", "99", "1100", "0", "1", "0", "0", "highway=secondary estimated_traffic_class=1", "estimated_crossing_class=1", "14792", "1443549"],
          ["132400002", "33474052", "4", "51", "1100", "0", "4", "0", "0", "highway=secondary estimated_traffic_class=1", "estimated_crossing_class=1", "14801", "1444498"],
          ["132400209", "33473894", "5", "26", "1100", "0", "7", "0", "0", "highway=secondary estimated_traffic_class=1", "estimated_crossing_class=1", "14807", "1445109"],
          ["132400564", "33473779", "5", "35", "1100", "0", "1", "0", "0", "highway=secondary estimated_traffic_class=1", "estimated_crossing_class=1", "14816", "1445984"],
          ["132401373", "33472428", "6", "171", "1100", "0", "6", "0", "0", "highway=secondary estimated_traffic_class=1", "estimated_crossing_class=1", "14854", "1449813"],
          ["132401431", "33472304", "6", "15", "1100", "0", "0", "0", "0", "highway=secondary estimated_traffic_class=1", "estimated_crossing_class=1", "14857", "1450095"],
          ["132401548", "33472095", "6", "26", "1100", "0", "0", "0", "0", "highway=secondary estimated_traffic_class=1", "estimated_crossing_class=1", "14862", "1450574"],
          ["132402083", "33470939", "6", "143", "1100", "0", "4", "0", "0", "highway=secondary estimated_traffic_class=1", "estimated_crossing_class=1", "14887", "1453075"],
          ["132401507", "33469796", "9", "140", "1100", "0", "7", "0", "0", "highway=secondary estimated_traffic_class=1", "estimated_crossing_class=1", "14917", "1456038"],
          ["132401716", "33467812", "9", "232", "1100", "0", "10", "0", "0", "highway=secondary estimated_traffic_class=1", "estimated_crossing_class=1", "14961", "1460490"],
          ["132401505", "33467176", "11", "73", "1100", "0", "0", "0", "0", "highway=secondary estimated_traffic_class=1", "estimated_crossing_class=1", "14977", "1462031"],
          ["132400884", "33465620", "33", "205", "1100", "0", "16", "0", "0", "highway=secondary estimated_traffic_class=1", "estimated_crossing_class=1", "15051", "1469511"],
          ["132400984", "33465396", "32", "27", "1100", "0", "0", "0", "0", "highway=secondary estimated_traffic_class=1", "", "15088", "1473129"],
          ["132403356", "33460155", "15", "622", "1100", "303", "0", "0", "0", "highway=secondary estimated_traffic_class=2", "", "15277", "1491883"],
          ["132403425", "33460059", "15", "12", "1160", "169", "0", "0", "0", "highway=secondary estimated_traffic_class=4", "estimated_crossing_class=4", "15278", "1491883"],
          ["132403670", "33459826", "14", "34", "1160", "0", "1", "0", "0", "highway=secondary estimated_traffic_class=4", "estimated_crossing_class=4", "15281", "1491883"],
          ["132405329", "33459208", "10", "174", "1160", "110", "3", "0", "0", "highway=secondary estimated_traffic_class=4", "estimated_crossing_class=4", "15296", "1492751"],
          ["132406458", "33458517", "8", "148", "1160", "34", "15", "0", "0", "highway=secondary estimated_traffic_class=4", "estimated_crossing_class=4", "15310", "1494204"],
          ["132407049", "33457928", "6", "91", "1160", "0", "11", "0", "0", "highway=secondary estimated_traffic_class=4", "estimated_crossing_class=4", "15323", "1495442"],
          ["132410513", "33459484", "11", "396", "1160", "0", "18", "0", "0", "highway=secondary estimated_traffic_class=4", "estimated_crossing_class=4", "15381", "1501269"],
          ["132412086", "33459873", "11", "161", "1160", "0", "24", "0", "0", "highway=secondary estimated_traffic_class=4", "estimated_crossing_class=4", "15418", "1504938"],
          ["132418333", "33462211", "7", "643", "1160", "0", "3", "0", "0", "highway=secondary estimated_traffic_class=4", "estimated_crossing_class=4", "15519", "1515127"],
          ["132419402", "33462729", "5", "115", "1160", "0", "1", "0", "0", "highway=secondary estimated_traffic_class=4", "estimated_crossing_class=4", "15538", "1517007"],
          ["132420141", "33463099", "5", "80", "1160", "0", "0", "0", "0", "highway=secondary estimated_traffic_class=4", "estimated_crossing_class=4", "15552", "1518343"],
          ["132420028", "33463310", "9", "26", "1100", "0", "79", "0", "0", "reversedirection=yes highway=unclassified", "", "15555", "1518711"],
          ["132420141", "33463099", "5", "26", "1100", "0", "0", "0", "0", "highway=unclassified", "estimated_crossing_class=4", "15558", "1518991"],
          ["132419402", "33462729", "6", "80", "1160", "0", "79", "0", "0", "reversedirection=yes highway=secondary estimated_traffic_class=4", "estimated_crossing_class=4", "15568", "1519995"],
          ["132418333", "33462211", "7", "115", "1160", "0", "1", "0", "0", "reversedirection=yes highway=secondary estimated_traffic_class=4", "estimated_crossing_class=4", "15585", "1521708"],
          ["132412086", "33459873", "11", "643", "1160", "0", "3", "0", "0", "reversedirection=yes highway=secondary estimated_traffic_class=4", "estimated_crossing_class=4", "15711", "1534312"],
          ["132410513", "33459484", "11", "161", "1160", "0", "15", "0", "0", "reversedirection=yes highway=secondary estimated_traffic_class=4", "estimated_crossing_class=4", "15742", "1537421"],
          ["132407049", "33457928", "7", "396", "1160", "0", "26", "0", "0", "reversedirection=yes highway=secondary estimated_traffic_class=4", "estimated_crossing_class=4", "15804", "1543595"],
          ["132406458", "33458517", "8", "91", "1160", "0", "12", "0", "0", "reversedirection=yes highway=secondary estimated_traffic_class=4", "estimated_crossing_class=4", "15819", "1545066"],
          ["132405329", "33459208", "10", "148", "1160", "0", "15", "0", "0", "reversedirection=yes highway=secondary estimated_traffic_class=4", "estimated_crossing_class=4", "15848", "1547948"],
          ["132403670", "33459826", "14", "174", "1160", "0", "2", "0", "0", "reversedirection=yes highway=secondary estimated_traffic_class=4", "estimated_crossing_class=4", "15898", "1552990"],
          ["132403425", "33460059", "15", "34", "1160", "0", "1", "0", "0", "reversedirection=yes highway=secondary estimated_traffic_class=4", "estimated_crossing_class=4", "15908", "1554028"],
          ["132403356", "33460155", "15", "12", "1160", "0", "1", "0", "0", "reversedirection=yes highway=secondary estimated_traffic_class=4", "", "15912", "1554354"],
          ["132400984", "33465396", "24", "622", "1100", "0", "0", "0", "0", "reversedirection=yes highway=secondary estimated_traffic_class=2", "", "16127", "1575882"],
          ["132400884", "33465620", "22", "27", "1100", "0", "0", "0", "0", "reversedirection=yes highway=secondary estimated_traffic_class=1", "estimated_crossing_class=1", "16130", "1576232"],
          ["132401505", "33467176", "11", "205", "1100", "384", "16", "0", "0", "reversedirection=yes highway=secondary estimated_traffic_class=1", "estimated_crossing_class=1", "16153", "1577950"],
          ["132401716", "33467812", "9", "73", "1100", "217", "0", "0", "0", "reversedirection=yes highway=secondary estimated_traffic_class=1", "estimated_crossing_class=1", "16160", "1578164"],
          ["132401507", "33469796", "9", "232", "1100", "0", "10", "0", "0", "reversedirection=yes highway=secondary estimated_traffic_class=1", "estimated_crossing_class=1", "16184", "1580578"],
          ["132402083", "33470939", "6", "140", "1100", "0", "7", "0", "0", "reversedirection=yes highway=secondary estimated_traffic_class=1", "estimated_crossing_class=1", "16202", "1582319"],
          ["132401548", "33472095", "6", "143", "1100", "0", "4", "0", "0", "reversedirection=yes highway=secondary estimated_traffic_class=1", "estimated_crossing_class=1", "16222", "1584338"],
          ["132401431", "33472304", "6", "26", "1100", "0", "0", "0", "0", "reversedirection=yes highway=secondary estimated_traffic_class=1", "estimated_crossing_class=1", "16226", "1584705"],
          ["132401373", "33472428", "6", "15", "1100", "0", "0", "0", "0", "reversedirection=yes highway=secondary estimated_traffic_class=1", "estimated_crossing_class=1", "16228", "1584924"],
          ["132400564", "33473779", "5", "171", "1100", "0", "6", "0", "0", "reversedirection=yes highway=secondary estimated_traffic_class=1", "estimated_crossing_class=1", "16249", "1587047"],
          ["132400209", "33473894", "5", "35", "1100", "0", "0", "0", "0", "reversedirection=yes highway=secondary estimated_traffic_class=1", "estimated_crossing_class=1", "16253", "1587471"],
          ["132400002", "33474052", "4", "26", "1100", "0", "5", "0", "0", "reversedirection=yes highway=secondary estimated_traffic_class=1", "estimated_crossing_class=1", "16256", "1587779"],
          ["132399874", "33474491", "3", "51", "1100", "0", "6", "0", "0", "reversedirection=yes highway=secondary estimated_traffic_class=1", "estimated_crossing_class=1", "16262", "1588351"],
          ["132400172", "33475352", "3", "99", "1100", "0", "2", "0", "0", "reversedirection=yes highway=secondary estimated_traffic_class=1", "estimated_crossing_class=1", "16275", "1589654"],
          ["132400337", "33475860", "3", "59", "1100", "0", "7", "0", "0", "reversedirection=yes highway=secondary estimated_traffic_class=1", "estimated_crossing_class=1", "16284", "1590530"],
          ["132399308", "33476216", "2", "104", "1100", "0", "17", "0", "0", "reversedirection=yes highway=secondary estimated_traffic_class=1", "estimated_crossing_class=1", "16299", "1592005"],
          ["132399003", "33476311", "3", "30", "1100", "0", "0", "0", "0", "reversedirection=yes highway=secondary estimated_traffic_class=1", "estimated_crossing_class=1", "16304", "1592491"],
          ["132398195", "33476573", "3", "80", "1100", "0", "0", "0", "0", "reversedirection=yes highway=secondary estimated_traffic_class=1", "estimated_crossing_class=1", "16317", "1593806"],
          ["132397619", "33476741", "3", "57", "1100", "0", "0", "0", "0", "reversedirection=yes highway=secondary estimated_traffic_class=1", "estimated_crossing_class=1", "16326", "1594753"],
          ["132397782", "33477244", "3", "59", "1100", "0", "70", "0", "0", "reversedirection=yes highway=secondary estimated_traffic_class=1", "estimated_crossing_class=1", "16337", "1595833"],
          ["132397921", "33477562", "4", "38", "1100", "0", "0", "0", "0", "reversedirection=yes highway=secondary estimated_traffic_class=1", "estimated_crossing_class=1", "16345", "1596599"],
          ["132398122", "33478046", "5", "57", "1100", "0", "0", "0", "0", "reversedirection=yes highway=secondary estimated_traffic_class=1", "estimated_crossing_class=1", "16358", "1597928"],
          ["132398718", "33479429", "3", "163", "1100", "0", "0", "0", "0", "reversedirection=yes highway=secondary estimated_traffic_class=1", "estimated_crossing_class=1", "16382", "1600299"],
          ["132398998", "33480092", "3", "78", "1100", "0", "0", "0", "0", "reversedirection=yes highway=secondary estimated_traffic_class=1", "estimated_crossing_class=1", "16394", "1601557"],
          ["132399119", "33480386", "3", "34", "1100", "0", "0", "0", "0", "reversedirection=yes highway=secondary estimated_traffic_class=1", "estimated_crossing_class=1", "16401", "1602222"],
          ["132399280", "33480740", "4", "42", "1100", "0", "0", "0", "0", "reversedirection=yes highway=secondary estimated_traffic_class=1", "estimated_crossing_class=1", "16410", "1603153"],
          ["132399646", "33481743", "5", "117", "1100", "0", "0", "0", "0", "reversedirection=yes highway=secondary estimated_traffic_class=1", "estimated_crossing_class=1", "16433", "1605493"],
          ["132399749", "33482051", "5", "36", "1100", "0", "0", "0", "0", "reversedirection=yes highway=secondary estimated_traffic_class=1", "estimated_crossing_class=1", "16441", "1606220"],
          ["132399957", "33482796", "5", "85", "1100", "0", "0", "0", "0", "highway=secondary estimated_traffic_class=1", "estimated_crossing_class=1", "16457", "1607886"],
          ["132400198", "33483575", "4", "89", "1100", "0", "0", "0", "0", "highway=secondary estimated_traffic_class=1", "estimated_crossing_class=1", "16472", "1609308"],
          ["132400355", "33484330", "5", "85", "1100", "0", "0", "0", "0", "highway=secondary estimated_traffic_class=1", "estimated_crossing_class=1", "16486", "1610741"],
          ["132377021", "33497178", "110", "2945", "1500", "104", "105", "0", "0", "highway=trunk", "", "17786", "1740801"],
          ["132372058", "33497402", "72", "490", "1200", "1778", "201", "0", "0", "reversedirection=yes highway=residential", "", "17863", "1746355"],
          ["132371326", "33497238", "70", "70", "1200", "126", "1", "0", "0", "highway=residential", "", "17868", "1746355"],
          ["132367423", "33495252", "51", "483", "1200", "1153", "73", "0", "0", "reversedirection=yes highway=residential", "", "17913", "1748407"],
          ["132281168", "33469132", "149", "9225", "1500", "3607", "144", "0", "0", "highway=trunk", "", "20866", "2035079"],
          ["132277159", "33470830", "76", "1140", "1100", "3124", "679", "0", "0", "reversedirection=yes highway=unclassified", "estimated_crossing_class=1", "20972", "2040559"],
          ["132277982", "33470854", "73", "78", "1100", "124", "98", "0", "0", "reversedirection=yes highway=secondary estimated_traffic_class=1", "estimated_crossing_class=1", "20979", "2040559"],
          ["132280985", "33474194", "57", "647", "1100", "1078", "235", "0", "0", "reversedirection=yes highway=secondary estimated_traffic_class=1", "estimated_crossing_class=1", "21061", "2047066"],
          ["132281236", "33478980", "48", "547", "1100", "242", "76", "0", "0", "reversedirection=yes highway=secondary estimated_traffic_class=1", "", "21162", "2056303"],
          ["132280985", "33474194", "57", "547", "1100", "0", "28", "0", "0", "highway=secondary estimated_traffic_class=1", "estimated_crossing_class=1", "21332", "2073287"],
          ["132277982", "33470854", "73", "647", "1100", "24", "283", "0", "0", "highway=secondary estimated_traffic_class=1", "estimated_crossing_class=1", "21545", "2094625"],
          ["132277159", "33470830", "76", "78", "1100", "0", "9", "0", "0", "highway=secondary estimated_traffic_class=1", "estimated_crossing_class=1", "21569", "2097027"],
          ["132281168", "33469132", "149", "1140", "1100", "0", "702", "0", "0", "highway=unclassified", "", "22351", "2175190"],
          ["132121566", "33387725", "10", "20692", "1500", "16285", "244", "20", "0", "highway=trunk", "highway=crossing crossing=traffic_signals", "27208", "2633368"],
          ["132121448", "33387772", "10", "12", "1500", "0", "0", "20", "0", "highway=trunk", "highway=traffic_signals", "27210", "2633554"],
          ["132121202", "33387901", "9", "27", "1500", "0", "1", "20", "0", "highway=trunk", "highway=traffic_signals", "27214", "2633908"],
          ["132120621", "33389141", "5", "149", "1500", "0", "4", "0", "0", "highway=trunk", "highway=crossing", "27228", "2635342"],
          ["132120603", "33389179", "5", "5", "1500", "0", "0", "0", "0", "highway=trunk", "estimated_crossing_class=1", "27229", "2635402"],
          ["132120350", "33389566", "5", "49", "1100", "0", "0", "0", "0", "highway=secondary estimated_traffic_class=1", "estimated_crossing_class=1", "27235", "2636029"],
          ["132120193", "33389778", "5", "28", "1100", "0", "0", "0", "0", "highway=secondary estimated_traffic_class=1", "estimated_crossing_class=1", "27239", "2636418"],
          ["132119757", "33390272", "5", "68", "1100", "0", "0", "0", "0", "highway=secondary estimated_traffic_class=1", "estimated_crossing_class=1", "27247", "2637216"],
          ["132119533", "33390473", "5", "31", "1100", "0", "0", "0", "0", "highway=secondary estimated_traffic_class=1", "highway=crossing estimated_crossing_class=1", "27250", "2637554"],
          ["132119480", "33390517", "5", "7", "1100", "0", "0", "0", "0", "highway=secondary estimated_traffic_class=1", "estimated_crossing_class=1", "27251", "2637635"],
          ["132119207", "33390730", "5", "35", "1100", "0", "0", "0", "0", "highway=secondary estimated_traffic_class=1", "estimated_crossing_class=1", "27255", "2637989"],
          ["132119161", "33390765", "5", "6", "1100", "0", "0", "0", "0", "highway=secondary estimated_traffic_class=1", "estimated_crossing_class=1", "27255", "2638054"],
          ["132118790", "33391043", "5", "46", "1100", "0", "0", "0", "0", "highway=secondary estimated_traffic_class=1", "estimated_crossing_class=1", "27264", "2638899"],
          ["132118720", "33391015", "5", "7", "1200", "0", "55", "0", "0", "highway=service oneway=yes", "barrier=gate", "27265", "2639003"],
          ["132117659", "33390573", "-8192", "125", "1200", "0", "59", "0", "0", "highway=service oneway=yes", "", "27282", "2640674"],
          ["132117507", "33390438", "-8192", "21", "1200", "0", "0", "0", "0", "reversedirection=yes highway=service", "", "27285", "2640983"]
        ],
        "times": [0,4.28,7.189,14.531,16.151,33.66,53.972,55.665,57.712,65.761,73.916,82.17,83.879,84.562,85.074,86.949,91.369,93.406,97.979,98.486,99.163,104.149,107.667,111.09,112.61,113.592,113.875,114.729,116.314,123.07,131.344,139.217,141.732,147.442,151.625,161.521,167.552,175.491,176.472,178.011,180.655,182.063,203.665,226.907,235.036,243.982,246.881,256.351,260.961,262.494,265.776,275.827,280.681,283.192,290.047,294.679,299.814,304.911,309.18,313.091,319.135,324.677,329.025,334.441,338.796,343.355,350.069,362.125,365.607,368.701,374.739,377.704,378.236,379.375,384.059,384.798,385.534,390.369,391.316,396.569,399.506,401.2,402.368,405.608,408.224,409.965,411.001,413.264,420.132,421.576,425.67,428.215,431.79,432.824,435.493,443.477,445.008,447.049,450.131,452.645,456.063,464.234,475.741,486.87,491.597,519.266,534.055,540.384,542.023,543.454,547.045,550.05,551.544,553.221,556.703,561.45,562.303,572.156,576.631,582.617,584.617,587.309,593.242,596.278,599.048,607.113,610.512,616.276,618.165,622.882,640.866,673.438,711.528,713.988,714.688,715.342,735.36,744.198,758.422,762.596,765.613,769.377,775.812,777.867,784.5,786.951,795.195,806.84,809.383,844.526,851.81,856.962,858.608,860.936,862.817,865.805,868.855,876.215,896.431,910.293,920.799,922.564,930.443,932.066,936.541,938.353,943.228,952.312,955.074,958.587,962.478,966.914,970.319,974.018,1008.82,1013.787,1015.369,1017.954,1020.601,1023.622,1026.282,1028.996,1034.404,1040.424,1047.306,1048.43,1065.553,1067.784,1070.031,1080.867,1082.867,1087.539,1090.815,1094.368,1102.926,1108.422,1115.055,1120.204,1123.763,1124.278,1127.877,1135.217,1153.281,1161.608,1165.01,1167.582,1170.357,1173.497,1176.963,1180.925,1185.379,1188.11,1196.946,1200.333,1209.598,1215.531,1222.877,1224.521,1237.516,1243.546,1247.66,1248.899,1257.09,1258.413,1270.857,1273.346,1281.091,1294.634,1304.884,1305.656,1306.587,1326.58,1330.346,1335.104,1349.599,1353.146,1357.116,1363.681,1365.372,1368.262,1371.272,1373.626,1380.644,1408.714,1437.383,1466.085,1475.218,1491.154,1492.452,1496.09,1501.062,1503.531,1506.02,1516.683,1519.356,1529.03,1529.326,1532.702,1533.208,1548.382,1553.852,1558.156,1565.116,1568.409,1579.49,1586.46,1600.71,1611.593,1624.191,1626.988,1627.477,1634.684,1635.126,1658.812,1665.054,1671.057,1679.49,1681.567,1683.989,1693.609,1705.084,1727.731,1729.987,1746.038,1758.61,1767.904,1786.433,1803.921,1808.292,1812.094,1813.853,1816.431,1816.89,1821.597,1824.628,1827.87,1828.493,1831.005,1835.138,1839.647,1842.408,1850.111,1858.49,1864.159,1865.508,1873.183,1884.767,1886.632,1896.028,1903.781,1919.327,1928.768,1932.049,1949.114,1960.513,1963.669,1968.884,1973.882,1974.976,1985.149,2006.893,2016.18,2022.808,2027.543,2032.164,2042.407,2046.558,2047.094,2050.647,2062.324,2072.72,2081.385,2082.605,2095.615,2109.039,2125.225,2127.67,2133.573,2136.219,2137.114,2138.468,2141.059,2143.377,2146.203,2151.2,2153.202,2154.705,2167.268,2203.276,2225.331,2238.923,2249.025,2253.589,2256.726,2259.333,2265.133,2267.222,2268.975,2273.25,2274.817,2283.564,2287.804,2290.939,2296.283,2300.244,2307.682,2308.677,2312.224,2316.125,2319.378,2320.671,2325.433,2334.54,2352.862,2357.166,2367.747,2374.675,2378.838,2384.397,2388.123,2391.498,2394.9,2404.791,2409.005,2413.292,2415.347,2416.419,2417.732,2420.18,2422.275,2429.869,2434.898,2442.848,2447.45,2453.578,2465.417,2466.935,2469.901,2492.749,2498.842,2505.669,2506.941,2507.692,2508.435,2525.319,2525.918,2528.448,2531.082,2534.258,2540.577,2543.972,2550.093,2551.605,2552.881,2554.555,2557.425,2557.993,2559.496,2562.281,2563.383,2564.662,2566.115,2567.199,2569.118,2571.071,2573.967,2580.447,2583.762,2591.903,2593.985,2596.716,2598.752,2604.464,2606.139,2607.667,2617.403,2619.396,2632.359,2640.251,2655.201,2673.32,2679.865,2690.926,2694.927,2702.01,2704.555,2705.818,2706.896,2710.463,2712.499,2716.141,2722.818,2726.934,2729.759,2731.09,2734.804,2737.79,2751.506,2758.191,2760.546,2762.294,2764.126,2767.498,2768.005,2770.744,2772.341,2775.004,2778.007,2778.919,2785.226,2787.943,2790.856,2791.789,2796.079,2797.837,2800.217,2801.854,2807.382,2815.148,2821.686,2824.446,2829.719,2834.812,2835.439,2836.604,2840.771,2842.675,2844.963,2846.541,2849.104,2851.968,2854.556,2863.708,2865.589,2876.968,2880.745,2882.88,2887.2,2905.828,2909.61,2919.874,2933.991,2950.493,2964.412,2969.748,2985.145,2998.298,3026.227,3037.985,3073.025,3080.917,3084.898,3086.824,3088.827,3093.441,3098.85,3105.262,3128.389,3149.408,3158.583,3182.019,3196.434,3237.871,3257.479,3266.272,3286.512,3292.91,3308.408,3328.417,3336.108,3342.655,3350.118,3368.136,3377.221,3385.392,3404.529,3419.622,3435.401,3450.751,3522.912,3558.08,3562.961,3581.098,3596.232,3612.49,3642.687,3656.718,3728.514,3736.725,3747.524,3760.009,3776.349,3781.125,3784.1,3787.487,3792.08,3798.311,3801.397,3803.402,3808.648,3810.282,3812.052,3815.456,3821.227,3824.686,3826.159,3839.172,3843.707,3847.402,3850.688,3854.525,3857.79,3860.4,3862.24,3864.32,3865.92,3868.64,3870.64,3872.24,3876.274,3879.933,3881.882,3890.804,3892.964,3895.284,3897.044,3897.844,3899.364,3900.004,3900.804,3901.604,3902.484,3903.284,3904.724,3905.764,3906.404,3907.524,3908.084,3908.645,3909.285,3909.925,3910.725,3911.925,3913.365,3914.004,3914.964,3921.094,3922.687,3925.416,3926.693,3927.971,3929.139,3930.047,3931.463,3933.429,3934.194,3935.017,3936.061,3937.319,3938.191,3939.287,3941.78,3943.019,3944.259,3945.566,3947.862,3949.049,3951.769,3953.449,3956.786,3964.638,3965.618,3966.952,3968.9,3970.033,3971.01,3973.933,3975.803,3981.883,3990.124,3996.124,4002.684,4019.33,4021.369,4022.676,4025.107,4026.46,4027.821,4029.696,4031.151,4033.037,4041.312,4043.555,4045.071,4046.238,4047.675,4050.369,4051.722,4054.677,4056.058,4062.328,4069.16,4077.56,4081.611,4092.497,4103.313,4106.62,4110.103,4113.761,4118.427,4123.102,4126.78,4132.304,4137.404,4150.463,4154.346,4157.77,4185.29,4191.479,4217.305,4221.502,4224.86,4228.891,4241.319,4247.871,4253.582,4256.438,4259.63,4262.99,4265.846,4271.39,4273.741,4275.925,4284.83,4286.005,4290.206,4292.894,4298.605,4307.99,4310.422,4318.812,4327.071,4332.635,4335.499,4336.667,4339.19,4343.756,4346.395,4350.918,4361.749,4363.355,4367.561,4369.515,4372.294,4376.732,4385.838,4393.498,4401.016,4426.24,4430.631,4439.417,4444.354,4449.766,4476.462,4487.125,4492.615,4502.858,4514.36,4530.832,4534.512,4535.5,4541.344,4544.297,4545.815,4548.391,4550.58,4557.452,4560.181,4566.322,4567.259,4574.875,4580.538,4585.374,4590.355,4599.831,4606.945,4615.543,4627.036,4633.458,4647.001,4648.445,4649.319,4650.246,4675.321,4690.662,4708.253,4714.452,4721.068,4726.625,4733.234,4739.203,4746.175,4756.562,4762.485,4766.125,4768.28,4769.997,4771.83,4777.141,4783.914,4786.663,4788.287,4792.566,4794.81,4798.848,4800.683,4803.159,4805.193,4807.086,4808.674,4810.591,4811.874,4814.131,4834.176,4838.667,4841.228,4841.675,4842.412,4842.968,4844.236,4853.737,4865.038,4867.272,4872.894,4882.648,4884.864,4889.124,4893.978,4904.058,4914.146,4917.21,4923.301,4930.004,4937.42,4943.805,4947.92,4948.775,4952.798,4953.876,4974.982,4988.839,4991.015,4992.856,4995.201,5001.571,5011.637,5018.016,5021.205,5024.396,5027.418,5030.441,5033.297,5035.48,5063.074,5069.156,5074.395,5081.538,5086.384,5097.004,5106.455,5116.23,5124.713,5131.988,5151.266,5162.03,5163.71,5169.71,5171.735,5174.369,5177.354,5180.703,5184.141,5191.083,5200.033,5210.684,5214.416,5232.186,5238.035,5243.572,5252.102,5270.602,5280.474,5287.433,5289.673,5292.326,5295.932,5301.546,5308.655,5336.373,5344.579,5352.92,5361.157,5368.546,5375.761,5385.786,5388.526,5391.259,5394.155,5398.063,5402.132,5408.39,5435.122,5443.139,5445.445,5457.065,5462.403,5467.314,5474.243,5483.794,5491.082,5497.824,5502.02,5506.18,5510.827,5525.819,5531.216,5534.689,5537.056,5538.912,5540.802,5552.73,5559.882,5564.077,5567.87,5575.059,5593.614,5610.111,5616.767,5617.569,5618.927,5620.058,5623.286,5628.633,5629.871,5630.149,5633.266,5640.094,5645.66,5648.34,5653.094,5661.822,5676.947,5690.08,5704.125,5713.809,5722.012,5730.855,5744.433,5748.716,5754.029,5754.24,5760.416,5764.319,5769.52,5774.442,5779.925,5784.717,5789.77,5806.989,5824.625,5830.983,5835.671,5840.061,5843.554,5844.869,5847.511,5849.378,5850.761,5851.472,5852.931,5854.31,5858.939,5862.016,5864.479,5871.859,5876.062,5879.418,5888.759,5894.876,5900.206,5904.454,5917.445,5920.673,5922.923,5923.528,5924.29,5926.748,5930.022,5936.219,5940.576,5946.79,5949.251,5955.06,5967.526,5975.529,5991.724,6003.034,6011.937,6017.921,6027.782,6033.589,6034.77,6036.75,6041.518,6045.622,6048.954,6056.669,6060.737,6063.664,6070.885,6077.067,6084.95,6094.707,6102.139,6108.102,6119.175,6125.089,6133.904,6141.625,6146.724,6151.682,6157.425,6159.726,6161.837,6172.939,6188.529,6205.369,6223.305,6247.316,6252.537,6283.829,6291.805,6300.088,6311.61,6318.769,6327.759,6338.03,6347.809,6355.392,6365.394,6379.362,6398.155,6410.684,6417.993,6430.677,6432.195,6439.106,6443.542,6453.926,6457.592,6461.251,6464.107,6471.635,6474.939,6478.525,6482.083,6485.273,6489.619,6497.573,6503.574,6509.97,6519.568,6558.041,6563.803,6569.889,6575.315,6589.503,6592.711,6596.733,6600.737,6619.266,6625.702,6630.918,6633.054,6642.289,6653.354,6657.382,6660.173,6670.709,6676.877,6681.246,6693.944,6705.837,6712.703,6718.095,6725.146,6740.282,6743.523,6744.879,6747.009,6756.522,6759.988,6762.212,6768.004,6775.089,6790.75,6797.431,6815.791,6821.438,6824.579,6827.008,6831.837,6840.389,6842.941,6847.694,6856.013,6866.074,6866.914,6874.047,6880.997,6884.75,6894.53,6898.928,6916.849,6922.982,6929.478,6934.078,6939.667,6943.819,6946.664,6949.889,6951.217,6953.618,6955.187,6957.121,6962.217,6967.409,6978.368,6988.809,6994.486,7003.663,7008.478,7009.174,7011.037,7012.968,7014.137,7016.393,7017.877,7018.704,7019.771,7024.773,7029.637,7032.948,7037.79,7044.556,7052.202,7055.57,7061.873,7067.041,7072.09,7077.403,7084.649,7086.672,7089.312,7098.065,7102.902,7104.621,7107.882,7111.964,7118.731,7121.198,7124.498,7128.639,7134.623,7139.295,7141.325,7143.282,7145.407,7147.406,7149.754,7151.095,7151.727,7152.335,7153.356,7160.899,7166.828,7190.825,7197.828,7206.015,7224.842,7229.96,7234.69,7237.492,7239.293,7244.913,7248.322,7250.829,7259.478,7262.43,7264.158,7270.585,7289.295,7303.479,7310.286,7316.782,7348.335,7362.611,7374.866,7387.753,7397.776,7403.867,7409.008,7423.266,7428.787,7431.304,7440.157,7453.867,7457.81,7465.682,7482.766,7491.218,7502.367,7515.354,7526.884,7531.057,7535.943,7544.771,7562.112,7573.179,7595.312,7614.765,7622.691,7624.461,7629.791,7634.574,7640.993,7645.268,7648.586,7651.2,7652.294,7653.685,7656.823,7660.81,7662.925,7664.147,7666.695,7669.934,7674.673,7677.076,7678.7,7680.389,7684.453,7685.953,7686.997,7688.22,7690.357,7709.994,7717.731,7725.763,7745.266,7762.497,7778.026,7780.645,7782.943,7821.263,7823.106,7825.287,7828.139,7835.354,7837.704,7839.887,7842.237,7844.924,7848.786,7858.863,7861.887,7864.07,7866.926,7870.286,7874.317,7894.981,7907.581,7924.909,7933.735,7938.598,7941.529,7952.449,8008.119,8010.712,8013.519,8017.898,8019.257,8021.417,8022.002,8023.058,8026.341,8027.488,8029.854,8030.728,8031.736,8034.088,8035.218,8036.898,8038.235,8043.146,8044.74,8048.389,8052.974,8057.281,8061.46,8144.345,8192.321,8245.25,8418.698,8437.694,8463.356,8515.013,8577.786,8751.658,9026.102,9078.788,9274.554,9308.269,9359.803,9538.224,9605.933,9665.73,9757.697,9922.603,9971.618,10030.794,10154.799,10158.479,10160.239,10161.519,10164.559,10168.159,10168.879,10170.719,10172.559,10173.999,10174.879,10175.438,10177.599,10179.279,10179.679,10181.119,10181.599,10182.079,10183.199,10186.239,10186.719,10187.279,10187.839,10188.959,10191.358,10193.119,10193.839,10194.318,10194.959,10196.318,10198.479,10199.839,10200.318,10200.959,10202.879,10208.159,10208.959,10210.879,10211.279,10211.679,10212.959,10213.999,10215.999,10216.959,10217.358,10218.239,10218.639,10218.879,10219.279,10219.759,10220.079,10220.398,10222.079,10223.199,10224.079,10225.119,10228.159,10229.599,10230.879,10234.559,10235.438,10236.079,10237.039,10237.759,10238.479,10239.119,10239.999,10242.915,10244.004,10245.897,10246.512,10247.232,10249.312,10250.032,10251.632,10252.912,10253.552,10256.353,10257.167,10258.224,10259.494,10260.934,10262.694,10263.414,10263.894,10264.774,10265.414,10266.054,10266.694,10268.854,10270.294,10270.934,10271.414,10274.694,10277.094,10277.894,10279.254,10281.014,10281.574,10282.054,10284.374,10285.094,10286.054,10286.694,10287.254,10287.895,10288.934,10289.494,10292.454,10293.574,10294.854,10296.134,10297.414,10299.254,10299.894,10301.014,10302.454,10305.734,10307.371,10308.174,10309.134,10309.854,10310.813,10311.533,10312.334,10314.006,10318.158,10327.089,10329.771,10331.042,10332.477,10335.585,10338.112,10341.886,10343.153,10350.543,10354.143,10356.99,10360.812,10366.137,10372.446,10381.675,10388.503,10400.979,10428.016,10454.959,10476.88,10496.554,10512.652,10546.675,10553.006,10559.876,10564.396,10567.829,10574.646,10586.476,10604.955,10607.967,10610.983,10645.388,10656.564,10663.287,10669.46,10674.888,10678.683,10681.937,10684.765,10689.044,10697.433,10699.633,10706.004,10715.99,10723.375,10729.27,10733.244,10737.058,10756.89,10759.865,10762.23,10784.158,10788.969,10797.159,10801.519,10806.653,10814.159,10819.443,10821.87,10829.878,10832.678,10833.878,10835.158,10840.383,10843.938,10845.787,10848.508,10849.547,10850.268,10851.308,10852.668,10854.706,10861.219,10878.344,10895.248,10904.16,10907.056,10919.65,10932.112,10962.632,10996.195,11015.814,11028.823,11032.362,11033.802,11035.082,11038.244,11043.698,11046.94,11050.254,11054.446,11057.498,11061.391,11065.229,11078.109,11081.852,11086.44,11090.28,11096.993,11105.35,11111.861,11141.135,11158.243,11196.917,11210.643,11221.607,11234.233,11239.034,11242.982,11247.687,11266.964,11278.174,11288.887,11297.277,11301.686,11307.088,11311.323,11314.003,11320.051,11332.012,11334.831,11339.092,11344.399,11346.794,11349.396,11351.363,11362.773,11367.67,11374.816,11382.797,11391.49,11400.537,11410.011,11428.094,11435.222,11442.156,11448.271,11455.859,11462.016,11465.705,11468.204,11470.13,11475.844,11478.057,11479.471,11480.431,11481.711,11483.631,11484.83,11486.511,11489.958,11491.069,11492.336,11497.544,11499.702,11501.871,11504.678,11506.674,11508.896,11511.498,11514.853,11515.334,11516.237,11520.324,11522.142,11531.497,11535.914,11543.951,11548.902,11553.512,11559.374,11570.039,11577.223,11582.705,11585.055,11587.556,11593.173,11609.162,11629.603,11636.832,11641.276,11647.232,11653.165,11676.275,11684.52,11711.248,11714.608,11717.294,11720.134,11721.867,11724.216,11726.688,11742.375,11746.97,11750.662,11754.553,11757.816,11763.404,11793.385,11796.735,11799.752,11802.268,11804.447,11807.3,11809.984,11811.747,11815.215,11820.791,11834.6,11836.513,11840.097,11841.841,11843.304,11845.28,11848.204,11855.033,11855.607,11856.427,11864.852,11876.314,11879.305,11883.158,11887.611,11891.513,11892.517,11898.585,11902.357,11904.468,11905.039,11906.541,11909.203,11912.089,11914.484,11917.035,11918.924,11919.167,11919.867,11921.671,11923.462,11924.573,11927.014,11931.18,11934.449,11937.797,11939.25,11942.62,11948.893,11953.49,11958.016,11961.177,11965.067,11971.806,11995.55,12005.282,12014.704,12025.233,12043.128,12049.694,12054.742,12058.274,12078.59,12137,12150.016,12165.879,12173.436,12181.924,12193.33,12203.67,12231.646,12238.871,12248.204,12259.771,12268.873,12318.654,12339.041,12349.938,12360.436,12367.858,12377.898,12389.941,12395.861,12399.302,12404.196,12466.99,12471.946,12489.584,12503.09,12516.58,12523.336,12529.227,12537.851,12543.445,12547.887,12550.01,12555.703,12563.938,12571.58,12581.072,12587.668,12607.161,12609.895,12611.512,12614.398,12616.355,12618.336,12620.603,12631.129,12633.998,12637.556,12639.524,12641.462,12647.177,12654.813,12665.215,12689.793,12722.123,12742.557,12830.311,12889.121,12934.932,13049.613,13070.551,13086.771,13093.815,13101.957,13105.717,13107.316,13109.797,13111.396,13113.477,13116.596,13120.102,13125.253,13130.867,13145.923,13173.434,13206.815,13223.347,13239.896,13253.443,13266.556,13277.789,13292.081,13296.188,13436.799,13460.739,13508.312,13535.639,13544.634,13555.159,13565.115,13578.528,13593.217,13618.743,13627.092,13629.804,13636.568,13654.771,13663.049,13721.392,13793.615,13828.88,13845.6,13847.12,13849.76,13851.92,13855.359,13856.64,13858.32,13864.623,13877.073,13917.256,13945.842,13971.156,13999.41,14020.976,14059.301,14120.289,14218.907,14243.787,14247.227,14247.787,14249.387,14253.547,14257.334,14265.06,14267.028,14268.661,14270.342,14271.861,14274.102,14275.621,14277.541,14279.656,14282.305,14295.09,14301.119,14304.325,14308.807,14309.829,14312.199,14314.278,14320.389,14322.234,14328.402,14333.484,14337.191,14338.607,14340.038,14342.004,14343.562,14345.223,14346.699,14347.402,14347.965,14351.242,14353.233,14356.514,14361.797,14365.355,14370.085,14371.93,14373.77,14376.169,14378.488,14384.328,14389.396,14397.316,14399.877,14400.85,14403.048,14405.993,14407.577,14411.07,14437.5,14438.541,14449.34,14456.301,14461.414,14462.709,14463.556,14465.859,14468.915,14470.025,14479.176,14488.776,14517.453,14519.372,14558.522,14567.451,14574.783,14588.715,14595.557,14605.189,14613.594,14620.133,14621.139,14625.254,14625.893,14630.146,14636.229,14643.666,14649.417,14653.693,14664.671,14698.519,14706.857,14712.141,14718.035,14720.395,14728.751,14732.122,14741.271,14745.849,14760.463,14762.242,14763.381,14764.322,14765.632,14774.207,14786.793,14789.832,14792.311,14794.773,14798.439,14801.809,14805.293,14807.916,14816.66,14819.363,14821.962,14824.879,14828.578,14854.939,14857.762,14859.063,14862.553,14865.529,14874.012,14876.613,14880.32,14883.365,14887.564,14895.732,14901.84,14906.793,14911.625,14914.222,14917.182,14927.84,14930.066,14932.309,14937.646,14944.006,14948.178,14952.012,14956.117,14961.701,14967.062,14972.512,14977.104,14982.854,14985.281,14987.494,15000.178,15003.934,15007.986,15011.539,15014.438,15018.35,15051.897,15088.07,15198.977,15241.195,15265.223,15275.599,15277.998,15278.959,15281.679,15284.318,15287.28,15289.939,15292.1,15293.619,15294.979,15296.263,15298.76,15300.148,15301.374,15302.963,15304.665,15306.698,15310.788,15313.963,15316.775,15318.715,15320.988,15323.168,15332.744,15334.057,15335.307,15336.6,15338.183,15341.908,15353.291,15355.107,15360.36,15361.773,15375.964,15378.809,15381.424,15385.347,15388.592,15391.17,15393.403,15395.327,15411.572,15418.109,15421.278,15430.861,15433.162,15453.049,15459.854,15497.809,15503.744,15506.318,15508.566,15518.576,15519.985,15521.416,15538.791,15552.152,15555.828,15558.626,15568.671,15584.229,15585.797,15587.376,15607.722,15613.002,15618.435,15630.058,15671.472,15678.325,15697.829,15700.023,15708.959,15711.821,15717.545,15730.327,15731.672,15733.185,15736.027,15739.685,15742.913,15744.6,15746.01,15756.267,15757.659,15763.002,15764.913,15777.896,15782.674,15784.823,15786.646,15788.016,15789.731,15804.649,15807.035,15809.601,15811.859,15815.27,15819.357,15825.12,15828.264,15831.083,15833.908,15836.558,15840.92,15848.175,15851.868,15856.117,15862.464,15869.535,15880.243,15887.805,15898.58,15908.958,15912.215,15919.675,15932.856,15958.417,15993.01,16127.486,16130.982,16136.671,16139.141,16140.918,16143.023,16145.311,16146.351,16149.391,16150.351,16151.391,16153.876,16156.016,16158.096,16160.016,16162.016,16163.333,16164.548,16166.207,16168.803,16172.355,16173.986,16175.685,16184.908,16187.805,16189.789,16193.807,16195.914,16197.887,16202.312,16206.079,16208.621,16211.492,16213.518,16219.511,16222.491,16225.163,16226.168,16228.355,16243.461,16245.262,16246.771,16248.194,16249.579,16253.816,16255.162,16256.889,16258.58,16260.945,16262.611,16264.344,16266.531,16275.644,16282.573,16283.638,16284.402,16285.27,16286.649,16299.142,16304,16313.514,16317.15,16326.624,16329.642,16337.422,16345.078,16358.365,16382.063,16394.641,16401.291,16410.592,16420.203,16428.359,16433.99,16434.771,16440.07,16441.258,16449.178,16457.918,16466.061,16472.143,16486.475,16493.303,16497.271,16500.477,16503.127,16507.045,16510.062,16512.467,16513.432,16517.215,16518.314,16531.938,16545.881,16561.01,16564.607,16571.395,16580.654,16588.342,16595.312,16611.65,16618.449,16777.008,16786.33,16795.305,16805.232,16819.006,16829.824,16844.295,16862.762,16881.754,16995.4,17014.094,17027.693,17039.395,17046.559,17053.695,17076.861,17193.625,17203.027,17207.932,17213.186,17224.926,17229.203,17253.053,17274.932,17358.953,17378.518,17397.959,17442.453,17508.986,17549.023,17626.688,17782.125,17786.992,17793.012,17794.701,17796.064,17798.719,17800.258,17800.988,17803.629,17815.27,17818.49,17825.055,17837.027,17839.857,17841.041,17845.121,17846.242,17847.521,17851.922,17852.881,17853.361,17854.002,17854.641,17855.281,17857.682,17860.08,17863.361,17865.441,17867.361,17868.961,17869.922,17872.221,17873.646,17874.691,17875.633,17877.072,17878.193,17880.113,17881.232,17882.193,17883.072,17883.473,17884.191,17885.713,17889.953,17891.152,17892.432,17895.072,17896.113,17899.393,17902.271,17906.205,17908.621,17911.604,17913.527,17915.637,17918.371,17920.934,17922.746,17924.426,17926.746,17937.625,17942.953,17946.402,17948.586,17961.465,17962.533,17965.363,17967.08,17968.74,17971.014,17980.541,17982.932,17990.252,17995.947,17999.246,18003.215,18012.17,18101.871,18128.484,18200.408,18211.463,18236.051,18240.785,18243.186,18258.914,18263.203,18267.588,18271.406,18273.973,18283.492,18290.104,18293.289,18296.186,18297.732,18300.943,18306.361,18325.695,18429.002,18442.16,18449.074,18452.83,18455.598,18460.516,18465.428,18520.873,18608.037,18734.838,18739.193,18746.461,18852.996,18910.766,18915.938,18922.213,18924.977,18929.016,18930.916,18933.053,18937.416,18947.873,18956.264,18970.771,18982.863,19004.402,19010.492,19026.811,19120.029,19180.693,19213.996,19224.598,19232.818,19245.799,19259.477,19274.74,19278.195,19287.709,19295.264,19325.539,19366.939,19506.148,19585.02,19707.742,19708.803,19710.32,19715.137,19717.898,19719.664,19721.264,19721.904,19723.344,19724.943,19726.738,19728.621,19730.475,19731.969,19737.113,19739.176,19741.164,19742.674,19744.49,19749.508,19771.92,19791.955,19843.787,19866.926,19890.768,19914.129,19938.854,19986.854,19993.502,19996.914,20008.34,20016.812,20020.539,20028.992,20061.434,20085.689,20106.119,20127.096,20149.15,20155.605,20160.262,20169.814,20197.715,20210.434,20216.057,20223.453,20227.711,20232.803,20234.703,20236.805,20240.312,20247.955,20262.346,20270.346,20279.881,20354.062,20368.537,20380.549,20403.82,20430.764,20439.16,20450.758,20454.281,20462.648,20468.164,20474.406,20481.262,20485.328,20488.387,20492.758,20494.939,20497.553,20500.891,20519.123,20525.248,20530.102,20534.074,20536.816,20551.061,20576.91,20605.115,20620.744,20703.646,20718.422,20729.943,20735.523,20743.373,20750.422,20759.25,20763.258,20766.371,20769.643,20780.953,20797.57,20802.771,20804.771,20806.531,20808.611,20810.051,20815.971,20818.785,20821.217,20833.66,20837.168,20842.527,20843.648,20845.648,20847.887,20853.088,20855.969,20857.568,20866.527,20867.791,20868.588,20869.277,20870.088,20871.477,20874.562,20876.533,20877.402,20878.383,20879.041,20882.656,20884.137,20885.148,20886.375,20890.535,20893.559,20894.693,20895.783,20896.516,20897.238,20900.207,20901.934,20902.865,20903.918,20904.418,20905.219,20906.018,20907.219,20908.258,20908.738,20909.459,20910.658,20911.779,20912.738,20913.779,20914.979,20915.619,20916.738,20917.539,20918.5,20919.939,20920.979,20921.562,20922.729,20923.848,20924.371,20925.25,20926.609,20928.369,20928.93,20929.73,20930.209,20931.09,20931.889,20933.439,20934.602,20936.91,20937.73,20938.541,20939.098,20939.746,20942.066,20944.867,20945.746,20947.986,20948.707,20950.947,20951.912,20952.793,20953.912,20955.752,20956.473,20957.113,20958.463,20959.027,20959.826,20960.387,20961.508,20962.867,20963.586,20964.307,20965.586,20968.146,20970.547,20970.947,20971.586,20972.947,20973.746,20975.348,20976.467,20977.508,20979.188,20980.146,20980.627,20981.508,20984.514,20985.256,20986.262,20986.99,20987.4,20988.43,20989.07,20989.791,20990.59,20991.787,20993.289,20994.262,20995.184,20995.688,20997.348,20998.953,21001.273,21002.074,21004.234,21005.354,21007.113,21007.834,21008.633,21010.713,21012.074,21013.113,21013.715,21014.77,21015.328,21019.67,21022.688,21024.535,21026.773,21028.111,21029.555,21030.738,21032.023,21033.629,21034.789,21035.881,21037.758,21045.156,21046.803,21048.402,21051.617,21053.422,21054.398,21057.238,21060.283,21061.098,21061.877,21062.666,21063.629,21064.979,21068.256,21072.461,21081.781,21083.619,21087.59,21090.746,21093.801,21105.342,21110.535,21117.707,21131.809,21139.117,21146.332,21153.494,21158.373,21159.652,21161.254,21161.973,21162.705,21163.779,21164.883,21169.205,21171.939,21205.225,21240.088,21254.096,21265.084,21281.322,21293.039,21297.883,21304.369,21307.051,21310.764,21314.398,21316.67,21322.102,21325.916,21328.209,21330.215,21331.533,21332.521,21334.109,21335.439,21338.355,21340.16,21341.162,21343.768,21350.482,21352.043,21353.469,21355.865,21357.461,21358.408,21359.652,21361.961,21363.6,21365.842,21368.318,21370.908,21374.812,21376.557,21378.568,21381.48,21382.152,21383.5,21384.391,21385.857,21388.191,21390.625,21391.596,21392.674,21396.75,21401.252,21408.596,21412.967,21438.133,21458.078,21469.926,21474.604,21481.947,21486.025,21491.643,21496.791,21500.197,21503.963,21509.082,21516.324,21519.705,21524.689,21530.434,21534.416,21538.154,21541.748,21543.615,21545.879,21551.547,21555.244,21559.715,21566.953,21569.883,21580.688,21586.605,21590.422,21609.062,21619.504,21624.076,21627.5,21632.721,21650.475,21666.629,21674.557,21686.713,21693.486,21706.744,21712.793,21718.928,21735.336,21747.574,21757.783,21768.33,21790.627,21795.973,21806.252,21810.447,21841.605,21877.125,21882.885,21889.842,21898.711,21906.955,21925.605,21931.072,21934.598,21936.279,21938.254,21939.66,21943.947,21947.484,21960.398,21973.674,21984.932,21990.332,21998.311,22004.74,22008.533,22014.787,22027.098,22034.084,22038.602,22042.35,22044.26,22051.521,22060.855,22069.342,22077.361,22081.875,22083.834,22085.508,22093.49,22108.699,22120.893,22134.529,22142.764,22157.406,22168.703,22187.262,22209.428,22216.107,22223.605,22235.658,22246.662,22267.18,22288.672,22294.365,22299.58,22306.248,22316.08,22318.211,22321.154,22323.795,22331.332,22337.602,22341.342,22343.912,22346.197,22347.682,22351.479,22365.721,22373.656,22377.834,22390.848,22402.717,22411.482,22421.365,22446.383,22455.541,22464.176,22475.611,22489.877,22502.297,22506.582,22512.479,22536.582,22542.084,22547.289,22550.422,22552.424,22554.898,22558.145,22570.373,22576.293,22581.043,22584.602,22586.754,22595.154,22599.953,22601.133,22605.061,22606.83,22608.822,22612.916,22617.227,22624.496,22634.322,22645.354,22686.189,22714.768,22762.48,22777.113,22786.105,22794.703,22815.414,22828.09,22848.586,22862.617,22880.281,22906.748,22917.725,22924.768,22940.07,22953.543,22960.934,22971.455,23012.426,23041.924,23116.254,23134.467,23156.139,23185.949,23192.908,23198.748,23204.447,23208.809,23212.09,23216.328,23225.689,23230.568,23232.648,23234.25,23236.168,23238.881,23242.162,23244.562,23246.322,23247.656,23249.582,23251.049,23253.15,23255.891,23260.32,23264.957,23273.18,23276.586,23281.311,23283.125,23288.865,23290.479,23292.479,23294.238,23296,23297.68,23299.279,23322.27,23325.4,23328.67,23331.381,23334.443,23338.131,23342.146,23345,23350.699,23356.379,23395.344,23428.475,23452.836,23487.969,23518.254,23555.016,23593.354,23666.719,23769.75,23799.428,23816.719,23826.734,23895.324,23918.238,23921.189,23924.58,23930.238,23934.5,23938.75,23944.889,23973.229,23983.055,24004.455,24029.461,24050.369,24060.586,24080.229,24132.314,24213.707,24269.158,24309.844,24341.98,24362.535,24408.131,24421.498,24425.768,24436.34,24452.34,24536.793,24565.43,24591.85,24620.164,24645.457,24781.332,24842.375,24852.467,24861.688,24869.889,24875.568,24880.051,24882.32,24886.082,24889.281,24893.441,24915.752,24919.102,24922.395,24926.385,24928.879,24929.357,24933.549,24937.881,24941.641,24944.729,24958.035,25017.078,25022.244,25034.824,25059.4,25063.324,25110.545,25111.689,25113.721,25116.84,25120.182,25122.102,25122.822,25124.262,25125.941,25127.988,25131.363,25135.445,25139.555,25178.699,25283.26,25376.838,25386.805,25392.256,25400.719,25404.301,25406.621,25426.9,25438.348,25442.957,25447.963,25458.502,25461.342,25481.062,25493.844,25528.652,25563.236,25566.412,25569.459,25571.836,25579.34,25582.789,25586.592,25590.338,25593.506,25595.609,25597.936,25599.396,25602.068,25604.172,25608.547,25616.184,25622.057,25625.113,25627.572,25629.266,25631.299,25634.668,25637,25642.316,25643.836,25645.598,25647.676,25650.396,25659.859,25661.229,25662.975,25666.746,25677.758,25686.203,25706.268,25709.266,25712.309,25714.947,25735.055,25737.35,25740.059,25744.361,25749.418,25755.184,25761.561,25765.236,25780.654,25786.092,25793.572,25810.402,25842.109,25882.385,25885.201,25887.514,25893.975,25896.262,25903.277,25905.746,25909.752,25913.08,25916.557,25920.053,25923.527,25930.086,25935.826,25942.625,25944.625,25946.066,25947.746,25948.867,25950.945,25953.506,25956.387,25958.402,25960.803,25963.379,25966.422,25969.582,25972.369,25976.918,25979.543,25984.744,25986.984,25993.383,25996.984,25999.383,26001.139,26003.727,26005.963,26007.748,26009.373,26012.057,26017.869,26029.617,26035.209,26040.691,26043.092,26044.691,26046.213,26047.893,26049.492,26050.934,26052.533,26059.412,26061.252,26062.613,26064.371,26069.893,26072.691,26077.893,26084.932,26091.973,26094.312,26097.027,26099.775,26102.34,26115.488,26126.492,26131.164,26134.469,26144.568,26150.947,26159.27,26171.736,26180.713,26186.797,26206.186,26212.191,26233.303,26261.312,26277.891,26297.363,26349.387,26355.973,26363.59,26367.658,26374.494,26380.695,26390.678,26475.57,26491.172,26512.246,26527.746,26537.316,26543.498,26547.525,26551.533,26554.082,26556.803,26559.221,26562.398,26566.062,26570.932,26580.129,26587.797,26593.312,26623.393,26631.004,26638.934,26646.348,26689.557,26696.445,26700.311,26705.93,26707.562,26709.842,26723.281,26729.834,26731.848,26734.832,26744.352,26755.551,26760.582,26767.369,26774.73,26785.117,26787.918,26789.518,26791.197,26792.797,26794.316,26797.197,26823.488,26828.43,26836.457,26849.057,26859.781,26899.902,26901.994,26903.514,26905.195,26906.795,26908.635,26910.475,26912.314,26927.295,26948.824,27030.434,27044.873,27052.549,27056.51,27058.461,27060.617,27061.898,27063.898,27070.379,27072.699,27075.178,27077.738,27079.578,27085.738,27088.299,27089.578,27090.617,27091.738,27092.859,27093.979,27095.098,27096.219,27097.455,27099.215,27111.855,27115.301,27117.307,27118.988,27120.965,27122.885,27129.605,27133.686,27136.201,27138.699,27142.891,27149.488,27153.98,27157.008,27166.369,27183.438,27192.977,27208.924,27210.785,27212.736,27214.318,27215.459,27216.553,27217.725,27219.564,27221.77,27223.707,27228.852,27229.449,27234.246,27235.717,27239.602,27243.516,27247.588,27250.957,27251.77,27255.309,27255.963,27264.41,27265.449,27266.332,27267.434,27269.537,27270.48,27271.59,27282.16,27285.252]
      },
      "geometry": {
        "type": "LineString",
        "coordinates": [
          [132.76585, 33.83900, 30.5],
          [132.76584, 33.83876, 30.25],
          [132.76583, 33.83862, 31.0],
          [132.76582, 33.83838, 32.5],
          [132.76582, 33.83833, 32.75],
          [132.76687, 33.83831, 31.5],
          [132.76783, 33.83828, 33.0],
          [132.76793, 33.83827, 32.75],
          [132.76793, 33.83817, 32.75],
          [132.76791, 33.83770, 32.0],
          [132.76789, 33.83724, 32.0],
          [132.76788, 33.83681, 32.25],
          [132.76788, 33.83672, 32.25],
          [132.76787, 33.83669, 32.25],
          [132.76787, 33.83666, 32.25],
          [132.76787, 33.83657, 32.25],
          [132.76787, 33.83634, 32.25],
          [132.76786, 33.83622, 32.25],
          [132.76785, 33.83599, 32.25],
          [132.76785, 33.83596, 32.25],
          [132.76785, 33.83592, 32.25],
          [132.76783, 33.83562, 31.75],
          [132.76782, 33.83540, 31.5],
          [132.76781, 33.83518, 31.25],
          [132.76781, 33.83509, 31.0],
          [132.76782, 33.83502, 31.0],
          [132.76782, 33.83501, 31.0],
          [132.76783, 33.83495, 31.0],
          [132.76785, 33.83485, 31.0],
          [132.76803, 33.83449, 31.25],
          [132.76827, 33.83404, 31.0],
          [132.76848, 33.83365, 31.25],
          [132.76854, 33.83353, 31.25],
          [132.76869, 33.83323, 31.0],
          [132.76882, 33.83299, 30.5],
          [132.76909, 33.83247, 30.75],
          [132.76924, 33.83219, 31.0],
          [132.76903, 33.83179, 30.75],
          [132.76898, 33.83175, 30.75],
          [132.76889, 33.83169, 30.5],
          [132.76874, 33.83158, 30.25],
          [132.76866, 33.83152, 30.0],
          [132.76753, 33.83067, 27.0],
          [132.76632, 33.82968, 26.25],
          [132.76587, 33.82926, 25.0],
          [132.76545, 33.82886, 25.25],
          [132.76524, 33.82867, 25.75],
          [132.76478, 33.82821, 27.0],
          [132.76459, 33.82802, 27.5],
          [132.76453, 33.82796, 27.5],
          [132.76442, 33.82784, 28.0],
          [132.76418, 33.82756, 29.5],
          [132.76398, 33.82741, 28.75],
          [132.76385, 33.82729, 27.75],
          [132.76349, 33.82684, 26.0],
          [132.76325, 33.82648, 24.25],
          [132.76305, 33.82621, 22.5],
          [132.76282, 33.82594, 22.0],
          [132.76254, 33.82566, 23.0],
          [132.76235, 33.82544, 23.75],
          [132.76214, 33.82517, 24.5],
          [132.76197, 33.82491, 24.5],
          [132.76175, 33.82472, 24.0],
          [132.76141, 33.82436, 21.75],
          [132.76117, 33.82406, 21.0],
          [132.76099, 33.82379, 21.5],
          [132.76079, 33.82346, 22.25],
          [132.76033, 33.82283, 21.5],
          [132.76019, 33.82265, 21.0],
          [132.76003, 33.82245, 20.0],
          [132.75974, 33.82205, 19.25],
          [132.75962, 33.82187, 19.25],
          [132.75960, 33.82184, 19.25],
          [132.75952, 33.82179, 19.5],
          [132.75938, 33.82158, 20.25],
          [132.75936, 33.82154, 20.5],
          [132.75934, 33.82151, 20.5],
          [132.75918, 33.82133, 20.75],
          [132.75915, 33.82129, 20.75],
          [132.75897, 33.82107, 20.5],
          [132.75886, 33.82093, 20.25],
          [132.75879, 33.82085, 20.0],
          [132.75873, 33.82079, 19.75],
          [132.75857, 33.82063, 19.5],
          [132.75844, 33.82050, 19.25],
          [132.75836, 33.82040, 19.0],
          [132.75831, 33.82034, 18.75],
          [132.75821, 33.82022, 18.75],
          [132.75783, 33.81985, 18.25],
          [132.75775, 33.81978, 18.0],
          [132.75747, 33.81955, 16.75],
          [132.75731, 33.81941, 16.75],
          [132.75710, 33.81923, 16.5],
          [132.75704, 33.81917, 16.5],
          [132.75689, 33.81905, 16.75],
          [132.75654, 33.81867, 16.75],
          [132.75648, 33.81859, 16.75],
          [132.75640, 33.81848, 16.5],
          [132.75627, 33.81830, 16.0],
          [132.75614, 33.81817, 15.75],
          [132.75596, 33.81798, 15.5],
          [132.75544, 33.81774, 15.75],
          [132.75469, 33.81729, 14.75],
          [132.75395, 33.81687, 14.0],
          [132.75370, 33.81673, 14.75],
          [132.75244, 33.81606, 15.75],
          [132.75195, 33.81580, 17.75],
          [132.75169, 33.81564, 17.5],
          [132.75161, 33.81560, 17.0],
          [132.75153, 33.81556, 16.5],
          [132.75124, 33.81547, 15.25],
          [132.75097, 33.81542, 14.75],
          [132.75084, 33.81539, 14.25],
          [132.75070, 33.81534, 14.25],
          [132.75042, 33.81521, 13.75],
          [132.75002, 33.81502, 13.0],
          [132.74995, 33.81499, 13.0],
          [132.74932, 33.81467, 13.5],
          [132.74908, 33.81455, 14.0],
          [132.74877, 33.81437, 14.0],
          [132.74867, 33.81431, 14.25],
          [132.74856, 33.81422, 14.5],
          [132.74834, 33.81404, 15.0],
          [132.74822, 33.81395, 15.0],
          [132.74809, 33.81388, 14.75],
          [132.74750, 33.81364, 13.25],
          [132.74725, 33.81354, 12.75],
          [132.74679, 33.81337, 12.0],
          [132.74664, 33.81331, 11.75],
          [132.74629, 33.81316, 11.5],
          [132.74512, 33.81263, 11.5],
          [132.74357, 33.81192, 13.0],
          [132.74172, 33.81108, 14.0],
          [132.74158, 33.81102, 14.0],
          [132.74154, 33.81101, 14.0],
          [132.74150, 33.81099, 13.75],
          [132.74035, 33.81046, 10.75],
          [132.73961, 33.81008, 11.0],
          [132.73869, 33.80956, 11.0],
          [132.73839, 33.80941, 10.25],
          [132.73818, 33.80931, 10.0],
          [132.73790, 33.80917, 9.5],
          [132.73750, 33.80894, 9.75],
          [132.73739, 33.80887, 10.0],
          [132.73707, 33.80867, 10.5],
          [132.73695, 33.80859, 10.75],
          [132.73656, 33.80835, 10.75],
          [132.73592, 33.80793, 10.0],
          [132.73576, 33.80785, 9.75],
          [132.73381, 33.80693, 10.25],
          [132.73330, 33.80667, 9.0],
          [132.73299, 33.80650, 9.25],
          [132.73290, 33.80645, 9.5],
          [132.73275, 33.80638, 9.25],
          [132.73264, 33.80634, 9.25],
          [132.73243, 33.80629, 9.0],
          [132.73221, 33.80624, 9.0],
          [132.73171, 33.80616, 9.0],
          [132.73079, 33.80607, 11.0],
          [132.73003, 33.80602, 11.0],
          [132.72937, 33.80602, 10.75],
          [132.72925, 33.80601, 10.5],
          [132.72849, 33.80602, 8.25],
          [132.72833, 33.80602, 7.75],
          [132.72795, 33.80607, 7.75],
          [132.72782, 33.80611, 8.0],
          [132.72750, 33.80621, 8.25],
          [132.72698, 33.80640, 8.75],
          [132.72684, 33.80646, 9.0],
          [132.72669, 33.80655, 9.5],
          [132.72656, 33.80664, 10.25],
          [132.72642, 33.80674, 10.75],
          [132.72630, 33.80680, 11.0],
          [132.72624, 33.80669, 10.75],
          [132.72547, 33.80531, 9.5],
          [132.72524, 33.80498, 9.25],
          [132.72516, 33.80490, 9.25],
          [132.72504, 33.80477, 9.5],
          [132.72488, 33.80466, 9.25],
          [132.72469, 33.80456, 9.25],
          [132.72452, 33.80450, 9.25],
          [132.72433, 33.80445, 9.25],
          [132.72396, 33.80439, 9.25],
          [132.72355, 33.80434, 9.25],
          [132.72293, 33.80428, 7.5],
          [132.72283, 33.80426, 6.75],
          [132.72162, 33.80414, 7.75],
          [132.72147, 33.80412, 7.75],
          [132.72132, 33.80411, 7.75],
          [132.72051, 33.80403, 7.0],
          [132.72036, 33.80401, 6.75],
          [132.71999, 33.80396, 6.25],
          [132.71975, 33.80393, 6.5],
          [132.71952, 33.80391, 6.75],
          [132.71902, 33.80386, 7.25],
          [132.71869, 33.80382, 7.25],
          [132.71828, 33.80378, 7.25],
          [132.71789, 33.80374, 6.25],
          [132.71760, 33.80370, 5.75],
          [132.71756, 33.80369, 5.5],
          [132.71727, 33.80365, 5.5],
          [132.71675, 33.80356, 5.75],
          [132.71548, 33.80326, 5.25],
          [132.71486, 33.80311, 4.5],
          [132.71462, 33.80303, 4.5],
          [132.71446, 33.80297, 4.5],
          [132.71430, 33.80289, 4.75],
          [132.71414, 33.80279, 5.0],
          [132.71398, 33.80267, 5.0],
          [132.71382, 33.80251, 5.0],
          [132.71365, 33.80233, 5.0],
          [132.71355, 33.80221, 5.0],
          [132.71323, 33.80183, 5.0],
          [132.71311, 33.80167, 5.0],
          [132.71283, 33.80127, 5.25],
          [132.71265, 33.80100, 5.25],
          [132.71242, 33.80064, 5.0],
          [132.71237, 33.80057, 5.0],
          [132.71206, 33.80005, 6.0],
          [132.71188, 33.79977, 5.5],
          [132.71172, 33.79954, 4.75],
          [132.71168, 33.79947, 4.5],
          [132.71134, 33.79896, 3.75],
          [132.71128, 33.79889, 4.0],
          [132.71093, 33.79844, 5.5],
          [132.71085, 33.79835, 5.75],
          [132.71056, 33.79803, 5.25],
          [132.70998, 33.79744, 4.75],
          [132.70951, 33.79696, 4.25],
          [132.70948, 33.79692, 4.25],
          [132.70944, 33.79688, 4.25],
          [132.70857, 33.79597, 4.0],
          [132.70840, 33.79578, 3.5],
          [132.70823, 33.79555, 3.75],
          [132.70774, 33.79482, 3.5],
          [132.70762, 33.79465, 3.5],
          [132.70751, 33.79447, 3.75],
          [132.70737, 33.79420, 4.5],
          [132.70734, 33.79413, 4.75],
          [132.70728, 33.79401, 4.75],
          [132.70722, 33.79389, 4.75],
          [132.70719, 33.79378, 4.75],
          [132.70707, 33.79346, 4.75],
          [132.70656, 33.79210, 4.75],
          [132.70602, 33.79064, 4.75],
          [132.70546, 33.78913, 4.5],
          [132.70530, 33.78868, 4.75],
          [132.70497, 33.78781, 4.25],
          [132.70495, 33.78775, 4.25],
          [132.70486, 33.78753, 3.75],
          [132.70476, 33.78725, 3.75],
          [132.70471, 33.78711, 3.75],
          [132.70466, 33.78698, 4.0],
          [132.70446, 33.78643, 4.0],
          [132.70441, 33.78629, 3.75],
          [132.70414, 33.78571, 3.0],
          [132.70413, 33.78570, 3.0],
          [132.70405, 33.78553, 3.5],
          [132.70404, 33.78551, 3.5],
          [132.70373, 33.78489, 4.5],
          [132.70361, 33.78465, 4.5],
          [132.70351, 33.78447, 4.75],
          [132.70336, 33.78416, 4.75],
          [132.70328, 33.78401, 4.75],
          [132.70332, 33.78336, 4.0],
          [132.70334, 33.78301, 4.5],
          [132.70338, 33.78245, 5.75],
          [132.70341, 33.78200, 6.25],
          [132.70345, 33.78143, 6.25],
          [132.70346, 33.78128, 6.0],
          [132.70346, 33.78126, 5.75],
          [132.70349, 33.78080, 5.0],
          [132.70349, 33.78077, 5.0],
          [132.70357, 33.77941, 5.0],
          [132.70359, 33.77908, 5.25],
          [132.70361, 33.77880, 5.75],
          [132.70363, 33.77841, 6.0],
          [132.70364, 33.77832, 6.0],
          [132.70365, 33.77820, 6.0],
          [132.70367, 33.77766, 5.5],
          [132.70371, 33.77698, 5.0],
          [132.70377, 33.77568, 4.75],
          [132.70377, 33.77556, 5.0],
          [132.70381, 33.77494, 6.5],
          [132.70385, 33.77428, 5.75],
          [132.70390, 33.77378, 5.75],
          [132.70399, 33.77279, 5.75],
          [132.70409, 33.77186, 5.75],
          [132.70410, 33.77162, 5.75],
          [132.70410, 33.77141, 5.5],
          [132.70408, 33.77130, 5.5],
          [132.70403, 33.77116, 5.25],
          [132.70401, 33.77113, 5.25],
          [132.70390, 33.77086, 5.0],
          [132.70383, 33.77069, 5.0],
          [132.70378, 33.77051, 5.0],
          [132.70377, 33.77047, 5.0],
          [132.70377, 33.77033, 5.0],
          [132.70378, 33.77009, 5.0],
          [132.70379, 33.76984, 5.0],
          [132.70380, 33.76969, 5.0],
          [132.70384, 33.76926, 5.0],
          [132.70387, 33.76883, 5.25],
          [132.70387, 33.76855, 5.5],
          [132.70388, 33.76849, 5.75],
          [132.70388, 33.76812, 5.75],
          [132.70387, 33.76742, 4.75],
          [132.70386, 33.76731, 4.75],
          [132.70383, 33.76675, 4.5],
          [132.70379, 33.76636, 5.0],
          [132.70370, 33.76573, 6.25],
          [132.70365, 33.76525, 5.75],
          [132.70362, 33.76508, 5.75],
          [132.70336, 33.76420, 5.75],
          [132.70317, 33.76356, 5.25],
          [132.70311, 33.76337, 5.0],
          [132.70304, 33.76309, 5.25],
          [132.70299, 33.76285, 5.75],
          [132.70298, 33.76280, 5.75],
          [132.70288, 33.76235, 6.25],
          [132.70261, 33.76129, 6.25],
          [132.70250, 33.76087, 6.75],
          [132.70241, 33.76055, 6.75],
          [132.70236, 33.76030, 6.5],
          [132.70228, 33.76005, 6.25],
          [132.70217, 33.75952, 6.5],
          [132.70212, 33.75931, 6.75],
          [132.70211, 33.75929, 6.75],
          [132.70206, 33.75911, 6.75],
          [132.70188, 33.75853, 6.75],
          [132.70167, 33.75790, 5.75],
          [132.70147, 33.75739, 5.5],
          [132.70144, 33.75732, 5.5],
          [132.70118, 33.75675, 6.5],
          [132.70089, 33.75622, 7.25],
          [132.70044, 33.75549, 7.0],
          [132.70035, 33.75538, 6.75],
          [132.70011, 33.75506, 6.0],
          [132.69999, 33.75493, 6.0],
          [132.69994, 33.75490, 6.0],
          [132.69986, 33.75486, 6.0],
          [132.69969, 33.75481, 6.0],
          [132.69954, 33.75475, 6.0],
          [132.69938, 33.75467, 6.25],
          [132.69910, 33.75454, 6.25],
          [132.69898, 33.75450, 6.25],
          [132.69889, 33.75447, 6.25],
          [132.69920, 33.75398, 7.25],
          [132.70010, 33.75252, 8.0],
          [132.70047, 33.75193, 10.75],
          [132.70068, 33.75157, 12.0],
          [132.70024, 33.75137, 11.5],
          [132.70000, 33.75127, 11.25],
          [132.69983, 33.75120, 11.0],
          [132.69966, 33.75112, 10.5],
          [132.69927, 33.75094, 10.0],
          [132.69914, 33.75088, 9.75],
          [132.69903, 33.75080, 9.5],
          [132.69879, 33.75060, 9.25],
          [132.69886, 33.75054, 9.75],
          [132.69924, 33.75030, 10.75],
          [132.69940, 33.75017, 11.0],
          [132.69949, 33.75006, 11.25],
          [132.69973, 33.75016, 11.5],
          [132.69949, 33.75006, 11.25],
          [132.69974, 33.74977, 12.0],
          [132.69977, 33.74974, 12.25],
          [132.69990, 33.74962, 12.5],
          [132.70004, 33.74952, 13.0],
          [132.70016, 33.74947, 13.5],
          [132.70021, 33.74945, 13.75],
          [132.70039, 33.74941, 14.25],
          [132.70093, 33.74929, 15.75],
          [132.70040, 33.74893, 15.25],
          [132.70025, 33.74883, 15.25],
          [132.69989, 33.74854, 15.5],
          [132.69969, 33.74838, 16.5],
          [132.69957, 33.74829, 17.0],
          [132.69943, 33.74819, 18.0],
          [132.69934, 33.74814, 18.5],
          [132.69914, 33.74807, 19.25],
          [132.69897, 33.74803, 19.75],
          [132.69855, 33.74790, 20.75],
          [132.69858, 33.74775, 21.0],
          [132.69862, 33.74759, 21.5],
          [132.69863, 33.74752, 21.75],
          [132.69863, 33.74749, 22.0],
          [132.69863, 33.74744, 22.0],
          [132.69863, 33.74737, 22.25],
          [132.69862, 33.74729, 22.25],
          [132.69857, 33.74706, 23.0],
          [132.69855, 33.74690, 23.25],
          [132.69859, 33.74666, 23.75],
          [132.69865, 33.74650, 23.75],
          [132.69873, 33.74628, 23.75],
          [132.69891, 33.74586, 24.25],
          [132.69894, 33.74580, 24.25],
          [132.69901, 33.74567, 24.0],
          [132.69937, 33.74501, 23.25],
          [132.69946, 33.74480, 23.5],
          [132.69951, 33.74456, 24.0],
          [132.69953, 33.74451, 24.25],
          [132.69953, 33.74448, 24.25],
          [132.69953, 33.74446, 24.25],
          [132.69917, 33.74383, 24.25],
          [132.69917, 33.74381, 24.25],
          [132.69928, 33.74376, 24.5],
          [132.69940, 33.74371, 24.75],
          [132.69954, 33.74366, 25.0],
          [132.69970, 33.74347, 25.5],
          [132.69980, 33.74338, 25.75],
          [132.70003, 33.74323, 25.75],
          [132.70008, 33.74318, 25.75],
          [132.70010, 33.74313, 25.75],
          [132.70010, 33.74306, 25.75],
          [132.70006, 33.74292, 25.5],
          [132.70006, 33.74289, 25.5],
          [132.70008, 33.74283, 25.5],
          [132.70017, 33.74272, 25.5],
          [132.70018, 33.74267, 25.5],
          [132.70018, 33.74260, 25.5],
          [132.70016, 33.74253, 25.5],
          [132.70015, 33.74248, 25.5],
          [132.70016, 33.74239, 25.75],
          [132.70020, 33.74232, 26.25],
          [132.70028, 33.74223, 26.75],
          [132.70043, 33.74209, 28.0],
          [132.70042, 33.74200, 28.25],
          [132.70040, 33.74178, 29.0],
          [132.70039, 33.74171, 29.0],
          [132.70037, 33.74163, 29.25],
          [132.70033, 33.74158, 29.25],
          [132.70018, 33.74144, 29.25],
          [132.70012, 33.74140, 29.0],
          [132.70005, 33.74139, 28.75],
          [132.69996, 33.74110, 30.25],
          [132.69997, 33.74104, 30.5],
          [132.69987, 33.74052, 33.0],
          [132.69992, 33.74026, 34.25],
          [132.69977, 33.73988, 36.0],
          [132.69969, 33.73951, 38.5],
          [132.69965, 33.73937, 39.25],
          [132.69943, 33.73917, 39.5],
          [132.69932, 33.73908, 39.0],
          [132.69902, 33.73889, 38.0],
          [132.69890, 33.73881, 37.75],
          [132.69886, 33.73876, 37.75],
          [132.69882, 33.73872, 37.75],
          [132.69877, 33.73863, 37.5],
          [132.69874, 33.73859, 37.5],
          [132.69865, 33.73850, 37.25],
          [132.69842, 33.73830, 36.25],
          [132.69823, 33.73815, 35.75],
          [132.69812, 33.73804, 35.5],
          [132.69808, 33.73798, 35.5],
          [132.69794, 33.73778, 35.0],
          [132.69779, 33.73763, 34.25],
          [132.69713, 33.73705, 31.75],
          [132.69679, 33.73673, 31.0],
          [132.69667, 33.73661, 30.75],
          [132.69659, 33.73651, 30.5],
          [132.69653, 33.73640, 30.25],
          [132.69646, 33.73618, 30.0],
          [132.69644, 33.73615, 29.75],
          [132.69622, 33.73604, 29.25],
          [132.69609, 33.73598, 28.75],
          [132.69587, 33.73586, 28.0],
          [132.69563, 33.73570, 27.5],
          [132.69557, 33.73565, 27.5],
          [132.69507, 33.73528, 26.0],
          [132.69487, 33.73515, 25.75],
          [132.69465, 33.73502, 25.5],
          [132.69458, 33.73498, 25.25],
          [132.69421, 33.73482, 24.5],
          [132.69405, 33.73476, 24.0],
          [132.69382, 33.73469, 23.25],
          [132.69365, 33.73465, 22.75],
          [132.69308, 33.73451, 21.75],
          [132.69239, 33.73433, 21.25],
          [132.69178, 33.73417, 20.0],
          [132.69168, 33.73400, 20.0],
          [132.69149, 33.73366, 19.75],
          [132.69132, 33.73340, 20.25],
          [132.69129, 33.73337, 20.25],
          [132.69121, 33.73329, 20.75],
          [132.69094, 33.73314, 22.5],
          [132.69085, 33.73309, 23.5],
          [132.69076, 33.73300, 26.25],
          [132.69073, 33.73295, 27.75],
          [132.69071, 33.73289, 29.25],
          [132.69071, 33.73283, 30.0],
          [132.69072, 33.73278, 30.5],
          [132.69086, 33.73252, 29.25],
          [132.69088, 33.73246, 29.25],
          [132.69107, 33.73201, 28.75],
          [132.69112, 33.73184, 28.75],
          [132.69114, 33.73174, 28.75],
          [132.69116, 33.73156, 29.25],
          [132.69113, 33.73113, 32.5],
          [132.69112, 33.73105, 33.25],
          [132.69105, 33.73088, 35.5],
          [132.69091, 33.73066, 36.75],
          [132.69074, 33.73043, 38.5],
          [132.69060, 33.73022, 39.5],
          [132.69052, 33.73014, 40.0],
          [132.69029, 33.73001, 42.25],
          [132.69010, 33.72991, 44.0],
          [132.68984, 33.72973, 49.25],
          [132.68974, 33.72965, 51.25],
          [132.68851, 33.72831, 43.5],
          [132.68827, 33.72806, 44.5],
          [132.68815, 33.72794, 45.0],
          [132.68809, 33.72789, 45.25],
          [132.68802, 33.72785, 45.5],
          [132.68788, 33.72777, 46.25],
          [132.68772, 33.72770, 47.0],
          [132.68756, 33.72766, 48.5],
          [132.68709, 33.72758, 51.25],
          [132.68666, 33.72750, 53.25],
          [132.68650, 33.72746, 55.75],
          [132.68622, 33.72737, 60.0],
          [132.68605, 33.72730, 62.0],
          [132.68558, 33.72709, 64.75],
          [132.68526, 33.72693, 64.75],
          [132.68505, 33.72681, 63.5],
          [132.68472, 33.72658, 66.5],
          [132.68463, 33.72649, 67.5],
          [132.68441, 33.72625, 68.25],
          [132.68386, 33.72549, 62.75],
          [132.68360, 33.72527, 63.5],
          [132.68339, 33.72512, 64.5],
          [132.68315, 33.72497, 68.0],
          [132.68286, 33.72476, 72.0],
          [132.68273, 33.72464, 73.25],
          [132.68262, 33.72452, 73.75],
          [132.68237, 33.72422, 75.0],
          [132.68221, 33.72402, 77.25],
          [132.68202, 33.72381, 78.75],
          [132.68183, 33.72361, 80.25],
          [132.68110, 33.72298, 87.25],
          [132.68050, 33.72254, 89.0],
          [132.68037, 33.72245, 88.75],
          [132.67989, 33.72221, 90.0],
          [132.67961, 33.72207, 93.25],
          [132.67930, 33.72185, 93.75],
          [132.67889, 33.72136, 96.25],
          [132.67869, 33.72108, 97.25],
          [132.67790, 33.71993, 103.0],
          [132.67769, 33.71965, 102.25],
          [132.67744, 33.71936, 100.5],
          [132.67709, 33.71903, 101.0],
          [132.67629, 33.71829, 99.0],
          [132.67604, 33.71803, 95.0],
          [132.67583, 33.71780, 92.5],
          [132.67565, 33.71757, 92.75],
          [132.67547, 33.71731, 93.5],
          [132.67517, 33.71685, 94.5],
          [132.67507, 33.71665, 94.75],
          [132.67502, 33.71649, 93.75],
          [132.67492, 33.71607, 90.0],
          [132.67485, 33.71593, 89.0],
          [132.67478, 33.71579, 88.75],
          [132.67464, 33.71562, 90.0],
          [132.67441, 33.71536, 90.5],
          [132.67427, 33.71515, 89.5],
          [132.67421, 33.71504, 88.5],
          [132.67390, 33.71431, 89.5],
          [132.67381, 33.71408, 89.75],
          [132.67372, 33.71390, 89.75],
          [132.67361, 33.71372, 89.25],
          [132.67343, 33.71347, 88.0],
          [132.67324, 33.71324, 86.75],
          [132.67304, 33.71305, 85.25],
          [132.67288, 33.71290, 83.0],
          [132.67268, 33.71273, 79.5],
          [132.67252, 33.71261, 76.0],
          [132.67224, 33.71242, 75.5],
          [132.67202, 33.71230, 76.0],
          [132.67184, 33.71220, 75.5],
          [132.67142, 33.71201, 75.5],
          [132.67109, 33.71190, 75.75],
          [132.67092, 33.71185, 75.5],
          [132.67002, 33.71160, 73.5],
          [132.66973, 33.71154, 70.25],
          [132.66943, 33.71149, 67.0],
          [132.66919, 33.71147, 64.75],
          [132.66909, 33.71147, 64.0],
          [132.66889, 33.71150, 62.75],
          [132.66880, 33.71152, 62.0],
          [132.66870, 33.71156, 61.5],
          [132.66861, 33.71160, 61.0],
          [132.66851, 33.71166, 60.5],
          [132.66843, 33.71172, 59.5],
          [132.66830, 33.71184, 56.75],
          [132.66822, 33.71195, 54.75],
          [132.66819, 33.71201, 53.75],
          [132.66814, 33.71213, 52.0],
          [132.66812, 33.71219, 51.5],
          [132.66811, 33.71225, 50.75],
          [132.66810, 33.71233, 50.0],
          [132.66811, 33.71240, 49.5],
          [132.66812, 33.71249, 49.0],
          [132.66815, 33.71262, 48.75],
          [132.66822, 33.71277, 48.75],
          [132.66826, 33.71283, 48.75],
          [132.66833, 33.71293, 48.75],
          [132.66867, 33.71331, 54.75],
          [132.66873, 33.71339, 55.75],
          [132.66879, 33.71352, 56.0],
          [132.66880, 33.71359, 55.75],
          [132.66880, 33.71367, 55.25],
          [132.66877, 33.71376, 54.25],
          [132.66873, 33.71384, 53.25],
          [132.66868, 33.71390, 52.25],
          [132.66854, 33.71399, 50.75],
          [132.66847, 33.71402, 50.25],
          [132.66839, 33.71404, 49.75],
          [132.66829, 33.71405, 50.25],
          [132.66820, 33.71404, 51.5],
          [132.66811, 33.71403, 52.75],
          [132.66804, 33.71401, 53.75],
          [132.66791, 33.71394, 54.75],
          [132.66786, 33.71390, 54.75],
          [132.66781, 33.71384, 54.25],
          [132.66777, 33.71375, 53.0],
          [132.66772, 33.71361, 51.0],
          [132.66769, 33.71352, 49.25],
          [132.66764, 33.71322, 45.0],
          [132.66763, 33.71303, 44.75],
          [132.66763, 33.71268, 44.5],
          [132.66772, 33.71220, 46.5],
          [132.66773, 33.71211, 47.25],
          [132.66773, 33.71200, 47.75],
          [132.66770, 33.71186, 48.0],
          [132.66767, 33.71179, 48.0],
          [132.66764, 33.71172, 47.75],
          [132.66751, 33.71154, 44.75],
          [132.66738, 33.71140, 43.0],
          [132.66687, 33.71086, 33.75],
          [132.66619, 33.71012, 31.0],
          [132.66570, 33.70959, 26.75],
          [132.66517, 33.70900, 21.5],
          [132.66411, 33.70775, 20.0],
          [132.66399, 33.70765, 19.75],
          [132.66391, 33.70758, 19.25],
          [132.66370, 33.70746, 18.0],
          [132.66357, 33.70740, 17.75],
          [132.66344, 33.70735, 17.5],
          [132.66327, 33.70731, 17.5],
          [132.66314, 33.70728, 17.75],
          [132.66298, 33.70726, 17.75],
          [132.66205, 33.70720, 14.75],
          [132.66179, 33.70717, 14.25],
          [132.66164, 33.70713, 14.0],
          [132.66153, 33.70709, 13.75],
          [132.66140, 33.70703, 13.5],
          [132.66120, 33.70691, 13.25],
          [132.66112, 33.70685, 13.0],
          [132.66096, 33.70669, 12.5],
          [132.66089, 33.70660, 12.25],
          [132.66062, 33.70620, 12.25],
          [132.66038, 33.70581, 12.25],
          [132.66014, 33.70535, 12.25],
          [132.66003, 33.70513, 12.25],
          [132.65985, 33.70454, 12.25],
          [132.65969, 33.70396, 12.0],
          [132.65962, 33.70380, 12.0],
          [132.65954, 33.70362, 12.0],
          [132.65944, 33.70345, 12.0],
          [132.65930, 33.70323, 12.0],
          [132.65914, 33.70302, 12.0],
          [132.65899, 33.70287, 12.0],
          [132.65874, 33.70265, 12.0],
          [132.65845, 33.70245, 12.0],
          [132.65773, 33.70201, 12.25],
          [132.65754, 33.70187, 12.25],
          [132.65739, 33.70173, 12.25],
          [132.65638, 33.70049, 12.75],
          [132.65612, 33.70025, 12.75],
          [132.65494, 33.69927, 13.25],
          [132.65475, 33.69910, 13.25],
          [132.65462, 33.69896, 13.25],
          [132.65448, 33.69878, 13.5],
          [132.65411, 33.69819, 13.5],
          [132.65390, 33.69789, 13.75],
          [132.65369, 33.69764, 13.75],
          [132.65367, 33.69749, 13.75],
          [132.65356, 33.69734, 14.0],
          [132.65340, 33.69722, 14.0],
          [132.65327, 33.69712, 14.0],
          [132.65304, 33.69689, 14.0],
          [132.65300, 33.69677, 14.0],
          [132.65292, 33.69667, 14.25],
          [132.65246, 33.69638, 14.25],
          [132.65240, 33.69635, 14.25],
          [132.65226, 33.69616, 14.5],
          [132.65215, 33.69605, 14.5],
          [132.65180, 33.69596, 14.5],
          [132.65144, 33.69572, 14.5],
          [132.65126, 33.69570, 14.25],
          [132.65078, 33.69540, 13.5],
          [132.65019, 33.69499, 13.0],
          [132.64997, 33.69467, 13.0],
          [132.64980, 33.69457, 13.0],
          [132.64971, 33.69453, 12.75],
          [132.64958, 33.69443, 12.75],
          [132.64936, 33.69422, 12.75],
          [132.64924, 33.69410, 13.0],
          [132.64908, 33.69386, 13.5],
          [132.64881, 33.69329, 14.5],
          [132.64875, 33.69321, 14.75],
          [132.64854, 33.69306, 15.25],
          [132.64844, 33.69300, 15.25],
          [132.64828, 33.69292, 15.75],
          [132.64804, 33.69278, 16.0],
          [132.64760, 33.69244, 17.0],
          [132.64722, 33.69217, 17.75],
          [132.64682, 33.69194, 18.5],
          [132.64618, 33.69166, 19.75],
          [132.64602, 33.69160, 19.75],
          [132.64573, 33.69155, 17.75],
          [132.64559, 33.69150, 18.75],
          [132.64538, 33.69139, 20.5],
          [132.64416, 33.69073, 20.5],
          [132.64390, 33.69061, 24.0],
          [132.64372, 33.69056, 23.5],
          [132.64311, 33.69048, 18.75],
          [132.64238, 33.69033, 15.5],
          [132.64136, 33.69006, 11.25],
          [132.64089, 33.68993, 9.25],
          [132.64076, 33.68990, 9.25],
          [132.64012, 33.68969, 8.25],
          [132.63984, 33.68962, 8.0],
          [132.63971, 33.68958, 7.75],
          [132.63955, 33.68945, 7.5],
          [132.63946, 33.68931, 7.25],
          [132.63917, 33.68875, 7.25],
          [132.63907, 33.68857, 7.25],
          [132.63889, 33.68826, 7.5],
          [132.63883, 33.68828, 7.25],
          [132.63831, 33.68836, 7.25],
          [132.63795, 33.68845, 7.25],
          [132.63776, 33.68821, 7.25],
          [132.63757, 33.68798, 7.25],
          [132.63711, 33.68737, 8.25],
          [132.63689, 33.68704, 9.25],
          [132.63657, 33.68659, 8.5],
          [132.63626, 33.68618, 10.0],
          [132.63604, 33.68599, 10.5],
          [132.63562, 33.68569, 11.75],
          [132.63554, 33.68569, 11.25],
          [132.63553, 33.68565, 11.5],
          [132.63550, 33.68563, 11.75],
          [132.63461, 33.68508, 12.75],
          [132.63400, 33.68469, 16.25],
          [132.63349, 33.68434, 17.25],
          [132.63327, 33.68420, 17.75],
          [132.63301, 33.68411, 18.25],
          [132.63273, 33.68404, 18.25],
          [132.63252, 33.68401, 17.5],
          [132.63224, 33.68395, 16.5],
          [132.63178, 33.68387, 15.5],
          [132.63110, 33.68373, 14.25],
          [132.63076, 33.68359, 13.5],
          [132.63057, 33.68348, 13.0],
          [132.63047, 33.68340, 12.75],
          [132.63041, 33.68331, 12.5],
          [132.63045, 33.68315, 12.75],
          [132.63066, 33.68298, 15.5],
          [132.63077, 33.68274, 16.5],
          [132.63074, 33.68263, 16.25],
          [132.63071, 33.68255, 15.75],
          [132.63050, 33.68238, 15.25],
          [132.63040, 33.68229, 15.25],
          [132.63020, 33.68214, 15.25],
          [132.63009, 33.68209, 14.75],
          [132.62992, 33.68206, 14.25],
          [132.62977, 33.68207, 14.0],
          [132.62966, 33.68211, 13.5],
          [132.62956, 33.68213, 13.25],
          [132.62943, 33.68210, 13.0],
          [132.62934, 33.68210, 12.75],
          [132.62920, 33.68214, 12.25],
          [132.62871, 33.68113, 8.75],
          [132.62860, 33.68091, 7.75],
          [132.62843, 33.68066, 6.75],
          [132.62848, 33.68064, 7.0],
          [132.62853, 33.68060, 8.75],
          [132.62852, 33.68056, 9.25],
          [132.62848, 33.68050, 9.5],
          [132.62813, 33.68005, 12.5],
          [132.62786, 33.67973, 15.0],
          [132.62779, 33.67967, 15.0],
          [132.62760, 33.67953, 15.0],
          [132.62732, 33.67930, 16.0],
          [132.62725, 33.67925, 16.0],
          [132.62700, 33.67916, 14.75],
          [132.62669, 33.67903, 14.25],
          [132.62599, 33.67881, 13.75],
          [132.62548, 33.67865, 15.0],
          [132.62533, 33.67862, 15.25],
          [132.62498, 33.67856, 15.0],
          [132.62452, 33.67846, 12.75],
          [132.62403, 33.67836, 10.75],
          [132.62355, 33.67825, 8.75],
          [132.62315, 33.67816, 8.75],
          [132.62307, 33.67817, 8.25],
          [132.62265, 33.67810, 7.5],
          [132.62255, 33.67808, 7.25],
          [132.62120, 33.67785, 9.25],
          [132.62032, 33.67771, 10.75],
          [132.62019, 33.67768, 11.0],
          [132.62008, 33.67772, 11.0],
          [132.62000, 33.67783, 11.25],
          [132.61962, 33.67771, 12.0],
          [132.61902, 33.67751, 13.0],
          [132.61865, 33.67737, 13.75],
          [132.61847, 33.67728, 14.0],
          [132.61831, 33.67718, 14.25],
          [132.61817, 33.67706, 14.5],
          [132.61806, 33.67693, 15.0],
          [132.61796, 33.67680, 15.25],
          [132.61788, 33.67670, 15.5],
          [132.61715, 33.67569, 17.5],
          [132.61699, 33.67552, 17.75],
          [132.61681, 33.67537, 17.5],
          [132.61653, 33.67516, 17.25],
          [132.61632, 33.67502, 17.0],
          [132.61604, 33.67485, 16.0],
          [132.61573, 33.67470, 15.0],
          [132.61533, 33.67453, 13.75],
          [132.61495, 33.67436, 12.75],
          [132.61461, 33.67419, 11.5],
          [132.61364, 33.67369, 8.5],
          [132.61309, 33.67337, 6.75],
          [132.61290, 33.67325, 6.75],
          [132.61227, 33.67284, 7.25],
          [132.61211, 33.67271, 7.5],
          [132.61193, 33.67254, 7.5],
          [132.61177, 33.67234, 7.75],
          [132.61163, 33.67212, 8.0],
          [132.61150, 33.67192, 8.25],
          [132.61129, 33.67152, 8.5],
          [132.61099, 33.67105, 9.0],
          [132.61064, 33.67052, 9.25],
          [132.61052, 33.67034, 9.5],
          [132.61011, 33.66960, 10.75],
          [132.60994, 33.66935, 11.25],
          [132.60975, 33.66912, 12.0],
          [132.60953, 33.66891, 12.0],
          [132.60852, 33.66806, 9.0],
          [132.60802, 33.66767, 7.5],
          [132.60766, 33.66734, 6.5],
          [132.60751, 33.66718, 7.75],
          [132.60737, 33.66700, 9.0],
          [132.60720, 33.66677, 10.75],
          [132.60708, 33.66662, 12.0],
          [132.60686, 33.66638, 12.0],
          [132.60609, 33.66576, 12.0],
          [132.60577, 33.66553, 12.25],
          [132.60540, 33.66532, 12.25],
          [132.60500, 33.66511, 12.5],
          [132.60462, 33.66492, 12.5],
          [132.60422, 33.66476, 12.75],
          [132.60364, 33.66454, 12.75],
          [132.60349, 33.66447, 12.75],
          [132.60334, 33.66440, 12.75],
          [132.60320, 33.66430, 13.0],
          [132.60302, 33.66417, 13.0],
          [132.60284, 33.66401, 13.0],
          [132.60256, 33.66377, 13.0],
          [132.60170, 33.66312, 14.0],
          [132.60138, 33.66288, 14.5],
          [132.60128, 33.66281, 14.5],
          [132.60080, 33.66242, 15.25],
          [132.60056, 33.66224, 15.5],
          [132.60032, 33.66210, 16.0],
          [132.59995, 33.66191, 16.25],
          [132.59951, 33.66165, 15.0],
          [132.59916, 33.66144, 14.0],
          [132.59884, 33.66122, 13.25],
          [132.59863, 33.66109, 12.5],
          [132.59840, 33.66099, 12.0],
          [132.59813, 33.66090, 11.5],
          [132.59734, 33.66071, 9.75],
          [132.59688, 33.66061, 11.25],
          [132.59662, 33.66053, 12.25],
          [132.59646, 33.66045, 12.75],
          [132.59635, 33.66038, 13.25],
          [132.59625, 33.66029, 13.75],
          [132.59598, 33.65997, 13.5],
          [132.59578, 33.65976, 13.5],
          [132.59564, 33.65964, 13.5],
          [132.59549, 33.65954, 13.5],
          [132.59517, 33.65936, 13.5],
          [132.59423, 33.65890, 13.25],
          [132.59334, 33.65848, 13.25],
          [132.59274, 33.65824, 13.25],
          [132.59271, 33.65819, 13.25],
          [132.59262, 33.65813, 13.25],
          [132.59253, 33.65809, 13.5],
          [132.59227, 33.65797, 14.75],
          [132.59191, 33.65775, 16.75],
          [132.59185, 33.65769, 17.25],
          [132.59183, 33.65768, 17.25],
          [132.59170, 33.65751, 18.25],
          [132.59145, 33.65716, 20.25],
          [132.59134, 33.65685, 22.0],
          [132.59125, 33.65672, 22.75],
          [132.59122, 33.65661, 23.25],
          [132.59127, 33.65651, 23.5],
          [132.59119, 33.65636, 26.0],
          [132.59097, 33.65623, 23.75],
          [132.59018, 33.65580, 16.25],
          [132.58991, 33.65556, 18.25],
          [132.58960, 33.65527, 20.5],
          [132.58938, 33.65508, 19.5],
          [132.58904, 33.65481, 20.5],
          [132.58886, 33.65470, 22.5],
          [132.58866, 33.65462, 23.5],
          [132.58865, 33.65463, 23.0],
          [132.58839, 33.65455, 23.25],
          [132.58823, 33.65448, 23.5],
          [132.58798, 33.65442, 23.75],
          [132.58774, 33.65433, 24.0],
          [132.58746, 33.65424, 24.25],
          [132.58720, 33.65411, 24.5],
          [132.58708, 33.65395, 24.75],
          [132.58683, 33.65373, 23.0],
          [132.58648, 33.65345, 20.75],
          [132.58631, 33.65333, 20.0],
          [132.58595, 33.65320, 18.25],
          [132.58554, 33.65305, 18.25],
          [132.58518, 33.65294, 17.0],
          [132.58504, 33.65291, 16.75],
          [132.58479, 33.65280, 16.5],
          [132.58462, 33.65276, 16.5],
          [132.58450, 33.65271, 16.25],
          [132.58444, 33.65274, 16.25],
          [132.58433, 33.65280, 16.25],
          [132.58422, 33.65276, 16.0],
          [132.58388, 33.65261, 15.75],
          [132.58368, 33.65250, 15.5],
          [132.58345, 33.65237, 15.5],
          [132.58300, 33.65215, 15.5],
          [132.58257, 33.65206, 14.5],
          [132.58227, 33.65201, 14.0],
          [132.58153, 33.65184, 12.5],
          [132.58110, 33.65174, 11.5],
          [132.58075, 33.65163, 11.0],
          [132.58035, 33.65151, 11.5],
          [132.57931, 33.65130, 12.75],
          [132.57908, 33.65123, 13.0],
          [132.57894, 33.65116, 13.25],
          [132.57891, 33.65114, 13.25],
          [132.57887, 33.65111, 13.25],
          [132.57871, 33.65105, 13.5],
          [132.57849, 33.65099, 13.75],
          [132.57809, 33.65088, 14.25],
          [132.57780, 33.65085, 14.75],
          [132.57742, 33.65081, 15.25],
          [132.57731, 33.65076, 15.25],
          [132.57710, 33.65063, 18.75],
          [132.57686, 33.65051, 22.5],
          [132.57673, 33.65045, 24.5],
          [132.57645, 33.65036, 25.75],
          [132.57609, 33.65029, 24.0],
          [132.57572, 33.65026, 20.75],
          [132.57525, 33.65015, 18.25],
          [132.57447, 33.64995, 14.5],
          [132.57402, 33.64982, 14.0],
          [132.57394, 33.64980, 14.25],
          [132.57373, 33.64974, 14.5],
          [132.57329, 33.64962, 15.5],
          [132.57302, 33.64943, 16.25],
          [132.57280, 33.64930, 16.75],
          [132.57223, 33.64919, 17.75],
          [132.57194, 33.64924, 18.25],
          [132.57175, 33.64917, 18.75],
          [132.57156, 33.64914, 19.25],
          [132.57120, 33.64913, 19.25],
          [132.57075, 33.64904, 19.5],
          [132.57030, 33.64894, 20.5],
          [132.57010, 33.64885, 19.75],
          [132.56991, 33.64878, 19.5],
          [132.56948, 33.64875, 18.5],
          [132.56921, 33.64871, 17.75],
          [132.56877, 33.64866, 16.75],
          [132.56836, 33.64865, 15.75],
          [132.56807, 33.64867, 15.25],
          [132.56778, 33.64865, 14.5],
          [132.56745, 33.64855, 13.75],
          [132.56732, 33.64856, 13.5],
          [132.56724, 33.64865, 13.0],
          [132.56659, 33.64846, 11.5],
          [132.56518, 33.64806, 8.25],
          [132.56334, 33.64757, 8.25],
          [132.56204, 33.64719, 11.0],
          [132.56053, 33.64670, 14.5],
          [132.56003, 33.64654, 15.75],
          [132.55883, 33.64612, 15.75],
          [132.55836, 33.64598, 14.75],
          [132.55786, 33.64584, 13.75],
          [132.55718, 33.64568, 12.5],
          [132.55678, 33.64559, 12.5],
          [132.55637, 33.64549, 13.5],
          [132.55597, 33.64535, 13.25],
          [132.55553, 33.64519, 13.25],
          [132.55485, 33.64488, 13.25],
          [132.55439, 33.64470, 12.5],
          [132.55364, 33.64450, 11.75],
          [132.55255, 33.64423, 10.5],
          [132.55180, 33.64402, 9.75],
          [132.55137, 33.64388, 9.25],
          [132.55064, 33.64359, 8.5],
          [132.55055, 33.64355, 8.25],
          [132.55015, 33.64341, 7.75],
          [132.54971, 33.64327, 8.0],
          [132.54886, 33.64305, 8.75],
          [132.54860, 33.64295, 8.75],
          [132.54837, 33.64283, 9.0],
          [132.54821, 33.64272, 9.25],
          [132.54781, 33.64241, 9.75],
          [132.54761, 33.64228, 9.5],
          [132.54739, 33.64215, 9.5],
          [132.54715, 33.64206, 9.5],
          [132.54693, 33.64201, 9.5],
          [132.54664, 33.64196, 9.25],
          [132.54611, 33.64187, 9.25],
          [132.54572, 33.64179, 9.25],
          [132.54531, 33.64169, 9.0],
          [132.54472, 33.64153, 9.0],
          [132.54238, 33.64085, 8.5],
          [132.54190, 33.64072, 8.5],
          [132.54148, 33.64058, 8.5],
          [132.54117, 33.64045, 7.5],
          [132.54041, 33.64004, 5.0],
          [132.54017, 33.63993, 4.5],
          [132.53986, 33.63982, 4.5],
          [132.53957, 33.63973, 5.0],
          [132.53830, 33.63944, 8.0],
          [132.53789, 33.63932, 9.0],
          [132.53756, 33.63921, 10.0],
          [132.53756, 33.63913, 10.25],
          [132.53733, 33.63893, 10.25],
          [132.53706, 33.63867, 13.75],
          [132.53696, 33.63860, 14.5],
          [132.53688, 33.63856, 14.75],
          [132.53654, 33.63844, 15.25],
          [132.53630, 33.63838, 15.25],
          [132.53605, 33.63837, 14.25],
          [132.53555, 33.63841, 13.0],
          [132.53504, 33.63840, 13.0],
          [132.53470, 33.63838, 13.0],
          [132.53430, 33.63832, 13.0],
          [132.53393, 33.63822, 13.0],
          [132.53295, 33.63794, 12.25],
          [132.53270, 33.63785, 11.0],
          [132.53258, 33.63780, 11.0],
          [132.53239, 33.63778, 11.0],
          [132.53166, 33.63757, 11.25],
          [132.53144, 33.63746, 11.25],
          [132.53131, 33.63738, 11.25],
          [132.53097, 33.63719, 11.5],
          [132.53062, 33.63692, 11.75],
          [132.53005, 33.63653, 11.5],
          [132.52977, 33.63634, 11.5],
          [132.52902, 33.63571, 11.25],
          [132.52873, 33.63555, 11.0],
          [132.52858, 33.63544, 11.0],
          [132.52844, 33.63540, 11.0],
          [132.52815, 33.63532, 11.0],
          [132.52761, 33.63525, 11.0],
          [132.52746, 33.63520, 10.75],
          [132.52720, 33.63507, 10.75],
          [132.52653, 33.63471, 10.75],
          [132.52602, 33.63440, 10.75],
          [132.52597, 33.63445, 11.0],
          [132.52548, 33.63417, 13.75],
          [132.52520, 33.63405, 15.5],
          [132.52515, 33.63394, 15.0],
          [132.52484, 33.63372, 14.0],
          [132.52464, 33.63368, 13.5],
          [132.52376, 33.63338, 11.25],
          [132.52344, 33.63326, 10.25],
          [132.52314, 33.63305, 9.5],
          [132.52295, 33.63289, 8.75],
          [132.52266, 33.63271, 8.0],
          [132.52247, 33.63257, 7.25],
          [132.52225, 33.63246, 6.75],
          [132.52193, 33.63238, 6.75],
          [132.52182, 33.63234, 7.0],
          [132.52161, 33.63231, 6.75],
          [132.52151, 33.63227, 7.75],
          [132.52142, 33.63218, 10.5],
          [132.52128, 33.63207, 13.0],
          [132.52113, 33.63194, 16.0],
          [132.52087, 33.63178, 18.0],
          [132.52048, 33.63156, 17.0],
          [132.52020, 33.63140, 16.25],
          [132.51984, 33.63124, 14.75],
          [132.51953, 33.63113, 13.25],
          [132.51948, 33.63112, 12.75],
          [132.51942, 33.63103, 13.5],
          [132.51937, 33.63095, 14.0],
          [132.51932, 33.63091, 13.5],
          [132.51911, 33.63081, 11.0],
          [132.51898, 33.63076, 11.25],
          [132.51890, 33.63077, 10.5],
          [132.51879, 33.63075, 10.5],
          [132.51849, 33.63063, 12.25],
          [132.51833, 33.63054, 14.25],
          [132.51820, 33.63049, 14.0],
          [132.51804, 33.63037, 14.5],
          [132.51788, 33.63021, 15.25],
          [132.51772, 33.63000, 15.75],
          [132.51761, 33.62988, 15.25],
          [132.51734, 33.62969, 14.75],
          [132.51714, 33.62950, 14.25],
          [132.51690, 33.62935, 13.75],
          [132.51663, 33.62920, 13.25],
          [132.51609, 33.62890, 12.5],
          [132.51596, 33.62881, 12.5],
          [132.51582, 33.62870, 13.0],
          [132.51560, 33.62854, 16.25],
          [132.51532, 33.62843, 17.25],
          [132.51522, 33.62839, 17.25],
          [132.51512, 33.62838, 16.75],
          [132.51491, 33.62845, 15.0],
          [132.51445, 33.62858, 14.0],
          [132.51429, 33.62859, 13.5],
          [132.51407, 33.62858, 13.25],
          [132.51381, 33.62853, 12.75],
          [132.51343, 33.62844, 12.0],
          [132.51310, 33.62833, 11.5],
          [132.51293, 33.62822, 11.5],
          [132.51282, 33.62811, 12.5],
          [132.51265, 33.62802, 11.5],
          [132.51252, 33.62797, 9.75],
          [132.51235, 33.62793, 9.5],
          [132.51226, 33.62792, 9.5],
          [132.51221, 33.62794, 8.75],
          [132.51216, 33.62795, 8.5],
          [132.51207, 33.62801, 6.75],
          [132.51141, 33.62765, 9.5],
          [132.51109, 33.62737, 10.0],
          [132.51062, 33.62667, 13.25],
          [132.51046, 33.62649, 17.25],
          [132.51029, 33.62635, 19.0],
          [132.50977, 33.62606, 19.5],
          [132.50956, 33.62596, 19.0],
          [132.50942, 33.62591, 17.75],
          [132.50928, 33.62588, 16.0],
          [132.50913, 33.62586, 14.25],
          [132.50857, 33.62587, 12.75],
          [132.50826, 33.62582, 12.5],
          [132.50808, 33.62576, 13.0],
          [132.50748, 33.62547, 12.5],
          [132.50733, 33.62538, 13.25],
          [132.50723, 33.62534, 13.25],
          [132.50670, 33.62507, 10.75],
          [132.50611, 33.62475, 14.75],
          [132.50520, 33.62425, 12.25],
          [132.50476, 33.62394, 11.25],
          [132.50447, 33.62380, 13.0],
          [132.50305, 33.62321, 14.0],
          [132.50228, 33.62290, 14.0],
          [132.50115, 33.62241, 7.0],
          [132.50033, 33.62192, 7.0],
          [132.49970, 33.62152, 9.25],
          [132.49947, 33.62134, 10.75],
          [132.49913, 33.62105, 8.0],
          [132.49869, 33.62061, 10.75],
          [132.49851, 33.62046, 11.25],
          [132.49838, 33.62038, 10.25],
          [132.49783, 33.62007, 9.5],
          [132.49704, 33.61972, 9.75],
          [132.49674, 33.61958, 8.5],
          [132.49617, 33.61923, 7.5],
          [132.49562, 33.61878, 10.25],
          [132.49509, 33.61840, 8.0],
          [132.49472, 33.61818, 10.75],
          [132.49425, 33.61797, 11.5],
          [132.49363, 33.61770, 10.5],
          [132.49338, 33.61752, 9.5],
          [132.49319, 33.61740, 11.25],
          [132.49283, 33.61724, 14.75],
          [132.49233, 33.61707, 17.25],
          [132.49176, 33.61693, 13.0],
          [132.49044, 33.61649, 12.5],
          [132.48945, 33.61621, 13.5],
          [132.48887, 33.61606, 9.25],
          [132.48873, 33.61601, 8.5],
          [132.48825, 33.61579, 7.0],
          [132.48792, 33.61567, 10.75],
          [132.48764, 33.61559, 12.75],
          [132.48734, 33.61558, 11.25],
          [132.48700, 33.61552, 9.0],
          [132.48684, 33.61546, 7.75],
          [132.48676, 33.61544, 7.75],
          [132.48665, 33.61545, 7.75],
          [132.48650, 33.61529, 8.0],
          [132.48628, 33.61513, 8.25],
          [132.48616, 33.61506, 8.5],
          [132.48609, 33.61502, 8.5],
          [132.48586, 33.61490, 9.0],
          [132.48563, 33.61482, 9.0],
          [132.48529, 33.61471, 8.75],
          [132.48506, 33.61466, 7.25],
          [132.48488, 33.61464, 6.0],
          [132.48483, 33.61452, 7.0],
          [132.48474, 33.61432, 8.5],
          [132.48469, 33.61426, 8.75],
          [132.48464, 33.61422, 8.5],
          [132.48457, 33.61418, 8.0],
          [132.48438, 33.61415, 6.75],
          [132.48308, 33.61396, 4.75],
          [132.48252, 33.61389, 4.25],
          [132.48197, 33.61405, 4.0],
          [132.48146, 33.61299, 3.75],
          [132.48098, 33.61200, 4.25],
          [132.48056, 33.61120, 5.0],
          [132.48049, 33.61107, 5.0],
          [132.48042, 33.61095, 5.25],
          [132.47919, 33.60915, 6.75],
          [132.47914, 33.60906, 6.75],
          [132.47926, 33.60902, 6.75],
          [132.47942, 33.60894, 7.0],
          [132.47976, 33.60868, 7.25],
          [132.47986, 33.60859, 7.25],
          [132.47996, 33.60851, 7.25],
          [132.48004, 33.60841, 7.5],
          [132.48011, 33.60828, 7.5],
          [132.48017, 33.60807, 7.75],
          [132.48025, 33.60754, 8.0],
          [132.48029, 33.60738, 8.25],
          [132.48033, 33.60727, 8.25],
          [132.48040, 33.60713, 8.25],
          [132.48051, 33.60697, 8.5],
          [132.48066, 33.60680, 8.75],
          [132.48146, 33.60592, 9.5],
          [132.48194, 33.60538, 10.0],
          [132.48242, 33.60481, 14.0],
          [132.48272, 33.60449, 16.25],
          [132.48289, 33.60431, 17.5],
          [132.48299, 33.60419, 18.5],
          [132.48306, 33.60408, 19.25],
          [132.48355, 33.60322, 19.25],
          [132.48360, 33.60317, 19.0],
          [132.48368, 33.60310, 18.25],
          [132.48383, 33.60301, 15.5],
          [132.48394, 33.60296, 12.75],
          [132.48423, 33.60292, 6.25],
          [132.48430, 33.60291, 6.0],
          [132.48435, 33.60283, 6.75],
          [132.48452, 33.60263, 7.75],
          [132.48459, 33.60257, 7.75],
          [132.48478, 33.60243, 9.0],
          [132.48487, 33.60242, 8.5],
          [132.48497, 33.60238, 8.5],
          [132.48519, 33.60232, 8.5],
          [132.48528, 33.60228, 8.5],
          [132.48539, 33.60220, 9.0],
          [132.48543, 33.60212, 9.5],
          [132.48557, 33.60195, 10.75],
          [132.48557, 33.60188, 11.25],
          [132.48548, 33.60180, 12.5],
          [132.48528, 33.60172, 14.5],
          [132.48512, 33.60169, 15.75],
          [132.48502, 33.60165, 17.25],
          [132.48468, 33.60132, 37.25],
          [132.48444, 33.60117, 45.0],
          [132.48420, 33.60100, 51.0],
          [132.48377, 33.60055, 74.25],
          [132.48368, 33.60051, 77.0],
          [132.48355, 33.60051, 79.75],
          [132.48330, 33.60055, 85.25],
          [132.48307, 33.60061, 97.0],
          [132.48259, 33.60068, 123.5],
          [132.48195, 33.60078, 157.25],
          [132.48180, 33.60079, 164.75],
          [132.48134, 33.60057, 182.0],
          [132.48123, 33.60055, 186.75],
          [132.48109, 33.60058, 195.0],
          [132.48072, 33.60075, 218.5],
          [132.48057, 33.60081, 227.75],
          [132.48041, 33.60082, 235.25],
          [132.48019, 33.60087, 245.0],
          [132.47977, 33.60102, 253.5],
          [132.47973, 33.60088, 256.0],
          [132.47964, 33.60069, 257.75],
          [132.47936, 33.60035, 271.5],
          [132.47964, 33.60069, 257.75],
          [132.47973, 33.60088, 256.0],
          [132.47977, 33.60102, 253.5],
          [132.47971, 33.60136, 248.25],
          [132.47951, 33.60173, 241.5],
          [132.47948, 33.60181, 238.75],
          [132.47962, 33.60199, 230.25],
          [132.47970, 33.60219, 220.75],
          [132.47970, 33.60235, 214.0],
          [132.47969, 33.60245, 210.0],
          [132.47961, 33.60247, 210.5],
          [132.47932, 33.60249, 216.5],
          [132.47931, 33.60268, 207.75],
          [132.47925, 33.60268, 208.75],
          [132.47906, 33.60267, 209.25],
          [132.47900, 33.60269, 207.0],
          [132.47900, 33.60274, 204.75],
          [132.47904, 33.60286, 200.0],
          [132.47927, 33.60315, 186.5],
          [132.47928, 33.60320, 183.75],
          [132.47924, 33.60325, 182.25],
          [132.47917, 33.60325, 184.25],
          [132.47902, 33.60323, 183.5],
          [132.47870, 33.60322, 179.75],
          [132.47847, 33.60322, 176.25],
          [132.47837, 33.60324, 174.0],
          [132.47834, 33.60329, 172.25],
          [132.47834, 33.60336, 170.0],
          [132.47841, 33.60350, 166.25],
          [132.47858, 33.60371, 161.75],
          [132.47870, 33.60382, 159.25],
          [132.47873, 33.60387, 158.0],
          [132.47874, 33.60394, 155.5],
          [132.47870, 33.60416, 148.25],
          [132.47846, 33.60471, 130.0],
          [132.47839, 33.60477, 129.0],
          [132.47818, 33.60489, 125.25],
          [132.47816, 33.60494, 124.25],
          [132.47819, 33.60498, 123.5],
          [132.47832, 33.60507, 121.25],
          [132.47836, 33.60519, 116.75],
          [132.47839, 33.60541, 108.75],
          [132.47836, 33.60552, 105.75],
          [132.47836, 33.60556, 104.0],
          [132.47839, 33.60566, 100.0],
          [132.47839, 33.60570, 98.75],
          [132.47837, 33.60573, 98.25],
          [132.47833, 33.60576, 98.0],
          [132.47827, 33.60577, 97.5],
          [132.47823, 33.60576, 97.25],
          [132.47820, 33.60574, 97.5],
          [132.47803, 33.60561, 100.5],
          [132.47791, 33.60554, 102.25],
          [132.47780, 33.60549, 102.75],
          [132.47766, 33.60548, 102.25],
          [132.47725, 33.60547, 96.75],
          [132.47707, 33.60543, 94.25],
          [132.47691, 33.60538, 92.75],
          [132.47648, 33.60517, 86.5],
          [132.47637, 33.60514, 83.0],
          [132.47628, 33.60514, 79.75],
          [132.47617, 33.60519, 75.25],
          [132.47610, 33.60525, 72.5],
          [132.47606, 33.60533, 70.75],
          [132.47608, 33.60540, 70.5],
          [132.47618, 33.60545, 72.75],
          [132.47654, 33.60551, 81.5],
          [132.47663, 33.60555, 83.0],
          [132.47675, 33.60568, 82.0],
          [132.47677, 33.60574, 80.5],
          [132.47674, 33.60581, 78.25],
          [132.47653, 33.60597, 71.5],
          [132.47650, 33.60605, 69.5],
          [132.47649, 33.60623, 65.25],
          [132.47654, 33.60636, 63.0],
          [132.47660, 33.60641, 62.75],
          [132.47697, 33.60645, 68.0],
          [132.47706, 33.60647, 69.0],
          [132.47715, 33.60651, 69.75],
          [132.47722, 33.60661, 69.0],
          [132.47725, 33.60677, 64.25],
          [132.47731, 33.60696, 58.25],
          [132.47737, 33.60703, 56.75],
          [132.47742, 33.60705, 56.75],
          [132.47753, 33.60702, 59.25],
          [132.47762, 33.60702, 59.75],
          [132.47770, 33.60705, 59.25],
          [132.47775, 33.60711, 57.25],
          [132.47780, 33.60735, 49.0],
          [132.47785, 33.60751, 43.5],
          [132.47790, 33.60756, 41.75],
          [132.47797, 33.60759, 41.25],
          [132.47840, 33.60750, 47.25],
          [132.47872, 33.60751, 45.75],
          [132.47883, 33.60754, 44.25],
          [132.47897, 33.60764, 39.5],
          [132.47914, 33.60778, 37.25],
          [132.47920, 33.60780, 36.5],
          [132.47927, 33.60781, 36.0],
          [132.47956, 33.60772, 33.25],
          [132.47965, 33.60771, 32.5],
          [132.47977, 33.60776, 31.25],
          [132.47982, 33.60781, 30.5],
          [132.47979, 33.60787, 29.75],
          [132.47971, 33.60790, 29.0],
          [132.47957, 33.60789, 27.75],
          [132.47950, 33.60790, 27.25],
          [132.47912, 33.60800, 23.5],
          [132.47897, 33.60802, 23.75],
          [132.47879, 33.60801, 24.5],
          [132.47862, 33.60804, 24.25],
          [132.47846, 33.60809, 22.5],
          [132.47824, 33.60818, 18.75],
          [132.47816, 33.60821, 17.5],
          [132.47800, 33.60821, 17.0],
          [132.47781, 33.60819, 17.0],
          [132.47738, 33.60811, 17.5],
          [132.47717, 33.60806, 17.25],
          [132.47706, 33.60804, 16.5],
          [132.47693, 33.60804, 15.0],
          [132.47684, 33.60806, 13.5],
          [132.47672, 33.60810, 11.0],
          [132.47666, 33.60803, 12.25],
          [132.47657, 33.60798, 13.25],
          [132.47638, 33.60792, 13.25],
          [132.47591, 33.60775, 12.5],
          [132.47525, 33.60726, 12.25],
          [132.47508, 33.60712, 12.25],
          [132.47498, 33.60711, 12.25],
          [132.47487, 33.60715, 12.25],
          [132.47478, 33.60696, 12.5],
          [132.47468, 33.60682, 12.5],
          [132.47450, 33.60663, 12.75],
          [132.47440, 33.60655, 12.75],
          [132.47381, 33.60623, 14.0],
          [132.47358, 33.60607, 14.5],
          [132.47345, 33.60592, 14.75],
          [132.47332, 33.60570, 15.25],
          [132.47313, 33.60542, 16.0],
          [132.47290, 33.60510, 16.75],
          [132.47266, 33.60482, 19.75],
          [132.47244, 33.60459, 22.5],
          [132.47197, 33.60416, 27.75],
          [132.47169, 33.60396, 30.75],
          [132.47141, 33.60383, 30.75],
          [132.47118, 33.60376, 33.5],
          [132.47093, 33.60373, 32.5],
          [132.47068, 33.60372, 31.5],
          [132.46994, 33.60383, 29.0],
          [132.46974, 33.60384, 28.25],
          [132.46951, 33.60380, 27.25],
          [132.46935, 33.60374, 26.75],
          [132.46923, 33.60367, 26.25],
          [132.46901, 33.60350, 25.25],
          [132.46861, 33.60313, 23.0],
          [132.46688, 33.60164, 14.25],
          [132.46673, 33.60146, 17.0],
          [132.46661, 33.60129, 20.0],
          [132.46632, 33.60069, 29.25],
          [132.46616, 33.60055, 29.25],
          [132.46600, 33.60049, 29.0],
          [132.46565, 33.60041, 26.0],
          [132.46538, 33.60033, 23.5],
          [132.46516, 33.60020, 23.5],
          [132.46498, 33.60008, 23.5],
          [132.46484, 33.59998, 23.5],
          [132.46464, 33.59988, 23.5],
          [132.46431, 33.59975, 24.5],
          [132.46422, 33.59972, 24.75],
          [132.46398, 33.59961, 25.0],
          [132.46365, 33.59941, 25.75],
          [132.46347, 33.59924, 26.75],
          [132.46335, 33.59909, 27.0],
          [132.46326, 33.59892, 26.0],
          [132.46315, 33.59869, 24.5],
          [132.46274, 33.59778, 25.75],
          [132.46266, 33.59768, 26.75],
          [132.46259, 33.59762, 26.5],
          [132.46165, 33.59706, 24.25],
          [132.46143, 33.59691, 23.75],
          [132.46098, 33.59650, 21.0],
          [132.46075, 33.59631, 19.75],
          [132.46045, 33.59615, 18.5],
          [132.45999, 33.59595, 16.5],
          [132.45965, 33.59584, 15.0],
          [132.45949, 33.59583, 14.5],
          [132.45897, 33.59585, 12.5],
          [132.45879, 33.59584, 11.75],
          [132.45864, 33.59578, 11.25],
          [132.45851, 33.59569, 11.25],
          [132.45824, 33.59539, 18.0],
          [132.45807, 33.59526, 18.75],
          [132.45793, 33.59518, 17.5],
          [132.45759, 33.59506, 19.25],
          [132.45748, 33.59500, 19.75],
          [132.45743, 33.59493, 20.25],
          [132.45740, 33.59482, 21.0],
          [132.45743, 33.59469, 21.75],
          [132.45755, 33.59453, 23.0],
          [132.45768, 33.59441, 23.0],
          [132.45777, 33.59428, 31.0],
          [132.45780, 33.59414, 34.75],
          [132.45770, 33.59386, 26.0],
          [132.45770, 33.59374, 25.25],
          [132.45780, 33.59358, 31.25],
          [132.45789, 33.59348, 36.25],
          [132.45803, 33.59334, 45.0],
          [132.45811, 33.59317, 49.25],
          [132.45812, 33.59304, 48.75],
          [132.45807, 33.59289, 44.25],
          [132.45785, 33.59263, 28.25],
          [132.45780, 33.59247, 24.75],
          [132.45781, 33.59232, 24.25],
          [132.45788, 33.59202, 23.5],
          [132.45797, 33.59159, 22.75],
          [132.45797, 33.59135, 22.25],
          [132.45795, 33.59112, 21.75],
          [132.45786, 33.59086, 21.25],
          [132.45775, 33.59070, 20.75],
          [132.45759, 33.59050, 20.25],
          [132.45742, 33.59033, 20.0],
          [132.45680, 33.58981, 18.5],
          [132.45664, 33.58965, 18.0],
          [132.45652, 33.58941, 17.5],
          [132.45637, 33.58900, 16.5],
          [132.45623, 33.58849, 16.75],
          [132.45607, 33.58819, 22.25],
          [132.45590, 33.58799, 23.25],
          [132.45474, 33.58712, 29.0],
          [132.45402, 33.58662, 32.75],
          [132.45335, 33.58620, 32.75],
          [132.45263, 33.58579, 27.25],
          [132.45209, 33.58542, 23.25],
          [132.45143, 33.58503, 18.25],
          [132.45094, 33.58468, 21.75],
          [132.45057, 33.58437, 24.75],
          [132.45037, 33.58408, 27.25],
          [132.45003, 33.58373, 27.25],
          [132.44974, 33.58350, 27.25],
          [132.44938, 33.58329, 25.0],
          [132.44903, 33.58312, 23.0],
          [132.44886, 33.58299, 22.0],
          [132.44867, 33.58281, 20.75],
          [132.44850, 33.58267, 19.5],
          [132.44836, 33.58246, 19.0],
          [132.44812, 33.58202, 18.5],
          [132.44767, 33.58133, 17.5],
          [132.44757, 33.58118, 17.25],
          [132.44739, 33.58098, 16.75],
          [132.44716, 33.58074, 16.5],
          [132.44701, 33.58056, 16.25],
          [132.44691, 33.58039, 16.25],
          [132.44684, 33.58026, 17.0],
          [132.44661, 33.57957, 21.75],
          [132.44650, 33.57929, 23.5],
          [132.44636, 33.57901, 25.75],
          [132.44623, 33.57882, 25.75],
          [132.44605, 33.57862, 25.0],
          [132.44582, 33.57839, 24.5],
          [132.44548, 33.57815, 23.5],
          [132.44464, 33.57772, 21.75],
          [132.44430, 33.57752, 21.0],
          [132.44397, 33.57730, 20.25],
          [132.44370, 33.57708, 19.75],
          [132.44329, 33.57687, 18.75],
          [132.44295, 33.57672, 18.0],
          [132.44259, 33.57659, 16.0],
          [132.44239, 33.57648, 14.75],
          [132.44227, 33.57638, 14.0],
          [132.44198, 33.57607, 11.75],
          [132.44189, 33.57594, 10.75],
          [132.44185, 33.57586, 10.25],
          [132.44182, 33.57576, 9.75],
          [132.44179, 33.57562, 9.75],
          [132.44182, 33.57540, 8.0],
          [132.44186, 33.57527, 7.5],
          [132.44196, 33.57510, 7.5],
          [132.44227, 33.57482, 8.0],
          [132.44234, 33.57474, 8.0],
          [132.44247, 33.57470, 8.0],
          [132.44271, 33.57446, 8.5],
          [132.44285, 33.57435, 8.5],
          [132.44302, 33.57421, 7.0],
          [132.44322, 33.57403, 6.75],
          [132.44330, 33.57390, 7.0],
          [132.44334, 33.57374, 7.0],
          [132.44329, 33.57353, 6.25],
          [132.44320, 33.57327, 5.5],
          [132.44319, 33.57323, 5.75],
          [132.44316, 33.57317, 6.0],
          [132.44303, 33.57296, 6.75],
          [132.44287, 33.57285, 7.0],
          [132.44224, 33.57247, 8.0],
          [132.44203, 33.57236, 9.25],
          [132.44161, 33.57214, 12.0],
          [132.44132, 33.57212, 12.25],
          [132.44096, 33.57226, 7.5],
          [132.44053, 33.57241, 7.5],
          [132.44018, 33.57247, 7.5],
          [132.43990, 33.57248, 7.75],
          [132.43967, 33.57242, 7.75],
          [132.43956, 33.57243, 7.75],
          [132.43948, 33.57251, 7.75],
          [132.43923, 33.57242, 8.0],
          [132.43843, 33.57211, 8.25],
          [132.43731, 33.57167, 9.0],
          [132.43691, 33.57149, 9.0],
          [132.43667, 33.57136, 9.25],
          [132.43638, 33.57116, 9.5],
          [132.43612, 33.57094, 9.5],
          [132.43517, 33.57000, 10.25],
          [132.43482, 33.56966, 10.5],
          [132.43371, 33.56857, 11.25],
          [132.43359, 33.56842, 11.25],
          [132.43352, 33.56830, 11.5],
          [132.43347, 33.56818, 11.5],
          [132.43344, 33.56806, 9.75],
          [132.43344, 33.56788, 9.25],
          [132.43346, 33.56771, 9.25],
          [132.43377, 33.56680, 9.25],
          [132.43384, 33.56654, 9.25],
          [132.43386, 33.56633, 9.25],
          [132.43385, 33.56612, 9.5],
          [132.43381, 33.56594, 9.5],
          [132.43371, 33.56565, 9.5],
          [132.43307, 33.56412, 9.75],
          [132.43303, 33.56395, 9.75],
          [132.43303, 33.56379, 9.75],
          [132.43305, 33.56366, 9.75],
          [132.43309, 33.56355, 9.75],
          [132.43316, 33.56341, 9.75],
          [132.43326, 33.56328, 9.75],
          [132.43338, 33.56318, 10.0],
          [132.43354, 33.56308, 10.0],
          [132.43381, 33.56297, 13.25],
          [132.43431, 33.56281, 15.0],
          [132.43441, 33.56275, 13.75],
          [132.43452, 33.56267, 12.25],
          [132.43460, 33.56259, 10.25],
          [132.43467, 33.56247, 8.0],
          [132.43472, 33.56230, 8.0],
          [132.43472, 33.56204, 7.25],
          [132.43471, 33.56167, 6.25],
          [132.43476, 33.56164, 6.5],
          [132.43480, 33.56157, 6.75],
          [132.43481, 33.56102, 8.0],
          [132.43480, 33.56035, 8.0],
          [132.43477, 33.56017, 7.75],
          [132.43471, 33.55992, 7.25],
          [132.43459, 33.55963, 6.75],
          [132.43449, 33.55939, 6.75],
          [132.43447, 33.55933, 6.75],
          [132.43431, 33.55898, 6.75],
          [132.43420, 33.55876, 6.5],
          [132.43412, 33.55864, 6.25],
          [132.43410, 33.55862, 6.25],
          [132.43403, 33.55854, 6.0],
          [132.43388, 33.55840, 5.75],
          [132.43369, 33.55827, 5.25],
          [132.43352, 33.55817, 4.75],
          [132.43330, 33.55808, 4.0],
          [132.43313, 33.55804, 4.0],
          [132.43311, 33.55803, 4.0],
          [132.43306, 33.55801, 3.75],
          [132.43290, 33.55796, 3.75],
          [132.43274, 33.55794, 3.5],
          [132.43264, 33.55793, 3.5],
          [132.43243, 33.55794, 3.25],
          [132.43212, 33.55799, 3.75],
          [132.43189, 33.55803, 3.75],
          [132.43166, 33.55808, 3.75],
          [132.43158, 33.55814, 3.5],
          [132.43137, 33.55812, 4.25],
          [132.43107, 33.55813, 5.25],
          [132.43087, 33.55812, 5.5],
          [132.43067, 33.55809, 6.0],
          [132.43053, 33.55803, 6.25],
          [132.43037, 33.55794, 6.75],
          [132.43010, 33.55775, 7.5],
          [132.42919, 33.55687, 10.25],
          [132.42884, 33.55646, 11.5],
          [132.42845, 33.55608, 12.75],
          [132.42805, 33.55565, 14.25],
          [132.42740, 33.55486, 16.5],
          [132.42715, 33.55458, 17.5],
          [132.42697, 33.55435, 18.25],
          [132.42688, 33.55418, 18.75],
          [132.42682, 33.55399, 19.25],
          [132.42669, 33.55301, 21.25],
          [132.42660, 33.55264, 22.0],
          [132.42657, 33.55230, 22.75],
          [132.42651, 33.55214, 22.75],
          [132.42643, 33.55197, 23.25],
          [132.42624, 33.55164, 22.5],
          [132.42603, 33.55139, 20.5],
          [132.42543, 33.55062, 21.5],
          [132.42531, 33.55045, 23.25],
          [132.42515, 33.55016, 26.0],
          [132.42503, 33.54989, 28.0],
          [132.42495, 33.54965, 28.5],
          [132.42478, 33.54893, 34.75],
          [132.42462, 33.54865, 37.75],
          [132.42449, 33.54850, 38.25],
          [132.42432, 33.54833, 38.25],
          [132.42409, 33.54816, 36.75],
          [132.42378, 33.54799, 32.5],
          [132.42333, 33.54776, 26.25],
          [132.42267, 33.54738, 29.75],
          [132.42229, 33.54716, 32.0],
          [132.42177, 33.54693, 34.75],
          [132.42116, 33.54658, 38.25],
          [132.42108, 33.54655, 38.25],
          [132.42083, 33.54639, 39.0],
          [132.42062, 33.54619, 39.0],
          [132.42043, 33.54594, 39.5],
          [132.42033, 33.54574, 38.5],
          [132.42022, 33.54544, 37.0],
          [132.42011, 33.54518, 36.25],
          [132.41994, 33.54493, 34.75],
          [132.41974, 33.54469, 33.75],
          [132.41962, 33.54457, 32.75],
          [132.41926, 33.54417, 31.25],
          [132.41903, 33.54389, 34.0],
          [132.41885, 33.54360, 37.25],
          [132.41870, 33.54336, 39.25],
          [132.41858, 33.54312, 38.5],
          [132.41838, 33.54242, 36.5],
          [132.41831, 33.54222, 34.0],
          [132.41822, 33.54210, 32.75],
          [132.41811, 33.54196, 31.5],
          [132.41799, 33.54186, 30.75],
          [132.41784, 33.54177, 30.0],
          [132.41763, 33.54170, 29.25],
          [132.41635, 33.54132, 24.5],
          [132.41606, 33.54125, 23.75],
          [132.41569, 33.54114, 22.75],
          [132.41551, 33.54108, 22.75],
          [132.41535, 33.54102, 23.0],
          [132.41498, 33.54086, 23.75],
          [132.41475, 33.54072, 29.25],
          [132.41454, 33.54055, 34.25],
          [132.41426, 33.54030, 39.0],
          [132.41396, 33.54002, 43.25],
          [132.41376, 33.53984, 46.0],
          [132.41317, 33.53934, 56.0],
          [132.41279, 33.53907, 64.75],
          [132.41251, 33.53888, 63.75],
          [132.41057, 33.53777, 58.5],
          [132.40966, 33.53733, 56.0],
          [132.40880, 33.53698, 54.0],
          [132.40839, 33.53686, 53.0],
          [132.40789, 33.53680, 51.75],
          [132.40739, 33.53678, 50.5],
          [132.40717, 33.53680, 50.75],
          [132.40684, 33.53685, 43.75],
          [132.40663, 33.53690, 40.5],
          [132.40637, 33.53699, 44.5],
          [132.40606, 33.53711, 47.75],
          [132.40581, 33.53724, 48.75],
          [132.40556, 33.53740, 52.75],
          [132.40532, 33.53759, 56.0],
          [132.40498, 33.53791, 58.75],
          [132.40464, 33.53822, 64.0],
          [132.40435, 33.53845, 70.5],
          [132.40420, 33.53851, 75.25],
          [132.40404, 33.53857, 75.5],
          [132.40385, 33.53859, 74.5],
          [132.40361, 33.53859, 74.0],
          [132.40340, 33.53855, 79.25],
          [132.40310, 33.53842, 87.25],
          [132.40291, 33.53829, 93.5],
          [132.40221, 33.53749, 93.5],
          [132.40138, 33.53675, 84.5],
          [132.40031, 33.53579, 91.75],
          [132.39984, 33.53531, 95.25],
          [132.39962, 33.53505, 94.75],
          [132.39946, 33.53479, 96.25],
          [132.39938, 33.53459, 98.25],
          [132.39931, 33.53436, 100.5],
          [132.39928, 33.53415, 103.25],
          [132.39924, 33.53366, 103.25],
          [132.39915, 33.53326, 100.5],
          [132.39912, 33.53312, 100.25],
          [132.39907, 33.53292, 99.5],
          [132.39870, 33.53231, 99.5],
          [132.39854, 33.53213, 101.5],
          [132.39801, 33.53171, 100.25],
          [132.39612, 33.53047, 97.0],
          [132.39448, 33.52938, 94.25],
          [132.39273, 33.52820, 91.25],
          [132.39258, 33.52809, 91.25],
          [132.39233, 33.52788, 84.25],
          [132.39213, 33.52770, 79.25],
          [132.39184, 33.52740, 74.25],
          [132.39173, 33.52729, 74.25],
          [132.39159, 33.52714, 76.75],
          [132.39143, 33.52691, 85.75],
          [132.39130, 33.52674, 85.5],
          [132.39082, 33.52581, 84.25],
          [132.39028, 33.52469, 82.75],
          [132.39004, 33.52343, 81.0],
          [132.39014, 33.52193, 79.25],
          [132.39044, 33.52081, 77.75],
          [132.39133, 33.51889, 75.25],
          [132.39271, 33.51583, 71.25],
          [132.39510, 33.51093, 64.75],
          [132.39634, 33.50833, 61.5],
          [132.39650, 33.50796, 61.5],
          [132.39652, 33.50791, 60.25],
          [132.39662, 33.50774, 56.25],
          [132.39688, 33.50733, 57.0],
          [132.39714, 33.50699, 57.25],
          [132.39775, 33.50630, 53.75],
          [132.39787, 33.50614, 53.0],
          [132.39796, 33.50598, 51.25],
          [132.39802, 33.50579, 48.25],
          [132.39805, 33.50562, 48.0],
          [132.39805, 33.50537, 47.0],
          [132.39803, 33.50520, 46.0],
          [132.39797, 33.50499, 44.5],
          [132.39787, 33.50478, 45.0],
          [132.39769, 33.50453, 43.75],
          [132.39683, 33.50340, 40.25],
          [132.39654, 33.50302, 40.0],
          [132.39641, 33.50284, 43.25],
          [132.39631, 33.50266, 47.5],
          [132.39634, 33.50263, 47.75],
          [132.39638, 33.50255, 48.75],
          [132.39638, 33.50250, 50.0],
          [132.39634, 33.50232, 50.0],
          [132.39636, 33.50226, 49.5],
          [132.39644, 33.50207, 47.0],
          [132.39658, 33.50175, 41.25],
          [132.39668, 33.50136, 37.75],
          [132.39670, 33.50124, 38.0],
          [132.39667, 33.50110, 36.75],
          [132.39659, 33.50094, 37.25],
          [132.39652, 33.50084, 37.75],
          [132.39649, 33.50072, 37.5],
          [132.39645, 33.50061, 37.5],
          [132.39641, 33.50059, 38.0],
          [132.39635, 33.50058, 38.75],
          [132.39640, 33.50033, 36.75],
          [132.39647, 33.50014, 34.25],
          [132.39664, 33.49979, 29.75],
          [132.39690, 33.49931, 30.75],
          [132.39701, 33.49901, 30.25],
          [132.39713, 33.49851, 27.25],
          [132.39718, 33.49831, 25.5],
          [132.39722, 33.49810, 24.25],
          [132.39725, 33.49783, 22.25],
          [132.39724, 33.49757, 20.0],
          [132.39720, 33.49691, 18.25],
          [132.39716, 33.49640, 17.25],
          [132.39708, 33.49565, 15.5],
          [132.39704, 33.49544, 15.0],
          [132.39704, 33.49536, 14.75],
          [132.39700, 33.49517, 14.25],
          [132.39699, 33.49491, 13.5],
          [132.39699, 33.49477, 13.25],
          [132.39703, 33.49448, 12.75],
          [132.39744, 33.49217, 8.0],
          [132.39745, 33.49210, 8.0],
          [132.39753, 33.49148, 8.0],
          [132.39755, 33.49091, 8.75],
          [132.39756, 33.49047, 7.5],
          [132.39768, 33.49046, 7.5],
          [132.39775, 33.49043, 7.5],
          [132.39787, 33.49027, 6.75],
          [132.39807, 33.49007, 6.25],
          [132.39815, 33.49001, 6.0],
          [132.39851, 33.48933, 5.0],
          [132.39887, 33.48880, 5.25],
          [132.40002, 33.48726, 4.25],
          [132.40005, 33.48716, 4.25],
          [132.40047, 33.48515, 4.75],
          [132.40039, 33.48470, 5.0],
          [132.40035, 33.48433, 5.0],
          [132.40019, 33.48357, 4.75],
          [132.40011, 33.48323, 5.0],
          [132.39995, 33.48279, 5.5],
          [132.39985, 33.48239, 5.5],
          [132.39974, 33.48205, 5.25],
          [132.39973, 33.48200, 5.25],
          [132.39965, 33.48177, 5.0],
          [132.39964, 33.48174, 5.0],
          [132.39956, 33.48149, 4.75],
          [132.39944, 33.48114, 4.5],
          [132.39928, 33.48074, 4.5],
          [132.39911, 33.48038, 3.75],
          [132.39899, 33.48009, 3.0],
          [132.39871, 33.47942, 3.0],
          [132.39812, 33.47804, 5.0],
          [132.39792, 33.47756, 4.0],
          [132.39778, 33.47724, 3.5],
          [132.39763, 33.47689, 3.25],
          [132.39761, 33.47674, 3.0],
          [132.39819, 33.47657, 3.0],
          [132.39841, 33.47649, 3.0],
          [132.39900, 33.47631, 3.0],
          [132.39930, 33.47621, 2.75],
          [132.40019, 33.47594, 3.0],
          [132.40029, 33.47590, 3.25],
          [132.40033, 33.47586, 3.5],
          [132.40035, 33.47581, 3.5],
          [132.40034, 33.47575, 3.5],
          [132.40017, 33.47535, 3.5],
          [132.39993, 33.47477, 3.75],
          [132.39988, 33.47462, 3.75],
          [132.39987, 33.47449, 3.75],
          [132.39989, 33.47436, 3.75],
          [132.39993, 33.47418, 3.75],
          [132.40000, 33.47405, 4.5],
          [132.40010, 33.47394, 5.0],
          [132.40020, 33.47389, 5.25],
          [132.40056, 33.47377, 5.75],
          [132.40067, 33.47373, 6.0],
          [132.40076, 33.47366, 6.0],
          [132.40085, 33.47358, 6.25],
          [132.40091, 33.47347, 6.25],
          [132.40137, 33.47242, 6.25],
          [132.40143, 33.47230, 6.25],
          [132.40145, 33.47224, 6.25],
          [132.40154, 33.47209, 6.25],
          [132.40167, 33.47192, 6.25],
          [132.40196, 33.47156, 6.5],
          [132.40203, 33.47145, 6.75],
          [132.40208, 33.47129, 7.0],
          [132.40210, 33.47115, 7.0],
          [132.40208, 33.47093, 6.75],
          [132.40204, 33.47065, 8.5],
          [132.40198, 33.47049, 9.75],
          [132.40190, 33.47035, 9.75],
          [132.40167, 33.47010, 9.5],
          [132.40156, 33.46997, 9.25],
          [132.40150, 33.46979, 9.25],
          [132.40135, 33.46919, 8.75],
          [132.40136, 33.46906, 8.75],
          [132.40139, 33.46894, 8.75],
          [132.40155, 33.46868, 8.5],
          [132.40168, 33.46847, 8.5],
          [132.40176, 33.46831, 8.5],
          [132.40178, 33.46817, 9.25],
          [132.40176, 33.46803, 9.5],
          [132.40171, 33.46781, 9.25],
          [132.40166, 33.46759, 10.0],
          [132.40159, 33.46736, 11.0],
          [132.40150, 33.46717, 11.75],
          [132.40137, 33.46692, 12.75],
          [132.40129, 33.46682, 13.25],
          [132.40121, 33.46674, 13.75],
          [132.40087, 33.46655, 18.75],
          [132.40078, 33.46646, 20.5],
          [132.40070, 33.46634, 22.5],
          [132.40067, 33.46622, 24.25],
          [132.40068, 33.46611, 26.0],
          [132.40073, 33.46596, 28.25],
          [132.40088, 33.46562, 33.75],
          [132.40098, 33.46539, 32.75],
          [132.40169, 33.46378, 27.5],
          [132.40248, 33.46207, 21.75],
          [132.40296, 33.46090, 17.75],
          [132.40320, 33.46039, 16.0],
          [132.40335, 33.46015, 15.25],
          [132.40342, 33.46005, 15.25],
          [132.40367, 33.45982, 14.75],
          [132.40394, 33.45962, 16.0],
          [132.40421, 33.45946, 16.75],
          [132.40450, 33.45933, 15.0],
          [132.40477, 33.45923, 12.5],
          [132.40496, 33.45920, 11.0],
          [132.40515, 33.45919, 10.5],
          [132.40532, 33.45920, 10.5],
          [132.40563, 33.45922, 10.25],
          [132.40581, 33.45920, 9.75],
          [132.40596, 33.45915, 9.5],
          [132.40611, 33.45908, 9.25],
          [132.40624, 33.45896, 9.0],
          [132.40635, 33.45882, 8.75],
          [132.40645, 33.45851, 8.0],
          [132.40652, 33.45830, 7.75],
          [132.40664, 33.45813, 7.25],
          [132.40674, 33.45804, 7.0],
          [132.40689, 33.45796, 6.75],
          [132.40704, 33.45792, 6.5],
          [132.40809, 33.45781, 5.0],
          [132.40822, 33.45781, 5.0],
          [132.40833, 33.45783, 5.25],
          [132.40845, 33.45787, 5.5],
          [132.40856, 33.45794, 5.75],
          [132.40878, 33.45812, 6.5],
          [132.40936, 33.45865, 8.0],
          [132.40946, 33.45872, 8.25],
          [132.40979, 33.45886, 9.0],
          [132.40987, 33.45891, 9.25],
          [132.41035, 33.45939, 10.75],
          [132.41043, 33.45945, 10.75],
          [132.41051, 33.45948, 11.5],
          [132.41064, 33.45947, 11.75],
          [132.41076, 33.45943, 11.5],
          [132.41086, 33.45940, 11.5],
          [132.41095, 33.45941, 11.5],
          [132.41103, 33.45942, 11.5],
          [132.41179, 33.45969, 11.25],
          [132.41208, 33.45987, 11.0],
          [132.41224, 33.45995, 11.0],
          [132.41276, 33.46016, 10.75],
          [132.41289, 33.46020, 10.75],
          [132.41410, 33.46040, 10.25],
          [132.41450, 33.46054, 10.0],
          [132.41653, 33.46163, 9.0],
          [132.41700, 33.46187, 9.0],
          [132.41721, 33.46195, 9.0],
          [132.41741, 33.46201, 8.5],
          [132.41822, 33.46217, 7.5],
          [132.41833, 33.46221, 7.25],
          [132.41842, 33.46224, 7.25],
          [132.41940, 33.46272, 5.75],
          [132.42014, 33.46309, 5.75],
          [132.42002, 33.46331, 9.25],
          [132.42014, 33.46309, 5.75],
          [132.41940, 33.46272, 6.5],
          [132.41842, 33.46224, 7.75],
          [132.41833, 33.46221, 7.75],
          [132.41822, 33.46217, 8.0],
          [132.41741, 33.46201, 9.0],
          [132.41721, 33.46195, 9.0],
          [132.41700, 33.46187, 9.0],
          [132.41653, 33.46163, 9.25],
          [132.41450, 33.46054, 10.0],
          [132.41410, 33.46040, 10.25],
          [132.41289, 33.46020, 10.75],
          [132.41276, 33.46016, 10.75],
          [132.41224, 33.45995, 11.0],
          [132.41208, 33.45987, 11.0],
          [132.41179, 33.45969, 11.25],
          [132.41103, 33.45942, 11.5],
          [132.41095, 33.45941, 11.5],
          [132.41086, 33.45940, 11.5],
          [132.41076, 33.45943, 11.75],
          [132.41064, 33.45947, 11.75],
          [132.41051, 33.45948, 11.5],
          [132.41043, 33.45945, 10.75],
          [132.41035, 33.45939, 10.5],
          [132.40987, 33.45891, 9.25],
          [132.40979, 33.45886, 9.0],
          [132.40946, 33.45872, 8.25],
          [132.40936, 33.45865, 8.0],
          [132.40878, 33.45812, 6.5],
          [132.40856, 33.45794, 6.0],
          [132.40845, 33.45787, 5.75],
          [132.40833, 33.45783, 5.5],
          [132.40822, 33.45781, 5.25],
          [132.40809, 33.45781, 5.25],
          [132.40704, 33.45792, 7.0],
          [132.40689, 33.45796, 7.25],
          [132.40674, 33.45804, 7.5],
          [132.40664, 33.45813, 7.75],
          [132.40652, 33.45830, 8.0],
          [132.40645, 33.45851, 8.5],
          [132.40635, 33.45882, 9.0],
          [132.40624, 33.45896, 9.25],
          [132.40611, 33.45908, 9.5],
          [132.40596, 33.45915, 10.0],
          [132.40581, 33.45920, 10.25],
          [132.40563, 33.45922, 10.25],
          [132.40532, 33.45920, 10.5],
          [132.40515, 33.45919, 10.5],
          [132.40496, 33.45920, 11.0],
          [132.40477, 33.45923, 12.5],
          [132.40450, 33.45933, 15.0],
          [132.40421, 33.45946, 16.75],
          [132.40394, 33.45962, 16.0],
          [132.40367, 33.45982, 14.75],
          [132.40342, 33.46005, 15.25],
          [132.40335, 33.46015, 15.25],
          [132.40320, 33.46039, 15.75],
          [132.40296, 33.46090, 16.5],
          [132.40248, 33.46207, 18.5],
          [132.40169, 33.46378, 21.5],
          [132.40098, 33.46539, 24.25],
          [132.40088, 33.46562, 22.5],
          [132.40073, 33.46596, 19.75],
          [132.40068, 33.46611, 18.5],
          [132.40067, 33.46622, 17.75],
          [132.40070, 33.46634, 17.0],
          [132.40078, 33.46646, 16.0],
          [132.40087, 33.46655, 15.25],
          [132.40121, 33.46674, 13.75],
          [132.40129, 33.46682, 13.25],
          [132.40137, 33.46692, 12.5],
          [132.40150, 33.46717, 11.25],
          [132.40159, 33.46736, 10.25],
          [132.40166, 33.46759, 9.25],
          [132.40171, 33.46781, 9.25],
          [132.40176, 33.46803, 9.5],
          [132.40178, 33.46817, 9.25],
          [132.40176, 33.46831, 8.5],
          [132.40168, 33.46847, 8.5],
          [132.40155, 33.46868, 8.75],
          [132.40139, 33.46894, 8.75],
          [132.40136, 33.46906, 9.0],
          [132.40135, 33.46919, 9.0],
          [132.40150, 33.46979, 9.5],
          [132.40156, 33.46997, 9.5],
          [132.40167, 33.47010, 9.75],
          [132.40190, 33.47035, 9.75],
          [132.40198, 33.47049, 9.75],
          [132.40204, 33.47065, 8.5],
          [132.40208, 33.47093, 6.75],
          [132.40210, 33.47115, 7.0],
          [132.40208, 33.47129, 7.0],
          [132.40203, 33.47145, 6.75],
          [132.40196, 33.47156, 6.5],
          [132.40167, 33.47192, 6.25],
          [132.40154, 33.47209, 6.25],
          [132.40145, 33.47224, 6.25],
          [132.40143, 33.47230, 6.25],
          [132.40137, 33.47242, 6.25],
          [132.40091, 33.47347, 6.0],
          [132.40085, 33.47358, 6.25],
          [132.40076, 33.47366, 6.0],
          [132.40067, 33.47373, 6.0],
          [132.40056, 33.47377, 5.75],
          [132.40020, 33.47389, 5.25],
          [132.40010, 33.47394, 5.0],
          [132.40000, 33.47405, 4.5],
          [132.39993, 33.47418, 3.75],
          [132.39989, 33.47436, 3.75],
          [132.39987, 33.47449, 3.75],
          [132.39988, 33.47462, 3.75],
          [132.39993, 33.47477, 3.75],
          [132.40017, 33.47535, 3.5],
          [132.40034, 33.47575, 3.5],
          [132.40035, 33.47581, 3.5],
          [132.40033, 33.47586, 3.5],
          [132.40029, 33.47590, 3.25],
          [132.40019, 33.47594, 3.0],
          [132.39930, 33.47621, 2.75],
          [132.39900, 33.47631, 3.0],
          [132.39841, 33.47649, 3.0],
          [132.39819, 33.47657, 3.0],
          [132.39761, 33.47674, 3.0],
          [132.39763, 33.47689, 3.25],
          [132.39778, 33.47724, 3.5],
          [132.39792, 33.47756, 4.0],
          [132.39812, 33.47804, 5.0],
          [132.39871, 33.47942, 3.0],
          [132.39899, 33.48009, 3.0],
          [132.39911, 33.48038, 3.75],
          [132.39928, 33.48074, 4.5],
          [132.39944, 33.48114, 4.5],
          [132.39956, 33.48149, 4.75],
          [132.39964, 33.48174, 5.0],
          [132.39965, 33.48177, 5.0],
          [132.39973, 33.48200, 5.25],
          [132.39974, 33.48205, 5.25],
          [132.39985, 33.48239, 5.5],
          [132.39995, 33.48279, 5.5],
          [132.40011, 33.48323, 5.0],
          [132.40019, 33.48357, 4.75],
          [132.40035, 33.48433, 5.0],
          [132.40000, 33.48440, 5.75],
          [132.39978, 33.48447, 5.5],
          [132.39961, 33.48454, 5.5],
          [132.39948, 33.48464, 5.25],
          [132.39930, 33.48480, 5.0],
          [132.39919, 33.48494, 5.0],
          [132.39911, 33.48506, 5.0],
          [132.39909, 33.48511, 5.0],
          [132.39901, 33.48530, 5.25],
          [132.39900, 33.48535, 5.5],
          [132.39879, 33.48595, 6.0],
          [132.39858, 33.48658, 6.25],
          [132.39830, 33.48735, 6.0],
          [132.39822, 33.48752, 6.25],
          [132.39806, 33.48777, 7.0],
          [132.39784, 33.48804, 8.0],
          [132.39766, 33.48823, 9.0],
          [132.39751, 33.48840, 9.75],
          [132.39716, 33.48871, 14.25],
          [132.39701, 33.48882, 15.5],
          [132.39509, 33.49022, 29.75],
          [132.39483, 33.49038, 30.75],
          [132.39460, 33.49047, 32.25],
          [132.39438, 33.49052, 34.25],
          [132.39416, 33.49055, 37.5],
          [132.39392, 33.49055, 36.75],
          [132.39362, 33.49048, 38.0],
          [132.39330, 33.49035, 40.25],
          [132.39303, 33.49014, 42.0],
          [132.39211, 33.48938, 54.25],
          [132.39182, 33.48921, 55.5],
          [132.39156, 33.48910, 56.25],
          [132.39130, 33.48902, 56.75],
          [132.39107, 33.48898, 56.0],
          [132.39074, 33.48895, 55.25],
          [132.39016, 33.48894, 59.0],
          [132.38906, 33.48893, 75.25],
          [132.38878, 33.48895, 71.5],
          [132.38860, 33.48899, 68.25],
          [132.38819, 33.48911, 62.25],
          [132.38744, 33.48934, 65.75],
          [132.38726, 33.48940, 70.25],
          [132.38693, 33.48953, 77.25],
          [132.38669, 33.48966, 80.75],
          [132.38600, 33.49019, 88.5],
          [132.38582, 33.49035, 91.5],
          [132.38566, 33.49045, 91.75],
          [132.38521, 33.49079, 92.75],
          [132.38363, 33.49207, 96.25],
          [132.38193, 33.49343, 100.0],
          [132.37828, 33.49623, 108.0],
          [132.37721, 33.49703, 110.5],
          [132.37702, 33.49717, 110.5],
          [132.37693, 33.49701, 115.25],
          [132.37689, 33.49698, 116.0],
          [132.37684, 33.49698, 115.25],
          [132.37670, 33.49705, 110.75],
          [132.37657, 33.49709, 109.0],
          [132.37650, 33.49709, 109.0],
          [132.37636, 33.49706, 110.75],
          [132.37602, 33.49694, 116.5],
          [132.37593, 33.49693, 117.25],
          [132.37567, 33.49694, 116.5],
          [132.37524, 33.49693, 114.5],
          [132.37506, 33.49695, 112.75],
          [132.37497, 33.49697, 111.75],
          [132.37446, 33.49715, 103.75],
          [132.37431, 33.49718, 101.75],
          [132.37414, 33.49720, 100.25],
          [132.37354, 33.49722, 94.5],
          [132.37341, 33.49724, 92.0],
          [132.37336, 33.49726, 90.25],
          [132.37330, 33.49732, 86.5],
          [132.37322, 33.49736, 84.25],
          [132.37314, 33.49738, 82.5],
          [132.37282, 33.49741, 79.25],
          [132.37250, 33.49740, 78.0],
          [132.37205, 33.49740, 72.0],
          [132.37177, 33.49736, 69.5],
          [132.37152, 33.49731, 69.5],
          [132.37132, 33.49723, 70.75],
          [132.37121, 33.49718, 71.75],
          [132.37103, 33.49708, 74.0],
          [132.37092, 33.49700, 76.0],
          [132.37084, 33.49696, 76.5],
          [132.37075, 33.49694, 75.75],
          [132.37064, 33.49693, 73.75],
          [132.37049, 33.49697, 69.5],
          [132.37027, 33.49707, 62.75],
          [132.37013, 33.49712, 59.25],
          [132.36999, 33.49712, 57.25],
          [132.36987, 33.49710, 58.0],
          [132.36982, 33.49709, 58.25],
          [132.36972, 33.49708, 58.75],
          [132.36953, 33.49701, 59.0],
          [132.36903, 33.49678, 55.0],
          [132.36891, 33.49669, 53.25],
          [132.36882, 33.49656, 52.5],
          [132.36882, 33.49627, 52.25],
          [132.36877, 33.49616, 51.5],
          [132.36853, 33.49585, 44.25],
          [132.36832, 33.49557, 46.75],
          [132.36799, 33.49542, 51.5],
          [132.36784, 33.49534, 52.25],
          [132.36757, 33.49524, 50.75],
          [132.36742, 33.49525, 51.5],
          [132.36732, 33.49506, 49.25],
          [132.36722, 33.49490, 47.75],
          [132.36708, 33.49475, 46.75],
          [132.36693, 33.49461, 44.75],
          [132.36675, 33.49450, 41.25],
          [132.36649, 33.49437, 37.75],
          [132.36513, 33.49390, 32.25],
          [132.36480, 33.49375, 35.0],
          [132.36448, 33.49358, 35.25],
          [132.36435, 33.49351, 33.75],
          [132.36297, 33.49263, 21.75],
          [132.36286, 33.49258, 21.5],
          [132.36256, 33.49251, 21.0],
          [132.36237, 33.49251, 20.25],
          [132.36218, 33.49255, 19.5],
          [132.36192, 33.49261, 18.75],
          [132.36117, 33.49282, 20.0],
          [132.36094, 33.49289, 21.25],
          [132.36050, 33.49301, 23.25],
          [132.36021, 33.49308, 24.0],
          [132.36002, 33.49310, 23.75],
          [132.35978, 33.49310, 26.75],
          [132.35952, 33.49307, 29.75],
          [132.35836, 33.49289, 40.75],
          [132.35753, 33.49270, 40.0],
          [132.35631, 33.49231, 48.0],
          [132.35609, 33.49223, 50.25],
          [132.35518, 33.49182, 45.5],
          [132.35493, 33.49175, 45.25],
          [132.35475, 33.49171, 44.0],
          [132.35338, 33.49152, 39.25],
          [132.35308, 33.49148, 37.0],
          [132.35280, 33.49140, 34.75],
          [132.35257, 33.49128, 32.75],
          [132.35235, 33.49111, 30.75],
          [132.35150, 33.49031, 30.75],
          [132.35109, 33.48989, 30.75],
          [132.35093, 33.48974, 31.25],
          [132.35078, 33.48965, 31.75],
          [132.35063, 33.48959, 32.5],
          [132.35039, 33.48954, 33.75],
          [132.35014, 33.48953, 35.75],
          [132.34978, 33.48958, 44.0],
          [132.34603, 33.49028, 46.75],
          [132.34520, 33.49044, 40.5],
          [132.34456, 33.49056, 41.25],
          [132.34429, 33.49059, 42.0],
          [132.34411, 33.49059, 42.25],
          [132.34385, 33.49054, 43.0],
          [132.34365, 33.49048, 44.0],
          [132.34310, 33.49021, 45.75],
          [132.34059, 33.48905, 54.25],
          [132.33869, 33.48787, 61.5],
          [132.33832, 33.48766, 61.5],
          [132.33768, 33.48734, 63.25],
          [132.33691, 33.48685, 86.5],
          [132.33490, 33.48495, 81.0],
          [132.33480, 33.48481, 80.0],
          [132.33469, 33.48452, 78.75],
          [132.33465, 33.48436, 78.0],
          [132.33468, 33.48399, 72.25],
          [132.33465, 33.48381, 71.25],
          [132.33458, 33.48364, 71.5],
          [132.33441, 33.48343, 76.0],
          [132.33415, 33.48317, 78.5],
          [132.33373, 33.48287, 73.75],
          [132.33295, 33.48236, 76.5],
          [132.33261, 33.48214, 82.25],
          [132.33226, 33.48194, 86.75],
          [132.33215, 33.48190, 88.0],
          [132.33191, 33.48180, 90.25],
          [132.33092, 33.48146, 99.75],
          [132.33016, 33.48123, 105.75],
          [132.32952, 33.48108, 107.0],
          [132.32927, 33.48103, 107.75],
          [132.32908, 33.48102, 108.75],
          [132.32879, 33.48102, 110.0],
          [132.32850, 33.48103, 111.75],
          [132.32813, 33.48106, 112.0],
          [132.32802, 33.48108, 113.5],
          [132.32766, 33.48113, 118.5],
          [132.32734, 33.48121, 123.0],
          [132.32700, 33.48135, 128.25],
          [132.32668, 33.48149, 128.25],
          [132.32579, 33.48192, 134.5],
          [132.32434, 33.48262, 144.75],
          [132.32299, 33.48334, 154.75],
          [132.32295, 33.48335, 154.75],
          [132.32289, 33.48337, 153.25],
          [132.32268, 33.48341, 148.25],
          [132.32241, 33.48345, 141.75],
          [132.32219, 33.48348, 141.75],
          [132.32197, 33.48350, 138.75],
          [132.32189, 33.48350, 138.5],
          [132.32169, 33.48350, 138.5],
          [132.32148, 33.48348, 138.25],
          [132.32125, 33.48343, 138.0],
          [132.32104, 33.48337, 138.0],
          [132.32085, 33.48329, 137.75],
          [132.32069, 33.48321, 137.75],
          [132.32034, 33.48304, 137.75],
          [132.32014, 33.48296, 141.25],
          [132.31996, 33.48289, 144.5],
          [132.31983, 33.48285, 146.75],
          [132.31967, 33.48281, 149.25],
          [132.31949, 33.48279, 152.5],
          [132.31918, 33.48280, 152.5],
          [132.31889, 33.48282, 154.25],
          [132.31828, 33.48292, 160.0],
          [132.31803, 33.48294, 164.25],
          [132.31778, 33.48292, 167.0],
          [132.31751, 33.48286, 168.75],
          [132.31724, 33.48276, 171.0],
          [132.31626, 33.48225, 169.25],
          [132.31601, 33.48211, 165.5],
          [132.31578, 33.48200, 163.5],
          [132.31516, 33.48182, 164.75],
          [132.31482, 33.48176, 166.25],
          [132.31458, 33.48174, 168.0],
          [132.31423, 33.48169, 169.75],
          [132.31375, 33.48169, 177.5],
          [132.31345, 33.48166, 181.75],
          [132.31320, 33.48163, 184.25],
          [132.31292, 33.48155, 184.75],
          [132.31250, 33.48140, 184.25],
          [132.31226, 33.48133, 182.25],
          [132.31201, 33.48130, 181.5],
          [132.31161, 33.48130, 182.75],
          [132.31107, 33.48135, 188.0],
          [132.31076, 33.48133, 188.5],
          [132.31055, 33.48129, 187.25],
          [132.31032, 33.48122, 185.25],
          [132.31013, 33.48116, 184.25],
          [132.30971, 33.48100, 181.5],
          [132.30956, 33.48091, 180.75],
          [132.30939, 33.48086, 181.0],
          [132.30916, 33.48082, 181.75],
          [132.30874, 33.48077, 182.75],
          [132.30775, 33.48062, 178.75],
          [132.30669, 33.48045, 170.0],
          [132.30601, 33.48028, 172.5],
          [132.30420, 33.47970, 186.5],
          [132.30385, 33.47964, 189.75],
          [132.30362, 33.47961, 192.5],
          [132.30332, 33.47959, 197.25],
          [132.30258, 33.47957, 194.5],
          [132.30220, 33.47952, 193.75],
          [132.30172, 33.47942, 191.5],
          [132.30154, 33.47934, 190.75],
          [132.30096, 33.47887, 188.0],
          [132.30069, 33.47868, 186.0],
          [132.30018, 33.47838, 186.5],
          [132.29974, 33.47819, 184.5],
          [132.29938, 33.47806, 182.75],
          [132.29910, 33.47797, 182.0],
          [132.29854, 33.47785, 178.5],
          [132.29833, 33.47778, 178.75],
          [132.29808, 33.47767, 178.25],
          [132.29787, 33.47754, 179.5],
          [132.29692, 33.47680, 182.5],
          [132.29663, 33.47664, 186.25],
          [132.29645, 33.47655, 184.5],
          [132.29622, 33.47647, 183.25],
          [132.29604, 33.47641, 182.75],
          [132.29533, 33.47629, 187.25],
          [132.29487, 33.47615, 193.25],
          [132.29444, 33.47596, 196.75],
          [132.29423, 33.47586, 199.25],
          [132.29224, 33.47464, 200.75],
          [132.29171, 33.47433, 201.75],
          [132.29125, 33.47400, 201.75],
          [132.29103, 33.47379, 201.5],
          [132.29090, 33.47361, 201.25],
          [132.29082, 33.47343, 201.75],
          [132.29073, 33.47320, 202.25],
          [132.29065, 33.47300, 203.25],
          [132.29055, 33.47286, 203.25],
          [132.29042, 33.47272, 203.25],
          [132.29007, 33.47247, 202.25],
          [132.28866, 33.47166, 193.5],
          [132.28807, 33.47134, 184.25],
          [132.28783, 33.47124, 182.0],
          [132.28762, 33.47116, 179.5],
          [132.28735, 33.47112, 177.5],
          [132.28716, 33.47109, 177.0],
          [132.28636, 33.47108, 175.25],
          [132.28599, 33.47103, 174.5],
          [132.28573, 33.47099, 174.75],
          [132.28494, 33.47077, 176.75],
          [132.28458, 33.47070, 174.25],
          [132.28387, 33.47057, 169.25],
          [132.28373, 33.47052, 167.5],
          [132.28350, 33.47040, 164.75],
          [132.28326, 33.47025, 162.25],
          [132.28273, 33.46988, 155.25],
          [132.28244, 33.46966, 149.5],
          [132.28225, 33.46957, 147.25],
          [132.28116, 33.46913, 149.5],
          [132.28108, 33.46920, 150.0],
          [132.28103, 33.46927, 149.0],
          [132.28096, 33.46929, 148.75],
          [132.28088, 33.46929, 148.75],
          [132.28077, 33.46925, 149.75],
          [132.28051, 33.46910, 151.5],
          [132.28036, 33.46898, 150.5],
          [132.28028, 33.46895, 150.75],
          [132.28019, 33.46896, 151.25],
          [132.28014, 33.46898, 151.5],
          [132.28001, 33.46913, 152.75],
          [132.27992, 33.46918, 152.0],
          [132.27983, 33.46919, 151.25],
          [132.27973, 33.46918, 151.5],
          [132.27944, 33.46912, 151.75],
          [132.27922, 33.46912, 151.5],
          [132.27913, 33.46917, 150.25],
          [132.27904, 33.46924, 146.25],
          [132.27895, 33.46926, 144.5],
          [132.27885, 33.46925, 144.0],
          [132.27858, 33.46917, 145.75],
          [132.27842, 33.46914, 145.25],
          [132.27832, 33.46913, 144.75],
          [132.27820, 33.46915, 144.0],
          [132.27814, 33.46918, 142.75],
          [132.27808, 33.46925, 139.75],
          [132.27807, 33.46934, 136.0],
          [132.27809, 33.46947, 130.25],
          [132.27815, 33.46958, 125.75],
          [132.27821, 33.46961, 124.75],
          [132.27830, 33.46959, 125.75],
          [132.27846, 33.46955, 128.5],
          [132.27861, 33.46955, 129.25],
          [132.27874, 33.46958, 128.5],
          [132.27883, 33.46967, 125.0],
          [132.27895, 33.46976, 121.5],
          [132.27904, 33.46976, 121.75],
          [132.27918, 33.46973, 123.75],
          [132.27929, 33.46973, 124.75],
          [132.27942, 33.46974, 125.0],
          [132.27958, 33.46984, 121.75],
          [132.27971, 33.46986, 122.0],
          [132.27978, 33.46984, 123.5],
          [132.27986, 33.46980, 126.0],
          [132.27994, 33.46981, 126.25],
          [132.27997, 33.46985, 124.75],
          [132.27999, 33.46995, 120.75],
          [132.28007, 33.47008, 117.25],
          [132.28024, 33.47023, 115.5],
          [132.28026, 33.47029, 114.25],
          [132.28026, 33.47038, 111.5],
          [132.28029, 33.47043, 110.5],
          [132.28037, 33.47050, 110.25],
          [132.28046, 33.47055, 110.75],
          [132.28066, 33.47057, 115.0],
          [132.28076, 33.47059, 116.5],
          [132.28094, 33.47074, 118.0],
          [132.28099, 33.47079, 118.0],
          [132.28100, 33.47087, 117.75],
          [132.28096, 33.47091, 117.0],
          [132.28091, 33.47091, 115.75],
          [132.28063, 33.47080, 108.5],
          [132.28027, 33.47073, 100.75],
          [132.28016, 33.47068, 100.0],
          [132.27998, 33.47049, 102.0],
          [132.27991, 33.47043, 103.0],
          [132.27963, 33.47033, 102.25],
          [132.27951, 33.47030, 101.75],
          [132.27939, 33.47030, 100.0],
          [132.27924, 33.47033, 96.75],
          [132.27899, 33.47033, 95.25],
          [132.27889, 33.47032, 95.5],
          [132.27880, 33.47030, 96.0],
          [132.27865, 33.47026, 97.75],
          [132.27859, 33.47025, 97.75],
          [132.27849, 33.47029, 95.75],
          [132.27842, 33.47031, 94.75],
          [132.27828, 33.47037, 91.75],
          [132.27824, 33.47052, 85.25],
          [132.27818, 33.47059, 82.5],
          [132.27810, 33.47063, 81.0],
          [132.27793, 33.47066, 81.0],
          [132.27759, 33.47066, 83.25],
          [132.27727, 33.47061, 83.75],
          [132.27721, 33.47062, 83.0],
          [132.27715, 33.47068, 81.0],
          [132.27715, 33.47083, 76.25],
          [132.27726, 33.47083, 76.75],
          [132.27746, 33.47088, 75.75],
          [132.27762, 33.47088, 75.0],
          [132.27775, 33.47086, 74.5],
          [132.27798, 33.47085, 73.0],
          [132.27811, 33.47085, 71.75],
          [132.27817, 33.47084, 71.75],
          [132.27828, 33.47080, 72.5],
          [132.27845, 33.47070, 77.25],
          [132.27852, 33.47067, 78.5],
          [132.27861, 33.47066, 79.25],
          [132.27867, 33.47067, 79.0],
          [132.27871, 33.47069, 78.0],
          [132.27877, 33.47075, 75.5],
          [132.27881, 33.47082, 72.5],
          [132.27887, 33.47088, 71.25],
          [132.27897, 33.47091, 71.25],
          [132.27912, 33.47091, 72.0],
          [132.27924, 33.47093, 74.0],
          [132.27930, 33.47096, 75.0],
          [132.27935, 33.47103, 75.75],
          [132.27935, 33.47108, 75.5],
          [132.27931, 33.47119, 74.0],
          [132.27922, 33.47134, 70.25],
          [132.27904, 33.47156, 63.75],
          [132.27899, 33.47164, 61.25],
          [132.27891, 33.47187, 58.5],
          [132.27886, 33.47199, 56.25],
          [132.27873, 33.47216, 51.5],
          [132.27871, 33.47223, 50.5],
          [132.27873, 33.47232, 50.75],
          [132.27884, 33.47254, 53.25],
          [132.27888, 33.47268, 52.5],
          [132.27894, 33.47279, 53.25],
          [132.27899, 33.47283, 54.0],
          [132.27906, 33.47289, 55.75],
          [132.27912, 33.47292, 57.25],
          [132.27931, 33.47296, 61.25],
          [132.27941, 33.47301, 62.5],
          [132.27945, 33.47305, 62.75],
          [132.27946, 33.47316, 61.0],
          [132.27944, 33.47326, 58.75],
          [132.27944, 33.47334, 57.25],
          [132.27949, 33.47344, 54.75],
          [132.27958, 33.47356, 52.75],
          [132.27973, 33.47369, 52.0],
          [132.27985, 33.47375, 52.25],
          [132.27995, 33.47379, 53.25],
          [132.28011, 33.47378, 56.75],
          [132.28035, 33.47377, 60.75],
          [132.28039, 33.47379, 61.0],
          [132.28044, 33.47381, 61.0],
          [132.28059, 33.47394, 58.5],
          [132.28071, 33.47402, 57.5],
          [132.28078, 33.47404, 57.75],
          [132.28090, 33.47406, 59.75],
          [132.28101, 33.47411, 60.5],
          [132.28102, 33.47415, 59.5],
          [132.28098, 33.47419, 57.75],
          [132.28101, 33.47424, 57.75],
          [132.28103, 33.47431, 57.25],
          [132.28105, 33.47444, 55.75],
          [132.28110, 33.47464, 54.5],
          [132.28121, 33.47490, 54.25],
          [132.28143, 33.47532, 61.25],
          [132.28145, 33.47540, 61.75],
          [132.28142, 33.47550, 60.75],
          [132.28137, 33.47563, 59.25],
          [132.28136, 33.47577, 59.0],
          [132.28147, 33.47614, 63.75],
          [132.28147, 33.47631, 64.25],
          [132.28141, 33.47663, 63.5],
          [132.28127, 33.47702, 62.75],
          [132.28120, 33.47726, 62.75],
          [132.28114, 33.47752, 63.0],
          [132.28108, 33.47796, 58.0],
          [132.28107, 33.47851, 51.25],
          [132.28109, 33.47865, 49.0],
          [132.28113, 33.47883, 46.75],
          [132.28117, 33.47891, 46.75],
          [132.28123, 33.47898, 48.25],
          [132.28117, 33.47891, 46.75],
          [132.28113, 33.47883, 46.75],
          [132.28109, 33.47865, 49.0],
          [132.28107, 33.47851, 51.25],
          [132.28108, 33.47796, 58.0],
          [132.28114, 33.47752, 63.0],
          [132.28120, 33.47726, 62.75],
          [132.28127, 33.47702, 62.75],
          [132.28141, 33.47663, 63.5],
          [132.28147, 33.47631, 64.25],
          [132.28147, 33.47614, 63.75],
          [132.28136, 33.47577, 59.0],
          [132.28137, 33.47563, 59.25],
          [132.28142, 33.47550, 60.75],
          [132.28145, 33.47540, 61.75],
          [132.28143, 33.47532, 61.25],
          [132.28121, 33.47490, 54.25],
          [132.28110, 33.47464, 54.5],
          [132.28105, 33.47444, 55.75],
          [132.28103, 33.47431, 57.25],
          [132.28101, 33.47424, 57.75],
          [132.28098, 33.47419, 57.75],
          [132.28102, 33.47415, 59.5],
          [132.28101, 33.47411, 60.5],
          [132.28090, 33.47406, 59.75],
          [132.28078, 33.47404, 57.75],
          [132.28071, 33.47402, 57.5],
          [132.28059, 33.47394, 58.5],
          [132.28044, 33.47381, 61.0],
          [132.28039, 33.47379, 61.0],
          [132.28035, 33.47377, 60.75],
          [132.28011, 33.47378, 56.75],
          [132.27995, 33.47379, 53.25],
          [132.27985, 33.47375, 52.25],
          [132.27973, 33.47369, 52.0],
          [132.27958, 33.47356, 52.75],
          [132.27949, 33.47344, 54.75],
          [132.27944, 33.47334, 57.25],
          [132.27944, 33.47326, 58.75],
          [132.27946, 33.47316, 61.0],
          [132.27945, 33.47305, 62.75],
          [132.27941, 33.47301, 62.5],
          [132.27931, 33.47296, 61.25],
          [132.27912, 33.47292, 57.25],
          [132.27906, 33.47289, 55.75],
          [132.27899, 33.47283, 54.0],
          [132.27894, 33.47279, 53.25],
          [132.27888, 33.47268, 52.5],
          [132.27884, 33.47254, 53.25],
          [132.27873, 33.47232, 50.75],
          [132.27871, 33.47223, 50.5],
          [132.27873, 33.47216, 51.5],
          [132.27886, 33.47199, 56.25],
          [132.27891, 33.47187, 58.5],
          [132.27899, 33.47164, 61.25],
          [132.27904, 33.47156, 63.75],
          [132.27922, 33.47134, 70.25],
          [132.27931, 33.47119, 74.0],
          [132.27935, 33.47108, 75.5],
          [132.27935, 33.47103, 75.75],
          [132.27930, 33.47096, 75.0],
          [132.27924, 33.47093, 74.0],
          [132.27912, 33.47091, 72.0],
          [132.27897, 33.47091, 71.25],
          [132.27887, 33.47088, 71.25],
          [132.27881, 33.47082, 72.5],
          [132.27877, 33.47075, 75.5],
          [132.27871, 33.47069, 78.0],
          [132.27867, 33.47067, 79.0],
          [132.27861, 33.47066, 79.25],
          [132.27852, 33.47067, 78.5],
          [132.27845, 33.47070, 77.25],
          [132.27828, 33.47080, 72.5],
          [132.27817, 33.47084, 71.75],
          [132.27811, 33.47085, 71.75],
          [132.27798, 33.47085, 73.0],
          [132.27775, 33.47086, 74.5],
          [132.27762, 33.47088, 75.0],
          [132.27746, 33.47088, 75.75],
          [132.27726, 33.47083, 76.75],
          [132.27715, 33.47083, 76.25],
          [132.27715, 33.47068, 81.0],
          [132.27721, 33.47062, 83.0],
          [132.27727, 33.47061, 83.75],
          [132.27759, 33.47066, 83.25],
          [132.27793, 33.47066, 81.0],
          [132.27810, 33.47063, 81.0],
          [132.27818, 33.47059, 82.5],
          [132.27824, 33.47052, 85.25],
          [132.27828, 33.47037, 91.75],
          [132.27842, 33.47031, 94.75],
          [132.27849, 33.47029, 95.75],
          [132.27859, 33.47025, 97.75],
          [132.27865, 33.47026, 97.75],
          [132.27880, 33.47030, 96.0],
          [132.27889, 33.47032, 95.5],
          [132.27899, 33.47033, 95.25],
          [132.27924, 33.47033, 96.75],
          [132.27939, 33.47030, 100.0],
          [132.27951, 33.47030, 101.75],
          [132.27963, 33.47033, 102.25],
          [132.27991, 33.47043, 103.0],
          [132.27998, 33.47049, 102.0],
          [132.28016, 33.47068, 100.0],
          [132.28027, 33.47073, 100.75],
          [132.28063, 33.47080, 108.5],
          [132.28091, 33.47091, 115.75],
          [132.28096, 33.47091, 117.0],
          [132.28100, 33.47087, 117.75],
          [132.28099, 33.47079, 118.0],
          [132.28094, 33.47074, 118.0],
          [132.28076, 33.47059, 116.5],
          [132.28066, 33.47057, 115.0],
          [132.28046, 33.47055, 110.75],
          [132.28037, 33.47050, 110.25],
          [132.28029, 33.47043, 110.5],
          [132.28026, 33.47038, 111.5],
          [132.28026, 33.47029, 114.25],
          [132.28024, 33.47023, 115.5],
          [132.28007, 33.47008, 117.25],
          [132.27999, 33.46995, 120.75],
          [132.27997, 33.46985, 124.75],
          [132.27994, 33.46981, 126.25],
          [132.27986, 33.46980, 126.0],
          [132.27978, 33.46984, 123.5],
          [132.27971, 33.46986, 122.0],
          [132.27958, 33.46984, 121.75],
          [132.27942, 33.46974, 125.0],
          [132.27929, 33.46973, 124.75],
          [132.27918, 33.46973, 123.75],
          [132.27904, 33.46976, 121.75],
          [132.27895, 33.46976, 121.5],
          [132.27883, 33.46967, 125.0],
          [132.27874, 33.46958, 128.5],
          [132.27861, 33.46955, 129.25],
          [132.27846, 33.46955, 128.5],
          [132.27830, 33.46959, 125.75],
          [132.27821, 33.46961, 124.75],
          [132.27815, 33.46958, 125.75],
          [132.27809, 33.46947, 130.25],
          [132.27807, 33.46934, 136.0],
          [132.27808, 33.46925, 139.75],
          [132.27814, 33.46918, 142.75],
          [132.27820, 33.46915, 144.0],
          [132.27832, 33.46913, 144.75],
          [132.27842, 33.46914, 145.25],
          [132.27858, 33.46917, 145.75],
          [132.27885, 33.46925, 144.0],
          [132.27895, 33.46926, 144.5],
          [132.27904, 33.46924, 146.25],
          [132.27913, 33.46917, 150.25],
          [132.27922, 33.46912, 151.5],
          [132.27944, 33.46912, 151.75],
          [132.27973, 33.46918, 151.5],
          [132.27983, 33.46919, 151.25],
          [132.27992, 33.46918, 152.0],
          [132.28001, 33.46913, 152.75],
          [132.28014, 33.46898, 151.5],
          [132.28019, 33.46896, 151.25],
          [132.28028, 33.46895, 150.75],
          [132.28036, 33.46898, 150.5],
          [132.28051, 33.46910, 151.5],
          [132.28077, 33.46925, 149.75],
          [132.28088, 33.46929, 148.75],
          [132.28096, 33.46929, 148.75],
          [132.28103, 33.46927, 149.0],
          [132.28108, 33.46920, 150.0],
          [132.28116, 33.46913, 149.5],
          [132.28044, 33.46867, 147.0],
          [132.28012, 33.46850, 148.25],
          [132.27989, 33.46839, 150.5],
          [132.27931, 33.46820, 151.75],
          [132.27891, 33.46808, 150.5],
          [132.27857, 33.46799, 150.75],
          [132.27825, 33.46793, 152.25],
          [132.27749, 33.46790, 157.0],
          [132.27722, 33.46786, 158.25],
          [132.27698, 33.46780, 159.25],
          [132.27674, 33.46764, 160.5],
          [132.27654, 33.46742, 162.25],
          [132.27615, 33.46691, 159.25],
          [132.27599, 33.46675, 159.25],
          [132.27579, 33.46662, 160.75],
          [132.27514, 33.46627, 163.0],
          [132.27493, 33.46613, 162.5],
          [132.27477, 33.46601, 160.25],
          [132.27459, 33.46583, 157.25],
          [132.27444, 33.46574, 156.5],
          [132.27425, 33.46566, 156.75],
          [132.27403, 33.46561, 157.75],
          [132.27364, 33.46556, 160.75],
          [132.27345, 33.46551, 161.5],
          [132.27327, 33.46544, 161.0],
          [132.27309, 33.46534, 159.75],
          [132.27297, 33.46522, 158.0],
          [132.27234, 33.46443, 149.0],
          [132.27199, 33.46398, 145.75],
          [132.27192, 33.46388, 146.25],
          [132.27180, 33.46366, 148.0],
          [132.27174, 33.46353, 149.5],
          [132.27170, 33.46341, 150.5],
          [132.27169, 33.46326, 152.5],
          [132.27170, 33.46308, 155.5],
          [132.27174, 33.46291, 157.75],
          [132.27181, 33.46271, 159.25],
          [132.27194, 33.46245, 159.25],
          [132.27240, 33.46167, 162.5],
          [132.27276, 33.46106, 164.75],
          [132.27324, 33.46021, 169.25],
          [132.27336, 33.45997, 172.25],
          [132.27339, 33.45980, 173.25],
          [132.27340, 33.45966, 174.5],
          [132.27339, 33.45940, 178.0],
          [132.27341, 33.45924, 179.5],
          [132.27345, 33.45901, 182.5],
          [132.27353, 33.45886, 183.75],
          [132.27369, 33.45868, 184.5],
          [132.27397, 33.45839, 186.0],
          [132.27411, 33.45822, 185.75],
          [132.27419, 33.45807, 185.5],
          [132.27429, 33.45775, 186.75],
          [132.27437, 33.45737, 186.75],
          [132.27439, 33.45701, 185.25],
          [132.27439, 33.45668, 184.25],
          [132.27429, 33.45607, 193.5],
          [132.27420, 33.45578, 192.25],
          [132.27353, 33.45427, 186.75],
          [132.27320, 33.45356, 184.25],
          [132.27268, 33.45259, 180.5],
          [132.27185, 33.45130, 175.75],
          [132.27123, 33.45071, 175.75],
          [132.27070, 33.45023, 174.5],
          [132.27032, 33.44988, 176.5],
          [132.26991, 33.44954, 173.0],
          [132.26956, 33.44931, 169.25],
          [132.26908, 33.44905, 166.75],
          [132.26802, 33.44849, 161.25],
          [132.26746, 33.44821, 156.75],
          [132.26722, 33.44808, 154.5],
          [132.26706, 33.44796, 153.5],
          [132.26690, 33.44779, 153.25],
          [132.26674, 33.44759, 154.5],
          [132.26652, 33.44727, 148.75],
          [132.26632, 33.44705, 145.0],
          [132.26615, 33.44692, 144.75],
          [132.26602, 33.44683, 146.25],
          [132.26588, 33.44676, 148.5],
          [132.26573, 33.44670, 149.75],
          [132.26555, 33.44666, 150.75],
          [132.26536, 33.44663, 151.5],
          [132.26513, 33.44661, 152.75],
          [132.26489, 33.44662, 152.75],
          [132.26396, 33.44668, 145.0],
          [132.26365, 33.44667, 145.0],
          [132.26321, 33.44665, 144.5],
          [132.26303, 33.44663, 143.5],
          [132.26229, 33.44651, 140.0],
          [132.26208, 33.44649, 138.25],
          [132.26181, 33.44649, 135.75],
          [132.26158, 33.44650, 133.75],
          [132.26135, 33.44655, 132.5],
          [132.26114, 33.44661, 131.75],
          [132.26094, 33.44669, 131.0],
          [132.25881, 33.44768, 129.75],
          [132.25858, 33.44779, 129.0],
          [132.25831, 33.44789, 128.5],
          [132.25805, 33.44796, 127.5],
          [132.25778, 33.44800, 127.5],
          [132.25751, 33.44802, 128.25],
          [132.25724, 33.44802, 128.5],
          [132.25693, 33.44799, 128.75],
          [132.25648, 33.44792, 126.75],
          [132.25573, 33.44777, 117.75],
          [132.25362, 33.44739, 126.75],
          [132.25285, 33.44725, 135.25],
          [132.25235, 33.44711, 138.25],
          [132.25179, 33.44690, 142.5],
          [132.25142, 33.44672, 147.25],
          [132.25105, 33.44650, 152.0],
          [132.25074, 33.44630, 158.0],
          [132.25037, 33.44600, 158.5],
          [132.24917, 33.44492, 160.5],
          [132.24828, 33.44415, 162.25],
          [132.24765, 33.44354, 163.25],
          [132.24723, 33.44318, 164.0],
          [132.24554, 33.44182, 167.0],
          [132.24440, 33.44083, 167.0],
          [132.24419, 33.44069, 168.5],
          [132.24397, 33.44058, 169.25],
          [132.24372, 33.44049, 170.75],
          [132.24346, 33.44043, 173.0],
          [132.24319, 33.44040, 173.0],
          [132.24292, 33.44041, 171.5],
          [132.24184, 33.44051, 173.25],
          [132.24147, 33.44052, 177.5],
          [132.24111, 33.44049, 183.0],
          [132.24075, 33.44043, 186.5],
          [132.24036, 33.44035, 186.75],
          [132.24000, 33.44022, 184.5],
          [132.23955, 33.44004, 187.75],
          [132.23904, 33.43983, 197.75],
          [132.23859, 33.43963, 199.25],
          [132.23811, 33.43937, 200.75],
          [132.23756, 33.43905, 202.75],
          [132.23683, 33.43856, 205.5],
          [132.23615, 33.43803, 208.25],
          [132.23474, 33.43687, 214.25],
          [132.23440, 33.43657, 214.25],
          [132.23419, 33.43643, 215.75],
          [132.23393, 33.43630, 219.25],
          [132.23366, 33.43619, 222.75],
          [132.23277, 33.43595, 233.0],
          [132.23245, 33.43579, 236.5],
          [132.23223, 33.43565, 242.0],
          [132.23203, 33.43548, 244.75],
          [132.23179, 33.43524, 244.0],
          [132.23104, 33.43441, 242.75],
          [132.23013, 33.43323, 241.0],
          [132.22985, 33.43292, 240.75],
          [132.22954, 33.43261, 240.25],
          [132.22918, 33.43236, 239.75],
          [132.22892, 33.43218, 239.5],
          [132.22870, 33.43206, 239.25],
          [132.22842, 33.43196, 239.0],
          [132.22795, 33.43183, 239.0],
          [132.22753, 33.43174, 234.5],
          [132.22698, 33.43167, 235.0],
          [132.22483, 33.43140, 235.25],
          [132.22457, 33.43138, 235.0],
          [132.22424, 33.43138, 236.25],
          [132.22391, 33.43142, 233.75],
          [132.22362, 33.43148, 231.0],
          [132.22357, 33.43150, 231.0],
          [132.22303, 33.43163, 228.5],
          [132.22256, 33.43174, 228.25],
          [132.22219, 33.43179, 232.0],
          [132.22191, 33.43183, 234.75],
          [132.22129, 33.43185, 241.0],
          [132.21926, 33.43188, 241.0],
          [132.21871, 33.43192, 231.25],
          [132.21766, 33.43204, 231.25],
          [132.21718, 33.43211, 244.25],
          [132.21711, 33.43212, 246.75],
          [132.21445, 33.43248, 238.75],
          [132.21437, 33.43247, 237.25],
          [132.21422, 33.43247, 235.0],
          [132.21399, 33.43244, 231.5],
          [132.21376, 33.43239, 228.0],
          [132.21353, 33.43231, 224.0],
          [132.21344, 33.43228, 224.25],
          [132.21326, 33.43220, 224.5],
          [132.21308, 33.43209, 225.5],
          [132.21289, 33.43195, 228.25],
          [132.21264, 33.43171, 232.5],
          [132.21249, 33.43151, 235.75],
          [132.21241, 33.43139, 236.0],
          [132.21166, 33.42993, 236.5],
          [132.21118, 33.42901, 237.75],
          [132.20958, 33.42579, 242.0],
          [132.20932, 33.42531, 242.5],
          [132.20915, 33.42506, 243.0],
          [132.20894, 33.42481, 243.5],
          [132.20869, 33.42456, 243.5],
          [132.20848, 33.42437, 238.25],
          [132.20696, 33.42325, 239.25],
          [132.20599, 33.42253, 235.25],
          [132.20570, 33.42232, 235.5],
          [132.20544, 33.42213, 236.0],
          [132.20466, 33.42167, 237.0],
          [132.20444, 33.42155, 236.25],
          [132.20325, 33.42090, 236.75],
          [132.20259, 33.42055, 237.25],
          [132.20194, 33.42025, 246.5],
          [132.19995, 33.41954, 243.5],
          [132.19967, 33.41950, 238.75],
          [132.19942, 33.41950, 236.0],
          [132.19915, 33.41952, 233.75],
          [132.19839, 33.41962, 233.25],
          [132.19814, 33.41964, 234.0],
          [132.19785, 33.41963, 233.75],
          [132.19752, 33.41961, 232.75],
          [132.19714, 33.41957, 230.0],
          [132.19688, 33.41955, 229.0],
          [132.19662, 33.41956, 229.0],
          [132.19647, 33.41957, 229.0],
          [132.19626, 33.41961, 230.0],
          [132.19606, 33.41967, 231.5],
          [132.19579, 33.41977, 233.25],
          [132.19528, 33.41999, 232.5],
          [132.19491, 33.42013, 232.75],
          [132.19471, 33.42016, 232.75],
          [132.19452, 33.42018, 232.0],
          [132.19435, 33.42018, 230.5],
          [132.19418, 33.42017, 228.5],
          [132.19393, 33.42011, 228.5],
          [132.19376, 33.42006, 228.25],
          [132.19311, 33.41983, 223.5],
          [132.19292, 33.41978, 221.75],
          [132.19269, 33.41973, 220.5],
          [132.19241, 33.41970, 219.5],
          [132.19205, 33.41969, 217.0],
          [132.19082, 33.41963, 215.25],
          [132.19070, 33.41962, 215.5],
          [132.19055, 33.41961, 215.75],
          [132.19027, 33.41960, 216.25],
          [132.18930, 33.41959, 214.75],
          [132.18861, 33.41961, 214.25],
          [132.18729, 33.41968, 214.75],
          [132.18700, 33.41968, 215.5],
          [132.18671, 33.41967, 215.5],
          [132.18645, 33.41963, 214.75],
          [132.18453, 33.41921, 209.25],
          [132.18431, 33.41915, 210.5],
          [132.18410, 33.41907, 211.0],
          [132.18387, 33.41894, 212.25],
          [132.18368, 33.41881, 213.25],
          [132.18351, 33.41867, 214.0],
          [132.18336, 33.41851, 214.75],
          [132.18324, 33.41835, 216.5],
          [132.18290, 33.41782, 217.75],
          [132.18277, 33.41765, 218.5],
          [132.18262, 33.41748, 220.0],
          [132.18243, 33.41732, 225.25],
          [132.18217, 33.41714, 231.75],
          [132.18039, 33.41625, 224.5],
          [132.18021, 33.41614, 220.25],
          [132.18004, 33.41602, 216.0],
          [132.17946, 33.41554, 212.75],
          [132.17929, 33.41543, 213.25],
          [132.17889, 33.41523, 214.5],
          [132.17868, 33.41517, 216.25],
          [132.17849, 33.41513, 218.5],
          [132.17829, 33.41510, 220.75],
          [132.17807, 33.41509, 220.75],
          [132.17787, 33.41509, 221.0],
          [132.17768, 33.41511, 221.25],
          [132.17748, 33.41514, 220.75],
          [132.17679, 33.41532, 210.5],
          [132.17592, 33.41557, 197.5],
          [132.17567, 33.41564, 194.75],
          [132.17549, 33.41568, 193.0],
          [132.17526, 33.41571, 191.0],
          [132.17510, 33.41572, 191.0],
          [132.17483, 33.41571, 190.0],
          [132.17450, 33.41566, 189.25],
          [132.17413, 33.41556, 188.75],
          [132.17389, 33.41545, 188.0],
          [132.17362, 33.41531, 186.75],
          [132.17337, 33.41514, 186.25],
          [132.17312, 33.41492, 185.5],
          [132.17291, 33.41467, 185.0],
          [132.17280, 33.41448, 185.5],
          [132.17268, 33.41425, 186.75],
          [132.17260, 33.41405, 185.0],
          [132.17245, 33.41348, 176.75],
          [132.17240, 33.41323, 175.0],
          [132.17224, 33.41252, 172.75],
          [132.17216, 33.41213, 169.75],
          [132.17213, 33.41186, 168.75],
          [132.17213, 33.41170, 169.25],
          [132.17217, 33.41151, 170.5],
          [132.17224, 33.41131, 171.75],
          [132.17231, 33.41117, 171.75],
          [132.17239, 33.41102, 170.75],
          [132.17252, 33.41084, 168.5],
          [132.17268, 33.41063, 173.75],
          [132.17292, 33.41030, 178.25],
          [132.17303, 33.41011, 178.5],
          [132.17311, 33.40990, 175.25],
          [132.17315, 33.40970, 169.0],
          [132.17317, 33.40952, 163.75],
          [132.17316, 33.40934, 159.0],
          [132.17314, 33.40916, 154.5],
          [132.17309, 33.40898, 151.5],
          [132.17303, 33.40883, 149.25],
          [132.17295, 33.40867, 147.25],
          [132.17249, 33.40800, 143.75],
          [132.17239, 33.40781, 141.5],
          [132.17233, 33.40766, 139.5],
          [132.17228, 33.40747, 137.0],
          [132.17217, 33.40686, 132.5],
          [132.17210, 33.40654, 128.75],
          [132.17192, 33.40598, 116.0],
          [132.17159, 33.40524, 110.5],
          [132.17127, 33.40449, 104.75],
          [132.17114, 33.40426, 105.25],
          [132.17097, 33.40407, 106.25],
          [132.17081, 33.40396, 107.5],
          [132.17059, 33.40384, 105.75],
          [132.16963, 33.40339, 105.75],
          [132.16865, 33.40296, 103.25],
          [132.16833, 33.40285, 103.75],
          [132.16803, 33.40280, 105.5],
          [132.16765, 33.40277, 109.0],
          [132.16738, 33.40273, 112.0],
          [132.16717, 33.40266, 114.5],
          [132.16691, 33.40252, 116.0],
          [132.16675, 33.40236, 116.25],
          [132.16664, 33.40221, 115.75],
          [132.16626, 33.40149, 115.25],
          [132.16613, 33.40130, 116.25],
          [132.16589, 33.40103, 121.25],
          [132.16570, 33.40076, 126.75],
          [132.16559, 33.40060, 129.0],
          [132.16548, 33.40039, 130.25],
          [132.16480, 33.39898, 128.0],
          [132.16471, 33.39881, 126.5],
          [132.16454, 33.39864, 127.25],
          [132.16437, 33.39852, 128.75],
          [132.16418, 33.39842, 131.0],
          [132.16399, 33.39834, 131.5],
          [132.16374, 33.39831, 133.5],
          [132.16262, 33.39819, 143.25],
          [132.16237, 33.39816, 145.75],
          [132.16208, 33.39809, 148.75],
          [132.16184, 33.39800, 149.0],
          [132.16162, 33.39790, 147.75],
          [132.16147, 33.39779, 144.5],
          [132.16120, 33.39759, 140.5],
          [132.16101, 33.39742, 138.25],
          [132.16085, 33.39726, 136.5],
          [132.16063, 33.39702, 133.0],
          [132.16041, 33.39683, 132.0],
          [132.16016, 33.39668, 133.5],
          [132.15991, 33.39658, 137.0],
          [132.15967, 33.39651, 136.75],
          [132.15918, 33.39639, 136.75],
          [132.15872, 33.39637, 136.75],
          [132.15840, 33.39640, 136.75],
          [132.15658, 33.39679, 136.75],
          [132.15610, 33.39681, 136.75],
          [132.15560, 33.39674, 136.75],
          [132.15517, 33.39657, 136.75],
          [132.15286, 33.39530, 136.75],
          [132.15247, 33.39513, 136.75],
          [132.15223, 33.39507, 136.75],
          [132.15198, 33.39506, 136.75],
          [132.15183, 33.39507, 136.75],
          [132.15159, 33.39513, 132.75],
          [132.15000, 33.39585, 107.5],
          [132.14931, 33.39612, 108.5],
          [132.14912, 33.39618, 108.25],
          [132.14876, 33.39623, 106.5],
          [132.14750, 33.39634, 89.25],
          [132.14600, 33.39646, 87.0],
          [132.14553, 33.39650, 90.0],
          [132.14509, 33.39653, 91.25],
          [132.14471, 33.39653, 92.25],
          [132.14395, 33.39645, 90.75],
          [132.14358, 33.39639, 83.0],
          [132.14338, 33.39633, 79.25],
          [132.14317, 33.39624, 78.75],
          [132.14301, 33.39612, 79.0],
          [132.14287, 33.39600, 78.5],
          [132.14260, 33.39577, 76.75],
          [132.14194, 33.39519, 89.75],
          [132.14176, 33.39509, 90.0],
          [132.14155, 33.39503, 92.25],
          [132.14135, 33.39501, 96.5],
          [132.14121, 33.39502, 99.5],
          [132.13944, 33.39541, 91.25],
          [132.13919, 33.39546, 84.0],
          [132.13899, 33.39548, 79.25],
          [132.13877, 33.39546, 75.5],
          [132.13856, 33.39541, 72.5],
          [132.13834, 33.39532, 70.25],
          [132.13816, 33.39518, 69.75],
          [132.13801, 33.39501, 69.75],
          [132.13755, 33.39430, 75.75],
          [132.13736, 33.39389, 76.5],
          [132.13550, 33.39072, 82.5],
          [132.13509, 33.39004, 84.0],
          [132.13494, 33.38982, 84.5],
          [132.13481, 33.38966, 84.5],
          [132.13470, 33.38954, 82.5],
          [132.13459, 33.38942, 79.75],
          [132.13447, 33.38933, 77.0],
          [132.13427, 33.38918, 70.5],
          [132.13359, 33.38872, 65.25],
          [132.13336, 33.38854, 59.75],
          [132.13314, 33.38833, 56.5],
          [132.13295, 33.38809, 54.75],
          [132.13284, 33.38791, 52.75],
          [132.13249, 33.38728, 39.75],
          [132.13231, 33.38704, 37.0],
          [132.13220, 33.38693, 35.75],
          [132.13210, 33.38685, 34.75],
          [132.13198, 33.38677, 33.5],
          [132.13185, 33.38671, 32.25],
          [132.13171, 33.38666, 31.25],
          [132.13157, 33.38663, 30.0],
          [132.13142, 33.38661, 29.0],
          [132.13126, 33.38660, 27.75],
          [132.13103, 33.38662, 25.75],
          [132.12936, 33.38687, 26.0],
          [132.12894, 33.38694, 24.0],
          [132.12869, 33.38697, 22.5],
          [132.12847, 33.38698, 21.75],
          [132.12822, 33.38695, 20.75],
          [132.12797, 33.38690, 18.75],
          [132.12714, 33.38661, 12.25],
          [132.12663, 33.38643, 11.5],
          [132.12637, 33.38635, 14.75],
          [132.12619, 33.38633, 16.75],
          [132.12601, 33.38632, 18.5],
          [132.12579, 33.38633, 20.0],
          [132.12562, 33.38636, 19.75],
          [132.12547, 33.38641, 18.75],
          [132.12452, 33.38673, 11.25],
          [132.12326, 33.38715, 14.25],
          [132.12254, 33.38739, 10.25],
          [132.12156, 33.38772, 10.75],
          [132.12144, 33.38777, 10.5],
          [132.12131, 33.38783, 10.0],
          [132.12120, 33.38790, 9.25],
          [132.12113, 33.38796, 8.75],
          [132.12106, 33.38805, 7.75],
          [132.12101, 33.38815, 6.75],
          [132.12094, 33.38835, 5.0],
          [132.12086, 33.38857, 5.0],
          [132.12080, 33.38874, 5.0],
          [132.12062, 33.38914, 5.0],
          [132.12060, 33.38917, 5.0],
          [132.12041, 33.38947, 5.0],
          [132.12035, 33.38956, 5.0],
          [132.12019, 33.38977, 5.0],
          [132.12002, 33.38998, 5.0],
          [132.11975, 33.39027, 5.5],
          [132.11953, 33.39047, 5.25],
          [132.11948, 33.39051, 5.25],
          [132.11920, 33.39073, 5.25],
          [132.11916, 33.39076, 5.25],
          [132.11879, 33.39104, 5.5],
          [132.11872, 33.39101, 5.5],
          [132.11865, 33.39098, 4.75],
          [132.11855, 33.39098, 4.5],
          [132.11843, 33.39107, 5.0],
          [132.11835, 33.39108, 4.75],
          [132.11826, 33.39106, 4.25],
          [132.11765, 33.39057, 0.0],
          [132.11750, 33.39043, 0.0]
        ]
      }
    }
  ]
}
